{
   "epoch": 45,
   "batch_train_accuracies": [
      0.109375,
      0.078125,
      0.1875,
      0.140625,
      0.078125,
      0.09375,
      0.125,
      0.171875,
      0.109375,
      0.0625,
      0.15625,
      0.140625,
      0.078125,
      0.15625,
      0.140625,
      0.0625,
      0.09375,
      0.09375,
      0.078125,
      0.140625,
      0.078125,
      0.078125,
      0.078125,
      0.09375,
      0.09375,
      0.125,
      0.0625,
      0.046875,
      0.109375,
      0.140625,
      0.09375,
      0.15625,
      0.0625,
      0.078125,
      0.125,
      0.0625,
      0.078125,
      0.109375,
      0.125,
      0.109375,
      0.109375,
      0.125
   ],
   "batch_train_losses": [
      3.7105886936187744,
      3.7071187496185303,
      3.677067279815674,
      3.688990831375122,
      3.7096357345581055,
      3.6929352283477783,
      3.6586201190948486,
      3.675604820251465,
      3.670974016189575,
      3.6888926029205322,
      3.690162181854248,
      3.692662000656128,
      3.7078511714935303,
      3.6927928924560547,
      3.6908836364746094,
      3.6806185245513916,
      3.6920478343963623,
      3.6788904666900635,
      3.6883583068847656,
      3.699214458465576,
      3.698241949081421,
      3.686884880065918,
      3.6932249069213867,
      3.695512533187866,
      3.6815595626831055,
      3.6781628131866455,
      3.6808063983917236,
      3.6881699562072754,
      3.6723227500915527,
      3.6882846355438232,
      3.701087713241577,
      3.6634325981140137,
      3.694333791732788,
      3.6974525451660156,
      3.6839988231658936,
      3.7016093730926514,
      3.6816422939300537,
      3.6855247020721436,
      3.6822667121887207,
      3.6756482124328613,
      3.7081923484802246,
      3.647958755493164
   ],
   "batch_train_times": [],
   "val_accuracy": 0.07432432432432433,
   "val_loss": 3.698425615156019,
   "val_accuracy_per_label": [
      1.0,
      0.0,
      0.0,
      0.0,
      0.0,
      0.0,
      0.0,
      0.0,
      0.0,
      0.0,
      0.0,
      0.0,
      0.0,
      0.0,
      0.0,
      0.0,
      0.0,
      0.0,
      0.0,
      0.0,
      0.0,
      0.0,
      0.0,
      0.0,
      0.0,
      0.0,
      0.0,
      0.0,
      0.0,
      0.0,
      0.0,
      0.0,
      0.0,
      0.0,
      0.0,
      0.0,
      0.0,
      0.0,
      0.0,
      0.0,
      0.0,
      0.0,
      0.0
   ]
}