{
   "epoch": 20,
   "batch_train_accuracies": [
      0.125,
      0.09375,
      0.125,
      0.109375,
      0.109375,
      0.0625,
      0.0625,
      0.09375,
      0.140625,
      0.078125,
      0.0625,
      0.03125,
      0.078125,
      0.125,
      0.078125,
      0.09375,
      0.15625,
      0.09375,
      0.09375,
      0.125,
      0.171875,
      0.125,
      0.0625,
      0.140625,
      0.171875,
      0.09375,
      0.1875,
      0.0625,
      0.0625,
      0.125,
      0.078125,
      0.09375,
      0.140625,
      0.078125,
      0.140625,
      0.140625,
      0.109375,
      0.09375,
      0.015625,
      0.09375,
      0.171875,
      0.1875
   ],
   "batch_train_losses": [
      3.7136471271514893,
      3.710576057434082,
      3.7257583141326904,
      3.7237133979797363,
      3.710016965866089,
      3.7081048488616943,
      3.712618589401245,
      3.6954896450042725,
      3.7012109756469727,
      3.7085888385772705,
      3.715209484100342,
      3.7141880989074707,
      3.7039639949798584,
      3.7163071632385254,
      3.713701009750366,
      3.709425449371338,
      3.698383092880249,
      3.7131097316741943,
      3.713085412979126,
      3.7122702598571777,
      3.704493522644043,
      3.7184464931488037,
      3.712622880935669,
      3.7025885581970215,
      3.709867477416992,
      3.7234535217285156,
      3.7037482261657715,
      3.70866060256958,
      3.724074363708496,
      3.7150912284851074,
      3.7279136180877686,
      3.7196860313415527,
      3.725709915161133,
      3.7182044982910156,
      3.722944498062134,
      3.7073004245758057,
      3.7106270790100098,
      3.7086565494537354,
      3.7143616676330566,
      3.7274181842803955,
      3.713852643966675,
      3.697890520095825
   ],
   "batch_train_times": [],
   "val_accuracy": 0.07432432432432433,
   "val_loss": 3.719667692442198,
   "val_accuracy_per_label": [
      1.0,
      0.0,
      0.0,
      0.0,
      0.0,
      0.0,
      0.0,
      0.0,
      0.0,
      0.0,
      0.0,
      0.0,
      0.0,
      0.0,
      0.0,
      0.0,
      0.0,
      0.0,
      0.0,
      0.0,
      0.0,
      0.0,
      0.0,
      0.0,
      0.0,
      0.0,
      0.0,
      0.0,
      0.0,
      0.0,
      0.0,
      0.0,
      0.0,
      0.0,
      0.0,
      0.0,
      0.0,
      0.0,
      0.0,
      0.0,
      0.0,
      0.0,
      0.0
   ]
}