{
   "epoch": 35,
   "batch_train_accuracies": [
      0.078125,
      0.109375,
      0.046875,
      0.09375,
      0.125,
      0.078125,
      0.09375,
      0.1875,
      0.109375,
      0.109375,
      0.0625,
      0.1875,
      0.171875,
      0.109375,
      0.140625,
      0.09375,
      0.125,
      0.078125,
      0.078125,
      0.03125,
      0.140625,
      0.078125,
      0.1875,
      0.125,
      0.09375,
      0.0625,
      0.078125,
      0.078125,
      0.140625,
      0.109375,
      0.078125,
      0.109375,
      0.140625,
      0.09375,
      0.109375,
      0.0625,
      0.109375,
      0.078125,
      0.15625,
      0.09375,
      0.09375,
      0.0625
   ],
   "batch_train_losses": [
      3.6989023685455322,
      3.6820037364959717,
      3.7372519969940186,
      3.6891696453094482,
      3.7108006477355957,
      3.7109427452087402,
      3.7111318111419678,
      3.683903217315674,
      3.7063329219818115,
      3.712636947631836,
      3.6994850635528564,
      3.691899061203003,
      3.6920995712280273,
      3.7042810916900635,
      3.688497543334961,
      3.719433069229126,
      3.6880745887756348,
      3.70499587059021,
      3.698122024536133,
      3.702929735183716,
      3.67987060546875,
      3.6894021034240723,
      3.683506965637207,
      3.720546007156372,
      3.709770679473877,
      3.6925132274627686,
      3.7034246921539307,
      3.699934959411621,
      3.6824111938476562,
      3.695046901702881,
      3.6882684230804443,
      3.7004706859588623,
      3.697451591491699,
      3.692551612854004,
      3.7028419971466064,
      3.700535774230957,
      3.7028307914733887,
      3.7031805515289307,
      3.6870040893554688,
      3.682507276535034,
      3.7005345821380615,
      3.676966428756714
   ],
   "batch_train_times": [],
   "val_accuracy": 0.07432432432432433,
   "val_loss": 3.7072378042581917,
   "val_accuracy_per_label": [
      1.0,
      0.0,
      0.0,
      0.0,
      0.0,
      0.0,
      0.0,
      0.0,
      0.0,
      0.0,
      0.0,
      0.0,
      0.0,
      0.0,
      0.0,
      0.0,
      0.0,
      0.0,
      0.0,
      0.0,
      0.0,
      0.0,
      0.0,
      0.0,
      0.0,
      0.0,
      0.0,
      0.0,
      0.0,
      0.0,
      0.0,
      0.0,
      0.0,
      0.0,
      0.0,
      0.0,
      0.0,
      0.0,
      0.0,
      0.0,
      0.0,
      0.0,
      0.0
   ]
}