{
   "epoch": 1,
   "batch_train_accuracies": [
      0.0,
      0.046875,
      0.03125,
      0.0,
      0.0,
      0.0,
      0.0,
      0.0,
      0.03125,
      0.015625,
      0.015625,
      0.0,
      0.015625,
      0.0,
      0.046875,
      0.03125,
      0.03125,
      0.0,
      0.015625,
      0.03125,
      0.015625,
      0.03125,
      0.015625,
      0.0,
      0.0625,
      0.03125,
      0.046875,
      0.015625,
      0.046875,
      0.0,
      0.09375,
      0.015625,
      0.046875,
      0.015625,
      0.046875,
      0.03125,
      0.046875,
      0.015625,
      0.0625,
      0.03125,
      0.03125,
      0.0625
   ],
   "batch_train_losses": [
      3.759629726409912,
      3.756208896636963,
      3.7580761909484863,
      3.759075164794922,
      3.757929801940918,
      3.760110378265381,
      3.7553908824920654,
      3.753384828567505,
      3.75388503074646,
      3.7509710788726807,
      3.750518321990967,
      3.752175807952881,
      3.762272357940674,
      3.7543790340423584,
      3.7497189044952393,
      3.752488136291504,
      3.758521795272827,
      3.750896453857422,
      3.7567760944366455,
      3.748514413833618,
      3.74971342086792,
      3.7610116004943848,
      3.748302459716797,
      3.7467005252838135,
      3.7526137828826904,
      3.750868797302246,
      3.7549991607666016,
      3.7596426010131836,
      3.7511281967163086,
      3.761427402496338,
      3.7464404106140137,
      3.750600576400757,
      3.750375270843506,
      3.7554702758789062,
      3.7530314922332764,
      3.7415239810943604,
      3.7528789043426514,
      3.7475829124450684,
      3.7532765865325928,
      3.7479517459869385,
      3.753897190093994,
      3.7412660121917725
   ],
   "batch_train_times": [],
   "val_accuracy": 0.06756756756756757,
   "val_loss": 3.7508545823999353,
   "val_accuracy_per_label": [
      0.0,
      0.0,
      0.0,
      0.0,
      0.0,
      0.0,
      0.0,
      1.0,
      0.0,
      0.0,
      0.0,
      0.0,
      0.0,
      0.0,
      0.0,
      0.0,
      0.0,
      0.0,
      0.0,
      0.0,
      0.0,
      0.0,
      0.0,
      0.0,
      0.0,
      0.0,
      0.0,
      0.0,
      0.0,
      0.0,
      0.0,
      0.0,
      0.0,
      0.0,
      0.0,
      0.0,
      0.0,
      0.0,
      0.0,
      0.0,
      0.0,
      0.0,
      0.0
   ]
}