{
   "epoch": 36,
   "batch_train_accuracies": [
      0.109375,
      0.078125,
      0.15625,
      0.125,
      0.125,
      0.0625,
      0.15625,
      0.09375,
      0.078125,
      0.09375,
      0.140625,
      0.140625,
      0.109375,
      0.0625,
      0.0625,
      0.0625,
      0.15625,
      0.15625,
      0.109375,
      0.078125,
      0.09375,
      0.15625,
      0.0625,
      0.109375,
      0.0625,
      0.078125,
      0.046875,
      0.078125,
      0.0625,
      0.109375,
      0.125,
      0.078125,
      0.09375,
      0.125,
      0.09375,
      0.0625,
      0.125,
      0.234375,
      0.125,
      0.171875,
      0.09375,
      0.0
   ],
   "batch_train_losses": [
      3.694653272628784,
      3.700659990310669,
      3.6729841232299805,
      3.6694233417510986,
      3.703834295272827,
      3.7052972316741943,
      3.69931697845459,
      3.6979644298553467,
      3.7062013149261475,
      3.6903903484344482,
      3.704019546508789,
      3.6836845874786377,
      3.6995034217834473,
      3.709505319595337,
      3.699406623840332,
      3.721900463104248,
      3.68981671333313,
      3.7095565795898438,
      3.681654453277588,
      3.6910314559936523,
      3.712343215942383,
      3.686180830001831,
      3.707611560821533,
      3.702571153640747,
      3.685763120651245,
      3.68300724029541,
      3.6923177242279053,
      3.708634853363037,
      3.7149009704589844,
      3.6845831871032715,
      3.698230266571045,
      3.7049612998962402,
      3.6887736320495605,
      3.702908992767334,
      3.7013401985168457,
      3.727458953857422,
      3.711643695831299,
      3.6811883449554443,
      3.674306631088257,
      3.6937248706817627,
      3.7009804248809814,
      3.715935230255127
   ],
   "batch_train_times": [],
   "val_accuracy": 0.07432432432432433,
   "val_loss": 3.7063121795654297,
   "val_accuracy_per_label": [
      1.0,
      0.0,
      0.0,
      0.0,
      0.0,
      0.0,
      0.0,
      0.0,
      0.0,
      0.0,
      0.0,
      0.0,
      0.0,
      0.0,
      0.0,
      0.0,
      0.0,
      0.0,
      0.0,
      0.0,
      0.0,
      0.0,
      0.0,
      0.0,
      0.0,
      0.0,
      0.0,
      0.0,
      0.0,
      0.0,
      0.0,
      0.0,
      0.0,
      0.0,
      0.0,
      0.0,
      0.0,
      0.0,
      0.0,
      0.0,
      0.0,
      0.0,
      0.0
   ]
}