{
   "epoch": 11,
   "batch_train_accuracies": [
      0.09375,
      0.109375,
      0.046875,
      0.125,
      0.15625,
      0.125,
      0.046875,
      0.140625,
      0.109375,
      0.09375,
      0.046875,
      0.125,
      0.140625,
      0.078125,
      0.015625,
      0.140625,
      0.09375,
      0.109375,
      0.0625,
      0.078125,
      0.109375,
      0.109375,
      0.09375,
      0.125,
      0.125,
      0.0625,
      0.09375,
      0.125,
      0.078125,
      0.0625,
      0.171875,
      0.046875,
      0.140625,
      0.09375,
      0.078125,
      0.125,
      0.125,
      0.109375,
      0.109375,
      0.1875,
      0.140625,
      0.25
   ],
   "batch_train_losses": [
      3.716106414794922,
      3.726414918899536,
      3.7297279834747314,
      3.7244017124176025,
      3.71726393699646,
      3.720679521560669,
      3.7198355197906494,
      3.7177088260650635,
      3.721029043197632,
      3.7169289588928223,
      3.725529193878174,
      3.715458869934082,
      3.712589979171753,
      3.736187219619751,
      3.7416086196899414,
      3.7213141918182373,
      3.7277324199676514,
      3.728386163711548,
      3.726231098175049,
      3.7376418113708496,
      3.727837562561035,
      3.713123321533203,
      3.7260067462921143,
      3.7217273712158203,
      3.7122912406921387,
      3.7228238582611084,
      3.717921733856201,
      3.7262508869171143,
      3.7205116748809814,
      3.738051414489746,
      3.7225232124328613,
      3.7207555770874023,
      3.710280418395996,
      3.725660800933838,
      3.7179219722747803,
      3.718090772628784,
      3.7155745029449463,
      3.7197744846343994,
      3.718426465988159,
      3.7127184867858887,
      3.712082862854004,
      3.7172176837921143
   ],
   "batch_train_times": [],
   "val_accuracy": 0.07432432432432433,
   "val_loss": 3.726925308639939,
   "val_accuracy_per_label": [
      1.0,
      0.0,
      0.0,
      0.0,
      0.0,
      0.0,
      0.0,
      0.0,
      0.0,
      0.0,
      0.0,
      0.0,
      0.0,
      0.0,
      0.0,
      0.0,
      0.0,
      0.0,
      0.0,
      0.0,
      0.0,
      0.0,
      0.0,
      0.0,
      0.0,
      0.0,
      0.0,
      0.0,
      0.0,
      0.0,
      0.0,
      0.0,
      0.0,
      0.0,
      0.0,
      0.0,
      0.0,
      0.0,
      0.0,
      0.0,
      0.0,
      0.0,
      0.0
   ]
}