{
   "epoch": 48,
   "batch_train_accuracies": [
      0.125,
      0.109375,
      0.140625,
      0.125,
      0.140625,
      0.078125,
      0.171875,
      0.078125,
      0.09375,
      0.125,
      0.125,
      0.09375,
      0.09375,
      0.03125,
      0.25,
      0.109375,
      0.109375,
      0.109375,
      0.140625,
      0.09375,
      0.0,
      0.09375,
      0.09375,
      0.09375,
      0.0625,
      0.09375,
      0.140625,
      0.15625,
      0.0625,
      0.171875,
      0.09375,
      0.09375,
      0.0625,
      0.078125,
      0.109375,
      0.109375,
      0.125,
      0.109375,
      0.0625,
      0.046875,
      0.125,
      0.0625
   ],
   "batch_train_losses": [
      3.674628496170044,
      3.68762469291687,
      3.695241928100586,
      3.6738157272338867,
      3.675903558731079,
      3.6993865966796875,
      3.6666641235351562,
      3.7019097805023193,
      3.666086435317993,
      3.678102970123291,
      3.6745622158050537,
      3.6633667945861816,
      3.658935308456421,
      3.6976985931396484,
      3.6690328121185303,
      3.690477132797241,
      3.6781768798828125,
      3.6902592182159424,
      3.69728946685791,
      3.681525230407715,
      3.703840732574463,
      3.6950531005859375,
      3.7008702754974365,
      3.689645528793335,
      3.688702344894409,
      3.669544219970703,
      3.7002832889556885,
      3.6764039993286133,
      3.7252564430236816,
      3.6989638805389404,
      3.6715996265411377,
      3.6823832988739014,
      3.6947591304779053,
      3.690415620803833,
      3.6682393550872803,
      3.6811439990997314,
      3.678684949874878,
      3.6969916820526123,
      3.705782413482666,
      3.680591344833374,
      3.675417184829712,
      3.683711051940918
   ],
   "batch_train_times": [],
   "val_accuracy": 0.07432432432432433,
   "val_loss": 3.6957173862972774,
   "val_accuracy_per_label": [
      1.0,
      0.0,
      0.0,
      0.0,
      0.0,
      0.0,
      0.0,
      0.0,
      0.0,
      0.0,
      0.0,
      0.0,
      0.0,
      0.0,
      0.0,
      0.0,
      0.0,
      0.0,
      0.0,
      0.0,
      0.0,
      0.0,
      0.0,
      0.0,
      0.0,
      0.0,
      0.0,
      0.0,
      0.0,
      0.0,
      0.0,
      0.0,
      0.0,
      0.0,
      0.0,
      0.0,
      0.0,
      0.0,
      0.0,
      0.0,
      0.0,
      0.0,
      0.0
   ]
}