{
   "epoch": 10,
   "batch_train_accuracies": [
      0.078125,
      0.109375,
      0.109375,
      0.109375,
      0.125,
      0.078125,
      0.078125,
      0.078125,
      0.109375,
      0.109375,
      0.140625,
      0.109375,
      0.140625,
      0.125,
      0.09375,
      0.0625,
      0.171875,
      0.203125,
      0.15625,
      0.109375,
      0.0625,
      0.09375,
      0.09375,
      0.109375,
      0.125,
      0.109375,
      0.09375,
      0.03125,
      0.0625,
      0.078125,
      0.09375,
      0.09375,
      0.078125,
      0.125,
      0.109375,
      0.09375,
      0.140625,
      0.09375,
      0.09375,
      0.109375,
      0.109375,
      0.0625
   ],
   "batch_train_losses": [
      3.7265186309814453,
      3.7292885780334473,
      3.714672088623047,
      3.7229695320129395,
      3.7325515747070312,
      3.7214112281799316,
      3.7235631942749023,
      3.74657940864563,
      3.7353715896606445,
      3.7213847637176514,
      3.7302775382995605,
      3.7234058380126953,
      3.7243146896362305,
      3.724329710006714,
      3.7115461826324463,
      3.724336862564087,
      3.712188959121704,
      3.714590072631836,
      3.7141802310943604,
      3.7174010276794434,
      3.7254865169525146,
      3.7276217937469482,
      3.7261147499084473,
      3.709714651107788,
      3.7347915172576904,
      3.7227847576141357,
      3.7273037433624268,
      3.731949806213379,
      3.719388008117676,
      3.7230987548828125,
      3.735913038253784,
      3.7256269454956055,
      3.718738555908203,
      3.721191883087158,
      3.718614339828491,
      3.725162982940674,
      3.7162351608276367,
      3.7249040603637695,
      3.7085299491882324,
      3.726473093032837,
      3.7141106128692627,
      3.7361600399017334
   ],
   "batch_train_times": [],
   "val_accuracy": 0.07432432432432433,
   "val_loss": 3.7278430977383175,
   "val_accuracy_per_label": [
      1.0,
      0.0,
      0.0,
      0.0,
      0.0,
      0.0,
      0.0,
      0.0,
      0.0,
      0.0,
      0.0,
      0.0,
      0.0,
      0.0,
      0.0,
      0.0,
      0.0,
      0.0,
      0.0,
      0.0,
      0.0,
      0.0,
      0.0,
      0.0,
      0.0,
      0.0,
      0.0,
      0.0,
      0.0,
      0.0,
      0.0,
      0.0,
      0.0,
      0.0,
      0.0,
      0.0,
      0.0,
      0.0,
      0.0,
      0.0,
      0.0,
      0.0,
      0.0
   ]
}