{
   "epoch": 40,
   "batch_train_accuracies": [
      0.0625,
      0.109375,
      0.078125,
      0.0625,
      0.09375,
      0.03125,
      0.109375,
      0.078125,
      0.078125,
      0.140625,
      0.109375,
      0.125,
      0.109375,
      0.0625,
      0.09375,
      0.109375,
      0.125,
      0.109375,
      0.0625,
      0.125,
      0.109375,
      0.140625,
      0.109375,
      0.078125,
      0.078125,
      0.125,
      0.125,
      0.109375,
      0.109375,
      0.15625,
      0.125,
      0.09375,
      0.140625,
      0.140625,
      0.09375,
      0.09375,
      0.078125,
      0.09375,
      0.09375,
      0.203125,
      0.125,
      0.1875
   ],
   "batch_train_losses": [
      3.6884429454803467,
      3.7057182788848877,
      3.704132556915283,
      3.7007646560668945,
      3.691283941268921,
      3.700843572616577,
      3.7089855670928955,
      3.718496561050415,
      3.7056078910827637,
      3.6881234645843506,
      3.7135186195373535,
      3.698101043701172,
      3.6970086097717285,
      3.673760414123535,
      3.6793808937072754,
      3.69514536857605,
      3.6900429725646973,
      3.680004119873047,
      3.6966617107391357,
      3.687325954437256,
      3.680663585662842,
      3.6915948390960693,
      3.683551073074341,
      3.697723865509033,
      3.6895415782928467,
      3.684004068374634,
      3.6867423057556152,
      3.698117971420288,
      3.698944091796875,
      3.688072443008423,
      3.6854043006896973,
      3.675731658935547,
      3.701009750366211,
      3.6991071701049805,
      3.692498207092285,
      3.703744649887085,
      3.6832079887390137,
      3.6986587047576904,
      3.6928179264068604,
      3.680413007736206,
      3.6971161365509033,
      3.6870923042297363
   ],
   "batch_train_times": [],
   "val_accuracy": 0.07432432432432433,
   "val_loss": 3.702781786789765,
   "val_accuracy_per_label": [
      1.0,
      0.0,
      0.0,
      0.0,
      0.0,
      0.0,
      0.0,
      0.0,
      0.0,
      0.0,
      0.0,
      0.0,
      0.0,
      0.0,
      0.0,
      0.0,
      0.0,
      0.0,
      0.0,
      0.0,
      0.0,
      0.0,
      0.0,
      0.0,
      0.0,
      0.0,
      0.0,
      0.0,
      0.0,
      0.0,
      0.0,
      0.0,
      0.0,
      0.0,
      0.0,
      0.0,
      0.0,
      0.0,
      0.0,
      0.0,
      0.0,
      0.0,
      0.0
   ]
}