{
   "epoch": 13,
   "batch_train_accuracies": [
      0.15625,
      0.109375,
      0.125,
      0.171875,
      0.09375,
      0.09375,
      0.140625,
      0.046875,
      0.171875,
      0.078125,
      0.09375,
      0.09375,
      0.140625,
      0.125,
      0.109375,
      0.046875,
      0.046875,
      0.109375,
      0.09375,
      0.078125,
      0.171875,
      0.125,
      0.109375,
      0.109375,
      0.078125,
      0.140625,
      0.09375,
      0.109375,
      0.046875,
      0.109375,
      0.171875,
      0.0625,
      0.125,
      0.046875,
      0.171875,
      0.046875,
      0.09375,
      0.109375,
      0.109375,
      0.09375,
      0.078125,
      0.0625
   ],
   "batch_train_losses": [
      3.7172274589538574,
      3.7048654556274414,
      3.715095281600952,
      3.7141611576080322,
      3.724869966506958,
      3.720327615737915,
      3.7151286602020264,
      3.71793794631958,
      3.7144997119903564,
      3.7237234115600586,
      3.7160887718200684,
      3.724827527999878,
      3.711812734603882,
      3.716658592224121,
      3.73050856590271,
      3.7185213565826416,
      3.7238199710845947,
      3.7172770500183105,
      3.7103841304779053,
      3.7352750301361084,
      3.7202212810516357,
      3.716545343399048,
      3.7066614627838135,
      3.717942953109741,
      3.7156615257263184,
      3.724304676055908,
      3.7148537635803223,
      3.7139477729797363,
      3.7392096519470215,
      3.712353467941284,
      3.715738534927368,
      3.7371268272399902,
      3.7109181880950928,
      3.738687753677368,
      3.703430652618408,
      3.7199079990386963,
      3.732776641845703,
      3.725247859954834,
      3.7106778621673584,
      3.717637538909912,
      3.727264642715454,
      3.7267513275146484
   ],
   "batch_train_times": [],
   "val_accuracy": 0.07432432432432433,
   "val_loss": 3.724871622549521,
   "val_accuracy_per_label": [
      1.0,
      0.0,
      0.0,
      0.0,
      0.0,
      0.0,
      0.0,
      0.0,
      0.0,
      0.0,
      0.0,
      0.0,
      0.0,
      0.0,
      0.0,
      0.0,
      0.0,
      0.0,
      0.0,
      0.0,
      0.0,
      0.0,
      0.0,
      0.0,
      0.0,
      0.0,
      0.0,
      0.0,
      0.0,
      0.0,
      0.0,
      0.0,
      0.0,
      0.0,
      0.0,
      0.0,
      0.0,
      0.0,
      0.0,
      0.0,
      0.0,
      0.0,
      0.0
   ]
}