{
   "epoch": 28,
   "batch_train_accuracies": [
      0.078125,
      0.0625,
      0.109375,
      0.078125,
      0.140625,
      0.0625,
      0.078125,
      0.15625,
      0.078125,
      0.0625,
      0.09375,
      0.109375,
      0.125,
      0.109375,
      0.21875,
      0.125,
      0.0625,
      0.0625,
      0.15625,
      0.078125,
      0.109375,
      0.078125,
      0.109375,
      0.109375,
      0.078125,
      0.171875,
      0.125,
      0.125,
      0.140625,
      0.171875,
      0.15625,
      0.203125,
      0.015625,
      0.09375,
      0.109375,
      0.0625,
      0.140625,
      0.0625,
      0.0625,
      0.046875,
      0.078125,
      0.1875
   ],
   "batch_train_losses": [
      3.706845283508301,
      3.7050602436065674,
      3.7053987979888916,
      3.712911605834961,
      3.691877841949463,
      3.7183892726898193,
      3.710519790649414,
      3.6985411643981934,
      3.7060091495513916,
      3.7164087295532227,
      3.701908826828003,
      3.704847812652588,
      3.7058725357055664,
      3.7159743309020996,
      3.6967389583587646,
      3.7098755836486816,
      3.702077865600586,
      3.715332508087158,
      3.7002429962158203,
      3.696580171585083,
      3.7116787433624268,
      3.708940029144287,
      3.710157871246338,
      3.7088613510131836,
      3.7119829654693604,
      3.68219256401062,
      3.7156102657318115,
      3.6902146339416504,
      3.690091371536255,
      3.687058448791504,
      3.6935479640960693,
      3.694540500640869,
      3.718244791030884,
      3.7162671089172363,
      3.707913875579834,
      3.7142157554626465,
      3.704242467880249,
      3.7124722003936768,
      3.704885959625244,
      3.715327501296997,
      3.7128474712371826,
      3.695488214492798
   ],
   "batch_train_times": [],
   "val_accuracy": 0.07432432432432433,
   "val_loss": 3.7132949184727027,
   "val_accuracy_per_label": [
      1.0,
      0.0,
      0.0,
      0.0,
      0.0,
      0.0,
      0.0,
      0.0,
      0.0,
      0.0,
      0.0,
      0.0,
      0.0,
      0.0,
      0.0,
      0.0,
      0.0,
      0.0,
      0.0,
      0.0,
      0.0,
      0.0,
      0.0,
      0.0,
      0.0,
      0.0,
      0.0,
      0.0,
      0.0,
      0.0,
      0.0,
      0.0,
      0.0,
      0.0,
      0.0,
      0.0,
      0.0,
      0.0,
      0.0,
      0.0,
      0.0,
      0.0,
      0.0
   ]
}