{
   "epoch": 7,
   "batch_train_accuracies": [
      0.078125,
      0.046875,
      0.078125,
      0.09375,
      0.078125,
      0.0625,
      0.03125,
      0.078125,
      0.09375,
      0.078125,
      0.0625,
      0.078125,
      0.09375,
      0.078125,
      0.109375,
      0.0625,
      0.125,
      0.078125,
      0.09375,
      0.078125,
      0.0625,
      0.046875,
      0.078125,
      0.09375,
      0.109375,
      0.078125,
      0.078125,
      0.0625,
      0.078125,
      0.109375,
      0.125,
      0.09375,
      0.09375,
      0.109375,
      0.125,
      0.109375,
      0.109375,
      0.0625,
      0.109375,
      0.0625,
      0.125,
      0.0
   ],
   "batch_train_losses": [
      3.7239649295806885,
      3.7342183589935303,
      3.731449604034424,
      3.730502128601074,
      3.725905656814575,
      3.719237804412842,
      3.744645357131958,
      3.726407051086426,
      3.7374966144561768,
      3.7324635982513428,
      3.72711181640625,
      3.7318625450134277,
      3.728959798812866,
      3.7312049865722656,
      3.7249724864959717,
      3.74947190284729,
      3.728269338607788,
      3.722818374633789,
      3.7303268909454346,
      3.7265357971191406,
      3.726930856704712,
      3.72172474861145,
      3.7336528301239014,
      3.7286126613616943,
      3.7352676391601562,
      3.7376177310943604,
      3.7254984378814697,
      3.727247714996338,
      3.7232043743133545,
      3.7211132049560547,
      3.7284531593322754,
      3.7165005207061768,
      3.730729579925537,
      3.7238340377807617,
      3.7280235290527344,
      3.7310216426849365,
      3.7364211082458496,
      3.7313225269317627,
      3.715411901473999,
      3.719545841217041,
      3.7265548706054688,
      3.765308380126953
   ],
   "batch_train_times": [],
   "val_accuracy": 0.07432432432432433,
   "val_loss": 3.732128703916395,
   "val_accuracy_per_label": [
      1.0,
      0.0,
      0.0,
      0.0,
      0.0,
      0.0,
      0.0,
      0.0,
      0.0,
      0.0,
      0.0,
      0.0,
      0.0,
      0.0,
      0.0,
      0.0,
      0.0,
      0.0,
      0.0,
      0.0,
      0.0,
      0.0,
      0.0,
      0.0,
      0.0,
      0.0,
      0.0,
      0.0,
      0.0,
      0.0,
      0.0,
      0.0,
      0.0,
      0.0,
      0.0,
      0.0,
      0.0,
      0.0,
      0.0,
      0.0,
      0.0,
      0.0,
      0.0
   ]
}