{
   "epoch": 15,
   "batch_train_accuracies": [
      0.140625,
      0.078125,
      0.03125,
      0.125,
      0.078125,
      0.0625,
      0.109375,
      0.15625,
      0.171875,
      0.046875,
      0.125,
      0.171875,
      0.125,
      0.09375,
      0.125,
      0.109375,
      0.171875,
      0.0625,
      0.046875,
      0.125,
      0.109375,
      0.046875,
      0.09375,
      0.15625,
      0.09375,
      0.15625,
      0.109375,
      0.140625,
      0.09375,
      0.078125,
      0.125,
      0.09375,
      0.125,
      0.15625,
      0.09375,
      0.0625,
      0.078125,
      0.078125,
      0.140625,
      0.078125,
      0.046875,
      0.125
   ],
   "batch_train_losses": [
      3.718216896057129,
      3.732163667678833,
      3.7286219596862793,
      3.727006435394287,
      3.7273144721984863,
      3.7235898971557617,
      3.7171709537506104,
      3.7151432037353516,
      3.711364984512329,
      3.7244527339935303,
      3.7211694717407227,
      3.7198433876037598,
      3.713188648223877,
      3.7132391929626465,
      3.7188775539398193,
      3.71748423576355,
      3.7047910690307617,
      3.7197134494781494,
      3.7209126949310303,
      3.698729991912842,
      3.715329647064209,
      3.7182867527008057,
      3.717719793319702,
      3.701992988586426,
      3.710886240005493,
      3.7191355228424072,
      3.717170000076294,
      3.712864398956299,
      3.7185163497924805,
      3.719554901123047,
      3.716019868850708,
      3.709859609603882,
      3.7024993896484375,
      3.71679949760437,
      3.716864585876465,
      3.733553647994995,
      3.715419054031372,
      3.7278900146484375,
      3.715224027633667,
      3.721367359161377,
      3.723134994506836,
      3.707268238067627
   ],
   "batch_train_times": [],
   "val_accuracy": 0.07432432432432433,
   "val_loss": 3.72335620828577,
   "val_accuracy_per_label": [
      1.0,
      0.0,
      0.0,
      0.0,
      0.0,
      0.0,
      0.0,
      0.0,
      0.0,
      0.0,
      0.0,
      0.0,
      0.0,
      0.0,
      0.0,
      0.0,
      0.0,
      0.0,
      0.0,
      0.0,
      0.0,
      0.0,
      0.0,
      0.0,
      0.0,
      0.0,
      0.0,
      0.0,
      0.0,
      0.0,
      0.0,
      0.0,
      0.0,
      0.0,
      0.0,
      0.0,
      0.0,
      0.0,
      0.0,
      0.0,
      0.0,
      0.0,
      0.0
   ]
}