{
   "epoch": 26,
   "batch_train_accuracies": [
      0.09375,
      0.125,
      0.09375,
      0.125,
      0.09375,
      0.125,
      0.15625,
      0.15625,
      0.0625,
      0.140625,
      0.109375,
      0.140625,
      0.09375,
      0.09375,
      0.0625,
      0.0625,
      0.0625,
      0.140625,
      0.0625,
      0.09375,
      0.078125,
      0.078125,
      0.140625,
      0.15625,
      0.09375,
      0.0625,
      0.109375,
      0.0625,
      0.15625,
      0.140625,
      0.078125,
      0.171875,
      0.109375,
      0.109375,
      0.125,
      0.09375,
      0.109375,
      0.03125,
      0.140625,
      0.078125,
      0.125,
      0.0
   ],
   "batch_train_losses": [
      3.7037763595581055,
      3.7123806476593018,
      3.7087488174438477,
      3.7075352668762207,
      3.7152798175811768,
      3.710850954055786,
      3.708631992340088,
      3.689082384109497,
      3.6994009017944336,
      3.6837050914764404,
      3.700458288192749,
      3.701784133911133,
      3.709718942642212,
      3.709390878677368,
      3.7278966903686523,
      3.7145113945007324,
      3.710433006286621,
      3.708987236022949,
      3.706394910812378,
      3.718675136566162,
      3.704585075378418,
      3.7138376235961914,
      3.698152542114258,
      3.7133607864379883,
      3.70527982711792,
      3.7101173400878906,
      3.7096118927001953,
      3.72542405128479,
      3.706895351409912,
      3.7075297832489014,
      3.722789764404297,
      3.7056005001068115,
      3.7142386436462402,
      3.6951141357421875,
      3.696648597717285,
      3.711270570755005,
      3.699148654937744,
      3.7126264572143555,
      3.700618267059326,
      3.709348678588867,
      3.697324514389038,
      3.717923402786255
   ],
   "batch_train_times": [],
   "val_accuracy": 0.07432432432432433,
   "val_loss": 3.715010269268139,
   "val_accuracy_per_label": [
      1.0,
      0.0,
      0.0,
      0.0,
      0.0,
      0.0,
      0.0,
      0.0,
      0.0,
      0.0,
      0.0,
      0.0,
      0.0,
      0.0,
      0.0,
      0.0,
      0.0,
      0.0,
      0.0,
      0.0,
      0.0,
      0.0,
      0.0,
      0.0,
      0.0,
      0.0,
      0.0,
      0.0,
      0.0,
      0.0,
      0.0,
      0.0,
      0.0,
      0.0,
      0.0,
      0.0,
      0.0,
      0.0,
      0.0,
      0.0,
      0.0,
      0.0,
      0.0
   ]
}