{
   "epoch": 50,
   "batch_train_accuracies": [
      0.171875,
      0.078125,
      0.15625,
      0.109375,
      0.09375,
      0.125,
      0.046875,
      0.125,
      0.046875,
      0.140625,
      0.109375,
      0.125,
      0.140625,
      0.0625,
      0.125,
      0.109375,
      0.09375,
      0.15625,
      0.109375,
      0.125,
      0.09375,
      0.125,
      0.140625,
      0.03125,
      0.078125,
      0.15625,
      0.140625,
      0.125,
      0.09375,
      0.171875,
      0.109375,
      0.140625,
      0.078125,
      0.09375,
      0.078125,
      0.09375,
      0.03125,
      0.109375,
      0.0625,
      0.078125,
      0.0625,
      0.0
   ],
   "batch_train_losses": [
      3.658510684967041,
      3.686786413192749,
      3.6850831508636475,
      3.664306640625,
      3.6876416206359863,
      3.6869494915008545,
      3.6864542961120605,
      3.68807053565979,
      3.7204556465148926,
      3.672614574432373,
      3.660520553588867,
      3.6941912174224854,
      3.6642863750457764,
      3.6789333820343018,
      3.6572155952453613,
      3.6721580028533936,
      3.6734373569488525,
      3.6828644275665283,
      3.672656297683716,
      3.683032989501953,
      3.678280830383301,
      3.684098482131958,
      3.6829490661621094,
      3.6940014362335205,
      3.7069430351257324,
      3.6729564666748047,
      3.6969552040100098,
      3.677805185317993,
      3.6896791458129883,
      3.6861820220947266,
      3.6826601028442383,
      3.6909196376800537,
      3.710594892501831,
      3.682518482208252,
      3.668207883834839,
      3.697667360305786,
      3.6872050762176514,
      3.681602716445923,
      3.684622049331665,
      3.6940133571624756,
      3.6911706924438477,
      3.6721351146698
   ],
   "batch_train_times": [],
   "val_accuracy": 0.07432432432432433,
   "val_loss": 3.6939959268312195,
   "val_accuracy_per_label": [
      1.0,
      0.0,
      0.0,
      0.0,
      0.0,
      0.0,
      0.0,
      0.0,
      0.0,
      0.0,
      0.0,
      0.0,
      0.0,
      0.0,
      0.0,
      0.0,
      0.0,
      0.0,
      0.0,
      0.0,
      0.0,
      0.0,
      0.0,
      0.0,
      0.0,
      0.0,
      0.0,
      0.0,
      0.0,
      0.0,
      0.0,
      0.0,
      0.0,
      0.0,
      0.0,
      0.0,
      0.0,
      0.0,
      0.0,
      0.0,
      0.0,
      0.0,
      0.0
   ]
}