{
   "epoch": 41,
   "batch_train_accuracies": [
      0.046875,
      0.125,
      0.046875,
      0.109375,
      0.140625,
      0.09375,
      0.078125,
      0.109375,
      0.171875,
      0.09375,
      0.140625,
      0.09375,
      0.140625,
      0.109375,
      0.09375,
      0.0625,
      0.09375,
      0.078125,
      0.140625,
      0.125,
      0.109375,
      0.171875,
      0.140625,
      0.125,
      0.078125,
      0.125,
      0.140625,
      0.0625,
      0.140625,
      0.125,
      0.109375,
      0.0625,
      0.078125,
      0.0625,
      0.015625,
      0.171875,
      0.140625,
      0.15625,
      0.046875,
      0.046875,
      0.09375,
      0.1875
   ],
   "batch_train_losses": [
      3.680054187774658,
      3.6877994537353516,
      3.702181100845337,
      3.7062177658081055,
      3.7079386711120605,
      3.7031638622283936,
      3.691777467727661,
      3.6903655529022217,
      3.6843931674957275,
      3.679628610610962,
      3.6862692832946777,
      3.700436592102051,
      3.675849199295044,
      3.6753554344177246,
      3.6984970569610596,
      3.7149806022644043,
      3.705467462539673,
      3.693453788757324,
      3.6860973834991455,
      3.690235137939453,
      3.702739715576172,
      3.686311721801758,
      3.6871228218078613,
      3.6707887649536133,
      3.69747257232666,
      3.682922124862671,
      3.687427282333374,
      3.7123591899871826,
      3.6748149394989014,
      3.689479351043701,
      3.6917665004730225,
      3.6933200359344482,
      3.7090063095092773,
      3.707228422164917,
      3.7013864517211914,
      3.6940741539001465,
      3.6774020195007324,
      3.6828255653381348,
      3.706295967102051,
      3.684398889541626,
      3.688835859298706,
      3.6909170150756836
   ],
   "batch_train_times": [],
   "val_accuracy": 0.07432432432432433,
   "val_loss": 3.701907647622598,
   "val_accuracy_per_label": [
      1.0,
      0.0,
      0.0,
      0.0,
      0.0,
      0.0,
      0.0,
      0.0,
      0.0,
      0.0,
      0.0,
      0.0,
      0.0,
      0.0,
      0.0,
      0.0,
      0.0,
      0.0,
      0.0,
      0.0,
      0.0,
      0.0,
      0.0,
      0.0,
      0.0,
      0.0,
      0.0,
      0.0,
      0.0,
      0.0,
      0.0,
      0.0,
      0.0,
      0.0,
      0.0,
      0.0,
      0.0,
      0.0,
      0.0,
      0.0,
      0.0,
      0.0,
      0.0
   ]
}