{
   "epoch": 46,
   "batch_train_accuracies": [
      0.015625,
      0.09375,
      0.109375,
      0.0625,
      0.078125,
      0.046875,
      0.125,
      0.125,
      0.03125,
      0.125,
      0.25,
      0.21875,
      0.109375,
      0.171875,
      0.140625,
      0.09375,
      0.171875,
      0.09375,
      0.109375,
      0.125,
      0.0625,
      0.046875,
      0.0625,
      0.140625,
      0.078125,
      0.109375,
      0.109375,
      0.09375,
      0.109375,
      0.0625,
      0.09375,
      0.078125,
      0.109375,
      0.125,
      0.09375,
      0.125,
      0.03125,
      0.125,
      0.125,
      0.125,
      0.09375,
      0.1875
   ],
   "batch_train_losses": [
      3.689767837524414,
      3.6739044189453125,
      3.672133445739746,
      3.7033915519714355,
      3.717749834060669,
      3.7012391090393066,
      3.6823012828826904,
      3.688945770263672,
      3.6942930221557617,
      3.6845791339874268,
      3.668926239013672,
      3.6553332805633545,
      3.6847050189971924,
      3.68923282623291,
      3.6948649883270264,
      3.6743929386138916,
      3.6897130012512207,
      3.68611216545105,
      3.685737133026123,
      3.688615560531616,
      3.672173500061035,
      3.712751626968384,
      3.7083516120910645,
      3.7096638679504395,
      3.6730644702911377,
      3.6871819496154785,
      3.6824474334716797,
      3.698242664337158,
      3.687513589859009,
      3.6875252723693848,
      3.6922454833984375,
      3.6776366233825684,
      3.7018227577209473,
      3.6783287525177,
      3.6787590980529785,
      3.674048900604248,
      3.68979811668396,
      3.6893389225006104,
      3.6752305030822754,
      3.6941778659820557,
      3.699087381362915,
      3.6252639293670654
   ],
   "batch_train_times": [],
   "val_accuracy": 0.07432432432432433,
   "val_loss": 3.697510848174224,
   "val_accuracy_per_label": [
      1.0,
      0.0,
      0.0,
      0.0,
      0.0,
      0.0,
      0.0,
      0.0,
      0.0,
      0.0,
      0.0,
      0.0,
      0.0,
      0.0,
      0.0,
      0.0,
      0.0,
      0.0,
      0.0,
      0.0,
      0.0,
      0.0,
      0.0,
      0.0,
      0.0,
      0.0,
      0.0,
      0.0,
      0.0,
      0.0,
      0.0,
      0.0,
      0.0,
      0.0,
      0.0,
      0.0,
      0.0,
      0.0,
      0.0,
      0.0,
      0.0,
      0.0,
      0.0
   ]
}