{
   "epoch": 22,
   "batch_train_accuracies": [
      0.09375,
      0.109375,
      0.09375,
      0.125,
      0.0625,
      0.09375,
      0.03125,
      0.125,
      0.046875,
      0.046875,
      0.078125,
      0.109375,
      0.15625,
      0.0625,
      0.15625,
      0.15625,
      0.1875,
      0.0625,
      0.09375,
      0.109375,
      0.125,
      0.15625,
      0.078125,
      0.09375,
      0.0625,
      0.0625,
      0.109375,
      0.109375,
      0.0625,
      0.109375,
      0.125,
      0.125,
      0.15625,
      0.0625,
      0.15625,
      0.109375,
      0.15625,
      0.140625,
      0.09375,
      0.125,
      0.09375,
      0.125
   ],
   "batch_train_losses": [
      3.711601495742798,
      3.7050769329071045,
      3.72300124168396,
      3.708225965499878,
      3.709162950515747,
      3.7247276306152344,
      3.730015993118286,
      3.704359292984009,
      3.724290609359741,
      3.717184543609619,
      3.7126359939575195,
      3.715557098388672,
      3.695340871810913,
      3.726592779159546,
      3.7068393230438232,
      3.697202205657959,
      3.72074556350708,
      3.7144217491149902,
      3.7120721340179443,
      3.7031052112579346,
      3.698789358139038,
      3.7160263061523438,
      3.7188875675201416,
      3.705402135848999,
      3.719463348388672,
      3.70589542388916,
      3.716203212738037,
      3.707918882369995,
      3.7100653648376465,
      3.718367338180542,
      3.7092158794403076,
      3.6982011795043945,
      3.7038354873657227,
      3.713486909866333,
      3.7075088024139404,
      3.698112726211548,
      3.7124578952789307,
      3.7041923999786377,
      3.7084732055664062,
      3.713554620742798,
      3.7053346633911133,
      3.752748966217041
   ],
   "batch_train_times": [],
   "val_accuracy": 0.07432432432432433,
   "val_loss": 3.718213145797317,
   "val_accuracy_per_label": [
      1.0,
      0.0,
      0.0,
      0.0,
      0.0,
      0.0,
      0.0,
      0.0,
      0.0,
      0.0,
      0.0,
      0.0,
      0.0,
      0.0,
      0.0,
      0.0,
      0.0,
      0.0,
      0.0,
      0.0,
      0.0,
      0.0,
      0.0,
      0.0,
      0.0,
      0.0,
      0.0,
      0.0,
      0.0,
      0.0,
      0.0,
      0.0,
      0.0,
      0.0,
      0.0,
      0.0,
      0.0,
      0.0,
      0.0,
      0.0,
      0.0,
      0.0,
      0.0
   ]
}