{
   "epoch": 34,
   "batch_train_accuracies": [
      0.078125,
      0.140625,
      0.078125,
      0.171875,
      0.125,
      0.125,
      0.140625,
      0.046875,
      0.078125,
      0.09375,
      0.09375,
      0.078125,
      0.09375,
      0.078125,
      0.03125,
      0.125,
      0.125,
      0.140625,
      0.109375,
      0.09375,
      0.09375,
      0.0625,
      0.0625,
      0.140625,
      0.09375,
      0.140625,
      0.109375,
      0.109375,
      0.1875,
      0.140625,
      0.078125,
      0.125,
      0.09375,
      0.078125,
      0.125,
      0.09375,
      0.0625,
      0.09375,
      0.0625,
      0.125,
      0.171875,
      0.1875
   ],
   "batch_train_losses": [
      3.714578151702881,
      3.7019965648651123,
      3.698531150817871,
      3.695025682449341,
      3.6997175216674805,
      3.693723201751709,
      3.693629741668701,
      3.715254068374634,
      3.7088332176208496,
      3.6913552284240723,
      3.699798345565796,
      3.7121942043304443,
      3.6870195865631104,
      3.6976687908172607,
      3.708069086074829,
      3.7066938877105713,
      3.694214105606079,
      3.709192991256714,
      3.7173972129821777,
      3.7149136066436768,
      3.716244697570801,
      3.6981353759765625,
      3.6960721015930176,
      3.6824159622192383,
      3.6952433586120605,
      3.6846845149993896,
      3.699348211288452,
      3.6742637157440186,
      3.6798768043518066,
      3.7087056636810303,
      3.699592351913452,
      3.6870617866516113,
      3.7074432373046875,
      3.6978163719177246,
      3.6971139907836914,
      3.7089896202087402,
      3.708049774169922,
      3.696845293045044,
      3.7092134952545166,
      3.691756248474121,
      3.6822662353515625,
      3.7108187675476074
   ],
   "batch_train_times": [],
   "val_accuracy": 0.07432432432432433,
   "val_loss": 3.7081154037166284,
   "val_accuracy_per_label": [
      1.0,
      0.0,
      0.0,
      0.0,
      0.0,
      0.0,
      0.0,
      0.0,
      0.0,
      0.0,
      0.0,
      0.0,
      0.0,
      0.0,
      0.0,
      0.0,
      0.0,
      0.0,
      0.0,
      0.0,
      0.0,
      0.0,
      0.0,
      0.0,
      0.0,
      0.0,
      0.0,
      0.0,
      0.0,
      0.0,
      0.0,
      0.0,
      0.0,
      0.0,
      0.0,
      0.0,
      0.0,
      0.0,
      0.0,
      0.0,
      0.0,
      0.0,
      0.0
   ]
}