{
   "epoch": 32,
   "batch_train_accuracies": [
      0.09375,
      0.09375,
      0.109375,
      0.078125,
      0.15625,
      0.171875,
      0.140625,
      0.078125,
      0.0625,
      0.140625,
      0.171875,
      0.0625,
      0.046875,
      0.0625,
      0.1875,
      0.09375,
      0.109375,
      0.03125,
      0.140625,
      0.15625,
      0.078125,
      0.046875,
      0.125,
      0.171875,
      0.109375,
      0.140625,
      0.09375,
      0.0625,
      0.109375,
      0.0625,
      0.109375,
      0.0625,
      0.09375,
      0.0625,
      0.078125,
      0.078125,
      0.15625,
      0.140625,
      0.09375,
      0.078125,
      0.140625,
      0.25
   ],
   "batch_train_losses": [
      3.6889381408691406,
      3.72148060798645,
      3.697951555252075,
      3.7079989910125732,
      3.6889467239379883,
      3.6936137676239014,
      3.702993154525757,
      3.694420576095581,
      3.7067668437957764,
      3.699284076690674,
      3.699716329574585,
      3.712292432785034,
      3.7153937816619873,
      3.720177173614502,
      3.677091598510742,
      3.7002787590026855,
      3.6913795471191406,
      3.7168009281158447,
      3.6870720386505127,
      3.6958441734313965,
      3.682265043258667,
      3.711276054382324,
      3.694321393966675,
      3.7007055282592773,
      3.7099223136901855,
      3.704618215560913,
      3.7090017795562744,
      3.696439027786255,
      3.7165920734405518,
      3.6968581676483154,
      3.702829599380493,
      3.7119712829589844,
      3.7000579833984375,
      3.7052695751190186,
      3.697327136993408,
      3.6996262073516846,
      3.6964540481567383,
      3.7052650451660156,
      3.7009363174438477,
      3.710374593734741,
      3.7040629386901855,
      3.6702892780303955
   ],
   "batch_train_times": [],
   "val_accuracy": 0.07432432432432433,
   "val_loss": 3.7098571158744194,
   "val_accuracy_per_label": [
      1.0,
      0.0,
      0.0,
      0.0,
      0.0,
      0.0,
      0.0,
      0.0,
      0.0,
      0.0,
      0.0,
      0.0,
      0.0,
      0.0,
      0.0,
      0.0,
      0.0,
      0.0,
      0.0,
      0.0,
      0.0,
      0.0,
      0.0,
      0.0,
      0.0,
      0.0,
      0.0,
      0.0,
      0.0,
      0.0,
      0.0,
      0.0,
      0.0,
      0.0,
      0.0,
      0.0,
      0.0,
      0.0,
      0.0,
      0.0,
      0.0,
      0.0,
      0.0
   ]
}