{
   "epoch": 19,
   "batch_train_accuracies": [
      0.78125,
      0.8125,
      0.703125,
      0.625,
      0.609375,
      0.65625,
      0.796875,
      0.59375,
      0.75,
      0.671875,
      0.703125,
      0.78125,
      0.71875,
      0.828125,
      0.734375,
      0.71875,
      0.625,
      0.78125,
      0.75,
      0.6875,
      0.703125,
      0.65625,
      0.703125,
      0.71875,
      0.765625,
      0.640625,
      0.59375,
      0.65625,
      0.78125,
      0.71875,
      0.765625,
      0.71875,
      0.59375,
      0.59375,
      0.71875,
      0.6875,
      0.828125,
      0.71875,
      0.765625,
      0.796875,
      0.78125,
      0.8125
   ],
   "batch_train_losses": [
      1.1840076446533203,
      1.1673330068588257,
      1.2215745449066162,
      1.3735822439193726,
      1.3869723081588745,
      1.3859930038452148,
      1.087131142616272,
      1.4041837453842163,
      1.1242241859436035,
      1.3289577960968018,
      1.3836506605148315,
      1.1558202505111694,
      1.2515254020690918,
      0.9973710179328918,
      1.265592098236084,
      1.2109678983688354,
      1.4202549457550049,
      1.0816888809204102,
      1.1220701932907104,
      1.3843224048614502,
      1.2394435405731201,
      1.289307951927185,
      1.1666840314865112,
      1.2555127143859863,
      1.2887145280838013,
      1.4910717010498047,
      1.3329627513885498,
      1.46633780002594,
      1.1907432079315186,
      1.2579134702682495,
      1.1414800882339478,
      1.2011590003967285,
      1.464429497718811,
      1.667671799659729,
      1.2170075178146362,
      1.3881641626358032,
      1.0325686931610107,
      1.3259207010269165,
      1.0533716678619385,
      1.1214618682861328,
      1.0730046033859253,
      1.127861738204956
   ],
   "batch_train_times": [],
   "val_accuracy": 0.4864864864864865,
   "val_loss": 2.1445729249232524,
   "val_accuracy_per_label": [
      0.7272727272727273,
      0.0,
      0.0,
      0.0,
      0.8,
      0.8,
      0.0,
      0.85,
      0.0,
      0.0,
      0.0,
      0.0,
      0.2,
      0.6,
      0.6,
      0.0,
      0.0,
      0.0,
      0.0,
      0.9310344827586207,
      0.6153846153846154,
      0.0,
      0.0,
      0.2,
      0.0,
      0.1,
      0.0,
      0.8,
      0.0,
      0.5,
      0.0,
      0.6,
      1.0,
      0.0,
      0.0,
      0.0,
      0.0,
      0.0,
      0.7333333333333333,
      0.8,
      0.0,
      0.5,
      0.4
   ]
}