{
   "epoch": 26,
   "batch_train_accuracies": [
      0.828125,
      0.84375,
      0.734375,
      0.703125,
      0.734375,
      0.703125,
      0.796875,
      0.78125,
      0.796875,
      0.765625,
      0.671875,
      0.828125,
      0.78125,
      0.734375,
      0.828125,
      0.6875,
      0.75,
      0.796875,
      0.796875,
      0.703125,
      0.734375,
      0.8125,
      0.75,
      0.734375,
      0.78125,
      0.734375,
      0.734375,
      0.734375,
      0.703125,
      0.75,
      0.78125,
      0.90625,
      0.84375,
      0.78125,
      0.796875,
      0.6875,
      0.796875,
      0.703125,
      0.671875,
      0.796875,
      0.734375,
      0.625
   ],
   "batch_train_losses": [
      1.0530229806900024,
      0.8795785903930664,
      1.236260175704956,
      1.095902919769287,
      1.070469856262207,
      1.1502623558044434,
      1.0000178813934326,
      1.1894572973251343,
      1.260232925415039,
      1.1389901638031006,
      1.2461011409759521,
      1.024126648902893,
      1.0657567977905273,
      1.1696475744247437,
      0.9645686149597168,
      1.2592476606369019,
      1.112592101097107,
      0.9802987575531006,
      0.9781498312950134,
      1.035367727279663,
      1.0881391763687134,
      1.0404937267303467,
      1.009371280670166,
      1.064470648765564,
      1.0940710306167603,
      1.1152291297912598,
      1.0244680643081665,
      1.1923763751983643,
      1.1640772819519043,
      1.0220388174057007,
      1.0741760730743408,
      0.8500734567642212,
      1.0120047330856323,
      1.001771092414856,
      1.0154623985290527,
      1.1852843761444092,
      1.0988701581954956,
      1.1935769319534302,
      1.2920377254486084,
      1.025255560874939,
      1.233031153678894,
      1.1614583730697632
   ],
   "batch_train_times": [],
   "val_accuracy": 0.5337837837837838,
   "val_loss": 1.994214289897197,
   "val_accuracy_per_label": [
      0.7272727272727273,
      0.0,
      0.6666666666666666,
      0.0,
      1.0,
      0.8,
      0.0,
      0.8,
      0.0,
      0.0,
      0.0,
      0.0,
      0.0,
      0.8,
      0.8,
      0.0,
      0.0,
      0.0,
      0.0,
      0.8275862068965517,
      0.8461538461538461,
      0.0,
      0.2,
      0.2,
      0.0,
      0.7,
      0.0,
      0.8,
      0.0,
      0.0,
      0.4,
      0.8,
      0.8,
      0.0,
      0.0,
      0.0,
      0.0,
      0.0,
      1.0,
      0.6,
      0.0,
      0.375,
      0.0
   ]
}