{
   "epoch": 37,
   "batch_train_accuracies": [
      0.890625,
      0.828125,
      0.84375,
      0.828125,
      0.828125,
      0.75,
      0.765625,
      0.796875,
      0.859375,
      0.859375,
      0.828125,
      0.796875,
      0.84375,
      0.765625,
      0.765625,
      0.859375,
      0.84375,
      0.765625,
      0.8125,
      0.90625,
      0.890625,
      0.875,
      0.78125,
      0.875,
      0.8125,
      0.859375,
      0.890625,
      0.84375,
      0.796875,
      0.8125,
      0.828125,
      0.84375,
      0.90625,
      0.828125,
      0.8125,
      0.828125,
      0.828125,
      0.796875,
      0.8125,
      0.859375,
      0.84375,
      0.9375
   ],
   "batch_train_losses": [
      0.8428968787193298,
      0.9634475111961365,
      0.9647989869117737,
      0.9037461876869202,
      0.9453994631767273,
      1.1432687044143677,
      1.0290980339050293,
      1.1274718046188354,
      0.8704464435577393,
      0.9001065492630005,
      1.1200897693634033,
      0.9803781509399414,
      0.8002997040748596,
      1.0102522373199463,
      1.0918090343475342,
      0.854742169380188,
      0.9723421335220337,
      1.0407078266143799,
      0.9768114686012268,
      0.6898676753044128,
      0.7934364676475525,
      0.9660125970840454,
      1.0473986864089966,
      0.8338227868080139,
      0.9051527380943298,
      0.9602976441383362,
      0.9277417063713074,
      1.0033327341079712,
      0.9549311995506287,
      0.9768292903900146,
      0.9507697820663452,
      0.7457676529884338,
      0.8665858507156372,
      0.9307138919830322,
      0.8651910424232483,
      1.0066097974777222,
      1.0578889846801758,
      0.9700276255607605,
      1.0729787349700928,
      0.9461981654167175,
      1.0459657907485962,
      0.9942606091499329
   ],
   "batch_train_times": [],
   "val_accuracy": 0.5608108108108109,
   "val_loss": 1.9356596341004242,
   "val_accuracy_per_label": [
      0.6363636363636364,
      0.0,
      0.5,
      0.0,
      1.0,
      0.6,
      0.3333333333333333,
      0.8,
      0.0,
      0.4,
      0.0,
      0.6,
      0.2,
      0.8,
      0.8,
      0.0,
      0.0,
      0.0,
      0.0,
      0.9655172413793104,
      0.7307692307692307,
      0.2,
      1.0,
      0.2,
      0.0,
      0.3,
      0.0,
      0.55,
      0.0,
      0.25,
      0.4,
      0.6,
      1.0,
      0.0,
      0.0,
      0.0,
      0.4,
      0.0,
      1.0,
      0.9,
      0.0,
      0.5,
      0.2
   ]
}