{
   "epoch": 35,
   "batch_train_accuracies": [
      0.765625,
      0.84375,
      0.8125,
      0.84375,
      0.90625,
      0.859375,
      0.84375,
      0.828125,
      0.84375,
      0.796875,
      0.78125,
      0.859375,
      0.90625,
      0.859375,
      0.765625,
      0.890625,
      0.8125,
      0.796875,
      0.8125,
      0.8125,
      0.75,
      0.90625,
      0.859375,
      0.890625,
      0.859375,
      0.8125,
      0.765625,
      0.84375,
      0.8125,
      0.828125,
      0.75,
      0.859375,
      0.875,
      0.75,
      0.890625,
      0.78125,
      0.796875,
      0.875,
      0.734375,
      0.765625,
      0.828125,
      0.3125
   ],
   "batch_train_losses": [
      1.0348531007766724,
      0.9058024883270264,
      1.0014777183532715,
      0.9370288848876953,
      0.7139873504638672,
      0.8978022336959839,
      0.8671799302101135,
      0.8881133198738098,
      0.9120025038719177,
      0.9631389379501343,
      1.1896189451217651,
      1.0714327096939087,
      0.9304130673408508,
      0.9200955033302307,
      1.0769917964935303,
      0.7676475644111633,
      0.914287269115448,
      0.9333089590072632,
      0.9824498891830444,
      1.0618219375610352,
      0.9972453713417053,
      0.8200048208236694,
      0.8782697916030884,
      0.8175143003463745,
      0.8849844932556152,
      0.975476086139679,
      1.1033000946044922,
      0.9898943901062012,
      1.026478886604309,
      0.9745023846626282,
      1.0500198602676392,
      1.0175607204437256,
      0.875895082950592,
      1.112302541732788,
      0.931668221950531,
      1.0634921789169312,
      1.0315661430358887,
      0.8277682065963745,
      1.1726467609405518,
      0.981997013092041,
      0.8875378370285034,
      1.8043923377990723
   ],
   "batch_train_times": [],
   "val_accuracy": 0.4864864864864865,
   "val_loss": 1.9552644491195679,
   "val_accuracy_per_label": [
      0.8181818181818182,
      0.0,
      0.6666666666666666,
      0.0,
      0.6,
      0.0,
      0.0,
      0.8,
      0.0,
      0.0,
      0.0,
      0.4,
      0.0,
      0.8,
      0.8,
      0.0,
      0.0,
      0.0,
      0.0,
      0.9655172413793104,
      0.6153846153846154,
      0.2,
      0.6,
      0.0,
      0.0,
      0.4,
      0.0,
      0.4,
      0.0,
      0.0,
      0.2,
      0.6,
      1.0,
      0.0,
      0.0,
      0.0,
      0.4,
      0.0,
      0.7333333333333333,
      0.8,
      0.0,
      0.125,
      0.4
   ]
}