{
   "epoch": 36,
   "batch_train_accuracies": [
      0.765625,
      0.78125,
      0.78125,
      0.796875,
      0.9375,
      0.859375,
      0.859375,
      0.859375,
      0.734375,
      0.875,
      0.765625,
      0.78125,
      0.8125,
      0.84375,
      0.84375,
      0.8125,
      0.859375,
      0.859375,
      0.8125,
      0.78125,
      0.890625,
      0.828125,
      0.875,
      0.78125,
      0.875,
      0.796875,
      0.890625,
      0.796875,
      0.875,
      0.8125,
      0.703125,
      0.765625,
      0.78125,
      0.859375,
      0.84375,
      0.84375,
      0.78125,
      0.78125,
      0.796875,
      0.75,
      0.828125,
      0.8125
   ],
   "batch_train_losses": [
      1.0885968208312988,
      1.0548014640808105,
      1.0102741718292236,
      1.1705374717712402,
      0.8047845959663391,
      0.8583617806434631,
      0.9412621855735779,
      0.9341661334037781,
      1.0129717588424683,
      0.9665008783340454,
      1.0707181692123413,
      0.9563338756561279,
      0.9995306134223938,
      0.837602436542511,
      1.008142113685608,
      1.018805980682373,
      0.9373903870582581,
      0.9629818201065063,
      0.9011580348014832,
      1.0065648555755615,
      0.796227753162384,
      0.9354227781295776,
      0.7143936157226562,
      1.1014885902404785,
      0.9416374564170837,
      0.9634221792221069,
      0.8398571610450745,
      0.9782953262329102,
      0.8652535676956177,
      0.935861349105835,
      1.0981478691101074,
      1.0280818939208984,
      1.106094479560852,
      0.8644648790359497,
      1.0604499578475952,
      0.8660961985588074,
      0.9164206981658936,
      1.0851112604141235,
      1.0223703384399414,
      1.1004540920257568,
      0.879340648651123,
      0.8809412717819214
   ],
   "batch_train_times": [],
   "val_accuracy": 0.527027027027027,
   "val_loss": 2.007871450604619,
   "val_accuracy_per_label": [
      0.8636363636363636,
      0.0,
      0.3333333333333333,
      0.2,
      1.0,
      0.2,
      0.3333333333333333,
      0.8,
      0.0,
      0.0,
      0.0,
      0.6,
      0.0,
      0.8,
      0.4,
      0.0,
      0.0,
      0.0,
      0.0,
      0.9310344827586207,
      0.6538461538461539,
      0.6,
      0.8,
      0.2,
      0.0,
      0.6,
      0.0,
      0.2,
      0.0,
      0.0,
      0.2,
      0.8,
      1.0,
      0.0,
      0.0,
      0.0,
      0.4,
      0.0,
      1.0,
      0.9,
      0.0,
      0.375,
      0.2
   ]
}