{
   "epoch": 33,
   "batch_train_accuracies": [
      0.875,
      0.8125,
      0.796875,
      0.828125,
      0.6875,
      0.796875,
      0.90625,
      0.71875,
      0.796875,
      0.828125,
      0.796875,
      0.875,
      0.890625,
      0.765625,
      0.828125,
      0.75,
      0.765625,
      0.765625,
      0.765625,
      0.6875,
      0.875,
      0.828125,
      0.8125,
      0.765625,
      0.78125,
      0.765625,
      0.8125,
      0.8125,
      0.875,
      0.859375,
      0.75,
      0.828125,
      0.734375,
      0.84375,
      0.796875,
      0.859375,
      0.796875,
      0.890625,
      0.8125,
      0.828125,
      0.9375,
      0.8125
   ],
   "batch_train_losses": [
      0.7878485321998596,
      0.9799981117248535,
      0.9862498641014099,
      0.8476857542991638,
      1.1077861785888672,
      1.0440610647201538,
      0.8587213158607483,
      1.179648518562317,
      0.9907577633857727,
      1.0440704822540283,
      0.9940581917762756,
      0.8451589345932007,
      0.8209050893783569,
      1.0223829746246338,
      0.8613823652267456,
      1.0344308614730835,
      1.1618460416793823,
      1.1710155010223389,
      1.0088169574737549,
      1.2970362901687622,
      0.8975771069526672,
      0.878779947757721,
      0.88558030128479,
      1.1494938135147095,
      1.048201322555542,
      1.219787359237671,
      1.0534588098526,
      0.9856964945793152,
      0.9056439995765686,
      0.8227893710136414,
      1.035921335220337,
      0.9158461093902588,
      1.0764715671539307,
      0.9540759325027466,
      0.8928892016410828,
      0.8938825130462646,
      1.0273923873901367,
      0.8746755719184875,
      1.0727711915969849,
      1.017184853553772,
      0.769131064414978,
      1.0813629627227783
   ],
   "batch_train_times": [],
   "val_accuracy": 0.5101351351351351,
   "val_loss": 1.946934023418942,
   "val_accuracy_per_label": [
      0.6363636363636364,
      0.0,
      0.16666666666666666,
      0.0,
      1.0,
      0.6,
      0.3333333333333333,
      0.8,
      0.0,
      0.0,
      0.0,
      0.4,
      0.0,
      0.2,
      0.4,
      0.0,
      0.0,
      0.0,
      0.0,
      0.9310344827586207,
      0.6923076923076923,
      0.2,
      0.8,
      0.2,
      0.0,
      0.8,
      0.0,
      0.5,
      0.0,
      0.0,
      0.2,
      0.2,
      1.0,
      0.0,
      0.0,
      0.0,
      0.4,
      0.0,
      1.0,
      0.8,
      0.0,
      0.5,
      0.2
   ]
}