{
   "epoch": 48,
   "batch_train_accuracies": [
      0.90625,
      0.90625,
      0.84375,
      0.90625,
      0.890625,
      0.765625,
      0.921875,
      0.875,
      0.890625,
      0.90625,
      0.796875,
      0.84375,
      0.875,
      0.921875,
      0.84375,
      0.890625,
      0.90625,
      0.9375,
      0.921875,
      0.796875,
      0.859375,
      0.796875,
      0.921875,
      0.859375,
      0.859375,
      0.765625,
      0.921875,
      0.890625,
      0.8125,
      0.765625,
      0.9375,
      0.890625,
      0.828125,
      0.828125,
      0.9375,
      0.890625,
      0.890625,
      0.84375,
      0.8125,
      0.90625,
      0.875,
      0.875
   ],
   "batch_train_losses": [
      0.7841082811355591,
      0.7157426476478577,
      0.9433249831199646,
      0.6851112842559814,
      0.759540855884552,
      0.9389309883117676,
      0.8294214606285095,
      0.8899651765823364,
      0.8435009717941284,
      0.8005583882331848,
      0.9258456230163574,
      0.9586221575737,
      0.9567732214927673,
      0.8010299205780029,
      0.968208372592926,
      0.8707204461097717,
      0.8957098722457886,
      0.7331523299217224,
      0.7512039542198181,
      1.0943738222122192,
      0.879280686378479,
      0.9060565829277039,
      0.7483780384063721,
      0.8574391603469849,
      0.8942985534667969,
      1.0623724460601807,
      0.714118242263794,
      0.7953298091888428,
      1.0170953273773193,
      0.997908890247345,
      0.7361865639686584,
      0.7872776985168457,
      0.7732146978378296,
      0.9227120876312256,
      0.8354269862174988,
      0.781369686126709,
      0.7270690202713013,
      0.9865734577178955,
      1.0183581113815308,
      0.7967108488082886,
      0.883401095867157,
      1.037408471107483
   ],
   "batch_train_times": [],
   "val_accuracy": 0.5337837837837838,
   "val_loss": 1.9391486000370335,
   "val_accuracy_per_label": [
      0.6818181818181818,
      0.2,
      0.16666666666666666,
      0.4,
      1.0,
      0.0,
      0.3333333333333333,
      0.8,
      0.0,
      0.0,
      0.0,
      0.0,
      0.0,
      0.8,
      0.4,
      0.0,
      0.0,
      0.0,
      0.0,
      0.9655172413793104,
      0.9615384615384616,
      0.0,
      0.8,
      1.0,
      0.0,
      0.7,
      0.0,
      0.5,
      0.0,
      0.0,
      0.2,
      0.2,
      1.0,
      0.0,
      0.0,
      0.0,
      0.0,
      0.0,
      1.0,
      0.9,
      0.0,
      0.125,
      0.0
   ]
}