{
   "epoch": 22,
   "batch_train_accuracies": [
      0.796875,
      0.703125,
      0.671875,
      0.65625,
      0.75,
      0.703125,
      0.71875,
      0.703125,
      0.6875,
      0.75,
      0.78125,
      0.78125,
      0.75,
      0.75,
      0.734375,
      0.65625,
      0.65625,
      0.71875,
      0.734375,
      0.875,
      0.75,
      0.765625,
      0.765625,
      0.734375,
      0.71875,
      0.78125,
      0.765625,
      0.734375,
      0.8125,
      0.71875,
      0.671875,
      0.71875,
      0.734375,
      0.6875,
      0.78125,
      0.765625,
      0.71875,
      0.6875,
      0.6875,
      0.8125,
      0.8125,
      0.875
   ],
   "batch_train_losses": [
      0.9884036779403687,
      1.2616980075836182,
      1.257477879524231,
      1.3771463632583618,
      1.2262457609176636,
      1.386110544204712,
      1.2472896575927734,
      1.3424817323684692,
      1.1811754703521729,
      1.1656783819198608,
      1.1509472131729126,
      1.1602333784103394,
      1.127511978149414,
      1.0711731910705566,
      1.0785126686096191,
      1.341416835784912,
      1.3010772466659546,
      1.1762075424194336,
      1.1444607973098755,
      0.916556179523468,
      1.0606560707092285,
      1.0344730615615845,
      1.1960253715515137,
      1.243080496788025,
      1.2256814241409302,
      1.1393578052520752,
      1.0414162874221802,
      1.2444710731506348,
      1.1650974750518799,
      1.136234164237976,
      1.3493002653121948,
      1.2368496656417847,
      1.1871153116226196,
      1.1454955339431763,
      1.1766722202301025,
      1.13239324092865,
      1.3277407884597778,
      1.2336114645004272,
      1.272554636001587,
      1.0048911571502686,
      1.1028220653533936,
      0.8666223287582397
   ],
   "batch_train_times": [],
   "val_accuracy": 0.44932432432432434,
   "val_loss": 2.126269730361732,
   "val_accuracy_per_label": [
      0.6818181818181818,
      0.0,
      0.16666666666666666,
      0.0,
      0.4,
      1.0,
      0.0,
      0.75,
      0.0,
      0.0,
      0.0,
      0.0,
      0.0,
      0.8,
      0.4,
      0.0,
      0.0,
      0.0,
      0.0,
      0.9310344827586207,
      0.8461538461538461,
      0.2,
      0.0,
      0.2,
      0.0,
      0.1,
      0.0,
      0.1,
      0.0,
      0.5,
      0.0,
      0.2,
      0.8,
      0.0,
      0.0,
      0.0,
      0.0,
      0.0,
      1.0,
      0.9,
      0.0,
      0.125,
      0.6
   ]
}