{
   "epoch": 38,
   "batch_train_accuracies": [
      0.84375,
      0.796875,
      0.765625,
      0.90625,
      0.71875,
      0.859375,
      0.84375,
      0.84375,
      0.84375,
      0.734375,
      0.75,
      0.875,
      0.828125,
      0.8125,
      0.90625,
      0.765625,
      0.875,
      0.921875,
      0.890625,
      0.875,
      0.828125,
      0.796875,
      0.875,
      0.8125,
      0.859375,
      0.859375,
      0.90625,
      0.875,
      0.828125,
      0.8125,
      0.78125,
      0.90625,
      0.90625,
      0.8125,
      0.84375,
      0.828125,
      0.8125,
      0.765625,
      0.828125,
      0.890625,
      0.859375,
      0.875
   ],
   "batch_train_losses": [
      0.8484810590744019,
      1.0130239725112915,
      1.0440272092819214,
      0.8316603899002075,
      1.091781735420227,
      0.8876784443855286,
      0.8453189730644226,
      0.8909478187561035,
      0.8926219344139099,
      1.0977613925933838,
      1.0883960723876953,
      0.8472313284873962,
      0.9459433555603027,
      0.9829395413398743,
      0.7650853395462036,
      1.0489094257354736,
      0.8492171764373779,
      0.7674367427825928,
      0.7696292400360107,
      0.7611972093582153,
      0.8765820860862732,
      0.9755113124847412,
      0.808813750743866,
      0.9763126969337463,
      0.8692024350166321,
      1.0448801517486572,
      0.8472697734832764,
      0.8558882474899292,
      0.9096254706382751,
      0.9843588471412659,
      1.035485863685608,
      0.7529354095458984,
      0.8343291878700256,
      0.8648852705955505,
      0.8846582174301147,
      0.9282024502754211,
      1.0915286540985107,
      1.1948450803756714,
      0.9282470941543579,
      0.8664997220039368,
      0.9201194643974304,
      1.091080904006958
   ],
   "batch_train_times": [],
   "val_accuracy": 0.5101351351351351,
   "val_loss": 1.8664514116338782,
   "val_accuracy_per_label": [
      0.5909090909090909,
      0.0,
      0.6666666666666666,
      0.0,
      0.2,
      0.0,
      0.0,
      0.9,
      0.0,
      0.0,
      0.0,
      0.0,
      0.2,
      1.0,
      0.8,
      0.0,
      0.0,
      0.0,
      0.0,
      0.9655172413793104,
      0.6153846153846154,
      0.2,
      0.8,
      0.2,
      0.0,
      0.9,
      0.0,
      0.7,
      0.0,
      0.0,
      0.0,
      1.0,
      1.0,
      0.0,
      0.0,
      0.0,
      0.0,
      0.0,
      0.7333333333333333,
      0.8,
      0.0,
      0.375,
      0.0
   ]
}