{
   "epoch": 27,
   "batch_train_accuracies": [
      0.890625,
      0.75,
      0.671875,
      0.859375,
      0.75,
      0.6875,
      0.84375,
      0.75,
      0.75,
      0.765625,
      0.6875,
      0.828125,
      0.734375,
      0.734375,
      0.828125,
      0.765625,
      0.6875,
      0.734375,
      0.71875,
      0.828125,
      0.765625,
      0.765625,
      0.8125,
      0.765625,
      0.765625,
      0.84375,
      0.703125,
      0.71875,
      0.765625,
      0.765625,
      0.78125,
      0.875,
      0.84375,
      0.78125,
      0.6875,
      0.734375,
      0.734375,
      0.8125,
      0.78125,
      0.78125,
      0.78125,
      0.75
   ],
   "batch_train_losses": [
      0.9183071851730347,
      1.1712363958358765,
      1.3651442527770996,
      0.8169986605644226,
      1.0786927938461304,
      1.1884351968765259,
      0.8076310157775879,
      1.2100383043289185,
      1.1714129447937012,
      1.0904464721679688,
      1.3193628787994385,
      0.9948303699493408,
      1.203047752380371,
      1.393606185913086,
      0.9057095050811768,
      1.1024467945098877,
      1.189717411994934,
      1.1836544275283813,
      1.1672954559326172,
      0.9597083330154419,
      1.1380997896194458,
      1.2043095827102661,
      1.0494909286499023,
      1.0520267486572266,
      1.0596455335617065,
      1.0506422519683838,
      1.2643550634384155,
      1.2587758302688599,
      1.0649375915527344,
      1.0855909585952759,
      1.0777775049209595,
      0.9152663350105286,
      0.9805112481117249,
      1.0175913572311401,
      1.2113884687423706,
      1.154665470123291,
      1.1482796669006348,
      1.0734573602676392,
      0.975222110748291,
      1.1139992475509644,
      1.2182669639587402,
      1.0532927513122559
   ],
   "batch_train_times": [],
   "val_accuracy": 0.44256756756756754,
   "val_loss": 2.078511982350736,
   "val_accuracy_per_label": [
      0.5454545454545454,
      0.0,
      0.16666666666666666,
      0.0,
      1.0,
      0.8,
      0.0,
      0.85,
      0.0,
      0.0,
      0.0,
      0.2,
      0.0,
      0.4,
      0.2,
      0.0,
      0.0,
      0.0,
      0.0,
      0.9310344827586207,
      0.6923076923076923,
      0.2,
      0.6,
      0.4,
      0.0,
      0.3,
      0.0,
      0.0,
      0.0,
      0.0,
      0.0,
      1.0,
      1.0,
      0.0,
      0.0,
      0.0,
      0.2,
      0.0,
      0.6,
      0.9,
      0.0,
      0.5,
      0.2
   ]
}