{
   "epoch": 49,
   "batch_train_accuracies": [
      0.890625,
      0.875,
      0.828125,
      0.78125,
      0.859375,
      0.890625,
      0.90625,
      0.8125,
      0.9375,
      0.8125,
      0.828125,
      0.828125,
      0.859375,
      0.890625,
      0.890625,
      0.9375,
      0.890625,
      0.890625,
      0.828125,
      0.9375,
      0.90625,
      0.84375,
      0.796875,
      0.890625,
      0.859375,
      0.84375,
      0.890625,
      0.875,
      0.890625,
      0.921875,
      0.890625,
      0.796875,
      0.84375,
      0.875,
      0.8125,
      0.875,
      0.921875,
      0.78125,
      0.84375,
      0.8125,
      0.84375,
      1.0
   ],
   "batch_train_losses": [
      0.8523005843162537,
      0.8857171535491943,
      0.9433060884475708,
      0.9481210708618164,
      0.8185388445854187,
      0.8940969705581665,
      0.804911732673645,
      1.080309271812439,
      0.6491171717643738,
      1.0566554069519043,
      0.8674906492233276,
      0.9245928525924683,
      0.9467036724090576,
      0.8522405624389648,
      0.7332947254180908,
      0.8367480039596558,
      0.8511417508125305,
      0.9036818146705627,
      0.9480348229408264,
      0.837626039981842,
      0.7219722270965576,
      0.838853120803833,
      0.9818732738494873,
      0.8053033947944641,
      0.8643962740898132,
      0.9318498969078064,
      0.8199166059494019,
      0.9954620599746704,
      0.7346552014350891,
      0.718357264995575,
      0.8869617581367493,
      1.0744259357452393,
      0.9972707629203796,
      0.764380156993866,
      0.8478032946586609,
      0.9237470030784607,
      0.7307131290435791,
      0.9979333877563477,
      0.8394907712936401,
      0.9802167415618896,
      0.7709006071090698,
      0.573808491230011
   ],
   "batch_train_times": [],
   "val_accuracy": 0.5574324324324325,
   "val_loss": 1.846846477405445,
   "val_accuracy_per_label": [
      0.7727272727272727,
      0.0,
      0.5,
      0.0,
      1.0,
      0.0,
      0.0,
      0.7,
      0.0,
      0.0,
      0.0,
      0.0,
      0.4,
      1.0,
      0.8,
      0.0,
      0.0,
      0.0,
      0.0,
      0.9655172413793104,
      1.0,
      0.0,
      1.0,
      0.4,
      0.0,
      0.4,
      0.0,
      0.55,
      0.0,
      0.0,
      0.2,
      1.0,
      1.0,
      0.0,
      0.0,
      0.75,
      0.0,
      0.0,
      0.9333333333333333,
      0.6,
      0.0,
      0.5,
      0.2
   ]
}