{
   "epoch": 16,
   "batch_train_accuracies": [
      0.84375,
      0.65625,
      0.640625,
      0.640625,
      0.640625,
      0.640625,
      0.765625,
      0.6875,
      0.703125,
      0.609375,
      0.6875,
      0.71875,
      0.640625,
      0.703125,
      0.734375,
      0.734375,
      0.765625,
      0.609375,
      0.546875,
      0.640625,
      0.71875,
      0.546875,
      0.59375,
      0.625,
      0.765625,
      0.65625,
      0.625,
      0.765625,
      0.671875,
      0.71875,
      0.734375,
      0.75,
      0.6875,
      0.8125,
      0.65625,
      0.671875,
      0.640625,
      0.71875,
      0.625,
      0.671875,
      0.703125,
      0.375
   ],
   "batch_train_losses": [
      1.0379656553268433,
      1.429722785949707,
      1.4387222528457642,
      1.3852163553237915,
      1.4301108121871948,
      1.5085463523864746,
      1.2982922792434692,
      1.3391432762145996,
      1.2624667882919312,
      1.5037784576416016,
      1.3949223756790161,
      1.3560844659805298,
      1.498161792755127,
      1.3958121538162231,
      1.3407821655273438,
      1.2323200702667236,
      1.2586811780929565,
      1.4796686172485352,
      1.581513524055481,
      1.5009031295776367,
      1.2254177331924438,
      1.6511118412017822,
      1.5077221393585205,
      1.3567779064178467,
      1.1853280067443848,
      1.4397146701812744,
      1.42423415184021,
      1.1557824611663818,
      1.496380090713501,
      1.3092976808547974,
      1.2788301706314087,
      1.2771636247634888,
      1.3742384910583496,
      1.1556710004806519,
      1.342645287513733,
      1.3329992294311523,
      1.3918672800064087,
      1.3644191026687622,
      1.3996604681015015,
      1.3675587177276611,
      1.2707222700119019,
      1.9616976976394653
   ],
   "batch_train_times": [],
   "val_accuracy": 0.4864864864864865,
   "val_loss": 2.054570488027624,
   "val_accuracy_per_label": [
      0.7272727272727273,
      0.0,
      0.3333333333333333,
      0.0,
      0.6,
      0.8,
      0.0,
      0.85,
      0.0,
      0.0,
      0.0,
      0.0,
      0.0,
      0.8,
      0.6,
      0.0,
      0.0,
      0.0,
      0.2,
      0.896551724137931,
      0.7307692307692307,
      0.0,
      0.0,
      0.4,
      0.0,
      0.1,
      0.0,
      0.8,
      0.0,
      0.25,
      0.0,
      1.0,
      1.0,
      0.0,
      0.0,
      0.0,
      0.2,
      0.0,
      0.4,
      0.7,
      0.0,
      0.5,
      0.2
   ]
}