{
   "epoch": 32,
   "batch_train_accuracies": [
      0.796875,
      0.84375,
      0.71875,
      0.765625,
      0.78125,
      0.859375,
      0.8125,
      0.875,
      0.796875,
      0.78125,
      0.859375,
      0.859375,
      0.78125,
      0.828125,
      0.6875,
      0.8125,
      0.71875,
      0.796875,
      0.8125,
      0.6875,
      0.84375,
      0.859375,
      0.765625,
      0.796875,
      0.765625,
      0.8125,
      0.8125,
      0.796875,
      0.75,
      0.6875,
      0.859375,
      0.875,
      0.8125,
      0.828125,
      0.78125,
      0.859375,
      0.859375,
      0.875,
      0.8125,
      0.796875,
      0.78125,
      0.75
   ],
   "batch_train_losses": [
      1.0707745552062988,
      0.9490812420845032,
      1.2143763303756714,
      1.064092993736267,
      1.0598105192184448,
      0.9051137566566467,
      0.9152265787124634,
      0.8667703866958618,
      1.1059727668762207,
      1.0965979099273682,
      0.8604978919029236,
      0.8471574187278748,
      1.163532018661499,
      1.0405386686325073,
      1.1311945915222168,
      0.8967353701591492,
      1.1538459062576294,
      0.911150336265564,
      0.9252669811248779,
      1.1797351837158203,
      0.8320534229278564,
      0.9470760226249695,
      1.038114309310913,
      1.0756057500839233,
      1.1284428834915161,
      0.8870819807052612,
      0.968724250793457,
      1.0367441177368164,
      1.0473175048828125,
      1.1519362926483154,
      0.9755716323852539,
      0.8469666242599487,
      1.0797418355941772,
      1.0399885177612305,
      1.1235324144363403,
      0.8629365563392639,
      0.9429847598075867,
      0.9022955894470215,
      0.8496851325035095,
      1.2159086465835571,
      1.187305212020874,
      1.1490120887756348
   ],
   "batch_train_times": [],
   "val_accuracy": 0.49324324324324326,
   "val_loss": 1.975535521636138,
   "val_accuracy_per_label": [
      0.6363636363636364,
      0.0,
      0.16666666666666666,
      0.0,
      1.0,
      0.2,
      0.0,
      0.9,
      0.0,
      0.0,
      0.0,
      0.0,
      0.6,
      0.0,
      0.2,
      0.0,
      0.0,
      0.0,
      0.0,
      0.9655172413793104,
      0.7307692307692307,
      0.2,
      0.8,
      0.2,
      0.0,
      0.5,
      0.0,
      0.4,
      0.0,
      0.0,
      0.0,
      1.0,
      1.0,
      0.0,
      0.0,
      0.0,
      0.2,
      0.0,
      0.6666666666666666,
      0.9,
      0.0,
      0.5,
      0.6
   ]
}