{
   "epoch": 8,
   "batch_train_accuracies": [
      0.6875,
      0.53125,
      0.609375,
      0.609375,
      0.640625,
      0.5625,
      0.515625,
      0.40625,
      0.625,
      0.5625,
      0.65625,
      0.546875,
      0.59375,
      0.609375,
      0.546875,
      0.578125,
      0.46875,
      0.53125,
      0.625,
      0.546875,
      0.609375,
      0.625,
      0.4375,
      0.46875,
      0.578125,
      0.5,
      0.484375,
      0.546875,
      0.59375,
      0.53125,
      0.625,
      0.546875,
      0.609375,
      0.421875,
      0.515625,
      0.5,
      0.46875,
      0.53125,
      0.59375,
      0.515625,
      0.59375,
      0.375
   ],
   "batch_train_losses": [
      1.6781209707260132,
      1.934672236442566,
      1.8199931383132935,
      1.8312437534332275,
      1.7494021654129028,
      1.857903242111206,
      1.8812175989151,
      2.0095443725585938,
      1.7438405752182007,
      1.9223625659942627,
      1.7450212240219116,
      1.7253353595733643,
      1.7312407493591309,
      1.6988784074783325,
      1.857014775276184,
      1.8008545637130737,
      1.9889510869979858,
      1.974554181098938,
      1.6786048412322998,
      1.877830982208252,
      1.7946860790252686,
      1.7253450155258179,
      1.9144266843795776,
      1.8342100381851196,
      1.8170123100280762,
      1.8828656673431396,
      1.979454755783081,
      1.780149221420288,
      1.7218571901321411,
      1.9489754438400269,
      1.6763495206832886,
      1.8400921821594238,
      1.6331522464752197,
      1.9968881607055664,
      1.865272045135498,
      1.93704354763031,
      1.979684829711914,
      1.8512475490570068,
      1.8097426891326904,
      1.8355211019515991,
      1.7391809225082397,
      1.9547266960144043
   ],
   "batch_train_times": [],
   "val_accuracy": 0.3885135135135135,
   "val_loss": 2.437328699472788,
   "val_accuracy_per_label": [
      0.7727272727272727,
      0.0,
      0.0,
      0.0,
      0.0,
      0.2,
      0.0,
      0.65,
      0.0,
      0.0,
      0.0,
      0.0,
      0.0,
      0.8,
      0.0,
      0.0,
      0.0,
      0.0,
      0.8,
      0.8620689655172413,
      0.5,
      0.0,
      0.0,
      0.6,
      0.0,
      0.1,
      0.0,
      0.7,
      0.0,
      0.0,
      0.0,
      0.0,
      0.2,
      0.0,
      0.0,
      0.0,
      0.0,
      0.0,
      0.4666666666666667,
      0.8,
      0.0,
      0.5,
      0.0
   ]
}