{
   "epoch": 34,
   "batch_train_accuracies": [
      0.859375,
      0.734375,
      0.796875,
      0.828125,
      0.703125,
      0.859375,
      0.828125,
      0.796875,
      0.78125,
      0.734375,
      0.75,
      0.8125,
      0.8125,
      0.828125,
      0.8125,
      0.828125,
      0.765625,
      0.828125,
      0.8125,
      0.75,
      0.796875,
      0.859375,
      0.734375,
      0.78125,
      0.859375,
      0.875,
      0.796875,
      0.875,
      0.828125,
      0.890625,
      0.890625,
      0.796875,
      0.828125,
      0.796875,
      0.75,
      0.8125,
      0.78125,
      0.9375,
      0.8125,
      0.859375,
      0.78125,
      0.9375
   ],
   "batch_train_losses": [
      0.7639817595481873,
      1.0686217546463013,
      1.0665779113769531,
      0.8809777498245239,
      1.241992712020874,
      0.9955302476882935,
      0.9344150424003601,
      0.9836670160293579,
      0.9862580895423889,
      1.1734201908111572,
      1.061964988708496,
      0.9929260015487671,
      1.0894088745117188,
      1.0441615581512451,
      0.8731133341789246,
      0.9373188018798828,
      1.0098469257354736,
      0.8352429866790771,
      0.953682541847229,
      1.013650894165039,
      1.0102404356002808,
      0.8178317546844482,
      1.0184917449951172,
      1.0048662424087524,
      0.995304524898529,
      0.8760154843330383,
      0.9227253794670105,
      0.9082751274108887,
      1.0429614782333374,
      0.9743990302085876,
      0.7832426428794861,
      0.9847020506858826,
      0.9639146327972412,
      0.9742506146430969,
      1.0387223958969116,
      1.010242223739624,
      1.1084626913070679,
      0.7905044555664062,
      1.1010078191757202,
      0.8448166847229004,
      1.0715436935424805,
      0.7741248607635498
   ],
   "batch_train_times": [],
   "val_accuracy": 0.5743243243243243,
   "val_loss": 1.7968065352053255,
   "val_accuracy_per_label": [
      0.7272727272727273,
      0.0,
      0.6666666666666666,
      0.0,
      0.4,
      0.6,
      0.0,
      0.8,
      0.0,
      0.0,
      0.0,
      0.0,
      0.2,
      1.0,
      0.8,
      0.0,
      0.0,
      0.0,
      0.0,
      0.9310344827586207,
      1.0,
      0.4,
      1.0,
      0.2,
      0.0,
      0.9,
      0.0,
      0.65,
      0.0,
      0.0,
      0.2,
      0.8,
      1.0,
      0.0,
      0.0,
      0.0,
      0.0,
      0.0,
      1.0,
      0.6,
      0.0,
      0.5,
      0.2
   ]
}