{
   "epoch": 9,
   "batch_train_accuracies": [
      0.671875,
      0.484375,
      0.609375,
      0.546875,
      0.484375,
      0.546875,
      0.625,
      0.5,
      0.5625,
      0.546875,
      0.53125,
      0.6875,
      0.59375,
      0.625,
      0.609375,
      0.5625,
      0.5,
      0.671875,
      0.578125,
      0.5625,
      0.59375,
      0.671875,
      0.59375,
      0.703125,
      0.578125,
      0.6875,
      0.484375,
      0.5,
      0.515625,
      0.515625,
      0.53125,
      0.5625,
      0.609375,
      0.515625,
      0.609375,
      0.5,
      0.5625,
      0.640625,
      0.5625,
      0.609375,
      0.578125,
      0.625
   ],
   "batch_train_losses": [
      1.6152886152267456,
      1.8522549867630005,
      1.7949597835540771,
      1.8886871337890625,
      1.8045127391815186,
      1.8008086681365967,
      1.60446035861969,
      1.8541094064712524,
      1.7156031131744385,
      1.8043235540390015,
      1.8541749715805054,
      1.6139311790466309,
      1.7830077409744263,
      1.7952948808670044,
      1.7836387157440186,
      1.7591310739517212,
      1.8462321758270264,
      1.635377049446106,
      1.7926198244094849,
      1.8602524995803833,
      1.7205862998962402,
      1.6389027833938599,
      1.7247315645217896,
      1.5821969509124756,
      1.8085558414459229,
      1.4731459617614746,
      1.8132150173187256,
      1.7786762714385986,
      1.854994773864746,
      1.6412749290466309,
      1.7990633249282837,
      1.857516884803772,
      1.6549416780471802,
      1.7567113637924194,
      1.7205091714859009,
      2.0503666400909424,
      1.71824049949646,
      1.590572476387024,
      1.6769012212753296,
      1.6467869281768799,
      1.8040705919265747,
      1.7970606088638306
   ],
   "batch_train_times": [],
   "val_accuracy": 0.3783783783783784,
   "val_loss": 2.3679189810881742,
   "val_accuracy_per_label": [
      0.8181818181818182,
      0.0,
      0.0,
      0.0,
      0.4,
      0.0,
      0.0,
      0.85,
      0.0,
      0.0,
      0.0,
      0.0,
      0.0,
      1.0,
      0.0,
      0.0,
      0.0,
      0.0,
      0.0,
      0.9310344827586207,
      0.5384615384615384,
      0.0,
      0.0,
      0.4,
      0.0,
      0.0,
      0.0,
      0.35,
      0.0,
      0.0,
      0.0,
      0.0,
      0.0,
      0.0,
      0.0,
      0.0,
      0.0,
      0.0,
      0.4666666666666667,
      0.7,
      0.0,
      0.5,
      0.4
   ]
}