{
   "epoch": 17,
   "batch_train_accuracies": [
      0.703125,
      0.578125,
      0.625,
      0.765625,
      0.78125,
      0.6875,
      0.703125,
      0.703125,
      0.59375,
      0.640625,
      0.78125,
      0.6875,
      0.75,
      0.6875,
      0.59375,
      0.609375,
      0.671875,
      0.65625,
      0.71875,
      0.8125,
      0.6875,
      0.75,
      0.78125,
      0.671875,
      0.671875,
      0.640625,
      0.765625,
      0.703125,
      0.75,
      0.796875,
      0.671875,
      0.6875,
      0.625,
      0.65625,
      0.671875,
      0.765625,
      0.703125,
      0.6875,
      0.671875,
      0.640625,
      0.828125,
      0.6875
   ],
   "batch_train_losses": [
      1.3194448947906494,
      1.5951170921325684,
      1.5166996717453003,
      1.1658951044082642,
      1.2583584785461426,
      1.446847677230835,
      1.4358296394348145,
      1.31698477268219,
      1.4400714635849,
      1.435530662536621,
      1.208193302154541,
      1.4374033212661743,
      1.1973552703857422,
      1.2969721555709839,
      1.5272244215011597,
      1.4006309509277344,
      1.4212136268615723,
      1.3706251382827759,
      1.2521347999572754,
      1.2391654253005981,
      1.2773172855377197,
      1.3354979753494263,
      1.1228728294372559,
      1.3983628749847412,
      1.2854301929473877,
      1.4295904636383057,
      1.1837530136108398,
      1.3481009006500244,
      1.2242404222488403,
      1.0188347101211548,
      1.2885059118270874,
      1.3480013608932495,
      1.3712126016616821,
      1.452412724494934,
      1.4821360111236572,
      1.2566022872924805,
      1.3663623332977295,
      1.2838367223739624,
      1.4199694395065308,
      1.420038104057312,
      1.1326673030853271,
      1.2364474534988403
   ],
   "batch_train_times": [],
   "val_accuracy": 0.42905405405405406,
   "val_loss": 2.130478597976066,
   "val_accuracy_per_label": [
      0.7727272727272727,
      0.0,
      0.0,
      0.0,
      0.4,
      0.0,
      0.0,
      0.85,
      0.0,
      0.0,
      0.0,
      0.0,
      0.0,
      0.8,
      0.0,
      0.0,
      0.0,
      0.0,
      0.0,
      0.896551724137931,
      0.8846153846153846,
      0.0,
      0.0,
      0.2,
      0.0,
      0.0,
      0.0,
      0.2,
      0.0,
      0.0,
      0.0,
      0.4,
      0.8,
      0.0,
      0.0,
      0.0,
      0.0,
      0.0,
      0.9333333333333333,
      0.8,
      0.0,
      0.625,
      0.0
   ]
}