{
   "epoch": 44,
   "batch_train_accuracies": [
      0.859375,
      0.8125,
      0.8125,
      0.78125,
      0.921875,
      0.90625,
      0.859375,
      0.8125,
      0.890625,
      0.765625,
      0.84375,
      0.890625,
      0.875,
      0.890625,
      0.84375,
      0.921875,
      0.859375,
      0.8125,
      0.890625,
      0.859375,
      0.875,
      0.84375,
      0.828125,
      0.84375,
      0.90625,
      0.84375,
      0.875,
      0.890625,
      0.859375,
      0.8125,
      0.875,
      0.828125,
      0.921875,
      0.90625,
      0.890625,
      0.859375,
      0.859375,
      0.75,
      0.9375,
      0.890625,
      0.8125,
      0.75
   ],
   "batch_train_losses": [
      0.7408854365348816,
      0.9186624884605408,
      0.9514203071594238,
      0.9549140334129333,
      0.8293859958648682,
      0.6838826537132263,
      0.963028609752655,
      0.9127580523490906,
      0.7923761010169983,
      1.0427871942520142,
      1.0118011236190796,
      0.8930215239524841,
      0.856910765171051,
      0.7664365768432617,
      0.8614054918289185,
      0.9318970441818237,
      0.9676588773727417,
      1.0871556997299194,
      0.709670901298523,
      0.8467233180999756,
      0.8569967746734619,
      0.8909271359443665,
      1.0790987014770508,
      0.8737601637840271,
      0.7272089719772339,
      0.9508037567138672,
      0.8217105865478516,
      0.7763953804969788,
      0.8961615562438965,
      1.0182093381881714,
      0.8085018396377563,
      0.905575156211853,
      0.6169260144233704,
      0.7142530679702759,
      0.8159732818603516,
      0.8925766348838806,
      0.919461190700531,
      1.1143763065338135,
      0.7997941970825195,
      0.8419114351272583,
      0.965870201587677,
      1.137465238571167
   ],
   "batch_train_times": [],
   "val_accuracy": 0.5135135135135135,
   "val_loss": 2.00331145363885,
   "val_accuracy_per_label": [
      0.5909090909090909,
      0.0,
      0.3333333333333333,
      0.2,
      1.0,
      0.0,
      0.6666666666666666,
      0.75,
      0.0,
      0.0,
      0.0,
      0.2,
      0.4,
      0.8,
      0.8,
      0.0,
      0.0,
      0.0,
      0.0,
      0.9655172413793104,
      0.7307692307692307,
      0.0,
      0.4,
      0.4,
      0.0,
      0.8,
      0.0,
      0.6,
      0.0,
      0.0,
      0.4,
      0.0,
      1.0,
      0.0,
      0.0,
      0.25,
      0.0,
      0.0,
      0.9333333333333333,
      0.8,
      0.0,
      0.125,
      0.2
   ]
}