{
   "epoch": 47,
   "batch_train_accuracies": [
      0.859375,
      0.890625,
      0.921875,
      0.84375,
      0.796875,
      0.875,
      0.890625,
      0.84375,
      0.8125,
      0.9375,
      0.8125,
      0.90625,
      0.890625,
      0.8125,
      0.921875,
      0.921875,
      0.859375,
      0.890625,
      0.90625,
      0.875,
      0.875,
      0.859375,
      0.875,
      0.953125,
      0.921875,
      0.796875,
      0.875,
      0.828125,
      0.8125,
      0.765625,
      0.890625,
      0.84375,
      0.890625,
      0.9375,
      0.84375,
      0.875,
      0.921875,
      0.90625,
      0.875,
      0.890625,
      0.84375,
      0.75
   ],
   "batch_train_losses": [
      0.8892048597335815,
      0.7807988524436951,
      0.8456573486328125,
      0.791693389415741,
      0.916061282157898,
      0.8063923120498657,
      0.7707464694976807,
      1.0110578536987305,
      1.006111741065979,
      0.764689028263092,
      0.9537353515625,
      0.8284088373184204,
      0.9094577431678772,
      1.0365831851959229,
      0.6907190680503845,
      0.8164514899253845,
      0.8371451497077942,
      0.7757307887077332,
      0.7893955111503601,
      0.8092530965805054,
      0.8992243409156799,
      0.9254980087280273,
      0.8262218236923218,
      0.7086005210876465,
      0.8740797638893127,
      0.9737396240234375,
      0.8965717554092407,
      0.9115126729011536,
      0.9654356241226196,
      1.1951912641525269,
      0.8417218327522278,
      0.9428348541259766,
      0.7713679671287537,
      0.7950519919395447,
      0.8363884687423706,
      0.8378019332885742,
      0.8916925191879272,
      0.7721037864685059,
      0.7749717831611633,
      0.8487208485603333,
      0.94045090675354,
      1.0821890830993652
   ],
   "batch_train_times": [],
   "val_accuracy": 0.5506756756756757,
   "val_loss": 1.9654055125004537,
   "val_accuracy_per_label": [
      0.6818181818181818,
      0.0,
      0.6666666666666666,
      0.0,
      0.8,
      0.4,
      0.0,
      0.9,
      0.0,
      0.0,
      0.0,
      0.6,
      0.4,
      1.0,
      0.8,
      0.0,
      0.0,
      0.0,
      0.0,
      0.9310344827586207,
      0.6923076923076923,
      0.8,
      0.6,
      0.2,
      0.0,
      0.8,
      0.0,
      0.45,
      0.0,
      0.0,
      0.2,
      0.6,
      0.8,
      0.0,
      0.0,
      0.0,
      0.0,
      0.0,
      0.9333333333333333,
      0.9,
      0.0,
      0.5,
      0.2
   ]
}