{
   "epoch": 41,
   "batch_train_accuracies": [
      0.84375,
      0.9375,
      0.875,
      0.8125,
      0.84375,
      0.78125,
      0.6875,
      0.78125,
      0.875,
      0.84375,
      0.90625,
      0.90625,
      0.71875,
      0.84375,
      0.625,
      0.75,
      0.8125,
      0.8125,
      0.84375,
      0.84375,
      0.84375,
      0.875,
      0.8125,
      0.78125,
      0.78125,
      0.6875,
      0.71875,
      0.8125,
      0.65625,
      0.78125,
      0.8125,
      0.8125,
      0.84375,
      0.8125,
      0.875,
      0.65625,
      0.90625,
      0.78125,
      0.9375,
      0.9375,
      0.84375,
      0.84375,
      0.6875,
      0.8125,
      0.875,
      0.875,
      0.90625,
      0.8125,
      0.71875,
      0.875,
      0.625,
      0.8125,
      0.8125,
      0.875,
      0.875,
      0.78125,
      0.6875,
      0.75,
      0.78125,
      0.84375,
      0.8125,
      0.875,
      0.71875,
      0.71875,
      0.71875,
      0.875,
      0.71875,
      0.90625,
      0.71875,
      0.875,
      0.71875,
      0.9375,
      0.8125,
      0.84375,
      0.84375,
      0.78125,
      0.75,
      0.75,
      0.75,
      0.8125,
      0.90625,
      0.8125,
      1.0
   ],
   "batch_train_losses": [
      1.0865702629089355,
      0.8207183480262756,
      0.9593081474304199,
      1.0824116468429565,
      0.8946322798728943,
      1.069923996925354,
      1.3204163312911987,
      1.2710435390472412,
      1.0771937370300293,
      1.0430980920791626,
      0.8386764526367188,
      0.9030798673629761,
      1.181969165802002,
      0.9961796402931213,
      1.455768346786499,
      1.0681891441345215,
      1.0763764381408691,
      1.049401044845581,
      1.0066357851028442,
      1.0378185510635376,
      0.8774335384368896,
      0.9060980081558228,
      0.9808181524276733,
      1.1385983228683472,
      1.0107039213180542,
      1.338423728942871,
      1.1968225240707397,
      0.9107531905174255,
      1.346083402633667,
      1.0688844919204712,
      0.9790800213813782,
      1.0336501598358154,
      0.9989043474197388,
      1.2185841798782349,
      0.947564959526062,
      1.4874540567398071,
      0.760886549949646,
      1.2886618375778198,
      0.8784695267677307,
      0.7856257557868958,
      1.0640943050384521,
      0.9909788370132446,
      1.25264573097229,
      1.1138262748718262,
      0.9941490292549133,
      0.9566195607185364,
      0.8624659180641174,
      1.1393252611160278,
      1.1941404342651367,
      0.8974930047988892,
      1.3207859992980957,
      1.1350916624069214,
      1.2195549011230469,
      1.0010851621627808,
      0.8932205438613892,
      1.2964718341827393,
      1.2471392154693604,
      1.1034036874771118,
      1.0881599187850952,
      0.8969564437866211,
      1.04105544090271,
      1.058763027191162,
      1.0261982679367065,
      1.0646910667419434,
      1.2229663133621216,
      0.9217727184295654,
      1.243363380432129,
      0.9167020320892334,
      1.0846902132034302,
      1.0051259994506836,
      1.4127850532531738,
      0.9168619513511658,
      1.079659104347229,
      1.2058029174804688,
      0.9051767587661743,
      1.1738860607147217,
      1.1917780637741089,
      1.1762701272964478,
      1.2834962606430054,
      1.1794244050979614,
      0.8733580112457275,
      1.2506154775619507,
      0.9289893507957458
   ],
   "batch_train_times": [],
   "val_accuracy": 0.543918918918919,
   "val_loss": 1.966866396568917,
   "val_accuracy_per_label": [
      0.5,
      0.0,
      0.3333333333333333,
      0.0,
      0.4,
      1.0,
      0.0,
      0.9,
      0.0,
      1.0,
      0.0,
      0.2,
      0.4,
      0.0,
      0.8,
      0.0,
      0.0,
      0.0,
      0.0,
      0.8620689655172413,
      0.9230769230769231,
      0.6,
      0.4,
      0.0,
      0.0,
      0.9,
      0.0,
      0.85,
      0.0,
      0.0,
      0.0,
      1.0,
      0.4,
      0.0,
      0.0,
      0.0,
      0.0,
      0.0,
      0.7333333333333333,
      0.9,
      0.0,
      0.5,
      0.0
   ]
}