{
   "epoch": 3,
   "batch_train_accuracies": [
      0.5,
      0.1875,
      0.46875,
      0.34375,
      0.3125,
      0.375,
      0.46875,
      0.5,
      0.4375,
      0.3125,
      0.25,
      0.34375,
      0.34375,
      0.375,
      0.25,
      0.5,
      0.59375,
      0.40625,
      0.3125,
      0.65625,
      0.3125,
      0.28125,
      0.375,
      0.375,
      0.375,
      0.5,
      0.4375,
      0.46875,
      0.3125,
      0.375,
      0.46875,
      0.4375,
      0.4375,
      0.3125,
      0.53125,
      0.5,
      0.4375,
      0.46875,
      0.40625,
      0.40625,
      0.4375,
      0.40625,
      0.5,
      0.59375,
      0.40625,
      0.40625,
      0.53125,
      0.375,
      0.5,
      0.5625,
      0.4375,
      0.28125,
      0.4375,
      0.53125,
      0.40625,
      0.4375,
      0.34375,
      0.4375,
      0.3125,
      0.625,
      0.375,
      0.3125,
      0.40625,
      0.3125,
      0.40625,
      0.5,
      0.53125,
      0.4375,
      0.5,
      0.59375,
      0.34375,
      0.5625,
      0.625,
      0.46875,
      0.53125,
      0.375,
      0.4375,
      0.375,
      0.5,
      0.46875,
      0.53125,
      0.59375,
      0.6875
   ],
   "batch_train_losses": [
      2.4219305515289307,
      2.59016752243042,
      2.3659098148345947,
      2.445737838745117,
      2.542433023452759,
      2.509401321411133,
      2.266601800918579,
      2.281837224960327,
      2.3247385025024414,
      2.5182836055755615,
      2.538959264755249,
      2.512199640274048,
      2.6182572841644287,
      2.42745304107666,
      2.595426082611084,
      2.347381353378296,
      2.153594493865967,
      2.3178038597106934,
      2.6633739471435547,
      2.05635142326355,
      2.62274169921875,
      2.5996651649475098,
      2.524628162384033,
      2.3956618309020996,
      2.45318341255188,
      2.2994630336761475,
      2.3888964653015137,
      2.2214651107788086,
      2.5495333671569824,
      2.5672614574432373,
      2.4058034420013428,
      2.3428337574005127,
      2.2987630367279053,
      2.655071973800659,
      2.1814160346984863,
      2.234870672225952,
      2.3308169841766357,
      2.290138006210327,
      2.6609599590301514,
      2.52813458442688,
      2.3988378047943115,
      2.2479779720306396,
      2.270724058151245,
      2.0333683490753174,
      2.454467535018921,
      2.289670467376709,
      2.2150192260742188,
      2.453860282897949,
      2.2754383087158203,
      2.1152656078338623,
      2.3174405097961426,
      2.622070789337158,
      2.4766757488250732,
      2.3814334869384766,
      2.4357411861419678,
      2.3695578575134277,
      2.340193748474121,
      2.280965805053711,
      2.4719412326812744,
      2.0256078243255615,
      2.40763783454895,
      2.544654130935669,
      2.396901845932007,
      2.446237087249756,
      2.18430495262146,
      2.3226876258850098,
      2.160287618637085,
      2.1790120601654053,
      2.4122211933135986,
      2.082798480987549,
      2.4861958026885986,
      2.0457561016082764,
      2.1192517280578613,
      2.3447651863098145,
      2.183966875076294,
      2.2955942153930664,
      2.23622989654541,
      2.2726857662200928,
      2.2888057231903076,
      2.1790530681610107,
      1.978765606880188,
      1.9887877702713013,
      1.9370803833007812
   ],
   "batch_train_times": [],
   "val_accuracy": 0.32094594594594594,
   "val_loss": 2.770147639351922,
   "val_accuracy_per_label": [
      0.6818181818181818,
      0.0,
      0.0,
      0.0,
      0.0,
      0.0,
      0.0,
      0.85,
      0.0,
      0.0,
      0.0,
      0.0,
      0.0,
      0.2,
      0.0,
      0.0,
      0.0,
      0.2,
      0.0,
      0.7931034482758621,
      0.6538461538461539,
      0.0,
      0.0,
      0.0,
      0.0,
      0.2,
      0.0,
      0.35,
      0.0,
      0.0,
      0.0,
      0.0,
      0.0,
      0.0,
      0.0,
      0.0,
      0.0,
      0.0,
      0.2,
      0.4,
      0.0,
      0.625,
      0.0
   ]
}