{
   "epoch": 32,
   "batch_train_accuracies": [
      0.75,
      0.84375,
      0.78125,
      0.8125,
      0.84375,
      0.875,
      0.875,
      0.8125,
      0.75,
      0.9375,
      0.84375,
      0.71875,
      0.90625,
      0.90625,
      0.75,
      0.8125,
      0.71875,
      0.78125,
      0.78125,
      0.84375,
      0.625,
      0.75,
      0.78125,
      0.78125,
      0.875,
      0.84375,
      0.875,
      0.875,
      0.78125,
      0.84375,
      0.6875,
      0.75,
      0.84375,
      0.71875,
      0.8125,
      0.8125,
      0.71875,
      0.875,
      0.8125,
      0.75,
      0.8125,
      0.78125,
      0.8125,
      0.625,
      0.8125,
      0.75,
      0.71875,
      0.71875,
      0.84375,
      0.8125,
      0.78125,
      0.65625,
      0.78125,
      0.9375,
      0.84375,
      0.78125,
      0.75,
      0.84375,
      0.875,
      0.625,
      0.6875,
      0.84375,
      0.71875,
      0.8125,
      0.84375,
      0.5625,
      0.78125,
      0.84375,
      0.8125,
      0.78125,
      0.84375,
      0.875,
      0.53125,
      0.90625,
      0.8125,
      0.78125,
      0.71875,
      0.6875,
      0.78125,
      0.90625,
      0.6875,
      0.84375,
      0.8125
   ],
   "batch_train_losses": [
      1.1195741891860962,
      0.9305710792541504,
      1.1971274614334106,
      1.1509058475494385,
      0.9106714129447937,
      1.0436407327651978,
      0.8552637696266174,
      0.9286293387413025,
      1.1874459981918335,
      0.8353738784790039,
      1.0129989385604858,
      1.2064355611801147,
      0.8737015724182129,
      0.856686532497406,
      1.2925053834915161,
      1.0314064025878906,
      1.1648122072219849,
      0.9788852334022522,
      1.1216975450515747,
      1.135624885559082,
      1.4618561267852783,
      1.2333168983459473,
      1.2049570083618164,
      1.013319969177246,
      1.0565674304962158,
      0.9821335673332214,
      0.7434400320053101,
      0.8875826001167297,
      1.220393419265747,
      0.8960827589035034,
      1.3071622848510742,
      1.066033959388733,
      1.0782279968261719,
      1.135640025138855,
      1.1493910551071167,
      1.0575529336929321,
      1.2685993909835815,
      0.8560092449188232,
      0.925943911075592,
      1.1194722652435303,
      0.8576813340187073,
      1.090329885482788,
      1.1403448581695557,
      1.4375863075256348,
      0.8582809567451477,
      1.3157709836959839,
      1.2115473747253418,
      1.2188410758972168,
      0.8474863767623901,
      1.0425947904586792,
      1.1150381565093994,
      1.2904353141784668,
      1.1287240982055664,
      0.979838490486145,
      0.9885024428367615,
      1.0708398818969727,
      1.1352782249450684,
      0.9466971158981323,
      0.9614759087562561,
      1.4417681694030762,
      1.1380314826965332,
      1.1157463788986206,
      1.200195074081421,
      1.0145162343978882,
      0.8635050654411316,
      1.4038004875183105,
      0.8438976407051086,
      0.9260525107383728,
      1.1082775592803955,
      1.0054441690444946,
      1.0387612581253052,
      0.759178102016449,
      1.3553988933563232,
      0.7537949085235596,
      1.0273597240447998,
      1.0631183385849,
      1.213689923286438,
      1.1764612197875977,
      0.9603381752967834,
      0.8934784531593323,
      1.397466778755188,
      1.1518827676773071,
      1.054626226425171
   ],
   "batch_train_times": [],
   "val_accuracy": 0.5337837837837838,
   "val_loss": 1.9040821951788824,
   "val_accuracy_per_label": [
      0.5909090909090909,
      0.0,
      0.5,
      0.0,
      0.8,
      1.0,
      0.0,
      0.85,
      0.0,
      0.6,
      0.0,
      0.0,
      0.2,
      0.6,
      0.8,
      0.0,
      0.0,
      0.0,
      0.0,
      0.9655172413793104,
      0.9615384615384616,
      0.2,
      0.6,
      0.2,
      0.0,
      0.6,
      0.0,
      0.55,
      0.0,
      0.0,
      0.0,
      1.0,
      1.0,
      0.0,
      0.0,
      0.0,
      0.0,
      0.0,
      0.8666666666666667,
      0.1,
      0.0,
      0.5,
      0.4
   ]
}