{
   "epoch": 5,
   "batch_train_accuracies": [
      0.46875,
      0.59375,
      0.21875,
      0.5625,
      0.4375,
      0.40625,
      0.5625,
      0.65625,
      0.5625,
      0.53125,
      0.53125,
      0.5,
      0.5,
      0.625,
      0.5625,
      0.5,
      0.46875,
      0.375,
      0.53125,
      0.46875,
      0.5,
      0.53125,
      0.5,
      0.5,
      0.375,
      0.5625,
      0.53125,
      0.5,
      0.5,
      0.5,
      0.59375,
      0.53125,
      0.46875,
      0.1875,
      0.375,
      0.46875,
      0.46875,
      0.375,
      0.59375,
      0.40625,
      0.5,
      0.34375,
      0.34375,
      0.4375,
      0.53125,
      0.4375,
      0.5,
      0.375,
      0.21875,
      0.40625,
      0.4375,
      0.5625,
      0.40625,
      0.5,
      0.40625,
      0.5625,
      0.46875,
      0.4375,
      0.53125,
      0.5,
      0.40625,
      0.625,
      0.4375,
      0.46875,
      0.4375,
      0.4375,
      0.65625,
      0.375,
      0.53125,
      0.46875,
      0.53125,
      0.40625,
      0.46875,
      0.625,
      0.59375,
      0.5625,
      0.53125,
      0.5,
      0.53125,
      0.59375,
      0.71875,
      0.4375,
      0.375
   ],
   "batch_train_losses": [
      2.023183822631836,
      1.8078399896621704,
      2.441580057144165,
      2.010344982147217,
      2.2093470096588135,
      2.1598591804504395,
      2.004873752593994,
      1.8377225399017334,
      1.8692424297332764,
      1.910457968711853,
      1.9182769060134888,
      2.123628854751587,
      2.0236904621124268,
      1.8534549474716187,
      1.9093283414840698,
      2.0851681232452393,
      2.073042392730713,
      2.1653780937194824,
      1.891143560409546,
      2.0062379837036133,
      2.0805892944335938,
      2.0159711837768555,
      2.0975165367126465,
      1.7713197469711304,
      2.181985378265381,
      1.946168303489685,
      1.9240562915802002,
      2.1917026042938232,
      1.9684820175170898,
      2.1543025970458984,
      1.7514746189117432,
      1.9962759017944336,
      2.1507010459899902,
      2.2959513664245605,
      2.1437222957611084,
      2.037079095840454,
      2.1297690868377686,
      2.175780773162842,
      2.0573997497558594,
      2.3214876651763916,
      1.9822041988372803,
      2.4362473487854004,
      2.0747287273406982,
      1.9788328409194946,
      1.9453691244125366,
      2.0914270877838135,
      1.861238956451416,
      2.1770412921905518,
      2.434807777404785,
      1.9426915645599365,
      2.0756871700286865,
      1.9380319118499756,
      2.2277653217315674,
      2.02341628074646,
      1.9444879293441772,
      2.1080715656280518,
      1.9896817207336426,
      2.1806137561798096,
      1.874213457107544,
      1.9865416288375854,
      2.1246209144592285,
      1.9038646221160889,
      1.9458898305892944,
      1.949688196182251,
      2.0064337253570557,
      2.051767349243164,
      1.657243251800537,
      2.0180511474609375,
      1.9441503286361694,
      2.1799256801605225,
      1.9689654111862183,
      2.0464138984680176,
      2.0126874446868896,
      1.7530903816223145,
      1.6434776782989502,
      1.7822602987289429,
      1.8565280437469482,
      1.9342052936553955,
      1.9172755479812622,
      1.863295078277588,
      1.4292244911193848,
      2.104269027709961,
      2.172184467315674
   ],
   "batch_train_times": [],
   "val_accuracy": 0.3547297297297297,
   "val_loss": 2.3681796628075675,
   "val_accuracy_per_label": [
      0.7272727272727273,
      0.0,
      0.0,
      0.0,
      0.0,
      0.2,
      0.0,
      0.8,
      0.0,
      0.0,
      0.0,
      0.0,
      0.0,
      0.2,
      0.0,
      0.0,
      0.0,
      0.0,
      0.0,
      0.7931034482758621,
      1.0,
      0.0,
      0.0,
      0.0,
      0.0,
      0.0,
      0.0,
      0.3,
      0.0,
      0.0,
      0.0,
      0.0,
      0.0,
      0.0,
      0.0,
      0.0,
      0.0,
      0.0,
      0.3333333333333333,
      0.5,
      0.0,
      0.75,
      0.0
   ]
}