{
   "epoch": 44,
   "batch_train_accuracies": [
      0.8125,
      0.71875,
      0.8125,
      0.71875,
      0.75,
      0.8125,
      0.8125,
      0.84375,
      0.90625,
      0.875,
      0.75,
      0.78125,
      0.875,
      0.6875,
      0.8125,
      0.6875,
      0.84375,
      0.8125,
      0.875,
      0.875,
      0.8125,
      0.71875,
      0.8125,
      0.78125,
      0.875,
      0.65625,
      0.78125,
      0.78125,
      0.875,
      0.84375,
      0.9375,
      0.75,
      0.71875,
      0.84375,
      0.96875,
      0.875,
      0.8125,
      0.75,
      0.75,
      0.78125,
      0.6875,
      0.8125,
      0.625,
      0.8125,
      0.75,
      0.875,
      0.71875,
      0.71875,
      0.84375,
      0.875,
      0.5625,
      0.75,
      0.8125,
      0.75,
      0.78125,
      0.78125,
      0.625,
      0.90625,
      0.71875,
      0.75,
      0.90625,
      0.78125,
      0.65625,
      0.75,
      0.84375,
      0.90625,
      0.71875,
      0.90625,
      0.875,
      0.875,
      0.875,
      0.6875,
      0.8125,
      0.8125,
      0.78125,
      0.8125,
      0.78125,
      0.8125,
      0.6875,
      0.84375,
      0.78125,
      0.65625,
      0.8125
   ],
   "batch_train_losses": [
      0.8490145802497864,
      1.2809313535690308,
      1.0806723833084106,
      1.3316940069198608,
      1.200204610824585,
      1.147596836090088,
      1.043874979019165,
      1.053747296333313,
      0.8848340511322021,
      0.8644033074378967,
      1.069627046585083,
      1.1270557641983032,
      0.835782527923584,
      1.0626397132873535,
      1.0345994234085083,
      1.3443505764007568,
      0.9050964713096619,
      0.9232787489891052,
      1.1154898405075073,
      0.9027335047721863,
      0.9405111074447632,
      1.4197487831115723,
      1.0707205533981323,
      1.160325288772583,
      0.853844165802002,
      1.2833597660064697,
      1.1146479845046997,
      1.159828543663025,
      1.049431562423706,
      1.2267646789550781,
      0.8485307097434998,
      1.3236584663391113,
      1.2321083545684814,
      0.8082585334777832,
      0.7396538853645325,
      0.976064145565033,
      1.0442217588424683,
      1.0679898262023926,
      1.084349274635315,
      1.1517984867095947,
      1.3513814210891724,
      1.076642632484436,
      1.507402777671814,
      1.066353678703308,
      1.0491621494293213,
      0.8764982223510742,
      1.2644858360290527,
      1.26033353805542,
      1.0497380495071411,
      1.0678030252456665,
      1.4876312017440796,
      1.2645773887634277,
      1.2091950178146362,
      1.2056819200515747,
      1.1540993452072144,
      1.1392111778259277,
      1.3162117004394531,
      0.9930130243301392,
      1.3102269172668457,
      1.2409043312072754,
      0.9429471492767334,
      1.1447813510894775,
      1.330750584602356,
      1.2962923049926758,
      0.8718857169151306,
      0.9354660511016846,
      1.2344155311584473,
      0.9690147638320923,
      1.1288914680480957,
      0.8703196048736572,
      1.0199517011642456,
      1.295020341873169,
      1.1704227924346924,
      1.0763156414031982,
      1.393845558166504,
      1.1478122472763062,
      1.1855928897857666,
      1.1280765533447266,
      1.2381728887557983,
      0.9523546099662781,
      1.0661261081695557,
      1.5063215494155884,
      1.428497076034546
   ],
   "batch_train_times": [],
   "val_accuracy": 0.5135135135135135,
   "val_loss": 1.9233052794997756,
   "val_accuracy_per_label": [
      0.5909090909090909,
      0.0,
      0.16666666666666666,
      0.0,
      0.8,
      0.6,
      0.0,
      0.9,
      0.0,
      0.0,
      0.0,
      0.0,
      0.6,
      0.4,
      0.4,
      0.0,
      0.0,
      0.0,
      0.2,
      0.9655172413793104,
      0.9615384615384616,
      0.2,
      0.0,
      1.0,
      0.0,
      0.6,
      0.0,
      0.55,
      0.0,
      0.0,
      0.0,
      0.6,
      0.8,
      0.0,
      0.0,
      0.0,
      0.0,
      0.0,
      0.6666666666666666,
      0.7,
      0.0,
      0.375,
      0.4
   ]
}