{
   "epoch": 16,
   "batch_train_accuracies": [
      0.6875,
      0.71875,
      0.78125,
      0.59375,
      0.96875,
      0.71875,
      0.71875,
      0.625,
      0.6875,
      0.625,
      0.78125,
      0.78125,
      0.6875,
      0.59375,
      0.625,
      0.53125,
      0.84375,
      0.71875,
      0.8125,
      0.71875,
      0.625,
      0.75,
      0.75,
      0.75,
      0.65625,
      0.6875,
      0.78125,
      0.65625,
      0.8125,
      0.75,
      0.8125,
      0.625,
      0.71875,
      0.75,
      0.625,
      0.75,
      0.59375,
      0.71875,
      0.78125,
      0.6875,
      0.90625,
      0.78125,
      0.78125,
      0.78125,
      0.8125,
      0.5625,
      0.53125,
      0.65625,
      0.625,
      0.59375,
      0.71875,
      0.65625,
      0.75,
      0.84375,
      0.6875,
      0.71875,
      0.84375,
      0.625,
      0.71875,
      0.78125,
      0.78125,
      0.71875,
      0.84375,
      0.8125,
      0.5,
      0.875,
      0.625,
      0.65625,
      0.75,
      0.59375,
      0.90625,
      0.71875,
      0.71875,
      0.6875,
      0.59375,
      0.78125,
      0.5625,
      0.625,
      0.8125,
      0.75,
      0.5625,
      0.84375,
      0.625
   ],
   "batch_train_losses": [
      1.2717195749282837,
      1.1241772174835205,
      1.2206823825836182,
      1.613314151763916,
      0.9270645380020142,
      1.1810144186019897,
      1.2670676708221436,
      1.3638935089111328,
      1.2716809511184692,
      1.4851723909378052,
      1.0175580978393555,
      1.0524598360061646,
      1.4922417402267456,
      1.3685081005096436,
      1.488602638244629,
      1.6855404376983643,
      0.882193922996521,
      1.198208212852478,
      1.1431753635406494,
      1.282821774482727,
      1.3180527687072754,
      1.2558977603912354,
      1.3086860179901123,
      1.349005103111267,
      1.3632961511611938,
      1.4547711610794067,
      1.2240965366363525,
      1.6523375511169434,
      1.0514847040176392,
      1.18626070022583,
      1.269345760345459,
      1.2592065334320068,
      1.2658469676971436,
      1.1787645816802979,
      1.4868545532226562,
      1.1312754154205322,
      1.569305419921875,
      1.2248679399490356,
      1.1707179546356201,
      1.3577823638916016,
      0.9850366115570068,
      1.1748350858688354,
      1.0230834484100342,
      1.2547276020050049,
      1.1751800775527954,
      1.653800368309021,
      1.7422631978988647,
      1.3737188577651978,
      1.4738670587539673,
      1.6059657335281372,
      1.3892525434494019,
      1.4234721660614014,
      1.105498194694519,
      0.9181933999061584,
      1.3543481826782227,
      1.312549114227295,
      1.2264485359191895,
      1.6717783212661743,
      1.3212600946426392,
      1.1915520429611206,
      1.233458399772644,
      1.269007921218872,
      1.0273832082748413,
      1.1803921461105347,
      1.5917394161224365,
      0.9806355237960815,
      1.4920939207077026,
      1.4923096895217896,
      1.2899785041809082,
      1.3934729099273682,
      0.8944172859191895,
      1.1753336191177368,
      1.1069555282592773,
      1.480886459350586,
      1.3847589492797852,
      1.1975998878479004,
      1.608185887336731,
      1.4470700025558472,
      1.1400415897369385,
      1.1357172727584839,
      1.4368642568588257,
      1.0375970602035522,
      1.3092037439346313
   ],
   "batch_train_times": [],
   "val_accuracy": 0.49324324324324326,
   "val_loss": 2.024453156703227,
   "val_accuracy_per_label": [
      0.7272727272727273,
      0.0,
      0.16666666666666666,
      0.2,
      1.0,
      0.8,
      0.0,
      0.9,
      0.0,
      0.0,
      0.0,
      0.0,
      0.2,
      0.8,
      0.8,
      0.0,
      0.0,
      0.0,
      0.0,
      0.896551724137931,
      0.7692307692307693,
      0.0,
      0.0,
      0.0,
      0.0,
      0.1,
      0.0,
      1.0,
      0.0,
      0.0,
      0.2,
      0.0,
      0.8,
      0.0,
      0.0,
      0.0,
      0.0,
      0.0,
      0.7333333333333333,
      0.6,
      0.0,
      0.25,
      0.2
   ]
}