{
   "epoch": 33,
   "batch_train_accuracies": [
      0.78125,
      0.875,
      0.75,
      0.75,
      0.84375,
      0.8125,
      0.71875,
      0.78125,
      0.8125,
      0.84375,
      0.84375,
      0.78125,
      0.875,
      0.8125,
      0.8125,
      0.71875,
      0.78125,
      0.875,
      0.625,
      0.75,
      0.84375,
      0.9375,
      0.8125,
      0.875,
      0.75,
      0.78125,
      0.84375,
      0.78125,
      0.75,
      0.71875,
      0.84375,
      0.875,
      0.78125,
      0.78125,
      0.78125,
      0.84375,
      0.71875,
      0.84375,
      0.8125,
      0.78125,
      0.84375,
      0.90625,
      0.75,
      0.71875,
      0.875,
      0.875,
      0.875,
      0.875,
      0.71875,
      0.75,
      0.65625,
      0.78125,
      0.9375,
      0.875,
      0.6875,
      0.90625,
      0.84375,
      0.96875,
      0.8125,
      0.84375,
      0.75,
      0.84375,
      0.84375,
      0.8125,
      0.78125,
      0.65625,
      0.6875,
      0.8125,
      0.84375,
      0.90625,
      0.8125,
      0.75,
      0.75,
      0.90625,
      0.78125,
      0.6875,
      0.84375,
      0.84375,
      0.78125,
      0.625,
      0.75,
      0.84375,
      0.75
   ],
   "batch_train_losses": [
      1.1309067010879517,
      1.009865164756775,
      1.2273508310317993,
      1.120945930480957,
      0.9582449197769165,
      1.0313942432403564,
      1.2025989294052124,
      1.0286831855773926,
      1.1230146884918213,
      1.12210214138031,
      1.0001763105392456,
      1.1544058322906494,
      1.1037497520446777,
      0.9826145172119141,
      1.1296684741973877,
      1.1524131298065186,
      0.9995553493499756,
      1.0412975549697876,
      1.4465490579605103,
      1.1233985424041748,
      1.1827162504196167,
      1.0357816219329834,
      0.993844211101532,
      0.878438413143158,
      1.2271050214767456,
      1.0441662073135376,
      0.9565179347991943,
      1.079813003540039,
      1.086207389831543,
      1.3161544799804688,
      0.9496022462844849,
      0.890424907207489,
      1.1360918283462524,
      1.0173312425613403,
      1.0613868236541748,
      1.0266367197036743,
      1.3088438510894775,
      0.9923562407493591,
      1.0755712985992432,
      1.106675386428833,
      1.183042049407959,
      0.8241890668869019,
      1.305485725402832,
      1.2425748109817505,
      0.7825736403465271,
      1.051740050315857,
      1.1187323331832886,
      0.8595854043960571,
      1.1657503843307495,
      1.2288579940795898,
      1.4725124835968018,
      1.1598410606384277,
      0.8722121119499207,
      1.0492548942565918,
      1.1810044050216675,
      0.9636142253875732,
      1.0896601676940918,
      0.7330478429794312,
      0.9452527761459351,
      0.9394828081130981,
      1.006184697151184,
      0.8916081786155701,
      1.1299686431884766,
      0.914460301399231,
      1.0888605117797852,
      1.3657764196395874,
      1.306588888168335,
      1.1013233661651611,
      0.9380806088447571,
      0.9476004838943481,
      1.1688088178634644,
      1.1575050354003906,
      1.3548678159713745,
      0.8852243423461914,
      1.1224350929260254,
      1.1320582628250122,
      0.8033902049064636,
      1.0520997047424316,
      0.9107593297958374,
      1.247182846069336,
      1.1204978227615356,
      1.0155651569366455,
      1.0669721364974976
   ],
   "batch_train_times": [],
   "val_accuracy": 0.5405405405405406,
   "val_loss": 1.8177739865071065,
   "val_accuracy_per_label": [
      0.6363636363636364,
      0.0,
      0.3333333333333333,
      0.4,
      1.0,
      0.0,
      0.0,
      0.85,
      0.0,
      0.0,
      0.0,
      0.0,
      0.8,
      1.0,
      0.8,
      0.0,
      0.0,
      0.0,
      0.0,
      1.0,
      0.8461538461538461,
      0.0,
      0.0,
      0.2,
      0.0,
      0.5,
      0.0,
      1.0,
      0.0,
      0.0,
      0.2,
      0.8,
      0.8,
      0.0,
      0.0,
      0.0,
      0.0,
      0.0,
      0.5333333333333333,
      0.8,
      0.0,
      0.5,
      0.2
   ]
}