{
   "epoch": 35,
   "batch_train_accuracies": [
      0.84375,
      0.65625,
      0.875,
      0.84375,
      0.78125,
      0.78125,
      0.84375,
      0.78125,
      0.9375,
      0.75,
      0.78125,
      0.8125,
      0.78125,
      0.75,
      0.90625,
      0.8125,
      0.84375,
      0.71875,
      0.75,
      0.71875,
      0.78125,
      0.875,
      0.75,
      0.84375,
      0.90625,
      0.78125,
      0.71875,
      0.84375,
      0.78125,
      0.71875,
      0.65625,
      0.875,
      0.9375,
      0.75,
      0.84375,
      0.84375,
      0.84375,
      0.75,
      0.875,
      0.78125,
      0.71875,
      0.8125,
      0.90625,
      0.8125,
      0.90625,
      0.65625,
      0.78125,
      0.75,
      0.90625,
      0.78125,
      0.90625,
      0.8125,
      0.78125,
      0.71875,
      0.75,
      0.9375,
      0.71875,
      0.8125,
      0.75,
      0.78125,
      0.84375,
      0.78125,
      0.6875,
      0.8125,
      0.78125,
      0.75,
      0.9375,
      0.8125,
      0.71875,
      0.84375,
      0.84375,
      0.6875,
      0.875,
      0.8125,
      0.8125,
      0.78125,
      0.6875,
      0.8125,
      0.84375,
      0.84375,
      0.84375,
      0.75,
      0.75
   ],
   "batch_train_losses": [
      1.1430690288543701,
      1.2606220245361328,
      0.9513050317764282,
      0.855374276638031,
      1.1301182508468628,
      1.333115816116333,
      1.0898773670196533,
      1.0545252561569214,
      0.8589369654655457,
      1.1508126258850098,
      1.064610242843628,
      1.1219850778579712,
      1.1381686925888062,
      1.3390806913375854,
      0.8897611498832703,
      1.1272990703582764,
      0.9881742000579834,
      1.3902980089187622,
      1.1404601335525513,
      1.060721755027771,
      1.2023563385009766,
      0.9939217567443848,
      1.1363126039505005,
      0.8200382590293884,
      0.8292357325553894,
      1.3748568296432495,
      1.030317783355713,
      0.8799505233764648,
      1.1760599613189697,
      1.1910853385925293,
      1.313133955001831,
      0.8660657405853271,
      0.9038400650024414,
      1.2577725648880005,
      0.9972840547561646,
      1.0180271863937378,
      1.0380284786224365,
      1.1077622175216675,
      0.989579975605011,
      1.1971375942230225,
      1.3353191614151,
      1.1798014640808105,
      0.8147374987602234,
      1.197080135345459,
      0.9099650382995605,
      1.3178571462631226,
      1.1099467277526855,
      1.1530897617340088,
      0.9453559517860413,
      1.3054940700531006,
      0.8842628598213196,
      1.076076865196228,
      1.308866024017334,
      1.1681870222091675,
      1.1649107933044434,
      0.9033819437026978,
      1.208819031715393,
      1.151015281677246,
      1.3237574100494385,
      0.9399685263633728,
      1.021531581878662,
      1.0285481214523315,
      1.338732361793518,
      0.8340814113616943,
      1.1729656457901,
      1.4968469142913818,
      0.8164623379707336,
      1.081624984741211,
      1.2430508136749268,
      1.1951572895050049,
      1.1459509134292603,
      1.2417585849761963,
      1.0051000118255615,
      1.1199356317520142,
      1.135271430015564,
      1.0598182678222656,
      1.2197202444076538,
      0.9443407654762268,
      1.0686391592025757,
      1.1921015977859497,
      0.8298984169960022,
      1.162920594215393,
      1.2525575160980225
   ],
   "batch_train_times": [],
   "val_accuracy": 0.5506756756756757,
   "val_loss": 1.9061484433509208,
   "val_accuracy_per_label": [
      0.5909090909090909,
      0.2,
      0.3333333333333333,
      0.0,
      0.8,
      0.0,
      0.0,
      0.9,
      0.0,
      0.2,
      0.0,
      0.2,
      0.6,
      1.0,
      0.8,
      0.0,
      0.0,
      0.0,
      0.0,
      1.0,
      0.8076923076923077,
      0.6,
      0.4,
      0.2,
      0.0,
      0.9,
      0.0,
      0.8,
      0.0,
      0.0,
      0.2,
      0.2,
      0.8,
      0.0,
      0.0,
      0.0,
      0.2,
      0.0,
      0.5333333333333333,
      0.9,
      0.0,
      0.5,
      0.4
   ]
}