{
   "epoch": 31,
   "batch_train_accuracies": [
      0.5625,
      0.78125,
      0.6875,
      0.8125,
      0.78125,
      0.875,
      0.84375,
      0.875,
      0.875,
      0.78125,
      0.75,
      0.8125,
      0.78125,
      0.71875,
      0.84375,
      0.71875,
      0.71875,
      0.75,
      0.71875,
      0.84375,
      0.71875,
      0.84375,
      0.78125,
      0.875,
      0.6875,
      0.6875,
      0.8125,
      0.71875,
      0.90625,
      0.71875,
      0.96875,
      0.71875,
      0.78125,
      0.75,
      0.8125,
      0.84375,
      0.875,
      0.71875,
      0.875,
      0.6875,
      0.75,
      0.90625,
      0.875,
      0.71875,
      0.875,
      0.8125,
      0.78125,
      0.75,
      0.8125,
      0.78125,
      0.71875,
      0.84375,
      0.71875,
      0.8125,
      0.71875,
      0.75,
      0.6875,
      0.75,
      0.84375,
      0.875,
      0.78125,
      0.75,
      0.71875,
      0.8125,
      0.8125,
      0.90625,
      0.84375,
      0.6875,
      0.84375,
      0.71875,
      0.71875,
      0.65625,
      0.84375,
      0.71875,
      0.84375,
      0.90625,
      0.8125,
      0.71875,
      0.78125,
      0.6875,
      0.84375,
      0.8125,
      0.8125
   ],
   "batch_train_losses": [
      1.6332753896713257,
      1.058119297027588,
      1.2687405347824097,
      1.034324288368225,
      1.0031566619873047,
      0.9062925577163696,
      1.1433919668197632,
      0.881716787815094,
      0.9796819090843201,
      1.0282832384109497,
      1.0031583309173584,
      0.9721620082855225,
      1.2584997415542603,
      1.1911518573760986,
      1.0306967496871948,
      1.2902745008468628,
      1.2440439462661743,
      1.3772132396697998,
      1.1238867044448853,
      1.1580476760864258,
      1.1845009326934814,
      1.1869920492172241,
      1.0791584253311157,
      1.0635584592819214,
      1.2094606161117554,
      1.252233624458313,
      1.0833489894866943,
      1.2590744495391846,
      0.9095475673675537,
      1.331911563873291,
      0.8145595788955688,
      1.0428508520126343,
      0.7776404619216919,
      1.0964467525482178,
      0.9412468671798706,
      0.9156850576400757,
      0.9703317284584045,
      1.244531273841858,
      1.0323079824447632,
      1.3507694005966187,
      1.1047593355178833,
      0.9997624158859253,
      0.8914424180984497,
      1.2353557348251343,
      0.9653633236885071,
      0.9849128723144531,
      1.110101342201233,
      1.1508036851882935,
      1.0464293956756592,
      1.085078239440918,
      1.0958188772201538,
      0.9206725358963013,
      1.2194368839263916,
      0.8873070478439331,
      1.1870074272155762,
      1.143620491027832,
      1.2648956775665283,
      1.0754797458648682,
      1.0171377658843994,
      1.069370150566101,
      1.1370031833648682,
      1.1598474979400635,
      1.0465582609176636,
      0.9673466682434082,
      1.2331132888793945,
      0.9192295074462891,
      1.0314853191375732,
      1.1849093437194824,
      0.9775753021240234,
      1.406779170036316,
      1.2828508615493774,
      1.234128713607788,
      1.0376348495483398,
      1.1734751462936401,
      0.9325530529022217,
      0.9809460639953613,
      1.0399166345596313,
      1.3563711643218994,
      1.2194966077804565,
      1.1893541812896729,
      1.0179486274719238,
      0.9772472977638245,
      0.9938378930091858
   ],
   "batch_train_times": [],
   "val_accuracy": 0.5236486486486487,
   "val_loss": 1.8290679970303096,
   "val_accuracy_per_label": [
      0.6818181818181818,
      0.0,
      0.3333333333333333,
      0.4,
      0.8,
      0.2,
      0.0,
      0.85,
      0.0,
      0.0,
      0.0,
      0.0,
      0.0,
      0.8,
      0.8,
      0.0,
      0.0,
      0.0,
      0.0,
      0.9310344827586207,
      0.9230769230769231,
      0.0,
      0.2,
      0.4,
      0.0,
      0.6,
      0.0,
      1.0,
      0.0,
      0.0,
      0.0,
      0.2,
      0.8,
      0.0,
      0.0,
      0.0,
      0.2,
      0.0,
      0.4666666666666667,
      0.9,
      0.0,
      0.5,
      0.0
   ]
}