{
   "epoch": 38,
   "batch_train_accuracies": [
      0.8125,
      0.78125,
      0.8125,
      0.8125,
      0.84375,
      0.84375,
      0.90625,
      0.84375,
      0.8125,
      0.84375,
      0.84375,
      0.8125,
      0.78125,
      0.8125,
      0.90625,
      0.75,
      0.8125,
      0.90625,
      0.78125,
      0.875,
      0.65625,
      0.875,
      0.78125,
      0.78125,
      0.78125,
      0.875,
      0.8125,
      0.71875,
      0.75,
      0.75,
      0.75,
      0.71875,
      0.8125,
      0.78125,
      0.8125,
      0.78125,
      0.71875,
      0.96875,
      0.78125,
      0.8125,
      0.8125,
      0.65625,
      0.71875,
      0.84375,
      0.71875,
      0.8125,
      0.71875,
      0.8125,
      0.71875,
      0.71875,
      0.75,
      0.8125,
      0.9375,
      0.75,
      0.78125,
      0.9375,
      0.8125,
      0.59375,
      0.90625,
      0.90625,
      0.71875,
      0.84375,
      0.90625,
      0.8125,
      0.78125,
      0.84375,
      0.875,
      0.8125,
      0.8125,
      0.875,
      0.875,
      0.6875,
      0.96875,
      0.96875,
      0.84375,
      0.84375,
      0.84375,
      0.71875,
      0.75,
      0.84375,
      0.8125,
      0.8125,
      0.6875
   ],
   "batch_train_losses": [
      0.9493280649185181,
      1.1257646083831787,
      1.144834280014038,
      1.2670772075653076,
      0.9905805587768555,
      1.0218991041183472,
      0.923121988773346,
      0.849154531955719,
      1.0359634160995483,
      1.2070962190628052,
      1.1256345510482788,
      1.158679485321045,
      0.944420576095581,
      1.007641077041626,
      0.8890315294265747,
      1.1047098636627197,
      1.070823073387146,
      1.0198417901992798,
      1.1827691793441772,
      1.0026395320892334,
      1.2172192335128784,
      0.9050862789154053,
      1.3670156002044678,
      1.143308401107788,
      1.208977222442627,
      0.8164860010147095,
      0.9735432863235474,
      1.2246044874191284,
      1.174364447593689,
      1.0770927667617798,
      1.217226266860962,
      1.2742167711257935,
      1.210574746131897,
      1.2702875137329102,
      0.9284699559211731,
      1.0318759679794312,
      1.216617226600647,
      0.8224630355834961,
      1.2076733112335205,
      1.3064135313034058,
      1.0222078561782837,
      1.3698863983154297,
      1.0854911804199219,
      1.0400745868682861,
      1.1416058540344238,
      0.9745862483978271,
      1.182983636856079,
      0.9804595708847046,
      1.3280879259109497,
      1.1937040090560913,
      1.3881078958511353,
      1.0560519695281982,
      1.0498716831207275,
      1.1815439462661743,
      1.1789491176605225,
      0.8589522838592529,
      1.0961687564849854,
      1.3755831718444824,
      0.8677244782447815,
      0.9329578280448914,
      1.336916208267212,
      0.9198123216629028,
      0.8706995248794556,
      1.0640438795089722,
      0.9936924576759338,
      1.0429267883300781,
      0.9592025876045227,
      1.2575311660766602,
      1.0094667673110962,
      0.9291689991950989,
      0.9830577969551086,
      1.400736927986145,
      0.709216833114624,
      0.910937488079071,
      1.1241930723190308,
      0.9411050081253052,
      0.9864956736564636,
      1.1461929082870483,
      1.2416064739227295,
      1.0167579650878906,
      0.8974096775054932,
      1.0748984813690186,
      1.3391807079315186
   ],
   "batch_train_times": [],
   "val_accuracy": 0.6114864864864865,
   "val_loss": 1.7455097372467454,
   "val_accuracy_per_label": [
      0.45454545454545453,
      0.2,
      0.3333333333333333,
      0.0,
      1.0,
      1.0,
      0.0,
      0.85,
      0.0,
      1.0,
      0.0,
      0.0,
      0.6,
      0.4,
      0.8,
      0.0,
      0.0,
      0.0,
      0.0,
      1.0,
      0.8846153846153846,
      0.6,
      0.2,
      0.8,
      0.0,
      1.0,
      0.0,
      0.95,
      0.0,
      0.0,
      0.0,
      1.0,
      1.0,
      0.0,
      0.0,
      0.0,
      0.0,
      0.0,
      1.0,
      0.9,
      0.0,
      0.5,
      0.0
   ]
}