{
   "epoch": 36,
   "batch_train_accuracies": [
      0.84375,
      0.84375,
      0.84375,
      0.6875,
      0.65625,
      0.84375,
      0.71875,
      0.84375,
      0.78125,
      0.75,
      0.8125,
      0.78125,
      0.5625,
      0.6875,
      0.78125,
      0.875,
      0.78125,
      0.90625,
      0.75,
      1.0,
      0.78125,
      0.875,
      0.75,
      0.84375,
      0.71875,
      0.875,
      0.90625,
      0.9375,
      0.75,
      0.8125,
      0.84375,
      0.875,
      0.78125,
      0.75,
      0.75,
      0.90625,
      0.90625,
      0.75,
      0.78125,
      0.875,
      0.8125,
      0.78125,
      0.6875,
      0.90625,
      0.875,
      0.8125,
      0.84375,
      0.8125,
      0.8125,
      0.8125,
      0.75,
      0.78125,
      0.78125,
      0.625,
      0.75,
      0.75,
      0.6875,
      0.90625,
      0.96875,
      0.6875,
      0.8125,
      0.875,
      0.78125,
      0.78125,
      0.71875,
      0.78125,
      0.84375,
      0.6875,
      0.8125,
      0.71875,
      0.8125,
      0.90625,
      0.71875,
      0.8125,
      0.84375,
      0.9375,
      0.96875,
      0.78125,
      0.96875,
      0.90625,
      0.8125,
      0.8125,
      0.75
   ],
   "batch_train_losses": [
      0.8840619921684265,
      0.9282727241516113,
      0.9403936862945557,
      1.4758715629577637,
      1.2649028301239014,
      0.892723798751831,
      1.147094964981079,
      1.0819923877716064,
      1.039034128189087,
      1.1042869091033936,
      1.140862226486206,
      1.1051183938980103,
      1.5695937871932983,
      1.296973705291748,
      1.185129165649414,
      1.0056151151657104,
      1.2325520515441895,
      0.8954107761383057,
      1.3701204061508179,
      0.853071928024292,
      1.0633103847503662,
      0.993331789970398,
      1.3410366773605347,
      1.0496799945831299,
      1.2407375574111938,
      0.9357515573501587,
      0.9116538763046265,
      0.8250116109848022,
      1.1260701417922974,
      1.3389426469802856,
      1.024878978729248,
      1.1394678354263306,
      1.1631749868392944,
      1.17634916305542,
      1.074332356452942,
      0.8185696601867676,
      0.8274745941162109,
      1.2318720817565918,
      1.138340711593628,
      0.9056869149208069,
      1.1678400039672852,
      1.026741623878479,
      1.2256187200546265,
      0.9071207046508789,
      0.9866319298744202,
      1.071664810180664,
      0.9255625009536743,
      0.981532633304596,
      1.0926978588104248,
      1.1171776056289673,
      1.1891554594039917,
      1.029509425163269,
      1.1499769687652588,
      1.2830984592437744,
      1.225020408630371,
      1.2810536623001099,
      1.4739012718200684,
      0.8885039687156677,
      0.8620298504829407,
      1.2929936647415161,
      1.2715455293655396,
      0.8659681677818298,
      1.016400694847107,
      1.0144047737121582,
      1.227629542350769,
      1.185762643814087,
      1.0331380367279053,
      1.1121584177017212,
      1.1330618858337402,
      1.1958149671554565,
      1.0971105098724365,
      0.9434350728988647,
      1.1015794277191162,
      1.1470211744308472,
      1.03920578956604,
      0.8563429713249207,
      0.7733966112136841,
      1.110898494720459,
      0.8751182556152344,
      0.8641024827957153,
      0.9071978330612183,
      0.9811704754829407,
      1.3040729761123657
   ],
   "batch_train_times": [],
   "val_accuracy": 0.5236486486486487,
   "val_loss": 1.9702821808892328,
   "val_accuracy_per_label": [
      0.5,
      0.0,
      0.16666666666666666,
      0.0,
      0.8,
      0.4,
      0.0,
      0.9,
      0.0,
      0.0,
      0.0,
      0.0,
      0.4,
      1.0,
      0.4,
      0.0,
      0.0,
      0.0,
      0.0,
      0.9655172413793104,
      0.9230769230769231,
      0.0,
      0.4,
      0.8,
      0.0,
      0.6,
      0.0,
      0.75,
      0.0,
      0.0,
      0.2,
      0.0,
      0.6,
      0.0,
      0.0,
      0.0,
      0.4,
      0.0,
      0.8,
      0.8,
      0.0,
      0.5,
      0.2
   ]
}