{
   "epoch": 50,
   "batch_train_accuracies": [
      0.875,
      0.6875,
      0.71875,
      0.875,
      0.75,
      0.71875,
      0.78125,
      0.875,
      0.875,
      0.9375,
      0.78125,
      0.75,
      0.75,
      0.8125,
      0.875,
      0.8125,
      0.875,
      0.90625,
      0.875,
      0.78125,
      0.875,
      0.90625,
      0.75,
      0.8125,
      0.71875,
      0.875,
      0.84375,
      0.71875,
      0.8125,
      0.78125,
      0.71875,
      0.8125,
      0.75,
      0.90625,
      0.75,
      0.875,
      0.90625,
      0.6875,
      0.71875,
      0.90625,
      0.71875,
      0.875,
      0.8125,
      0.8125,
      0.84375,
      0.78125,
      0.78125,
      0.8125,
      0.71875,
      0.75,
      0.78125,
      0.6875,
      0.84375,
      0.71875,
      0.8125,
      0.875,
      0.75,
      0.84375,
      0.8125,
      0.71875,
      0.84375,
      0.90625,
      0.9375,
      0.84375,
      0.8125,
      0.84375,
      0.78125,
      0.84375,
      0.8125,
      0.75,
      0.71875,
      0.75,
      0.6875,
      0.875,
      0.78125,
      0.78125,
      0.78125,
      0.8125,
      0.71875,
      0.84375,
      0.75,
      0.875,
      0.75
   ],
   "batch_train_losses": [
      1.0411306619644165,
      1.2641438245773315,
      1.2196093797683716,
      0.9997273683547974,
      1.3796734809875488,
      1.1382207870483398,
      1.20699942111969,
      0.8828874826431274,
      0.9509447813034058,
      0.8058991432189941,
      1.1443116664886475,
      1.2021968364715576,
      1.1902210712432861,
      1.1278923749923706,
      1.0201088190078735,
      1.1919934749603271,
      1.1365150213241577,
      0.8395311832427979,
      1.1243361234664917,
      1.2907664775848389,
      0.831871509552002,
      1.0352648496627808,
      1.1896780729293823,
      1.0104721784591675,
      1.2990872859954834,
      1.0760729312896729,
      1.2592976093292236,
      1.3593897819519043,
      1.0321420431137085,
      1.2281055450439453,
      1.2517361640930176,
      1.1419031620025635,
      1.3304890394210815,
      0.9762201905250549,
      1.0454474687576294,
      0.9147419333457947,
      1.0010054111480713,
      1.288503885269165,
      1.4143297672271729,
      0.9897506237030029,
      1.356136679649353,
      1.0186450481414795,
      1.219549298286438,
      1.194331407546997,
      1.0751917362213135,
      1.2138742208480835,
      1.1781623363494873,
      1.2894448041915894,
      1.190719723701477,
      1.2959344387054443,
      1.2009344100952148,
      1.2525851726531982,
      0.9755716919898987,
      1.3256458044052124,
      1.118412733078003,
      1.118172526359558,
      1.1610398292541504,
      1.0844143629074097,
      1.1282097101211548,
      1.3169713020324707,
      1.0854543447494507,
      1.0953621864318848,
      1.0647568702697754,
      1.0122644901275635,
      1.256808876991272,
      1.0229036808013916,
      1.1897814273834229,
      0.9514264464378357,
      1.102989673614502,
      1.1856341361999512,
      1.070726752281189,
      1.2116925716400146,
      1.3519752025604248,
      0.9288179874420166,
      1.0517939329147339,
      1.2568678855895996,
      1.3206758499145508,
      1.1133298873901367,
      1.2416390180587769,
      1.05120849609375,
      1.308302402496338,
      1.0845775604248047,
      1.3772164583206177
   ],
   "batch_train_times": [],
   "val_accuracy": 0.527027027027027,
   "val_loss": 2.0658453799582817,
   "val_accuracy_per_label": [
      0.5454545454545454,
      0.0,
      0.3333333333333333,
      0.0,
      1.0,
      0.2,
      0.0,
      0.85,
      0.0,
      0.0,
      0.0,
      0.0,
      0.4,
      1.0,
      0.8,
      0.0,
      0.0,
      0.0,
      0.0,
      0.9310344827586207,
      1.0,
      0.2,
      0.0,
      0.0,
      0.0,
      0.5,
      0.0,
      0.95,
      0.0,
      0.0,
      0.2,
      0.0,
      0.8,
      0.0,
      0.0,
      0.0,
      0.4,
      0.0,
      0.8,
      0.7,
      0.0,
      0.375,
      0.2
   ]
}