{
   "epoch": 23,
   "batch_train_accuracies": [
      0.59375,
      0.8125,
      0.75,
      0.8125,
      0.875,
      0.9375,
      0.71875,
      0.6875,
      0.8125,
      0.625,
      0.75,
      0.78125,
      0.6875,
      0.84375,
      0.875,
      0.8125,
      0.84375,
      0.78125,
      0.75,
      0.75,
      0.84375,
      0.78125,
      0.78125,
      0.875,
      0.9375,
      0.84375,
      0.8125,
      0.75,
      0.6875,
      0.6875,
      0.8125,
      0.75,
      0.6875,
      0.75,
      0.75,
      0.78125,
      0.875,
      0.65625,
      0.75,
      0.90625,
      0.78125,
      0.8125,
      0.8125,
      0.65625,
      0.65625,
      0.8125,
      0.6875,
      0.78125,
      0.625,
      0.90625,
      0.84375,
      0.84375,
      0.875,
      0.78125,
      0.71875,
      0.6875,
      0.65625,
      0.8125,
      0.78125,
      0.71875,
      0.84375,
      0.71875,
      0.75,
      0.65625,
      0.78125,
      0.78125,
      0.65625,
      0.71875,
      0.6875,
      0.78125,
      0.75,
      0.65625,
      0.6875,
      0.84375,
      0.78125,
      0.625,
      0.84375,
      0.59375,
      0.75,
      0.84375,
      0.78125,
      0.78125,
      0.6875
   ],
   "batch_train_losses": [
      1.385899305343628,
      1.0402235984802246,
      1.2768473625183105,
      1.028013825416565,
      1.0046756267547607,
      0.6694393157958984,
      1.2436459064483643,
      1.2205619812011719,
      1.1403428316116333,
      1.3397996425628662,
      1.065816879272461,
      1.2303931713104248,
      1.282121181488037,
      1.0208282470703125,
      0.962037205696106,
      1.1687606573104858,
      1.1246708631515503,
      1.0763113498687744,
      1.2619781494140625,
      1.0515117645263672,
      1.1703782081604004,
      1.0584206581115723,
      1.047204852104187,
      0.8788108229637146,
      0.9815286993980408,
      1.0511550903320312,
      0.9883431792259216,
      1.1373889446258545,
      1.355839729309082,
      1.1191365718841553,
      0.9864304661750793,
      1.3489816188812256,
      1.2287569046020508,
      1.203959345817566,
      1.0499334335327148,
      1.1105700731277466,
      1.0662256479263306,
      1.3702723979949951,
      1.101766586303711,
      0.8793732523918152,
      1.1536614894866943,
      0.9704802632331848,
      1.040554165840149,
      1.2875040769577026,
      1.3595566749572754,
      1.1121243238449097,
      1.2412848472595215,
      1.1618480682373047,
      1.5753580331802368,
      0.948529839515686,
      0.9106507301330566,
      0.9855890870094299,
      0.8918337821960449,
      1.110792636871338,
      1.0994064807891846,
      1.3195816278457642,
      1.2240519523620605,
      1.0877867937088013,
      1.3123152256011963,
      1.226294755935669,
      0.8054378032684326,
      1.3814432621002197,
      1.141741156578064,
      1.3026268482208252,
      1.0577247142791748,
      1.1392083168029785,
      1.476312518119812,
      1.1733253002166748,
      1.4175390005111694,
      1.1870851516723633,
      1.0733227729797363,
      1.4026715755462646,
      1.3314058780670166,
      0.9397112727165222,
      1.072514295578003,
      1.4079755544662476,
      1.0045936107635498,
      1.6558427810668945,
      1.258772850036621,
      1.1034280061721802,
      1.2632890939712524,
      0.9852266311645508,
      1.2141343355178833
   ],
   "batch_train_times": [],
   "val_accuracy": 0.4527027027027027,
   "val_loss": 2.1503089183085673,
   "val_accuracy_per_label": [
      0.5454545454545454,
      0.0,
      0.6666666666666666,
      0.0,
      1.0,
      0.6,
      0.0,
      0.85,
      0.0,
      0.4,
      0.0,
      0.0,
      0.2,
      1.0,
      0.2,
      0.0,
      0.0,
      0.0,
      0.0,
      0.9655172413793104,
      0.5384615384615384,
      0.4,
      0.0,
      0.2,
      0.0,
      0.9,
      0.0,
      0.0,
      0.0,
      0.0,
      0.0,
      1.0,
      1.0,
      0.0,
      0.0,
      0.0,
      0.4,
      0.0,
      0.4,
      0.6,
      0.0,
      0.5,
      0.4
   ]
}