{
   "epoch": 37,
   "batch_train_accuracies": [
      0.84375,
      0.875,
      0.84375,
      0.875,
      0.75,
      0.71875,
      0.84375,
      0.84375,
      0.78125,
      0.78125,
      0.71875,
      0.90625,
      0.78125,
      0.8125,
      0.78125,
      0.8125,
      0.90625,
      0.84375,
      0.84375,
      0.78125,
      0.84375,
      0.78125,
      0.875,
      0.9375,
      0.8125,
      0.59375,
      0.78125,
      0.84375,
      0.84375,
      0.8125,
      0.90625,
      0.875,
      0.75,
      0.71875,
      0.78125,
      0.96875,
      0.6875,
      0.84375,
      0.84375,
      0.84375,
      0.8125,
      0.8125,
      0.6875,
      0.78125,
      0.96875,
      0.78125,
      0.875,
      0.875,
      0.90625,
      0.78125,
      0.78125,
      0.8125,
      0.84375,
      0.75,
      0.6875,
      0.875,
      0.65625,
      0.75,
      0.84375,
      0.8125,
      0.6875,
      0.8125,
      0.8125,
      0.78125,
      0.90625,
      0.84375,
      0.875,
      0.78125,
      0.71875,
      0.78125,
      0.78125,
      0.78125,
      0.8125,
      0.625,
      0.78125,
      0.78125,
      0.78125,
      0.8125,
      0.625,
      0.875,
      0.59375,
      0.875,
      0.875
   ],
   "batch_train_losses": [
      0.921512246131897,
      1.0325138568878174,
      1.007664442062378,
      0.9353878498077393,
      1.1247124671936035,
      1.2768266201019287,
      1.0268874168395996,
      0.9163997769355774,
      1.3021388053894043,
      1.1507049798965454,
      1.2216805219650269,
      0.6742629408836365,
      0.9388393759727478,
      0.9801240563392639,
      1.0661518573760986,
      0.8588396906852722,
      0.894037127494812,
      1.0430985689163208,
      0.9271641373634338,
      1.0368343591690063,
      1.011144995689392,
      0.9969581961631775,
      0.9355562925338745,
      0.8862476348876953,
      1.1153661012649536,
      1.3565090894699097,
      1.2574917078018188,
      1.0523457527160645,
      0.9014427661895752,
      1.073609471321106,
      0.7874528765678406,
      1.0946451425552368,
      1.2707816362380981,
      1.211378574371338,
      1.2179027795791626,
      0.8161551356315613,
      1.3821864128112793,
      1.0250210762023926,
      0.9221710562705994,
      1.1970252990722656,
      1.0517983436584473,
      1.1727313995361328,
      1.3595134019851685,
      1.1070711612701416,
      0.8544508814811707,
      1.2254092693328857,
      0.865263044834137,
      0.8879465460777283,
      1.0808988809585571,
      1.1478034257888794,
      1.008452296257019,
      0.9967199563980103,
      1.0177901983261108,
      1.2512513399124146,
      1.3472119569778442,
      0.7722544074058533,
      1.2074859142303467,
      1.0975747108459473,
      0.9940903186798096,
      1.0076470375061035,
      1.2904562950134277,
      0.975676417350769,
      1.0376380681991577,
      1.1664400100708008,
      0.7649078965187073,
      1.0099118947982788,
      1.253044843673706,
      1.4096708297729492,
      1.2193553447723389,
      1.2290741205215454,
      1.1461081504821777,
      1.0560321807861328,
      1.1843430995941162,
      1.476280927658081,
      1.0006165504455566,
      0.9594483971595764,
      1.2036643028259277,
      0.9404100775718689,
      1.1966743469238281,
      1.1300671100616455,
      1.6251555681228638,
      1.0309669971466064,
      1.1728788614273071
   ],
   "batch_train_times": [],
   "val_accuracy": 0.5777027027027027,
   "val_loss": 1.8619507196787242,
   "val_accuracy_per_label": [
      0.6363636363636364,
      0.0,
      0.3333333333333333,
      0.2,
      1.0,
      0.8,
      0.0,
      0.85,
      0.0,
      0.0,
      0.0,
      0.0,
      0.6,
      1.0,
      0.8,
      0.0,
      0.0,
      0.0,
      0.0,
      1.0,
      0.8461538461538461,
      0.2,
      0.6,
      0.2,
      0.0,
      0.8,
      0.0,
      0.8,
      0.0,
      0.0,
      0.4,
      0.6,
      0.8,
      0.0,
      0.0,
      0.0,
      0.4,
      0.0,
      0.8666666666666667,
      0.6,
      0.0,
      0.5,
      0.4
   ]
}