{
   "epoch": 17,
   "batch_train_accuracies": [
      0.90625,
      0.875,
      0.71875,
      0.84375,
      0.75,
      0.71875,
      0.8125,
      0.6875,
      0.71875,
      0.65625,
      0.65625,
      0.78125,
      0.75,
      0.6875,
      0.59375,
      0.71875,
      0.84375,
      0.65625,
      0.8125,
      0.90625,
      0.8125,
      0.8125,
      0.78125,
      0.71875,
      0.78125,
      0.5625,
      0.59375,
      0.75,
      0.625,
      0.75,
      0.78125,
      0.84375,
      0.75,
      0.71875,
      0.71875,
      0.71875,
      0.75,
      0.8125,
      0.65625,
      0.65625,
      0.84375,
      0.75,
      0.8125,
      0.65625,
      0.625,
      0.65625,
      0.71875,
      0.78125,
      0.75,
      0.625,
      0.59375,
      0.65625,
      0.75,
      0.5625,
      0.625,
      0.84375,
      0.84375,
      0.71875,
      0.75,
      0.71875,
      0.75,
      0.78125,
      0.8125,
      0.8125,
      0.8125,
      0.6875,
      0.6875,
      0.78125,
      0.71875,
      0.65625,
      0.78125,
      0.78125,
      0.65625,
      0.6875,
      0.75,
      0.59375,
      0.78125,
      0.78125,
      0.65625,
      0.8125,
      0.65625,
      0.6875,
      0.625
   ],
   "batch_train_losses": [
      0.9558602571487427,
      0.8396146297454834,
      1.3405529260635376,
      0.9821984767913818,
      1.1736263036727905,
      1.2737274169921875,
      1.1056710481643677,
      1.4068201780319214,
      1.326483130455017,
      1.2676639556884766,
      1.163011074066162,
      1.230955958366394,
      1.156144380569458,
      1.2707456350326538,
      1.534273386001587,
      1.1271265745162964,
      1.123422384262085,
      1.5611462593078613,
      1.1404263973236084,
      0.8595203757286072,
      1.1486893892288208,
      1.174159288406372,
      1.142921805381775,
      1.2210898399353027,
      1.022971272468567,
      1.4515366554260254,
      1.581292986869812,
      1.142228603363037,
      1.4541175365447998,
      1.1496607065200806,
      1.0983794927597046,
      0.9695037007331848,
      0.9925722479820251,
      1.1432071924209595,
      1.3652621507644653,
      1.2176140546798706,
      1.2483129501342773,
      1.0509905815124512,
      1.4706052541732788,
      1.3652276992797852,
      1.134012222290039,
      1.1332799196243286,
      0.9811198115348816,
      1.253923773765564,
      1.4892218112945557,
      1.446494221687317,
      1.2041045427322388,
      1.1739383935928345,
      1.2747266292572021,
      1.4123600721359253,
      1.393298864364624,
      1.1848829984664917,
      1.1791363954544067,
      1.6438772678375244,
      1.483346700668335,
      1.124261736869812,
      1.0034838914871216,
      1.4690722227096558,
      1.1547712087631226,
      1.3049395084381104,
      1.3417408466339111,
      1.1594579219818115,
      1.070176124572754,
      1.1789700984954834,
      1.285558819770813,
      1.4679992198944092,
      1.3391919136047363,
      1.2210874557495117,
      1.2179076671600342,
      1.2918438911437988,
      1.07671320438385,
      1.1302400827407837,
      1.6256709098815918,
      1.3036746978759766,
      1.311567783355713,
      1.6041905879974365,
      1.3507946729660034,
      1.1478701829910278,
      1.3656036853790283,
      1.1538774967193604,
      1.291292428970337,
      1.2603315114974976,
      1.50864839553833
   ],
   "batch_train_times": [],
   "val_accuracy": 0.4594594594594595,
   "val_loss": 1.9983787858808362,
   "val_accuracy_per_label": [
      0.2727272727272727,
      0.0,
      0.5,
      0.4,
      1.0,
      1.0,
      0.0,
      0.85,
      0.0,
      0.4,
      0.0,
      0.0,
      0.6,
      0.0,
      0.4,
      0.0,
      0.0,
      0.0,
      0.0,
      0.8275862068965517,
      0.7307692307692307,
      0.0,
      0.0,
      0.6,
      0.0,
      0.1,
      0.0,
      1.0,
      0.0,
      0.0,
      0.0,
      0.8,
      0.6,
      0.0,
      0.0,
      0.0,
      0.0,
      0.0,
      0.4,
      0.6,
      0.0,
      0.5,
      0.2
   ]
}