{
   "epoch": 43,
   "batch_train_accuracies": [
      0.875,
      0.75,
      0.78125,
      0.75,
      0.65625,
      0.84375,
      0.78125,
      0.75,
      0.875,
      0.84375,
      0.71875,
      0.78125,
      0.875,
      0.78125,
      0.8125,
      0.9375,
      0.78125,
      0.6875,
      0.875,
      0.875,
      0.78125,
      0.75,
      0.875,
      0.84375,
      0.78125,
      0.8125,
      0.8125,
      0.78125,
      0.90625,
      0.71875,
      0.625,
      0.84375,
      0.84375,
      0.84375,
      0.9375,
      0.75,
      0.75,
      0.875,
      0.875,
      0.75,
      0.875,
      0.84375,
      0.84375,
      0.875,
      0.875,
      0.84375,
      0.71875,
      0.75,
      0.8125,
      0.90625,
      0.8125,
      0.6875,
      0.78125,
      0.8125,
      0.71875,
      0.625,
      0.8125,
      0.84375,
      0.84375,
      0.875,
      0.875,
      0.84375,
      0.875,
      0.9375,
      0.71875,
      0.78125,
      0.71875,
      0.78125,
      0.875,
      0.71875,
      0.75,
      0.6875,
      0.78125,
      0.71875,
      0.875,
      0.8125,
      0.84375,
      0.78125,
      0.78125,
      0.84375,
      0.8125,
      0.96875,
      0.875
   ],
   "batch_train_losses": [
      0.9751570820808411,
      1.3373937606811523,
      1.2293695211410522,
      1.292214035987854,
      1.5145883560180664,
      1.1126683950424194,
      1.2093100547790527,
      1.1304001808166504,
      1.0259252786636353,
      0.9374430775642395,
      1.2493284940719604,
      1.0734061002731323,
      0.9226168394088745,
      1.0886292457580566,
      1.139269471168518,
      0.8586240410804749,
      1.2439179420471191,
      1.3530831336975098,
      1.0585954189300537,
      0.9258186221122742,
      1.351554274559021,
      1.1963651180267334,
      1.1526061296463013,
      0.9646577835083008,
      1.1161364316940308,
      0.9478375911712646,
      1.0599387884140015,
      1.1898200511932373,
      0.984712541103363,
      1.4630886316299438,
      1.4764958620071411,
      1.013729453086853,
      0.9780436158180237,
      1.0292774438858032,
      0.9207286834716797,
      1.0322750806808472,
      1.2414966821670532,
      0.9211480617523193,
      1.042719841003418,
      1.1636366844177246,
      0.9579859972000122,
      0.961423933506012,
      1.1354209184646606,
      0.9562156200408936,
      0.8472815752029419,
      0.8714073300361633,
      1.2005577087402344,
      1.1572532653808594,
      1.01784086227417,
      0.9656930565834045,
      1.057834506034851,
      1.2663465738296509,
      1.1320888996124268,
      1.1157279014587402,
      1.1738603115081787,
      1.4361903667449951,
      0.9412053227424622,
      0.9945086240768433,
      1.036354660987854,
      0.8400914072990417,
      1.0243887901306152,
      0.9110316038131714,
      0.8294519782066345,
      0.7350554466247559,
      1.1216645240783691,
      1.1515834331512451,
      1.188830852508545,
      0.9568632245063782,
      1.012855887413025,
      1.3212064504623413,
      1.270886778831482,
      1.3888154029846191,
      1.0490540266036987,
      1.3831636905670166,
      1.0151989459991455,
      1.1030983924865723,
      0.9924836754798889,
      0.9979560375213623,
      1.160194993019104,
      1.0378957986831665,
      1.0759174823760986,
      1.054890751838684,
      0.9511493444442749
   ],
   "batch_train_times": [],
   "val_accuracy": 0.5540540540540541,
   "val_loss": 1.924620551031989,
   "val_accuracy_per_label": [
      0.8636363636363636,
      0.0,
      0.5,
      0.0,
      1.0,
      1.0,
      0.3333333333333333,
      0.85,
      0.0,
      0.0,
      0.0,
      0.0,
      0.0,
      1.0,
      0.8,
      0.0,
      0.0,
      0.0,
      0.0,
      0.9310344827586207,
      0.9615384615384616,
      0.8,
      0.0,
      0.2,
      0.0,
      0.9,
      0.0,
      0.45,
      0.0,
      0.0,
      0.4,
      0.2,
      0.6,
      0.0,
      0.0,
      0.0,
      0.2,
      0.0,
      0.7333333333333333,
      0.5,
      0.0,
      0.5,
      0.6
   ]
}