{
   "epoch": 20,
   "batch_train_accuracies": [
      0.8125,
      0.65625,
      0.84375,
      0.71875,
      0.5625,
      0.84375,
      0.78125,
      0.625,
      0.9375,
      0.75,
      0.78125,
      0.71875,
      0.59375,
      0.78125,
      0.84375,
      0.875,
      0.8125,
      0.875,
      0.65625,
      0.84375,
      0.5625,
      0.71875,
      0.75,
      0.8125,
      0.625,
      0.84375,
      0.6875,
      0.6875,
      0.71875,
      0.8125,
      0.75,
      0.625,
      0.625,
      0.78125,
      0.6875,
      0.75,
      0.71875,
      0.75,
      0.9375,
      0.625,
      0.75,
      0.8125,
      0.75,
      0.46875,
      0.84375,
      0.75,
      0.78125,
      0.75,
      0.6875,
      0.75,
      0.65625,
      0.875,
      0.75,
      0.75,
      0.6875,
      0.6875,
      0.75,
      0.84375,
      0.6875,
      0.71875,
      0.8125,
      0.6875,
      0.6875,
      0.65625,
      0.71875,
      0.65625,
      0.59375,
      0.8125,
      0.875,
      0.78125,
      0.75,
      0.6875,
      0.78125,
      0.71875,
      0.6875,
      0.8125,
      0.78125,
      0.75,
      0.71875,
      0.75,
      0.625,
      0.6875,
      0.75
   ],
   "batch_train_losses": [
      1.165663719177246,
      1.2688394784927368,
      1.1567903757095337,
      1.2070245742797852,
      1.656521201133728,
      0.9773592948913574,
      1.1675065755844116,
      1.1872202157974243,
      0.8481430411338806,
      1.090139389038086,
      0.987785279750824,
      1.2544211149215698,
      1.464006781578064,
      1.0255154371261597,
      1.1731247901916504,
      1.0060970783233643,
      1.1220585107803345,
      1.0490727424621582,
      1.4739012718200684,
      0.9781703948974609,
      1.5996294021606445,
      1.2760355472564697,
      1.1660375595092773,
      0.8985256552696228,
      1.3017104864120483,
      1.1074469089508057,
      1.1238548755645752,
      1.3020459413528442,
      1.4280306100845337,
      1.0305472612380981,
      1.0449422597885132,
      1.3665050268173218,
      1.3847962617874146,
      1.1762969493865967,
      1.3613572120666504,
      1.0663810968399048,
      1.1422547101974487,
      1.209208607673645,
      0.8722023963928223,
      1.3527581691741943,
      1.339201807975769,
      0.9836992025375366,
      1.094186544418335,
      1.4315026998519897,
      1.0871920585632324,
      1.159135341644287,
      1.0429185628890991,
      1.0460559129714966,
      1.309632420539856,
      1.3335188627243042,
      1.6043576002120972,
      0.823959469795227,
      1.1112620830535889,
      1.4173306226730347,
      1.3447178602218628,
      1.2995622158050537,
      1.271767258644104,
      1.0965262651443481,
      1.243818998336792,
      1.2494421005249023,
      1.0495796203613281,
      1.4081768989562988,
      1.0845293998718262,
      1.413867473602295,
      1.3761340379714966,
      1.2081092596054077,
      1.5424351692199707,
      1.1498031616210938,
      1.0006814002990723,
      1.1261461973190308,
      1.142622947692871,
      1.3610680103302002,
      1.024908185005188,
      1.244234561920166,
      1.06498122215271,
      1.0435842275619507,
      1.0545016527175903,
      1.3300700187683105,
      1.4058022499084473,
      1.2328263521194458,
      1.4604055881500244,
      1.3533624410629272,
      1.5197292566299438
   ],
   "batch_train_times": [],
   "val_accuracy": 0.5067567567567568,
   "val_loss": 1.8698988283002698,
   "val_accuracy_per_label": [
      0.6818181818181818,
      0.4,
      0.3333333333333333,
      0.0,
      0.4,
      1.0,
      0.0,
      0.9,
      0.0,
      0.0,
      0.0,
      0.0,
      0.4,
      1.0,
      0.8,
      0.0,
      0.0,
      0.0,
      0.0,
      1.0,
      0.6923076923076923,
      0.2,
      0.0,
      0.2,
      0.0,
      1.0,
      0.0,
      0.5,
      0.0,
      0.0,
      0.0,
      0.0,
      0.4,
      0.0,
      0.0,
      0.0,
      0.0,
      0.0,
      0.8,
      0.8,
      0.0,
      0.5,
      0.0
   ]
}