{
   "epoch": 12,
   "batch_train_accuracies": [
      0.625,
      0.59375,
      0.625,
      0.625,
      0.65625,
      0.625,
      0.65625,
      0.6875,
      0.59375,
      0.59375,
      0.6875,
      0.65625,
      0.65625,
      0.6875,
      0.59375,
      0.78125,
      0.71875,
      0.5625,
      0.625,
      0.5625,
      0.6875,
      0.71875,
      0.625,
      0.59375,
      0.5625,
      0.65625,
      0.71875,
      0.8125,
      0.53125,
      0.625,
      0.59375,
      0.875,
      0.71875,
      0.75,
      0.78125,
      0.53125,
      0.53125,
      0.59375,
      0.71875,
      0.71875,
      0.71875,
      0.59375,
      0.625,
      0.75,
      0.59375,
      0.75,
      0.71875,
      0.625,
      0.625,
      0.59375,
      0.71875,
      0.8125,
      0.6875,
      0.5625,
      0.6875,
      0.6875,
      0.65625,
      0.65625,
      0.71875,
      0.4375,
      0.59375,
      0.65625,
      0.65625,
      0.5625,
      0.71875,
      0.6875,
      0.53125,
      0.65625,
      0.5625,
      0.625,
      0.65625,
      0.6875,
      0.71875,
      0.75,
      0.65625,
      0.59375,
      0.6875,
      0.75,
      0.78125,
      0.75,
      0.6875,
      0.5,
      0.375
   ],
   "batch_train_losses": [
      1.610897421836853,
      1.510841727256775,
      1.6402446031570435,
      1.5514662265777588,
      1.3624309301376343,
      1.4132006168365479,
      1.4628448486328125,
      1.376872181892395,
      1.5367505550384521,
      1.473992109298706,
      1.4111542701721191,
      1.3934468030929565,
      1.3950248956680298,
      1.3933258056640625,
      1.5983706712722778,
      1.256542682647705,
      1.3423911333084106,
      1.51044762134552,
      1.3677181005477905,
      1.646040678024292,
      1.4913913011550903,
      1.3597679138183594,
      1.4830996990203857,
      1.5075701475143433,
      1.56851065158844,
      1.4495863914489746,
      1.1768382787704468,
      1.3731590509414673,
      1.576590895652771,
      1.5593644380569458,
      1.47659170627594,
      0.9393876194953918,
      1.3081601858139038,
      1.2022677659988403,
      1.3423964977264404,
      1.773234486579895,
      1.617443561553955,
      1.5799609422683716,
      1.4472997188568115,
      1.248526930809021,
      1.5499439239501953,
      1.5242507457733154,
      1.5750237703323364,
      1.220597267150879,
      1.5633385181427002,
      1.180441975593567,
      1.2952874898910522,
      1.4478319883346558,
      1.3232628107070923,
      1.4251835346221924,
      1.2667603492736816,
      1.3287160396575928,
      1.3683618307113647,
      1.5277073383331299,
      1.6370370388031006,
      1.3400496244430542,
      1.2977733612060547,
      1.2700492143630981,
      1.3729912042617798,
      1.713395595550537,
      1.490767240524292,
      1.4089157581329346,
      1.3199149370193481,
      1.4869023561477661,
      1.3458423614501953,
      1.357125997543335,
      1.6179908514022827,
      1.3521095514297485,
      1.599591851234436,
      1.4109667539596558,
      1.3826993703842163,
      1.422430396080017,
      1.3341513872146606,
      1.2616486549377441,
      1.4053548574447632,
      1.426655888557434,
      1.3909337520599365,
      1.3423995971679688,
      1.4070308208465576,
      1.264068365097046,
      1.3316738605499268,
      1.8666995763778687,
      2.324065923690796
   ],
   "batch_train_times": [],
   "val_accuracy": 0.40540540540540543,
   "val_loss": 2.1032234075907112,
   "val_accuracy_per_label": [
      0.6818181818181818,
      0.0,
      0.16666666666666666,
      0.2,
      1.0,
      0.8,
      0.0,
      0.85,
      0.0,
      0.0,
      0.0,
      0.0,
      0.2,
      0.6,
      0.0,
      0.0,
      0.0,
      0.0,
      0.0,
      0.5172413793103449,
      1.0,
      0.0,
      0.0,
      0.2,
      0.0,
      0.0,
      0.0,
      0.7,
      0.0,
      0.0,
      0.0,
      0.4,
      0.0,
      0.0,
      0.0,
      0.0,
      0.0,
      0.0,
      0.4666666666666667,
      0.7,
      0.0,
      0.125,
      0.0
   ]
}