{
   "epoch": 28,
   "batch_train_accuracies": [
      0.75,
      0.78125,
      0.8125,
      0.71875,
      0.90625,
      0.75,
      0.875,
      0.75,
      0.84375,
      0.84375,
      0.78125,
      0.75,
      0.75,
      0.9375,
      0.6875,
      0.84375,
      0.75,
      0.65625,
      0.8125,
      0.65625,
      0.84375,
      0.84375,
      0.78125,
      0.90625,
      0.78125,
      0.65625,
      0.75,
      0.78125,
      0.65625,
      0.78125,
      0.75,
      0.8125,
      0.84375,
      0.875,
      0.84375,
      0.84375,
      0.875,
      0.6875,
      0.84375,
      0.6875,
      0.90625,
      0.78125,
      0.78125,
      0.75,
      0.75,
      0.71875,
      0.8125,
      0.8125,
      0.84375,
      0.8125,
      0.8125,
      0.75,
      0.78125,
      0.78125,
      0.6875,
      0.8125,
      0.75,
      0.8125,
      0.78125,
      0.75,
      0.78125,
      0.8125,
      0.75,
      0.71875,
      0.8125,
      0.71875,
      0.875,
      0.71875,
      0.75,
      0.75,
      0.625,
      0.78125,
      0.78125,
      0.6875,
      0.8125,
      0.84375,
      0.78125,
      0.8125,
      0.84375,
      0.5625,
      0.84375,
      0.90625,
      0.875
   ],
   "batch_train_losses": [
      0.9756197929382324,
      0.9383924007415771,
      1.107374668121338,
      1.2986912727355957,
      0.9999417066574097,
      1.3737150430679321,
      0.984325110912323,
      1.2311232089996338,
      1.0821797847747803,
      1.062201976776123,
      1.11127769947052,
      1.1149250268936157,
      1.1569647789001465,
      0.9438226819038391,
      1.3117191791534424,
      0.9818020462989807,
      1.1380079984664917,
      1.4576044082641602,
      1.0518487691879272,
      1.2728556394577026,
      0.8462695479393005,
      1.053235411643982,
      1.0361053943634033,
      0.93849116563797,
      1.1570017337799072,
      1.362918496131897,
      1.220597743988037,
      1.2879550457000732,
      1.4094820022583008,
      1.1316734552383423,
      0.9376699328422546,
      0.8899664282798767,
      1.0383546352386475,
      0.8552693724632263,
      0.938437283039093,
      1.0526204109191895,
      1.1021180152893066,
      1.2661585807800293,
      1.0813484191894531,
      1.1546564102172852,
      0.8589366674423218,
      1.0129913091659546,
      1.0362662076950073,
      1.097094178199768,
      1.0474900007247925,
      1.262020468711853,
      1.1548081636428833,
      0.9411133527755737,
      1.1323908567428589,
      1.0204055309295654,
      0.9581204056739807,
      1.0506762266159058,
      1.0719225406646729,
      1.1671242713928223,
      1.2944307327270508,
      0.9356818795204163,
      1.1011545658111572,
      0.982172429561615,
      1.1174887418746948,
      1.2886686325073242,
      1.0966191291809082,
      1.1065658330917358,
      1.1414190530776978,
      1.4042236804962158,
      1.0499498844146729,
      1.1875430345535278,
      0.9738183617591858,
      1.250196933746338,
      1.2272647619247437,
      1.1627366542816162,
      1.3673521280288696,
      1.3061002492904663,
      1.0906462669372559,
      1.2380826473236084,
      1.1171213388442993,
      1.0564390420913696,
      1.060690999031067,
      1.070043921470642,
      1.070125937461853,
      1.4193596839904785,
      1.098305106163025,
      0.8795714378356934,
      0.7250046730041504
   ],
   "batch_train_times": [],
   "val_accuracy": 0.5472972972972973,
   "val_loss": 1.8662311515292607,
   "val_accuracy_per_label": [
      0.5454545454545454,
      0.0,
      0.3333333333333333,
      0.0,
      1.0,
      1.0,
      0.0,
      0.9,
      0.0,
      0.0,
      0.0,
      0.0,
      0.6,
      0.6,
      0.8,
      0.0,
      0.0,
      0.0,
      0.0,
      0.9310344827586207,
      0.9615384615384616,
      0.2,
      0.2,
      0.6,
      0.0,
      0.9,
      0.0,
      0.95,
      0.0,
      0.0,
      0.0,
      0.2,
      0.8,
      0.0,
      0.0,
      0.0,
      0.2,
      0.0,
      0.4666666666666667,
      0.8,
      0.0,
      0.5,
      0.0
   ]
}