{
   "epoch": 8,
   "batch_train_accuracies": [
      0.59375,
      0.59375,
      0.59375,
      0.5,
      0.53125,
      0.5625,
      0.65625,
      0.65625,
      0.59375,
      0.59375,
      0.46875,
      0.53125,
      0.5625,
      0.5,
      0.5,
      0.625,
      0.71875,
      0.6875,
      0.625,
      0.46875,
      0.5625,
      0.53125,
      0.5625,
      0.46875,
      0.5625,
      0.59375,
      0.5,
      0.46875,
      0.5,
      0.59375,
      0.75,
      0.4375,
      0.34375,
      0.65625,
      0.53125,
      0.40625,
      0.375,
      0.59375,
      0.46875,
      0.625,
      0.6875,
      0.5,
      0.5625,
      0.5625,
      0.71875,
      0.53125,
      0.59375,
      0.59375,
      0.625,
      0.59375,
      0.71875,
      0.59375,
      0.6875,
      0.59375,
      0.65625,
      0.46875,
      0.6875,
      0.625,
      0.46875,
      0.65625,
      0.5,
      0.46875,
      0.46875,
      0.5625,
      0.5,
      0.59375,
      0.65625,
      0.625,
      0.59375,
      0.5625,
      0.71875,
      0.65625,
      0.625,
      0.5,
      0.75,
      0.5625,
      0.5625,
      0.65625,
      0.59375,
      0.65625,
      0.65625,
      0.65625,
      0.625
   ],
   "batch_train_losses": [
      1.622431755065918,
      1.7564491033554077,
      1.6100540161132812,
      1.7560882568359375,
      2.0368916988372803,
      1.6655694246292114,
      1.7813072204589844,
      1.5368093252182007,
      1.709717869758606,
      1.7016243934631348,
      1.9802029132843018,
      1.7399166822433472,
      1.713971734046936,
      1.6576327085494995,
      1.6917823553085327,
      1.7221899032592773,
      1.3325977325439453,
      1.540582537651062,
      1.6788417100906372,
      1.8669248819351196,
      1.792769193649292,
      2.02128529548645,
      1.654151439666748,
      1.827267050743103,
      1.7537338733673096,
      1.7767711877822876,
      1.9114106893539429,
      1.9387013912200928,
      1.7528448104858398,
      1.6196622848510742,
      1.4915887117385864,
      2.1842689514160156,
      2.071336030960083,
      1.5518054962158203,
      1.7193865776062012,
      2.0233166217803955,
      2.002685785293579,
      1.8956156969070435,
      1.6223571300506592,
      1.6691066026687622,
      1.4705477952957153,
      1.9353336095809937,
      1.6756536960601807,
      1.8406566381454468,
      1.5435646772384644,
      1.9516174793243408,
      1.600029706954956,
      1.6739189624786377,
      1.4285449981689453,
      1.8029335737228394,
      1.6720285415649414,
      1.6626160144805908,
      1.6198502779006958,
      1.5471129417419434,
      1.4981616735458374,
      1.8274630308151245,
      1.3145695924758911,
      1.5575801134109497,
      2.0077643394470215,
      1.5603764057159424,
      1.768415093421936,
      1.8900799751281738,
      1.8483943939208984,
      1.7219579219818115,
      1.8068294525146484,
      1.775018334388733,
      1.6176033020019531,
      1.5463933944702148,
      1.6948033571243286,
      1.5988956689834595,
      1.5282126665115356,
      1.5702265501022339,
      1.705315351486206,
      1.754246711730957,
      1.5523144006729126,
      1.6605310440063477,
      1.7938631772994995,
      1.6984820365905762,
      1.5485018491744995,
      1.4639742374420166,
      1.3112248182296753,
      1.5667799711227417,
      1.4432172775268555
   ],
   "batch_train_times": [],
   "val_accuracy": 0.3581081081081081,
   "val_loss": 2.3662939264967635,
   "val_accuracy_per_label": [
      0.6363636363636364,
      0.0,
      0.0,
      0.0,
      0.0,
      0.6,
      0.0,
      0.85,
      0.0,
      0.0,
      0.0,
      0.0,
      0.0,
      0.2,
      0.0,
      0.0,
      0.0,
      0.0,
      0.2,
      0.27586206896551724,
      1.0,
      0.0,
      0.0,
      0.2,
      0.0,
      0.0,
      0.0,
      0.75,
      0.0,
      0.0,
      0.0,
      0.0,
      0.4,
      0.0,
      0.0,
      0.0,
      0.0,
      0.0,
      0.5333333333333333,
      0.7,
      0.0,
      0.25,
      0.2
   ]
}