{
   "epoch": 36,
   "batch_train_accuracies": [
      0.859375,
      0.875,
      0.890625,
      0.921875,
      0.84375,
      0.875,
      0.859375,
      0.828125,
      0.890625,
      0.796875,
      0.828125,
      0.828125,
      0.890625,
      0.734375,
      0.8125,
      0.796875,
      0.890625,
      0.78125,
      0.828125,
      0.890625,
      0.890625,
      0.859375,
      0.828125,
      0.765625,
      0.875,
      0.875,
      0.90625,
      0.8125,
      0.71875,
      0.828125,
      0.96875,
      0.828125,
      0.859375,
      0.796875,
      0.796875,
      0.828125,
      0.84375,
      0.890625,
      0.90625,
      0.765625,
      0.890625,
      0.625
   ],
   "batch_train_losses": [
      0.8494505882263184,
      0.8368927836418152,
      0.7964869737625122,
      0.7049738168716431,
      0.9922480583190918,
      0.8524556159973145,
      0.9316364526748657,
      1.00648832321167,
      0.8875256180763245,
      0.9114538431167603,
      0.9740405082702637,
      0.864507257938385,
      0.8417847752571106,
      1.1907439231872559,
      1.008255958557129,
      1.1065263748168945,
      0.8564464449882507,
      1.1434082984924316,
      0.943798303604126,
      0.8011658787727356,
      0.9400129914283752,
      0.9771511554718018,
      1.0616122484207153,
      1.0011075735092163,
      0.820560872554779,
      0.7106267213821411,
      0.8679742217063904,
      0.9926321506500244,
      1.163964033126831,
      0.9185726642608643,
      0.7824167013168335,
      1.006736159324646,
      0.8728882670402527,
      1.0343024730682373,
      0.9073370695114136,
      1.155725359916687,
      1.0407416820526123,
      0.9660101532936096,
      0.8758712410926819,
      1.0460504293441772,
      0.8656375408172607,
      1.3208798170089722
   ],
   "batch_train_times": [],
   "val_accuracy": 0.5641891891891891,
   "val_loss": 1.8339145795719043,
   "val_accuracy_per_label": [
      0.7727272727272727,
      0.0,
      0.3333333333333333,
      0.2,
      1.0,
      0.4,
      0.0,
      0.85,
      0.0,
      0.6,
      0.0,
      0.0,
      0.6,
      0.6,
      0.0,
      0.0,
      0.0,
      0.0,
      0.0,
      0.9655172413793104,
      1.0,
      0.0,
      0.4,
      0.0,
      0.0,
      0.2,
      0.0,
      0.7,
      0.0,
      0.0,
      0.4,
      0.4,
      0.8,
      0.0,
      0.0,
      1.0,
      0.4,
      0.2,
      0.9333333333333333,
      0.7,
      0.0,
      0.5,
      0.4
   ]
}