{
   "epoch": 37,
   "batch_train_accuracies": [
      0.8125,
      0.90625,
      0.84375,
      0.796875,
      0.875,
      0.796875,
      0.890625,
      0.828125,
      0.75,
      0.8125,
      0.828125,
      0.90625,
      0.875,
      0.8125,
      0.875,
      0.90625,
      0.890625,
      0.84375,
      0.9375,
      0.84375,
      0.890625,
      0.890625,
      0.890625,
      0.765625,
      0.9375,
      0.859375,
      0.765625,
      0.84375,
      0.875,
      0.75,
      0.828125,
      0.890625,
      0.828125,
      0.859375,
      0.84375,
      0.90625,
      0.84375,
      0.828125,
      0.84375,
      0.875,
      0.796875,
      0.875
   ],
   "batch_train_losses": [
      0.9791690707206726,
      0.8716102838516235,
      1.004346251487732,
      0.9946543574333191,
      0.8172556161880493,
      0.9459972381591797,
      0.9506546258926392,
      0.9346568584442139,
      1.1852028369903564,
      1.0352123975753784,
      1.0445188283920288,
      0.712997555732727,
      0.866523027420044,
      0.9929946660995483,
      0.8818648457527161,
      0.7833495140075684,
      0.8097642064094543,
      0.9366490840911865,
      0.8060124516487122,
      0.9198442697525024,
      0.7333071231842041,
      0.8834877610206604,
      0.7253897786140442,
      1.0130770206451416,
      0.6692877411842346,
      1.070806622505188,
      1.0351942777633667,
      0.9719393253326416,
      0.8013381958007812,
      1.0874093770980835,
      0.8877918124198914,
      0.9171284437179565,
      0.9557053446769714,
      0.8394578695297241,
      1.014291524887085,
      0.9682511687278748,
      0.914378821849823,
      0.9412612318992615,
      0.9232841730117798,
      0.8459408283233643,
      1.0453717708587646,
      0.9001742005348206
   ],
   "batch_train_times": [],
   "val_accuracy": 0.5405405405405406,
   "val_loss": 1.8770656907880627,
   "val_accuracy_per_label": [
      0.6363636363636364,
      0.0,
      0.6666666666666666,
      0.2,
      0.8,
      0.0,
      0.0,
      0.85,
      0.0,
      0.0,
      0.0,
      0.0,
      0.6,
      0.2,
      0.8,
      0.0,
      0.0,
      0.0,
      0.0,
      0.9310344827586207,
      0.5384615384615384,
      0.2,
      0.2,
      0.4,
      0.0,
      0.5,
      0.0,
      1.0,
      0.0,
      0.0,
      0.2,
      0.2,
      0.8,
      0.0,
      0.0,
      1.0,
      0.2,
      0.0,
      1.0,
      0.9,
      0.0,
      0.5,
      0.6
   ]
}