{
   "epoch": 49,
   "batch_train_accuracies": [
      0.78125,
      0.828125,
      0.890625,
      0.890625,
      0.890625,
      0.90625,
      0.875,
      0.890625,
      0.859375,
      0.875,
      0.921875,
      0.828125,
      0.890625,
      0.890625,
      0.890625,
      0.90625,
      0.875,
      0.875,
      0.859375,
      0.921875,
      0.859375,
      0.859375,
      0.84375,
      0.859375,
      0.890625,
      0.890625,
      0.921875,
      0.859375,
      0.921875,
      0.890625,
      0.921875,
      0.828125,
      0.875,
      0.90625,
      0.90625,
      0.96875,
      0.9375,
      0.765625,
      0.828125,
      0.9375,
      0.9375,
      0.6875
   ],
   "batch_train_losses": [
      0.8707181215286255,
      1.01765775680542,
      0.8626233339309692,
      0.7361856698989868,
      0.8556627035140991,
      0.7896208167076111,
      0.8072584867477417,
      0.8786468505859375,
      0.8204888105392456,
      0.8111469745635986,
      0.7577517628669739,
      0.8423650860786438,
      0.7279284596443176,
      0.8655992746353149,
      0.7855386137962341,
      0.9226995706558228,
      0.8486132025718689,
      0.8759208917617798,
      0.8710446357727051,
      0.8046407103538513,
      1.109067678451538,
      0.9333842396736145,
      0.9165436625480652,
      0.8107672929763794,
      0.7925446033477783,
      0.7170075178146362,
      0.6907749176025391,
      0.9417086243629456,
      0.7192241549491882,
      0.9242446422576904,
      0.6967182755470276,
      0.8980467915534973,
      0.8738218545913696,
      0.8036815524101257,
      0.8748728036880493,
      0.8381611704826355,
      0.6478221416473389,
      1.0570979118347168,
      0.9191709160804749,
      0.7445201873779297,
      0.7516420483589172,
      1.3996226787567139
   ],
   "batch_train_times": [],
   "val_accuracy": 0.5608108108108109,
   "val_loss": 1.88313809278849,
   "val_accuracy_per_label": [
      0.6363636363636364,
      0.0,
      0.16666666666666666,
      0.0,
      1.0,
      0.0,
      0.3333333333333333,
      0.9,
      0.0,
      0.0,
      0.0,
      0.2,
      0.0,
      1.0,
      0.8,
      0.0,
      0.0,
      0.0,
      0.0,
      0.9310344827586207,
      0.9230769230769231,
      0.4,
      1.0,
      0.2,
      0.0,
      0.3,
      0.0,
      0.8,
      0.0,
      0.0,
      0.4,
      0.0,
      1.0,
      0.0,
      0.0,
      1.0,
      0.2,
      0.0,
      0.9333333333333333,
      0.7,
      0.0,
      0.5,
      0.4
   ]
}