{
   "epoch": 40,
   "batch_train_accuracies": [
      0.875,
      0.828125,
      0.828125,
      0.765625,
      0.859375,
      0.84375,
      0.78125,
      0.765625,
      0.859375,
      0.84375,
      0.875,
      0.828125,
      0.84375,
      0.90625,
      0.921875,
      0.890625,
      0.859375,
      0.84375,
      0.90625,
      0.90625,
      0.875,
      0.84375,
      0.796875,
      0.9375,
      0.859375,
      0.859375,
      0.890625,
      0.875,
      0.875,
      0.859375,
      0.90625,
      0.875,
      0.8125,
      0.828125,
      0.90625,
      0.90625,
      0.875,
      0.875,
      0.84375,
      0.875,
      0.90625,
      0.8125
   ],
   "batch_train_losses": [
      0.9022751450538635,
      0.8951553106307983,
      0.9814602732658386,
      0.8844171166419983,
      0.8612361550331116,
      0.8993939161300659,
      1.0267136096954346,
      1.099231243133545,
      0.9270463585853577,
      0.8875038623809814,
      1.0982664823532104,
      1.0697317123413086,
      0.9433690905570984,
      0.6510639190673828,
      0.7444846034049988,
      0.8124294877052307,
      0.8299338817596436,
      0.8583558797836304,
      0.8339658975601196,
      0.8817073106765747,
      0.7536064982414246,
      0.8549590706825256,
      0.9702190160751343,
      0.7881549596786499,
      0.8150002360343933,
      0.8323699831962585,
      0.8416510820388794,
      0.8779537081718445,
      0.867835521697998,
      0.9141225814819336,
      0.752911388874054,
      0.6863616108894348,
      0.9889228343963623,
      0.9682294130325317,
      0.8240517973899841,
      0.8941389322280884,
      0.8186056613922119,
      0.8448386788368225,
      0.8986040353775024,
      0.8296157121658325,
      0.8986521363258362,
      0.9146484136581421
   ],
   "batch_train_times": [],
   "val_accuracy": 0.5878378378378378,
   "val_loss": 1.859470080684971,
   "val_accuracy_per_label": [
      0.7727272727272727,
      0.0,
      0.0,
      0.2,
      0.8,
      0.0,
      0.0,
      0.85,
      0.0,
      0.0,
      0.0,
      0.0,
      0.0,
      1.0,
      0.8,
      0.0,
      0.0,
      0.0,
      0.0,
      1.0,
      0.9615384615384616,
      0.6,
      0.6,
      0.0,
      0.0,
      0.4,
      0.0,
      0.85,
      0.0,
      0.0,
      0.4,
      0.8,
      1.0,
      0.0,
      0.0,
      0.75,
      0.4,
      0.0,
      1.0,
      0.9,
      0.0,
      0.5,
      0.2
   ]
}