{
   "epoch": 16,
   "batch_train_accuracies": [
      0.625,
      0.734375,
      0.734375,
      0.640625,
      0.6875,
      0.703125,
      0.65625,
      0.75,
      0.65625,
      0.671875,
      0.59375,
      0.65625,
      0.703125,
      0.734375,
      0.6875,
      0.671875,
      0.671875,
      0.640625,
      0.671875,
      0.5,
      0.703125,
      0.65625,
      0.75,
      0.65625,
      0.65625,
      0.78125,
      0.6875,
      0.71875,
      0.640625,
      0.671875,
      0.71875,
      0.640625,
      0.703125,
      0.65625,
      0.8125,
      0.71875,
      0.671875,
      0.6875,
      0.578125,
      0.65625,
      0.671875,
      0.4375
   ],
   "batch_train_losses": [
      1.608615756034851,
      1.2969765663146973,
      1.3134098052978516,
      1.5670411586761475,
      1.4003437757492065,
      1.2909554243087769,
      1.3209632635116577,
      1.2118576765060425,
      1.3641520738601685,
      1.369083046913147,
      1.5363303422927856,
      1.3836233615875244,
      1.185272455215454,
      1.234586238861084,
      1.3951538801193237,
      1.5055451393127441,
      1.5262596607208252,
      1.660841703414917,
      1.5028795003890991,
      1.6467509269714355,
      1.3461343050003052,
      1.3950214385986328,
      1.2775522470474243,
      1.3237794637680054,
      1.4287854433059692,
      1.1655579805374146,
      1.329209566116333,
      1.3696515560150146,
      1.5550159215927124,
      1.3839945793151855,
      1.3088386058807373,
      1.3448731899261475,
      1.325580358505249,
      1.4838666915893555,
      1.13612699508667,
      1.3313429355621338,
      1.5531915426254272,
      1.3792341947555542,
      1.370521903038025,
      1.3324477672576904,
      1.3911670446395874,
      1.8023722171783447
   ],
   "batch_train_times": [],
   "val_accuracy": 0.42905405405405406,
   "val_loss": 2.0355977528804057,
   "val_accuracy_per_label": [
      0.9090909090909091,
      0.0,
      0.0,
      0.0,
      0.4,
      0.0,
      0.0,
      0.65,
      0.0,
      0.0,
      0.0,
      0.0,
      0.2,
      0.8,
      0.0,
      0.0,
      0.0,
      0.0,
      0.0,
      0.8620689655172413,
      1.0,
      0.0,
      0.0,
      0.0,
      0.0,
      0.0,
      0.0,
      0.5,
      0.0,
      0.0,
      0.0,
      0.2,
      0.2,
      0.0,
      0.0,
      0.25,
      0.0,
      0.0,
      0.6666666666666666,
      0.7,
      0.0,
      0.5,
      0.4
   ]
}