{
   "epoch": 10,
   "batch_train_accuracies": [
      0.515625,
      0.5625,
      0.625,
      0.484375,
      0.46875,
      0.609375,
      0.6875,
      0.4375,
      0.53125,
      0.6875,
      0.578125,
      0.578125,
      0.515625,
      0.640625,
      0.671875,
      0.625,
      0.625,
      0.65625,
      0.640625,
      0.65625,
      0.53125,
      0.46875,
      0.609375,
      0.75,
      0.453125,
      0.59375,
      0.609375,
      0.546875,
      0.625,
      0.609375,
      0.53125,
      0.546875,
      0.59375,
      0.578125,
      0.59375,
      0.671875,
      0.578125,
      0.609375,
      0.71875,
      0.59375,
      0.703125,
      0.4375
   ],
   "batch_train_losses": [
      1.8432849645614624,
      1.7361564636230469,
      1.5948436260223389,
      1.7840664386749268,
      1.9099702835083008,
      1.6570873260498047,
      1.6589564085006714,
      2.0182158946990967,
      1.7807766199111938,
      1.5067566633224487,
      1.7779711484909058,
      1.7357100248336792,
      1.8498802185058594,
      1.664846420288086,
      1.5417077541351318,
      1.663885235786438,
      1.5372657775878906,
      1.674944281578064,
      1.5924146175384521,
      1.6222275495529175,
      1.7881039381027222,
      1.98725163936615,
      1.6227222681045532,
      1.3896315097808838,
      1.7608134746551514,
      1.8268228769302368,
      1.6243027448654175,
      1.8012057542800903,
      1.7094165086746216,
      1.592242956161499,
      1.8298550844192505,
      1.7870988845825195,
      1.6708074808120728,
      1.607460618019104,
      1.5321128368377686,
      1.5967129468917847,
      1.6378302574157715,
      1.6066406965255737,
      1.4037710428237915,
      1.5729321241378784,
      1.4813907146453857,
      1.810369849205017
   ],
   "batch_train_times": [],
   "val_accuracy": 0.44594594594594594,
   "val_loss": 2.2775529171969437,
   "val_accuracy_per_label": [
      0.7272727272727273,
      0.0,
      0.0,
      0.0,
      0.0,
      0.2,
      0.0,
      0.9,
      0.0,
      0.0,
      0.0,
      0.0,
      0.0,
      0.2,
      0.0,
      0.0,
      0.0,
      0.0,
      0.0,
      0.9310344827586207,
      0.5769230769230769,
      0.0,
      0.0,
      0.4,
      0.0,
      0.0,
      0.0,
      0.9,
      0.0,
      0.0,
      0.0,
      1.0,
      0.0,
      0.0,
      0.0,
      0.0,
      0.0,
      0.0,
      0.8666666666666667,
      0.9,
      0.0,
      0.875,
      0.0
   ]
}