{
   "epoch": 38,
   "batch_train_accuracies": [
      0.859375,
      0.828125,
      0.859375,
      0.828125,
      0.890625,
      0.828125,
      0.859375,
      0.90625,
      0.8125,
      0.84375,
      0.8125,
      0.765625,
      0.78125,
      0.921875,
      0.765625,
      0.859375,
      0.84375,
      0.828125,
      0.875,
      0.859375,
      0.828125,
      0.8125,
      0.859375,
      0.8125,
      0.9375,
      0.875,
      0.859375,
      0.828125,
      0.8125,
      0.890625,
      0.84375,
      0.859375,
      0.890625,
      0.90625,
      0.859375,
      0.875,
      0.828125,
      0.90625,
      0.859375,
      0.8125,
      0.875,
      1.0
   ],
   "batch_train_losses": [
      0.8202242851257324,
      0.9912296533584595,
      0.9140640497207642,
      0.9766775965690613,
      0.9471144676208496,
      0.9392193555831909,
      0.9140364527702332,
      0.8493538498878479,
      0.9634872078895569,
      0.8623762726783752,
      1.027085542678833,
      1.026612639427185,
      1.0767543315887451,
      0.6432622075080872,
      1.0483758449554443,
      0.9011764526367188,
      0.9470856785774231,
      0.9266487956047058,
      0.8222379088401794,
      0.8570607304573059,
      0.8137561678886414,
      0.9616746306419373,
      0.9356576204299927,
      0.9361758232116699,
      0.6994903683662415,
      0.961205244064331,
      0.8290810585021973,
      0.9151183366775513,
      0.8647080063819885,
      0.8169054388999939,
      0.9379546642303467,
      0.9443104863166809,
      0.8904147744178772,
      0.8885854482650757,
      0.8792450428009033,
      0.9040853381156921,
      0.9576495289802551,
      0.8763015866279602,
      0.928111732006073,
      1.0108507871627808,
      0.8599958419799805,
      0.5877586603164673
   ],
   "batch_train_times": [],
   "val_accuracy": 0.6081081081081081,
   "val_loss": 1.754523586582493,
   "val_accuracy_per_label": [
      0.7272727272727273,
      0.0,
      0.3333333333333333,
      0.0,
      1.0,
      0.0,
      0.0,
      0.85,
      0.0,
      0.0,
      0.0,
      0.2,
      0.4,
      0.8,
      0.8,
      0.0,
      0.0,
      0.0,
      0.0,
      1.0,
      0.8846153846153846,
      0.6,
      0.8,
      0.8,
      0.0,
      0.4,
      0.0,
      0.9,
      0.0,
      0.0,
      0.4,
      0.8,
      1.0,
      0.0,
      0.0,
      1.0,
      0.4,
      0.0,
      0.8,
      0.9,
      0.0,
      0.5,
      0.4
   ]
}