{
   "epoch": 5,
   "batch_train_accuracies": [
      0.421875,
      0.40625,
      0.46875,
      0.4375,
      0.484375,
      0.421875,
      0.53125,
      0.46875,
      0.484375,
      0.40625,
      0.4375,
      0.4375,
      0.421875,
      0.5625,
      0.359375,
      0.515625,
      0.546875,
      0.546875,
      0.453125,
      0.484375,
      0.46875,
      0.546875,
      0.515625,
      0.53125,
      0.546875,
      0.453125,
      0.53125,
      0.46875,
      0.484375,
      0.46875,
      0.5,
      0.40625,
      0.453125,
      0.515625,
      0.5,
      0.390625,
      0.4375,
      0.59375,
      0.546875,
      0.421875,
      0.421875,
      0.4375
   ],
   "batch_train_losses": [
      2.2395803928375244,
      2.3416550159454346,
      2.308506727218628,
      2.385427951812744,
      2.1823599338531494,
      2.3020172119140625,
      2.2806668281555176,
      2.3687615394592285,
      2.201812505722046,
      2.3440566062927246,
      2.50964617729187,
      2.2670798301696777,
      2.298426866531372,
      2.1761980056762695,
      2.393618106842041,
      2.180039405822754,
      2.060568332672119,
      2.03568959236145,
      2.2032933235168457,
      2.1973226070404053,
      2.239466667175293,
      2.1066343784332275,
      2.2628777027130127,
      2.0670361518859863,
      2.0810208320617676,
      2.343134880065918,
      2.1209607124328613,
      2.1340229511260986,
      2.1606035232543945,
      2.313988447189331,
      2.168893575668335,
      2.265517473220825,
      2.222491979598999,
      2.1005682945251465,
      2.216015100479126,
      2.3380982875823975,
      2.225600481033325,
      2.0712075233459473,
      2.0649619102478027,
      2.3162765502929688,
      2.208625078201294,
      2.0193099975585938
   ],
   "batch_train_times": [],
   "val_accuracy": 0.3108108108108108,
   "val_loss": 2.56548590917845,
   "val_accuracy_per_label": [
      0.5909090909090909,
      0.0,
      0.0,
      0.0,
      0.0,
      0.6,
      0.0,
      0.85,
      0.0,
      0.0,
      0.0,
      0.0,
      0.0,
      0.0,
      0.0,
      0.0,
      0.0,
      0.0,
      0.0,
      0.8275862068965517,
      0.5769230769230769,
      0.0,
      0.0,
      0.2,
      0.0,
      0.0,
      0.0,
      0.5,
      0.0,
      0.0,
      0.0,
      0.2,
      0.0,
      0.0,
      0.0,
      0.0,
      0.0,
      0.0,
      0.4,
      0.0,
      0.0,
      0.25,
      0.0
   ]
}