{
   "epoch": 9,
   "batch_train_accuracies": [
      0.53125,
      0.546875,
      0.5625,
      0.5625,
      0.578125,
      0.46875,
      0.4375,
      0.5625,
      0.671875,
      0.640625,
      0.53125,
      0.609375,
      0.671875,
      0.609375,
      0.515625,
      0.609375,
      0.640625,
      0.515625,
      0.46875,
      0.5625,
      0.609375,
      0.53125,
      0.65625,
      0.578125,
      0.5,
      0.578125,
      0.484375,
      0.578125,
      0.5,
      0.515625,
      0.71875,
      0.640625,
      0.5625,
      0.609375,
      0.578125,
      0.59375,
      0.71875,
      0.640625,
      0.46875,
      0.59375,
      0.6875,
      0.75
   ],
   "batch_train_losses": [
      1.930570125579834,
      1.9751732349395752,
      1.9629464149475098,
      1.7677446603775024,
      1.7823368310928345,
      1.9090925455093384,
      2.045804262161255,
      1.8881111145019531,
      1.5845210552215576,
      1.8034913539886475,
      1.7230678796768188,
      1.6218143701553345,
      1.611398458480835,
      1.669965386390686,
      2.0339207649230957,
      1.6774641275405884,
      1.7278468608856201,
      1.9077483415603638,
      1.8414033651351929,
      1.8000493049621582,
      1.7863543033599854,
      1.7179019451141357,
      1.7187108993530273,
      1.7456741333007812,
      1.8402658700942993,
      1.6920974254608154,
      1.852386713027954,
      1.8115524053573608,
      1.935240387916565,
      1.8389456272125244,
      1.5353730916976929,
      1.5572855472564697,
      1.8028477430343628,
      1.6364814043045044,
      1.6042118072509766,
      1.7003710269927979,
      1.5745595693588257,
      1.7453157901763916,
      1.846667766571045,
      1.7185516357421875,
      1.5685480833053589,
      1.586430311203003
   ],
   "batch_train_times": [],
   "val_accuracy": 0.40540540540540543,
   "val_loss": 2.2715038093360693,
   "val_accuracy_per_label": [
      0.7727272727272727,
      0.0,
      0.0,
      0.0,
      1.0,
      0.4,
      0.0,
      0.85,
      0.0,
      0.0,
      0.0,
      0.0,
      0.0,
      0.2,
      0.0,
      0.0,
      0.0,
      0.0,
      0.0,
      0.9310344827586207,
      0.5769230769230769,
      0.0,
      0.0,
      0.2,
      0.0,
      0.0,
      0.0,
      0.8,
      0.0,
      0.0,
      0.0,
      0.0,
      0.0,
      0.0,
      0.0,
      0.0,
      0.0,
      0.0,
      0.7333333333333333,
      0.4,
      0.0,
      0.5,
      0.0
   ]
}