{
   "epoch": 19,
   "batch_train_accuracies": [
      0.703125,
      0.640625,
      0.6875,
      0.65625,
      0.8125,
      0.703125,
      0.796875,
      0.75,
      0.71875,
      0.828125,
      0.703125,
      0.734375,
      0.78125,
      0.609375,
      0.6875,
      0.78125,
      0.765625,
      0.8125,
      0.625,
      0.671875,
      0.796875,
      0.640625,
      0.734375,
      0.640625,
      0.640625,
      0.6875,
      0.734375,
      0.796875,
      0.703125,
      0.828125,
      0.6875,
      0.6875,
      0.6875,
      0.796875,
      0.703125,
      0.6875,
      0.6875,
      0.671875,
      0.671875,
      0.734375,
      0.6875,
      0.5625
   ],
   "batch_train_losses": [
      1.3428335189819336,
      1.524990200996399,
      1.3037647008895874,
      1.2887589931488037,
      1.2515286207199097,
      1.2973051071166992,
      1.1907631158828735,
      1.2046570777893066,
      1.1679226160049438,
      1.004250407218933,
      1.2434449195861816,
      1.2507786750793457,
      1.104199767112732,
      1.4675278663635254,
      1.3482023477554321,
      1.3105406761169434,
      1.199332356452942,
      1.102536916732788,
      1.3729579448699951,
      1.2580444812774658,
      1.14704430103302,
      1.3621584177017212,
      1.253110647201538,
      1.2536604404449463,
      1.3849258422851562,
      1.402372121810913,
      1.2577276229858398,
      1.1886321306228638,
      1.2363089323043823,
      1.0435166358947754,
      1.2695605754852295,
      1.2330151796340942,
      1.248299479484558,
      1.0544507503509521,
      1.1599810123443604,
      1.1779061555862427,
      1.218864917755127,
      1.3637700080871582,
      1.526763677597046,
      1.2005586624145508,
      1.3340916633605957,
      1.9171812534332275
   ],
   "batch_train_times": [],
   "val_accuracy": 0.4864864864864865,
   "val_loss": 2.0399870228123023,
   "val_accuracy_per_label": [
      0.8181818181818182,
      0.0,
      0.0,
      0.4,
      0.8,
      0.0,
      0.0,
      0.75,
      0.0,
      0.0,
      0.0,
      0.0,
      0.4,
      1.0,
      0.0,
      0.0,
      0.2,
      0.0,
      0.0,
      0.9310344827586207,
      0.8076923076923077,
      0.0,
      0.0,
      0.0,
      0.0,
      0.0,
      0.0,
      0.95,
      0.0,
      0.0,
      0.2,
      0.8,
      1.0,
      0.0,
      0.0,
      0.25,
      0.0,
      0.0,
      0.8,
      0.4,
      0.0,
      0.375,
      0.0
   ]
}