{
   "epoch": 28,
   "batch_train_accuracies": [
      0.78125,
      0.90625,
      0.859375,
      0.703125,
      0.796875,
      0.671875,
      0.765625,
      0.8125,
      0.84375,
      0.765625,
      0.8125,
      0.90625,
      0.875,
      0.84375,
      0.84375,
      0.765625,
      0.796875,
      0.734375,
      0.78125,
      0.796875,
      0.8125,
      0.8125,
      0.8125,
      0.796875,
      0.84375,
      0.859375,
      0.734375,
      0.84375,
      0.890625,
      0.828125,
      0.859375,
      0.8125,
      0.765625,
      0.671875,
      0.8125,
      0.75,
      0.828125,
      0.734375,
      0.859375,
      0.78125,
      0.859375,
      0.6875
   ],
   "batch_train_losses": [
      1.0327421426773071,
      0.8153350353240967,
      0.9683507680892944,
      1.2342015504837036,
      0.9727096557617188,
      1.2579917907714844,
      1.2570992708206177,
      0.9350345134735107,
      0.8919596672058105,
      1.025905728340149,
      1.017866611480713,
      0.8725560903549194,
      0.9806172251701355,
      1.026545524597168,
      1.002946376800537,
      1.0975955724716187,
      1.0042872428894043,
      1.0844841003417969,
      1.0182180404663086,
      1.0587677955627441,
      1.1219799518585205,
      1.0666766166687012,
      1.002554178237915,
      1.081351399421692,
      1.03130304813385,
      0.814816415309906,
      1.1689586639404297,
      0.8345003128051758,
      0.9021686911582947,
      0.9312186241149902,
      1.100633144378662,
      0.9174980521202087,
      1.1650943756103516,
      1.212706446647644,
      1.0819036960601807,
      1.181527018547058,
      1.03133225440979,
      1.158677577972412,
      1.0048179626464844,
      1.1272093057632446,
      1.0094530582427979,
      1.5642178058624268
   ],
   "batch_train_times": [],
   "val_accuracy": 0.5337837837837838,
   "val_loss": 1.9657270811699532,
   "val_accuracy_per_label": [
      0.7272727272727273,
      0.0,
      0.6666666666666666,
      0.4,
      1.0,
      0.4,
      0.0,
      0.7,
      0.0,
      0.0,
      0.0,
      0.0,
      0.2,
      0.6,
      0.8,
      0.0,
      0.0,
      0.0,
      0.0,
      1.0,
      1.0,
      0.0,
      0.0,
      0.0,
      0.0,
      0.1,
      0.0,
      0.65,
      0.0,
      0.0,
      0.0,
      1.0,
      1.0,
      0.0,
      0.0,
      0.75,
      0.2,
      0.0,
      0.8,
      0.8,
      0.0,
      0.375,
      0.2
   ]
}