{
   "epoch": 25,
   "batch_train_accuracies": [
      0.71875,
      0.6875,
      0.640625,
      0.796875,
      0.71875,
      0.828125,
      0.671875,
      0.828125,
      0.625,
      0.78125,
      0.765625,
      0.75,
      0.84375,
      0.8125,
      0.78125,
      0.71875,
      0.75,
      0.78125,
      0.828125,
      0.78125,
      0.734375,
      0.859375,
      0.75,
      0.71875,
      0.8125,
      0.859375,
      0.75,
      0.84375,
      0.84375,
      0.78125,
      0.75,
      0.765625,
      0.78125,
      0.828125,
      0.78125,
      0.703125,
      0.71875,
      0.78125,
      0.828125,
      0.890625,
      0.75,
      0.9375
   ],
   "batch_train_losses": [
      1.1891999244689941,
      1.1887928247451782,
      1.2825002670288086,
      1.0866615772247314,
      1.1976948976516724,
      1.0371332168579102,
      1.3961859941482544,
      1.0567982196807861,
      1.3907442092895508,
      1.141911268234253,
      1.1429662704467773,
      1.2498598098754883,
      1.0369930267333984,
      1.102204442024231,
      1.0356143712997437,
      1.247782826423645,
      1.1689362525939941,
      1.0513205528259277,
      1.115304946899414,
      1.0119620561599731,
      1.1170454025268555,
      0.9628700017929077,
      1.2642414569854736,
      1.1842241287231445,
      1.141568660736084,
      1.0141081809997559,
      1.165535807609558,
      1.1084492206573486,
      0.9260002374649048,
      1.0995855331420898,
      1.2074426412582397,
      1.013598918914795,
      1.1878653764724731,
      0.9424687027931213,
      1.0996711254119873,
      1.236985206604004,
      1.0321125984191895,
      1.2518028020858765,
      1.0875685214996338,
      0.8840192556381226,
      1.0647820234298706,
      1.0597655773162842
   ],
   "batch_train_times": [],
   "val_accuracy": 0.5405405405405406,
   "val_loss": 1.9897913062894665,
   "val_accuracy_per_label": [
      0.6363636363636364,
      0.0,
      0.0,
      0.4,
      0.8,
      0.0,
      0.0,
      0.85,
      0.0,
      0.0,
      0.0,
      0.0,
      0.6,
      0.6,
      0.4,
      0.0,
      0.0,
      0.0,
      0.0,
      1.0,
      1.0,
      0.0,
      0.4,
      0.6,
      0.0,
      0.0,
      0.0,
      0.8,
      0.0,
      0.0,
      0.4,
      0.4,
      1.0,
      0.0,
      0.0,
      0.0,
      0.4,
      0.0,
      0.9333333333333333,
      0.9,
      0.0,
      0.5,
      0.2
   ]
}