{
   "epoch": 45,
   "batch_train_accuracies": [
      0.828125,
      0.875,
      0.84375,
      0.890625,
      0.828125,
      0.84375,
      0.953125,
      0.90625,
      0.890625,
      0.84375,
      0.9375,
      0.765625,
      0.828125,
      0.859375,
      0.78125,
      0.875,
      0.84375,
      0.921875,
      0.890625,
      0.78125,
      0.875,
      0.921875,
      0.921875,
      0.921875,
      0.890625,
      0.84375,
      0.921875,
      0.90625,
      0.90625,
      0.828125,
      0.90625,
      0.890625,
      0.875,
      0.828125,
      0.859375,
      0.890625,
      0.921875,
      0.875,
      0.875,
      0.953125,
      0.765625,
      1.0
   ],
   "batch_train_losses": [
      0.9930140972137451,
      0.9076981544494629,
      0.9826057553291321,
      0.8947920203208923,
      0.9852710962295532,
      0.8543881773948669,
      0.6313117742538452,
      0.7274169921875,
      0.7923069000244141,
      0.9565150737762451,
      0.750167191028595,
      1.0348577499389648,
      0.9486716389656067,
      0.9016972184181213,
      0.9038868546485901,
      0.858929455280304,
      0.9481577277183533,
      0.7329736948013306,
      0.845658540725708,
      1.028147578239441,
      0.8613291382789612,
      0.8041089773178101,
      0.7959262132644653,
      0.8595727682113647,
      0.8010828495025635,
      0.9052685499191284,
      0.8194692730903625,
      0.8589557409286499,
      0.7938581109046936,
      0.8499849438667297,
      0.8181911110877991,
      0.6561903357505798,
      0.860434889793396,
      0.992671012878418,
      0.8287498950958252,
      0.8533511161804199,
      0.7261782884597778,
      0.8590916395187378,
      0.8188088536262512,
      0.6014708876609802,
      1.027587652206421,
      0.5458166003227234
   ],
   "batch_train_times": [],
   "val_accuracy": 0.5878378378378378,
   "val_loss": 1.7971504024557166,
   "val_accuracy_per_label": [
      0.7272727272727273,
      0.0,
      0.6666666666666666,
      0.4,
      1.0,
      0.2,
      0.0,
      0.85,
      0.0,
      0.0,
      0.0,
      0.0,
      0.8,
      0.6,
      0.8,
      0.0,
      0.2,
      0.0,
      0.0,
      1.0,
      1.0,
      0.0,
      0.0,
      0.2,
      0.0,
      0.2,
      0.0,
      0.9,
      0.0,
      0.0,
      0.4,
      1.0,
      1.0,
      0.0,
      0.0,
      1.0,
      0.2,
      0.0,
      0.8,
      0.8,
      0.0,
      0.5,
      0.0
   ]
}