{
   "epoch": 11,
   "batch_train_accuracies": [
      0.640625,
      0.484375,
      0.578125,
      0.53125,
      0.640625,
      0.609375,
      0.640625,
      0.578125,
      0.59375,
      0.609375,
      0.59375,
      0.640625,
      0.59375,
      0.484375,
      0.390625,
      0.578125,
      0.609375,
      0.65625,
      0.546875,
      0.53125,
      0.609375,
      0.71875,
      0.625,
      0.578125,
      0.671875,
      0.625,
      0.671875,
      0.59375,
      0.65625,
      0.5625,
      0.59375,
      0.734375,
      0.71875,
      0.609375,
      0.625,
      0.65625,
      0.609375,
      0.6875,
      0.65625,
      0.65625,
      0.65625,
      0.5
   ],
   "batch_train_losses": [
      1.5605442523956299,
      1.859753131866455,
      1.6664191484451294,
      1.62986421585083,
      1.5828944444656372,
      1.658600926399231,
      1.5544593334197998,
      1.6942477226257324,
      1.6883509159088135,
      1.6328709125518799,
      1.709012746810913,
      1.6158595085144043,
      1.5081580877304077,
      1.80215585231781,
      1.8768681287765503,
      1.615959644317627,
      1.6130247116088867,
      1.5662801265716553,
      1.635361671447754,
      1.8413045406341553,
      1.611263394355774,
      1.3990520238876343,
      1.5956674814224243,
      1.5610026121139526,
      1.4101526737213135,
      1.6772370338439941,
      1.4414620399475098,
      1.6599466800689697,
      1.541266918182373,
      1.7783536911010742,
      1.6661418676376343,
      1.353684425354004,
      1.4026885032653809,
      1.4916694164276123,
      1.5289546251296997,
      1.567812442779541,
      1.6114619970321655,
      1.5417879819869995,
      1.5616068840026855,
      1.6564687490463257,
      1.593012809753418,
      1.9489699602127075
   ],
   "batch_train_times": [],
   "val_accuracy": 0.4594594594594595,
   "val_loss": 2.2307180713962866,
   "val_accuracy_per_label": [
      0.9090909090909091,
      0.0,
      0.0,
      0.0,
      1.0,
      0.0,
      0.0,
      0.9,
      0.0,
      0.0,
      0.0,
      0.0,
      0.0,
      0.6,
      0.0,
      0.0,
      0.0,
      0.0,
      0.0,
      1.0,
      0.8846153846153846,
      0.0,
      0.0,
      0.0,
      0.0,
      0.0,
      0.0,
      0.5,
      0.0,
      0.0,
      0.0,
      0.4,
      0.0,
      0.0,
      0.0,
      0.0,
      0.0,
      0.0,
      0.8666666666666667,
      0.8,
      0.0,
      0.625,
      0.0
   ]
}