{
   "epoch": 22,
   "batch_train_accuracies": [
      0.78125,
      0.84375,
      0.78125,
      0.796875,
      0.765625,
      0.75,
      0.6875,
      0.828125,
      0.6875,
      0.640625,
      0.75,
      0.734375,
      0.8125,
      0.65625,
      0.75,
      0.765625,
      0.640625,
      0.625,
      0.671875,
      0.796875,
      0.75,
      0.75,
      0.734375,
      0.78125,
      0.734375,
      0.75,
      0.71875,
      0.734375,
      0.75,
      0.8125,
      0.828125,
      0.84375,
      0.71875,
      0.71875,
      0.796875,
      0.796875,
      0.71875,
      0.734375,
      0.75,
      0.765625,
      0.84375,
      0.4375
   ],
   "batch_train_losses": [
      1.17952299118042,
      1.0171103477478027,
      1.1641162633895874,
      1.119509220123291,
      1.1358799934387207,
      1.2727242708206177,
      1.3480135202407837,
      1.0382473468780518,
      1.407402515411377,
      1.3177008628845215,
      1.1339621543884277,
      1.1421959400177002,
      1.0293010473251343,
      1.3553565740585327,
      1.1342519521713257,
      1.0061930418014526,
      1.2573726177215576,
      1.2354718446731567,
      1.2695845365524292,
      1.3102940320968628,
      1.1686159372329712,
      1.2871578931808472,
      1.1862620115280151,
      1.0895212888717651,
      1.271098256111145,
      1.0667376518249512,
      1.2221742868423462,
      1.1715925931930542,
      1.1751240491867065,
      1.135473370552063,
      1.0694293975830078,
      1.0252882242202759,
      1.1890923976898193,
      1.2459930181503296,
      1.0203742980957031,
      1.053076148033142,
      1.290819525718689,
      1.0611871480941772,
      1.117336392402649,
      1.154170274734497,
      1.0708104372024536,
      1.936821460723877
   ],
   "batch_train_times": [],
   "val_accuracy": 0.48986486486486486,
   "val_loss": 2.0935313572754732,
   "val_accuracy_per_label": [
      0.7272727272727273,
      0.0,
      0.3333333333333333,
      0.0,
      0.8,
      0.2,
      0.0,
      0.95,
      0.0,
      0.0,
      0.0,
      0.0,
      0.2,
      0.0,
      0.4,
      0.0,
      0.0,
      0.0,
      0.0,
      0.6896551724137931,
      0.9230769230769231,
      0.6,
      0.0,
      0.2,
      0.0,
      0.2,
      0.0,
      0.8,
      0.0,
      0.0,
      0.0,
      0.8,
      0.6,
      0.0,
      0.0,
      0.0,
      0.0,
      0.0,
      1.0,
      0.8,
      0.0,
      0.5,
      0.0
   ]
}