{
   "epoch": 24,
   "batch_train_accuracies": [
      0.796875,
      0.796875,
      0.734375,
      0.78125,
      0.765625,
      0.65625,
      0.703125,
      0.6875,
      0.71875,
      0.703125,
      0.828125,
      0.734375,
      0.734375,
      0.859375,
      0.828125,
      0.75,
      0.703125,
      0.765625,
      0.6875,
      0.78125,
      0.6875,
      0.734375,
      0.734375,
      0.734375,
      0.765625,
      0.796875,
      0.71875,
      0.765625,
      0.796875,
      0.765625,
      0.828125,
      0.8125,
      0.78125,
      0.765625,
      0.796875,
      0.84375,
      0.71875,
      0.8125,
      0.75,
      0.828125,
      0.78125,
      0.875
   ],
   "batch_train_losses": [
      1.099460244178772,
      1.20209538936615,
      1.1543067693710327,
      1.1482698917388916,
      1.1928844451904297,
      1.4306083917617798,
      1.1251672506332397,
      1.2582546472549438,
      1.262551188468933,
      1.251608967781067,
      1.1028927564620972,
      1.05299711227417,
      1.2050278186798096,
      1.0260319709777832,
      1.0822827816009521,
      1.0848500728607178,
      1.1351264715194702,
      1.216773509979248,
      1.3112589120864868,
      1.00492525100708,
      1.1984330415725708,
      1.1554073095321655,
      1.2030988931655884,
      1.126727819442749,
      1.2635146379470825,
      1.1395798921585083,
      1.104081630706787,
      1.062603235244751,
      1.0565472841262817,
      1.1063772439956665,
      1.1108169555664062,
      1.0172054767608643,
      1.2401174306869507,
      1.084099531173706,
      0.9976716637611389,
      1.0759023427963257,
      1.1979669332504272,
      1.1755985021591187,
      1.0375980138778687,
      0.9115233421325684,
      1.0277444124221802,
      1.014127254486084
   ],
   "batch_train_times": [],
   "val_accuracy": 0.5168918918918919,
   "val_loss": 1.8925072148039535,
   "val_accuracy_per_label": [
      0.8181818181818182,
      0.0,
      0.5,
      0.0,
      1.0,
      0.0,
      0.0,
      0.8,
      0.0,
      0.0,
      0.0,
      0.0,
      0.6,
      0.4,
      0.6,
      0.0,
      0.0,
      0.0,
      0.0,
      0.9655172413793104,
      0.9230769230769231,
      0.0,
      0.0,
      0.0,
      0.0,
      0.0,
      0.0,
      0.65,
      0.0,
      0.0,
      0.0,
      1.0,
      0.8,
      0.0,
      0.0,
      0.25,
      0.4,
      0.0,
      0.9333333333333333,
      0.8,
      0.0,
      0.375,
      0.2
   ]
}