{
   "epoch": 44,
   "batch_train_accuracies": [
      0.890625,
      0.8125,
      0.8125,
      0.84375,
      0.84375,
      0.84375,
      0.890625,
      0.828125,
      0.875,
      0.921875,
      0.90625,
      0.875,
      0.859375,
      0.84375,
      0.828125,
      0.96875,
      0.921875,
      0.859375,
      0.78125,
      0.90625,
      0.875,
      0.890625,
      0.828125,
      0.90625,
      0.921875,
      0.75,
      0.796875,
      0.890625,
      0.890625,
      0.890625,
      0.90625,
      0.78125,
      0.90625,
      0.859375,
      0.875,
      0.9375,
      0.875,
      0.90625,
      0.84375,
      0.921875,
      0.84375,
      0.5625
   ],
   "batch_train_losses": [
      0.7581108808517456,
      0.9457138180732727,
      1.0193065404891968,
      0.9768891334533691,
      0.9468279480934143,
      0.8966958522796631,
      0.8286334872245789,
      0.9351479411125183,
      1.0138853788375854,
      0.7018269896507263,
      0.8624302744865417,
      0.8409786820411682,
      0.8236806392669678,
      0.885956346988678,
      1.0307010412216187,
      0.7482665777206421,
      0.7372539043426514,
      0.8895459771156311,
      0.9418646097183228,
      0.8180573582649231,
      0.7889128923416138,
      0.754359781742096,
      1.0379652976989746,
      0.8881850838661194,
      0.7474135756492615,
      0.9883208274841309,
      0.9391485452651978,
      0.8168771266937256,
      0.9669162034988403,
      0.9005842208862305,
      0.7223691940307617,
      0.9949593544006348,
      0.8917845487594604,
      0.8336578011512756,
      0.8382705450057983,
      0.7977171540260315,
      0.8616912961006165,
      0.761049747467041,
      0.8213469386100769,
      0.712761640548706,
      0.8736695051193237,
      1.536000370979309
   ],
   "batch_train_times": [],
   "val_accuracy": 0.5337837837837838,
   "val_loss": 1.7917047674591478,
   "val_accuracy_per_label": [
      0.5454545454545454,
      0.0,
      0.16666666666666666,
      0.0,
      0.8,
      0.0,
      0.0,
      0.85,
      0.0,
      0.0,
      0.0,
      0.0,
      1.0,
      0.2,
      0.6,
      0.0,
      0.0,
      0.0,
      0.0,
      1.0,
      0.6923076923076923,
      0.4,
      0.2,
      0.2,
      0.0,
      0.8,
      0.0,
      1.0,
      0.0,
      0.0,
      0.4,
      0.0,
      0.8,
      0.0,
      0.0,
      1.0,
      0.4,
      0.0,
      0.8666666666666667,
      0.7,
      0.0,
      0.375,
      0.2
   ]
}