{
   "epoch": 42,
   "batch_train_accuracies": [
      0.84375,
      0.6875,
      0.828125,
      0.90625,
      0.84375,
      0.859375,
      0.8125,
      0.890625,
      0.890625,
      0.703125,
      0.875,
      0.8125,
      0.875,
      0.890625,
      0.84375,
      0.8125,
      0.84375,
      0.890625,
      0.890625,
      0.890625,
      0.9375,
      0.890625,
      0.875,
      0.84375,
      0.796875,
      0.90625,
      0.875,
      0.8125,
      0.921875,
      0.84375,
      0.859375,
      0.9375,
      0.921875,
      0.90625,
      0.890625,
      0.828125,
      0.765625,
      0.75,
      0.90625,
      0.890625,
      0.875,
      0.6875
   ],
   "batch_train_losses": [
      1.0242524147033691,
      1.0992145538330078,
      1.0760105848312378,
      0.8780121207237244,
      1.0171990394592285,
      0.8836886882781982,
      1.0882940292358398,
      0.9504753947257996,
      0.8171595931053162,
      1.010380506515503,
      0.7880563139915466,
      1.1121270656585693,
      0.9257838129997253,
      0.8925674557685852,
      0.8828467726707458,
      1.0200555324554443,
      0.9698658585548401,
      0.9039192795753479,
      0.9600542187690735,
      0.9305766224861145,
      0.7484027147293091,
      0.8730403780937195,
      0.8382072448730469,
      0.8179069757461548,
      0.9760271906852722,
      0.8618521690368652,
      0.8356384038925171,
      0.9308952689170837,
      0.8385216593742371,
      1.0399070978164673,
      0.9690107107162476,
      0.6684899926185608,
      0.7768621444702148,
      0.7570509314537048,
      0.8783880472183228,
      0.8769941329956055,
      1.027437686920166,
      0.9934708476066589,
      0.7320226430892944,
      0.7541426420211792,
      0.779482364654541,
      1.2034521102905273
   ],
   "batch_train_times": [],
   "val_accuracy": 0.5912162162162162,
   "val_loss": 1.8469254293957271,
   "val_accuracy_per_label": [
      0.7272727272727273,
      0.0,
      0.6666666666666666,
      0.2,
      1.0,
      0.0,
      0.0,
      0.8,
      0.0,
      1.0,
      0.0,
      0.0,
      0.0,
      1.0,
      1.0,
      0.0,
      0.2,
      0.0,
      0.0,
      1.0,
      0.7307692307692307,
      0.6,
      0.0,
      0.0,
      0.0,
      0.6,
      0.0,
      0.85,
      0.0,
      0.0,
      0.4,
      0.8,
      1.0,
      0.0,
      0.0,
      1.0,
      0.4,
      0.0,
      0.8,
      0.7,
      0.0,
      0.625,
      0.4
   ]
}