{
   "epoch": 32,
   "batch_train_accuracies": [
      0.90625,
      0.78125,
      0.875,
      0.75,
      0.875,
      0.859375,
      0.890625,
      0.84375,
      0.765625,
      0.84375,
      0.765625,
      0.78125,
      0.8125,
      0.75,
      0.890625,
      0.8125,
      0.859375,
      0.78125,
      0.8125,
      0.84375,
      0.890625,
      0.734375,
      0.875,
      0.859375,
      0.765625,
      0.75,
      0.71875,
      0.84375,
      0.71875,
      0.8125,
      0.890625,
      0.84375,
      0.84375,
      0.796875,
      0.90625,
      0.84375,
      0.78125,
      0.796875,
      0.796875,
      0.796875,
      0.90625,
      0.875
   ],
   "batch_train_losses": [
      0.8574408888816833,
      1.1217020750045776,
      0.9008082151412964,
      1.0982146263122559,
      0.8780596256256104,
      0.8868964314460754,
      0.8455083966255188,
      0.9572842717170715,
      1.088249683380127,
      1.0007895231246948,
      1.0587440729141235,
      1.0575809478759766,
      1.020820140838623,
      1.133771300315857,
      0.8432315587997437,
      0.9020360708236694,
      0.8488225340843201,
      1.1611775159835815,
      0.9979019165039062,
      0.9394285678863525,
      0.8864021301269531,
      1.179175853729248,
      0.9863845705986023,
      0.8828933238983154,
      0.9834952354431152,
      1.1023463010787964,
      1.1313902139663696,
      0.9370372891426086,
      1.1694602966308594,
      0.9156323075294495,
      0.9304977655410767,
      1.0040981769561768,
      0.8874093294143677,
      1.0171326398849487,
      0.8418712019920349,
      0.8678977489471436,
      1.0616759061813354,
      1.0033379793167114,
      0.945766806602478,
      1.001805067062378,
      0.9568732976913452,
      0.9270186424255371
   ],
   "batch_train_times": [],
   "val_accuracy": 0.5337837837837838,
   "val_loss": 1.792370309700837,
   "val_accuracy_per_label": [
      0.7272727272727273,
      0.0,
      0.5,
      0.0,
      1.0,
      0.2,
      0.0,
      0.85,
      0.0,
      0.0,
      0.0,
      0.0,
      0.2,
      0.6,
      0.0,
      0.0,
      0.0,
      0.0,
      0.0,
      1.0,
      0.9615384615384616,
      0.0,
      0.2,
      0.0,
      0.0,
      0.2,
      0.0,
      0.75,
      0.0,
      0.0,
      0.6,
      0.0,
      0.8,
      0.0,
      0.0,
      1.0,
      0.0,
      0.0,
      1.0,
      0.8,
      0.0,
      0.625,
      0.2
   ]
}