{
   "epoch": 5,
   "batch_train_accuracies": [
      0.53125,
      0.40625,
      0.34375,
      0.5625,
      0.40625,
      0.625,
      0.375,
      0.46875,
      0.4375,
      0.53125,
      0.3125,
      0.5,
      0.46875,
      0.59375,
      0.5,
      0.53125,
      0.4375,
      0.65625,
      0.46875,
      0.40625,
      0.34375,
      0.4375,
      0.34375,
      0.53125,
      0.53125,
      0.34375,
      0.5,
      0.65625,
      0.4375,
      0.4375,
      0.65625,
      0.5,
      0.5625,
      0.5625,
      0.625,
      0.5625,
      0.53125,
      0.5,
      0.5625,
      0.59375,
      0.5,
      0.53125,
      0.75,
      0.5,
      0.46875,
      0.5625,
      0.5625,
      0.5625,
      0.59375,
      0.625,
      0.5625,
      0.46875,
      0.65625,
      0.46875,
      0.5,
      0.46875,
      0.46875,
      0.5,
      0.5625,
      0.34375,
      0.5625,
      0.46875,
      0.46875,
      0.40625,
      0.34375,
      0.53125,
      0.65625,
      0.4375,
      0.40625,
      0.625,
      0.375,
      0.5,
      0.53125,
      0.3125,
      0.5,
      0.59375,
      0.59375,
      0.6875,
      0.5,
      0.53125,
      0.40625,
      0.5625,
      0.5
   ],
   "batch_train_losses": [
      1.8207637071609497,
      2.1991043090820312,
      2.2600934505462646,
      2.0237762928009033,
      2.2794904708862305,
      1.8518924713134766,
      2.2344419956207275,
      2.089080572128296,
      1.979719638824463,
      1.9620270729064941,
      2.2594053745269775,
      2.1491782665252686,
      2.1508970260620117,
      2.044100761413574,
      2.202718496322632,
      2.102170944213867,
      2.1845197677612305,
      1.84872305393219,
      2.1393609046936035,
      2.1693801879882812,
      2.3568389415740967,
      2.2876157760620117,
      2.30268931388855,
      1.9710663557052612,
      1.9588030576705933,
      2.284487724304199,
      2.079162836074829,
      1.8672250509262085,
      2.303076982498169,
      2.0839898586273193,
      1.7959225177764893,
      1.9923328161239624,
      1.8664488792419434,
      1.8972554206848145,
      1.8476133346557617,
      1.9791653156280518,
      1.9610949754714966,
      2.1028923988342285,
      2.006361961364746,
      1.8874846696853638,
      2.026015281677246,
      1.9658299684524536,
      1.6361998319625854,
      2.0165069103240967,
      2.1017863750457764,
      1.96772301197052,
      1.932137370109558,
      1.8179690837860107,
      1.8459616899490356,
      1.7362351417541504,
      1.9034476280212402,
      2.4055800437927246,
      1.7395637035369873,
      2.156557083129883,
      1.9323105812072754,
      2.0627248287200928,
      1.96432626247406,
      1.8616816997528076,
      1.833017349243164,
      2.478999376296997,
      1.811082124710083,
      2.050644874572754,
      2.048025608062744,
      2.188443899154663,
      2.071552038192749,
      1.894798994064331,
      1.6743000745773315,
      2.1248362064361572,
      2.2242140769958496,
      1.7491133213043213,
      2.2464072704315186,
      2.059225082397461,
      1.9839740991592407,
      2.350839853286743,
      1.8409610986709595,
      1.861601710319519,
      1.8745360374450684,
      1.7241053581237793,
      2.025676727294922,
      2.1377768516540527,
      2.1105833053588867,
      1.8116049766540527,
      1.8258262872695923
   ],
   "batch_train_times": [],
   "val_accuracy": 0.34797297297297297,
   "val_loss": 2.45085774241267,
   "val_accuracy_per_label": [
      0.8181818181818182,
      0.0,
      0.0,
      0.0,
      0.4,
      0.0,
      0.0,
      0.6,
      0.0,
      0.0,
      0.0,
      0.0,
      0.0,
      0.8,
      0.0,
      0.0,
      0.0,
      0.0,
      0.0,
      0.7586206896551724,
      1.0,
      0.0,
      0.0,
      0.0,
      0.0,
      0.0,
      0.0,
      0.15,
      0.0,
      0.0,
      0.0,
      0.0,
      0.0,
      0.0,
      0.0,
      0.0,
      0.0,
      0.0,
      0.4666666666666667,
      0.5,
      0.0,
      0.5,
      0.0
   ]
}