{
   "epoch": 36,
   "batch_train_accuracies": [
      0.90625,
      0.8125,
      0.8125,
      0.84375,
      0.90625,
      0.8125,
      0.9375,
      0.84375,
      0.84375,
      0.84375,
      0.8125,
      0.8125,
      0.8125,
      0.8125,
      0.84375,
      0.84375,
      0.78125,
      0.8125,
      0.6875,
      0.875,
      0.75,
      0.65625,
      0.8125,
      0.78125,
      0.90625,
      0.75,
      0.6875,
      0.75,
      0.78125,
      0.8125,
      0.71875,
      0.8125,
      0.90625,
      0.90625,
      0.75,
      0.78125,
      0.84375,
      0.75,
      0.71875,
      0.9375,
      0.8125,
      0.6875,
      0.84375,
      0.875,
      0.8125,
      0.75,
      0.6875,
      0.75,
      0.90625,
      0.90625,
      0.84375,
      0.875,
      0.84375,
      0.90625,
      0.75,
      0.8125,
      0.625,
      0.71875,
      0.84375,
      0.90625,
      1.0,
      0.90625,
      0.8125,
      0.75,
      0.8125,
      0.71875,
      0.84375,
      0.65625,
      0.75,
      0.875,
      0.71875,
      0.6875,
      0.78125,
      0.71875,
      0.84375,
      0.8125,
      0.78125,
      0.78125,
      0.75,
      0.8125,
      0.90625,
      0.78125,
      0.75
   ],
   "batch_train_losses": [
      0.9705142974853516,
      1.0069366693496704,
      0.9747838973999023,
      1.11780846118927,
      0.8905048966407776,
      1.173559546470642,
      0.8002163767814636,
      0.7722912430763245,
      0.9745240211486816,
      1.1063541173934937,
      1.1050420999526978,
      1.0868163108825684,
      1.135271430015564,
      0.9116024374961853,
      1.0791735649108887,
      1.0434885025024414,
      0.9312683343887329,
      1.060918927192688,
      1.2991282939910889,
      0.9570680260658264,
      1.2818659543991089,
      1.208911418914795,
      1.030259370803833,
      0.9867659211158752,
      0.8305168151855469,
      1.1931934356689453,
      1.4583683013916016,
      1.1222262382507324,
      1.1406911611557007,
      1.1183325052261353,
      1.4837881326675415,
      1.1926624774932861,
      1.0460810661315918,
      0.9029492735862732,
      1.190189242362976,
      1.4232584238052368,
      0.9784433841705322,
      1.1952978372573853,
      1.130729079246521,
      0.8111459016799927,
      1.1916396617889404,
      1.2156012058258057,
      1.1015405654907227,
      1.0991160869598389,
      1.156604528427124,
      1.2162768840789795,
      1.1838411092758179,
      1.2462910413742065,
      0.896541178226471,
      0.9956871271133423,
      0.8703126311302185,
      0.9154893159866333,
      1.208256483078003,
      0.8644037842750549,
      1.2729438543319702,
      1.0210334062576294,
      1.5021953582763672,
      1.2705190181732178,
      0.9484175443649292,
      0.9771363735198975,
      0.9929534196853638,
      0.9302017688751221,
      1.1737797260284424,
      1.1456940174102783,
      0.9759795069694519,
      1.0209970474243164,
      0.9712600708007812,
      1.2996792793273926,
      1.1747767925262451,
      0.9420137405395508,
      1.396500587463379,
      1.2368181943893433,
      1.396411657333374,
      1.2367968559265137,
      1.0709142684936523,
      1.352697491645813,
      0.9998463988304138,
      0.9734384417533875,
      1.2859381437301636,
      1.1530141830444336,
      0.8024945259094238,
      1.42391037940979,
      1.4869087934494019
   ],
   "batch_train_times": [],
   "val_accuracy": 0.5540540540540541,
   "val_loss": 1.8421479173608728,
   "val_accuracy_per_label": [
      0.6818181818181818,
      0.0,
      0.5,
      0.2,
      0.8,
      1.0,
      0.0,
      0.85,
      0.0,
      0.0,
      0.0,
      0.0,
      0.4,
      0.4,
      0.8,
      0.0,
      0.0,
      0.0,
      0.2,
      0.9655172413793104,
      1.0,
      0.0,
      0.0,
      0.0,
      0.0,
      0.5,
      0.0,
      0.8,
      0.0,
      0.0,
      0.0,
      1.0,
      0.8,
      0.0,
      0.0,
      0.0,
      0.2,
      0.2,
      0.8666666666666667,
      0.7,
      0.0,
      0.375,
      0.2
   ]
}