{
   "epoch": 29,
   "batch_train_accuracies": [
      0.84375,
      0.71875,
      0.78125,
      0.9375,
      0.8125,
      0.78125,
      0.84375,
      0.78125,
      0.78125,
      0.84375,
      0.84375,
      0.65625,
      0.8125,
      0.875,
      0.90625,
      0.75,
      0.78125,
      0.8125,
      0.78125,
      0.8125,
      0.78125,
      0.78125,
      0.71875,
      0.90625,
      0.8125,
      0.75,
      0.875,
      0.90625,
      0.84375,
      0.875,
      0.625,
      0.78125,
      0.875,
      0.90625,
      0.84375,
      0.6875,
      0.71875,
      0.78125,
      0.8125,
      0.5625,
      0.75,
      0.84375,
      0.875,
      0.78125,
      0.75,
      0.75,
      0.75,
      0.8125,
      0.84375,
      0.875,
      0.8125,
      0.8125,
      0.78125,
      0.9375,
      0.6875,
      0.90625,
      0.8125,
      0.84375,
      0.625,
      0.78125,
      0.78125,
      0.71875,
      0.8125,
      0.78125,
      0.8125,
      0.71875,
      0.78125,
      0.84375,
      0.6875,
      0.90625,
      0.8125,
      0.75,
      0.8125,
      0.8125,
      0.75,
      0.59375,
      0.8125,
      0.875,
      0.78125,
      0.71875,
      0.71875,
      0.6875,
      0.8125
   ],
   "batch_train_losses": [
      1.0511763095855713,
      1.3854159116744995,
      1.2581806182861328,
      0.9494884014129639,
      0.9685095548629761,
      1.1782716512680054,
      0.9830511808395386,
      1.378708839416504,
      1.069778561592102,
      0.909096896648407,
      1.068540334701538,
      1.2109135389328003,
      0.9897409677505493,
      1.0268062353134155,
      1.0798593759536743,
      1.247104525566101,
      1.047936201095581,
      1.0138499736785889,
      1.1695891618728638,
      1.0106732845306396,
      0.996296226978302,
      1.0728362798690796,
      1.2490392923355103,
      1.2562236785888672,
      0.9754466414451599,
      1.2712358236312866,
      1.0447911024093628,
      0.9359094500541687,
      0.9432938694953918,
      0.9642886519432068,
      1.440527081489563,
      1.1480216979980469,
      0.8051867485046387,
      0.8250861763954163,
      1.0876730680465698,
      1.3372986316680908,
      1.1887396574020386,
      1.2568172216415405,
      1.1212562322616577,
      1.5476096868515015,
      1.096320629119873,
      1.0027698278427124,
      1.071664571762085,
      1.1945509910583496,
      1.2776635885238647,
      1.3000690937042236,
      1.1599223613739014,
      1.094726800918579,
      1.1737606525421143,
      1.0228430032730103,
      1.0152502059936523,
      1.222694993019104,
      1.2408488988876343,
      0.9467957615852356,
      1.3792887926101685,
      0.9678233861923218,
      1.1074529886245728,
      1.107088327407837,
      1.5313762426376343,
      1.1861333847045898,
      1.1463134288787842,
      1.1294910907745361,
      1.132270336151123,
      1.1704881191253662,
      1.1025415658950806,
      1.2072960138320923,
      1.0743063688278198,
      1.0867531299591064,
      1.2547028064727783,
      0.9499487280845642,
      1.1094921827316284,
      1.1978009939193726,
      1.0068436861038208,
      0.9958803057670593,
      1.1095428466796875,
      1.4377533197402954,
      1.0622645616531372,
      1.0511888265609741,
      1.0156488418579102,
      1.308993935585022,
      1.0815668106079102,
      1.3850769996643066,
      1.0865018367767334
   ],
   "batch_train_times": [],
   "val_accuracy": 0.5168918918918919,
   "val_loss": 1.910498596526481,
   "val_accuracy_per_label": [
      0.7272727272727273,
      0.0,
      0.16666666666666666,
      0.0,
      0.8,
      0.2,
      0.0,
      0.85,
      0.0,
      0.6,
      0.0,
      0.0,
      0.2,
      0.0,
      0.0,
      0.0,
      0.0,
      0.0,
      0.0,
      1.0,
      1.0,
      0.2,
      0.0,
      0.4,
      0.0,
      0.3,
      0.0,
      0.55,
      0.0,
      0.0,
      0.0,
      0.6,
      0.8,
      0.0,
      0.0,
      0.0,
      0.4,
      0.0,
      1.0,
      0.9,
      0.0,
      0.625,
      0.0
   ]
}