{
   "epoch": 34,
   "batch_train_accuracies": [
      0.71875,
      0.78125,
      0.8125,
      0.65625,
      0.84375,
      0.71875,
      0.8125,
      0.75,
      0.75,
      0.90625,
      0.875,
      0.84375,
      0.75,
      0.78125,
      0.84375,
      0.8125,
      0.90625,
      0.6875,
      0.8125,
      0.9375,
      0.6875,
      0.8125,
      0.75,
      0.71875,
      0.84375,
      0.90625,
      0.8125,
      0.78125,
      0.78125,
      0.71875,
      0.84375,
      0.65625,
      0.8125,
      0.90625,
      0.65625,
      0.78125,
      0.84375,
      0.59375,
      0.78125,
      0.875,
      0.8125,
      0.8125,
      0.84375,
      0.71875,
      0.8125,
      0.8125,
      0.84375,
      0.84375,
      0.8125,
      0.875,
      0.90625,
      0.78125,
      0.8125,
      0.78125,
      0.875,
      0.8125,
      0.84375,
      0.875,
      0.78125,
      0.875,
      0.78125,
      0.75,
      0.84375,
      0.8125,
      0.8125,
      0.78125,
      0.8125,
      0.84375,
      0.71875,
      0.875,
      0.71875,
      0.78125,
      0.9375,
      0.75,
      0.75,
      0.78125,
      0.84375,
      0.78125,
      0.78125,
      0.90625,
      0.96875,
      0.90625,
      0.6875
   ],
   "batch_train_losses": [
      1.2473808526992798,
      1.1331374645233154,
      1.1290524005889893,
      1.301619291305542,
      0.9366477131843567,
      1.1818549633026123,
      1.1627551317214966,
      1.0701638460159302,
      1.1992918252944946,
      0.8363561630249023,
      0.9461045265197754,
      0.988141655921936,
      1.3366633653640747,
      1.245848298072815,
      1.0873982906341553,
      1.224672794342041,
      1.0284030437469482,
      1.3290976285934448,
      1.0495548248291016,
      0.8126044869422913,
      1.1946347951889038,
      1.1002941131591797,
      1.2365679740905762,
      1.137441635131836,
      0.9452067017555237,
      0.7801649570465088,
      1.0732320547103882,
      1.104848861694336,
      1.0089465379714966,
      1.2198935747146606,
      1.0369453430175781,
      1.2625318765640259,
      1.2266734838485718,
      0.9090554118156433,
      1.3416844606399536,
      1.1232590675354004,
      1.064889907836914,
      1.3849478960037231,
      1.2865132093429565,
      1.0803906917572021,
      1.1616909503936768,
      1.091098666191101,
      1.0207431316375732,
      1.1628601551055908,
      1.1425403356552124,
      1.074188470840454,
      1.0201853513717651,
      0.9339385032653809,
      1.004763126373291,
      1.0581668615341187,
      0.8970170617103577,
      1.252023458480835,
      1.2528269290924072,
      1.069923758506775,
      0.9603114128112793,
      0.9356070160865784,
      1.0297034978866577,
      0.8565273880958557,
      1.0832104682922363,
      1.0038498640060425,
      1.1256015300750732,
      1.1743346452713013,
      0.9509316086769104,
      1.0498864650726318,
      1.2317118644714355,
      0.9812464714050293,
      1.1018263101577759,
      1.0032070875167847,
      1.153738021850586,
      1.0896153450012207,
      1.3570690155029297,
      1.0901049375534058,
      0.8443377017974854,
      1.2442439794540405,
      1.1133431196212769,
      1.1410661935806274,
      1.155478835105896,
      1.1721220016479492,
      1.0469459295272827,
      0.9538649916648865,
      0.8866450190544128,
      0.9848875403404236,
      1.2513155937194824
   ],
   "batch_train_times": [],
   "val_accuracy": 0.5202702702702703,
   "val_loss": 1.9270651050516077,
   "val_accuracy_per_label": [
      0.6363636363636364,
      0.0,
      0.16666666666666666,
      0.4,
      0.8,
      0.0,
      0.3333333333333333,
      0.85,
      0.0,
      0.0,
      0.0,
      0.2,
      0.0,
      0.8,
      0.8,
      0.0,
      0.0,
      0.0,
      0.0,
      1.0,
      0.6538461538461539,
      0.0,
      0.6,
      0.0,
      0.0,
      0.6,
      0.0,
      1.0,
      0.0,
      0.0,
      0.6,
      0.0,
      0.2,
      0.0,
      0.0,
      0.5,
      0.2,
      0.0,
      0.8666666666666667,
      0.6,
      0.0,
      0.5,
      0.2
   ]
}