{
   "epoch": 20,
   "batch_train_accuracies": [
      0.78125,
      0.6875,
      0.71875,
      0.8125,
      0.78125,
      0.71875,
      0.5625,
      0.78125,
      0.84375,
      0.71875,
      0.8125,
      0.8125,
      0.71875,
      0.71875,
      0.84375,
      0.71875,
      0.875,
      0.78125,
      0.875,
      0.8125,
      0.75,
      0.75,
      0.84375,
      0.75,
      0.625,
      0.78125,
      0.75,
      0.75,
      0.78125,
      0.71875,
      0.84375,
      0.625,
      0.8125,
      0.75,
      0.84375,
      0.75,
      0.75,
      0.78125,
      0.75,
      0.71875,
      0.75,
      0.6875,
      0.90625,
      0.75,
      0.875,
      0.65625,
      0.84375,
      0.84375,
      0.625,
      0.75,
      0.625,
      0.8125,
      0.75,
      0.8125,
      0.78125,
      0.78125,
      0.71875,
      0.5625,
      0.71875,
      0.65625,
      0.71875,
      0.8125,
      0.65625,
      0.625,
      0.71875,
      0.59375,
      0.75,
      0.6875,
      0.78125,
      0.8125,
      0.84375,
      0.78125,
      0.8125,
      0.75,
      0.78125,
      0.8125,
      0.6875,
      0.59375,
      0.59375,
      0.65625,
      0.5625,
      0.625,
      0.8125
   ],
   "batch_train_losses": [
      1.048833966255188,
      1.2711424827575684,
      1.1695269346237183,
      1.0627450942993164,
      1.2117865085601807,
      1.3501684665679932,
      1.7447185516357422,
      1.1752254962921143,
      0.9512128829956055,
      1.3282784223556519,
      1.1327019929885864,
      1.0764844417572021,
      1.1357594728469849,
      1.211981177330017,
      0.8450000286102295,
      1.2770661115646362,
      1.0984861850738525,
      1.0254547595977783,
      0.8228250741958618,
      0.9422051310539246,
      1.2001714706420898,
      1.148573875427246,
      1.1772487163543701,
      1.1414591073989868,
      1.2904404401779175,
      1.0699875354766846,
      1.1400411128997803,
      1.3752495050430298,
      1.051207184791565,
      1.2584284543991089,
      1.01774263381958,
      1.2620424032211304,
      0.9911374449729919,
      1.2038346529006958,
      1.225995659828186,
      1.2155858278274536,
      1.220607042312622,
      1.2435201406478882,
      0.9864056706428528,
      1.434828758239746,
      1.2993594408035278,
      1.1305766105651855,
      1.0259950160980225,
      1.3583807945251465,
      0.9449716210365295,
      1.2705342769622803,
      1.0381755828857422,
      1.0908952951431274,
      1.4699912071228027,
      1.2156667709350586,
      1.5375070571899414,
      1.0438050031661987,
      1.2449957132339478,
      1.15610933303833,
      1.1162515878677368,
      1.0643603801727295,
      1.2545546293258667,
      1.4156349897384644,
      1.2385488748550415,
      1.3496875762939453,
      1.3247166872024536,
      1.21944260597229,
      1.2202271223068237,
      1.2766169309616089,
      1.1128727197647095,
      1.4182124137878418,
      1.1003937721252441,
      1.593992829322815,
      1.2206799983978271,
      1.2536951303482056,
      0.9541760683059692,
      1.2519577741622925,
      1.213869571685791,
      1.2537436485290527,
      1.1245930194854736,
      1.1212184429168701,
      1.4872654676437378,
      1.3936232328414917,
      1.4718855619430542,
      1.4114185571670532,
      1.434057354927063,
      1.219717025756836,
      1.1532384157180786
   ],
   "batch_train_times": [],
   "val_accuracy": 0.3952702702702703,
   "val_loss": 2.155645621789468,
   "val_accuracy_per_label": [
      0.5909090909090909,
      0.0,
      0.0,
      0.0,
      0.8,
      0.2,
      0.0,
      0.8,
      0.0,
      0.0,
      0.0,
      0.0,
      0.2,
      0.2,
      0.4,
      0.0,
      0.0,
      0.0,
      0.2,
      0.5517241379310345,
      1.0,
      0.0,
      0.0,
      0.6,
      0.0,
      0.0,
      0.0,
      0.25,
      0.0,
      0.0,
      0.0,
      0.2,
      0.2,
      0.0,
      0.0,
      0.0,
      0.0,
      0.0,
      0.8666666666666667,
      0.8,
      0.0,
      0.5,
      0.2
   ]
}