{
   "epoch": 18,
   "batch_train_accuracies": [
      0.71875,
      0.9375,
      0.625,
      0.8125,
      0.6875,
      0.59375,
      0.75,
      0.875,
      0.625,
      0.6875,
      0.71875,
      0.71875,
      0.5625,
      0.8125,
      0.71875,
      0.59375,
      0.65625,
      0.71875,
      0.8125,
      0.75,
      0.65625,
      0.71875,
      0.6875,
      0.78125,
      0.6875,
      0.65625,
      0.75,
      0.71875,
      0.625,
      0.53125,
      0.78125,
      0.78125,
      0.71875,
      0.78125,
      0.6875,
      0.71875,
      0.6875,
      0.71875,
      0.75,
      0.6875,
      0.78125,
      0.875,
      0.90625,
      0.6875,
      0.71875,
      0.625,
      0.6875,
      0.8125,
      0.90625,
      0.625,
      0.59375,
      0.71875,
      0.6875,
      0.75,
      0.71875,
      0.6875,
      0.6875,
      0.65625,
      0.65625,
      0.78125,
      0.6875,
      0.71875,
      0.8125,
      0.75,
      0.84375,
      0.71875,
      0.71875,
      0.625,
      0.625,
      0.5625,
      0.78125,
      0.65625,
      0.65625,
      0.6875,
      0.84375,
      0.78125,
      0.65625,
      0.71875,
      0.75,
      0.59375,
      0.71875,
      0.65625,
      0.625
   ],
   "batch_train_losses": [
      1.2938685417175293,
      1.0583800077438354,
      1.2181422710418701,
      1.069577693939209,
      1.3914270401000977,
      1.4326400756835938,
      1.3469151258468628,
      1.0167503356933594,
      1.3437919616699219,
      1.2886409759521484,
      1.3429498672485352,
      1.0813325643539429,
      1.481753945350647,
      1.1051756143569946,
      1.1253713369369507,
      1.520086646080017,
      1.4929215908050537,
      1.2798738479614258,
      1.111122965812683,
      1.1595869064331055,
      1.2618476152420044,
      1.1674000024795532,
      1.0921114683151245,
      1.1888701915740967,
      1.285325527191162,
      1.2593976259231567,
      1.3054779767990112,
      1.1111485958099365,
      1.2647740840911865,
      1.4666815996170044,
      1.0413228273391724,
      1.1855498552322388,
      1.1474112272262573,
      1.0528709888458252,
      1.1586014032363892,
      1.242254614830017,
      1.281709909439087,
      1.107433557510376,
      1.2024049758911133,
      1.3778927326202393,
      1.0524356365203857,
      1.003425121307373,
      1.1296542882919312,
      1.3713250160217285,
      1.266554832458496,
      1.4538021087646484,
      1.4685263633728027,
      1.2054314613342285,
      0.9761419892311096,
      1.4676456451416016,
      1.4606753587722778,
      1.10929274559021,
      1.1463987827301025,
      1.1257297992706299,
      1.2564496994018555,
      1.3888213634490967,
      1.2798787355422974,
      1.3125579357147217,
      1.2675786018371582,
      1.1687179803848267,
      1.406988263130188,
      1.1780860424041748,
      1.0471214056015015,
      1.125175952911377,
      1.0331497192382812,
      1.4203077554702759,
      1.2447649240493774,
      1.4192183017730713,
      1.3755906820297241,
      1.6788510084152222,
      1.1344555616378784,
      1.2237868309020996,
      1.2642916440963745,
      1.2720452547073364,
      1.0989139080047607,
      1.2032043933868408,
      1.3861613273620605,
      1.4998466968536377,
      1.3777354955673218,
      1.5836422443389893,
      1.3940478563308716,
      1.4231293201446533,
      1.4076097011566162
   ],
   "batch_train_times": [],
   "val_accuracy": 0.4966216216216216,
   "val_loss": 1.9427392611632477,
   "val_accuracy_per_label": [
      0.6363636363636364,
      0.0,
      0.3333333333333333,
      0.0,
      0.8,
      0.4,
      0.0,
      0.8,
      0.0,
      0.0,
      0.0,
      0.0,
      0.0,
      0.0,
      0.0,
      0.0,
      0.0,
      0.0,
      0.0,
      1.0,
      0.8461538461538461,
      0.0,
      0.0,
      0.4,
      0.0,
      0.1,
      0.0,
      1.0,
      0.0,
      0.0,
      0.4,
      0.6,
      0.8,
      0.0,
      0.0,
      0.0,
      0.2,
      0.0,
      0.9333333333333333,
      0.7,
      0.0,
      0.5,
      0.0
   ]
}