{
   "epoch": 41,
   "batch_train_accuracies": [
      0.78125,
      0.84375,
      0.84375,
      0.8125,
      0.875,
      0.78125,
      0.6875,
      0.8125,
      0.78125,
      0.84375,
      0.78125,
      0.71875,
      0.78125,
      0.84375,
      0.9375,
      0.9375,
      0.84375,
      0.84375,
      0.78125,
      0.84375,
      0.75,
      0.75,
      0.65625,
      0.84375,
      0.8125,
      0.8125,
      0.78125,
      0.96875,
      0.9375,
      0.78125,
      0.84375,
      0.84375,
      0.75,
      0.84375,
      0.90625,
      0.8125,
      0.90625,
      0.78125,
      0.8125,
      0.8125,
      0.71875,
      0.8125,
      0.8125,
      0.84375,
      0.875,
      0.875,
      0.84375,
      0.8125,
      0.78125,
      0.75,
      0.90625,
      0.90625,
      0.8125,
      0.8125,
      0.78125,
      0.71875,
      0.96875,
      0.84375,
      0.78125,
      0.78125,
      0.90625,
      0.8125,
      0.90625,
      0.9375,
      0.875,
      0.71875,
      0.71875,
      0.84375,
      0.75,
      0.78125,
      0.71875,
      0.84375,
      0.875,
      0.78125,
      0.875,
      0.875,
      0.71875,
      0.75,
      0.75,
      0.90625,
      0.90625,
      0.65625,
      0.875
   ],
   "batch_train_losses": [
      1.0219471454620361,
      0.9540865421295166,
      1.2171597480773926,
      0.9994252324104309,
      1.1102503538131714,
      1.2595933675765991,
      1.1401431560516357,
      1.2733126878738403,
      1.2991656064987183,
      0.9881145358085632,
      1.2393863201141357,
      1.3582514524459839,
      1.1036936044692993,
      1.1592758893966675,
      1.0577083826065063,
      1.0694688558578491,
      1.023033857345581,
      1.1011042594909668,
      1.0273200273513794,
      0.9588667750358582,
      1.1742689609527588,
      1.1721659898757935,
      1.4293303489685059,
      1.156774878501892,
      0.9768879413604736,
      1.0077651739120483,
      1.0517247915267944,
      0.7141320109367371,
      0.8893206715583801,
      1.0535298585891724,
      1.2762702703475952,
      1.0710519552230835,
      1.1568299531936646,
      1.038854718208313,
      0.9180981516838074,
      1.0367475748062134,
      1.1383435726165771,
      1.2690857648849487,
      0.9451090097427368,
      1.1330487728118896,
      1.2636051177978516,
      1.0857714414596558,
      0.9434592127799988,
      1.0320709943771362,
      0.9149694442749023,
      1.076370358467102,
      0.9604566097259521,
      1.0232112407684326,
      1.178554892539978,
      1.227294921875,
      0.942034125328064,
      0.8708285093307495,
      1.014467477798462,
      1.098664402961731,
      1.1331212520599365,
      1.22808837890625,
      0.6761576533317566,
      1.201861023902893,
      1.0960441827774048,
      1.0540004968643188,
      0.9264490604400635,
      1.1886978149414062,
      0.99350905418396,
      1.0664187669754028,
      1.1389840841293335,
      1.3201655149459839,
      1.2743942737579346,
      1.076988697052002,
      1.448206901550293,
      1.1654425859451294,
      1.37501060962677,
      1.06719172000885,
      0.966421365737915,
      1.126003384590149,
      1.0654443502426147,
      0.8534937500953674,
      1.179650068283081,
      1.2852426767349243,
      1.320837140083313,
      0.9970776438713074,
      0.7664714455604553,
      1.4740492105484009,
      1.2751668691635132
   ],
   "batch_train_times": [],
   "val_accuracy": 0.5101351351351351,
   "val_loss": 1.927748306377514,
   "val_accuracy_per_label": [
      0.6818181818181818,
      0.0,
      0.3333333333333333,
      0.0,
      1.0,
      0.0,
      0.0,
      0.85,
      0.0,
      0.0,
      0.0,
      0.0,
      0.2,
      0.6,
      0.6,
      0.0,
      0.0,
      0.0,
      0.0,
      1.0,
      0.9230769230769231,
      0.0,
      0.2,
      0.6,
      0.0,
      0.2,
      0.0,
      0.9,
      0.0,
      0.0,
      0.2,
      0.0,
      1.0,
      0.0,
      0.0,
      0.0,
      0.0,
      0.0,
      1.0,
      0.3,
      0.0,
      0.5,
      0.0
   ]
}