{
   "epoch": 23,
   "batch_train_accuracies": [
      0.8125,
      0.625,
      0.6875,
      0.71875,
      0.75,
      0.8125,
      0.8125,
      0.71875,
      0.8125,
      0.78125,
      0.78125,
      0.78125,
      0.8125,
      0.875,
      0.75,
      0.8125,
      0.65625,
      0.84375,
      0.8125,
      0.71875,
      0.75,
      0.8125,
      0.71875,
      0.6875,
      0.75,
      0.65625,
      0.78125,
      0.6875,
      0.78125,
      0.75,
      0.59375,
      0.8125,
      0.8125,
      0.65625,
      0.8125,
      0.65625,
      0.75,
      0.6875,
      0.90625,
      0.71875,
      0.84375,
      0.8125,
      0.6875,
      0.71875,
      0.75,
      0.71875,
      0.84375,
      0.6875,
      0.75,
      0.65625,
      0.75,
      0.75,
      0.71875,
      0.6875,
      0.71875,
      0.90625,
      0.625,
      0.71875,
      0.78125,
      0.71875,
      0.65625,
      0.8125,
      0.65625,
      0.78125,
      0.84375,
      0.6875,
      0.6875,
      0.65625,
      0.65625,
      0.90625,
      0.6875,
      0.90625,
      0.75,
      0.8125,
      0.75,
      0.71875,
      0.75,
      0.8125,
      0.71875,
      0.84375,
      0.90625,
      0.75,
      0.8125
   ],
   "batch_train_losses": [
      1.1770037412643433,
      1.4459969997406006,
      1.535893440246582,
      1.3666222095489502,
      1.141555905342102,
      1.1078519821166992,
      1.1508269309997559,
      1.2092258930206299,
      1.1110799312591553,
      1.021093726158142,
      1.0457394123077393,
      1.0103472471237183,
      1.0440996885299683,
      1.065434217453003,
      1.223482370376587,
      1.1861646175384521,
      1.0979173183441162,
      1.0950547456741333,
      1.1591038703918457,
      1.2922708988189697,
      1.3497707843780518,
      0.9334086179733276,
      1.100730299949646,
      1.2116130590438843,
      1.2499665021896362,
      1.358514666557312,
      1.1987690925598145,
      1.2723370790481567,
      0.9572710394859314,
      1.1782892942428589,
      1.6128112077713013,
      1.162635326385498,
      1.2368873357772827,
      1.401733636856079,
      1.1259466409683228,
      1.297968864440918,
      1.2452138662338257,
      1.3218425512313843,
      0.8360799551010132,
      1.1586600542068481,
      1.1428163051605225,
      1.1109528541564941,
      1.4239295721054077,
      1.4968678951263428,
      1.213348150253296,
      1.1769311428070068,
      0.992337167263031,
      1.2696971893310547,
      1.1190435886383057,
      1.495485782623291,
      1.0340451002120972,
      1.3283891677856445,
      1.1761659383773804,
      1.3585869073867798,
      1.2237398624420166,
      0.8933653831481934,
      1.4924581050872803,
      1.3475489616394043,
      1.0330311059951782,
      1.163388729095459,
      1.2346290349960327,
      1.056027889251709,
      1.3063691854476929,
      1.0207569599151611,
      0.9802883267402649,
      1.359291672706604,
      1.2289941310882568,
      1.3721858263015747,
      1.2767428159713745,
      0.9911487698554993,
      1.3645708560943604,
      0.8311942219734192,
      1.2284754514694214,
      1.2402374744415283,
      1.1353741884231567,
      1.359042763710022,
      1.3170098066329956,
      1.2188893556594849,
      1.2148916721343994,
      1.0340282917022705,
      0.9445302486419678,
      1.1309289932250977,
      1.112483024597168
   ],
   "batch_train_times": [],
   "val_accuracy": 0.5304054054054054,
   "val_loss": 1.908488080308244,
   "val_accuracy_per_label": [
      0.7272727272727273,
      0.0,
      0.0,
      0.4,
      0.8,
      0.0,
      0.0,
      0.85,
      0.0,
      0.0,
      0.0,
      0.0,
      0.0,
      0.6,
      0.8,
      0.0,
      0.0,
      0.0,
      0.0,
      0.9655172413793104,
      1.0,
      0.0,
      0.4,
      0.8,
      0.0,
      0.1,
      0.0,
      0.9,
      0.0,
      0.0,
      0.2,
      0.8,
      0.8,
      0.0,
      0.0,
      0.0,
      0.0,
      0.0,
      0.8666666666666667,
      0.6,
      0.0,
      0.5,
      0.0
   ]
}