{
   "epoch": 22,
   "batch_train_accuracies": [
      0.6875,
      0.875,
      0.9375,
      0.75,
      0.75,
      0.84375,
      0.90625,
      0.84375,
      0.78125,
      0.78125,
      0.6875,
      0.78125,
      0.65625,
      0.65625,
      0.8125,
      0.8125,
      0.6875,
      0.71875,
      0.65625,
      0.84375,
      0.75,
      0.6875,
      0.84375,
      0.78125,
      0.90625,
      0.84375,
      0.625,
      0.75,
      0.84375,
      0.75,
      0.84375,
      0.875,
      0.6875,
      0.59375,
      0.71875,
      0.71875,
      0.59375,
      0.78125,
      0.71875,
      0.78125,
      0.78125,
      0.71875,
      0.8125,
      0.65625,
      0.65625,
      0.84375,
      0.8125,
      0.875,
      0.71875,
      0.78125,
      0.8125,
      0.78125,
      0.59375,
      0.75,
      0.5625,
      0.6875,
      0.75,
      0.8125,
      0.65625,
      0.875,
      0.75,
      0.875,
      0.8125,
      0.84375,
      0.78125,
      0.625,
      0.71875,
      0.75,
      0.90625,
      0.78125,
      0.9375,
      0.71875,
      0.71875,
      0.6875,
      0.75,
      0.75,
      0.78125,
      0.75,
      0.78125,
      0.84375,
      0.6875,
      1.0,
      0.4375
   ],
   "batch_train_losses": [
      1.1824277639389038,
      1.0802950859069824,
      0.7769123911857605,
      1.167930006980896,
      1.2382631301879883,
      1.0153605937957764,
      0.9676754474639893,
      1.158786654472351,
      1.1040987968444824,
      1.1756032705307007,
      1.3766041994094849,
      1.417694091796875,
      1.3536946773529053,
      1.3921376466751099,
      1.1078404188156128,
      0.9206212759017944,
      1.3765592575073242,
      1.5222816467285156,
      1.3817743062973022,
      1.1001414060592651,
      1.0282981395721436,
      1.3860870599746704,
      1.0359408855438232,
      1.266992211341858,
      0.9507603049278259,
      0.9943751692771912,
      1.4327713251113892,
      1.2725862264633179,
      1.034852147102356,
      1.1297580003738403,
      1.1047914028167725,
      0.9468206167221069,
      1.3269504308700562,
      1.2491722106933594,
      1.1460330486297607,
      1.3289554119110107,
      1.5328211784362793,
      1.1652225255966187,
      1.2646677494049072,
      1.3793785572052002,
      1.0943474769592285,
      1.3010128736495972,
      1.1230934858322144,
      1.4685981273651123,
      1.4522035121917725,
      1.0174404382705688,
      1.0770763158798218,
      0.9551573991775513,
      1.1909689903259277,
      1.269273281097412,
      0.9988044500350952,
      1.2092628479003906,
      1.402834415435791,
      1.1287091970443726,
      1.4493592977523804,
      1.1299467086791992,
      1.4752715826034546,
      1.0780200958251953,
      1.4721425771713257,
      0.8862121105194092,
      1.0325089693069458,
      1.2108298540115356,
      1.2348977327346802,
      0.8850021958351135,
      1.115594506263733,
      1.4154192209243774,
      1.2252293825149536,
      1.1967073678970337,
      0.907277524471283,
      1.1038025617599487,
      0.835407018661499,
      1.262444257736206,
      1.167672038078308,
      1.4033259153366089,
      1.1032631397247314,
      1.111216425895691,
      1.0724512338638306,
      1.1868942975997925,
      1.1272830963134766,
      1.223171591758728,
      1.134200930595398,
      0.9166063666343689,
      1.923370599746704
   ],
   "batch_train_times": [],
   "val_accuracy": 0.5506756756756757,
   "val_loss": 1.9287269115447998,
   "val_accuracy_per_label": [
      0.7727272727272727,
      0.0,
      0.0,
      0.4,
      0.4,
      0.0,
      0.0,
      0.85,
      0.0,
      0.4,
      0.0,
      0.2,
      0.6,
      0.6,
      0.4,
      0.0,
      0.0,
      0.0,
      0.0,
      0.896551724137931,
      0.8076923076923077,
      0.2,
      0.0,
      0.6,
      0.0,
      0.5,
      0.0,
      0.9,
      0.0,
      0.0,
      0.2,
      1.0,
      0.8,
      0.0,
      0.0,
      0.25,
      0.0,
      0.0,
      1.0,
      0.9,
      0.0,
      0.5,
      0.2
   ]
}