{
   "epoch": 44,
   "batch_train_accuracies": [
      0.9375,
      0.9375,
      0.75,
      0.9375,
      0.71875,
      0.6875,
      0.84375,
      0.6875,
      0.78125,
      0.875,
      0.75,
      0.84375,
      0.875,
      0.875,
      0.75,
      0.78125,
      0.75,
      0.75,
      0.8125,
      0.96875,
      0.875,
      0.84375,
      0.8125,
      0.8125,
      0.84375,
      0.90625,
      0.78125,
      0.75,
      0.84375,
      0.75,
      0.84375,
      0.8125,
      0.84375,
      0.84375,
      0.875,
      0.6875,
      0.75,
      0.71875,
      0.78125,
      0.90625,
      0.875,
      0.75,
      0.875,
      0.78125,
      0.84375,
      0.65625,
      0.84375,
      0.71875,
      0.8125,
      0.875,
      0.6875,
      0.78125,
      0.75,
      0.84375,
      0.75,
      0.65625,
      0.78125,
      0.84375,
      0.8125,
      0.84375,
      0.875,
      0.875,
      0.78125,
      0.8125,
      0.84375,
      0.8125,
      0.75,
      0.90625,
      0.84375,
      0.84375,
      0.8125,
      0.84375,
      0.875,
      0.78125,
      0.84375,
      0.875,
      0.875,
      0.78125,
      0.84375,
      0.8125,
      0.90625,
      0.8125,
      0.625
   ],
   "batch_train_losses": [
      1.0138272047042847,
      0.9336956143379211,
      1.3533402681350708,
      0.9891079664230347,
      1.327667236328125,
      1.2232517004013062,
      1.1249090433120728,
      1.3513169288635254,
      1.2815067768096924,
      1.0068695545196533,
      1.2934119701385498,
      1.0393617153167725,
      1.0115522146224976,
      0.959028422832489,
      1.1911301612854004,
      1.1817604303359985,
      1.179358720779419,
      1.4150176048278809,
      1.1163066625595093,
      0.8033857345581055,
      0.9659026861190796,
      1.249106764793396,
      1.1355918645858765,
      0.9846333265304565,
      1.02976655960083,
      0.9658810496330261,
      1.1359015703201294,
      1.1463950872421265,
      1.0711849927902222,
      1.4146709442138672,
      1.0249367952346802,
      0.9349031448364258,
      1.0279762744903564,
      0.9575397372245789,
      0.9949325323104858,
      1.2854828834533691,
      1.1068294048309326,
      1.2045003175735474,
      1.0939486026763916,
      0.9356729388237,
      1.0701347589492798,
      1.2980759143829346,
      0.8894871473312378,
      1.0379409790039062,
      1.1718121767044067,
      1.5812718868255615,
      0.9722632169723511,
      1.2592757940292358,
      1.138519048690796,
      0.9349755644798279,
      1.336199402809143,
      1.135973334312439,
      1.1543177366256714,
      1.126951813697815,
      1.1969159841537476,
      1.3260356187820435,
      1.3634915351867676,
      1.0737099647521973,
      1.1124190092086792,
      1.1973356008529663,
      0.9775629639625549,
      0.9912613034248352,
      1.2541496753692627,
      1.0636953115463257,
      1.0552369356155396,
      1.2307521104812622,
      1.1892573833465576,
      0.8826929330825806,
      1.231965184211731,
      0.9509178400039673,
      1.155553936958313,
      1.1823618412017822,
      1.0564920902252197,
      1.211524248123169,
      1.0315375328063965,
      0.9300326704978943,
      0.904914915561676,
      1.1702698469161987,
      0.8967742919921875,
      1.0537052154541016,
      1.029860019683838,
      1.1561284065246582,
      1.7983567714691162
   ],
   "batch_train_times": [],
   "val_accuracy": 0.5304054054054054,
   "val_loss": 1.9398245650368768,
   "val_accuracy_per_label": [
      0.5454545454545454,
      0.0,
      0.0,
      0.0,
      0.8,
      0.0,
      0.3333333333333333,
      0.9,
      0.0,
      0.4,
      0.0,
      0.0,
      0.4,
      0.0,
      0.6,
      0.0,
      0.0,
      0.0,
      0.0,
      1.0,
      0.8076923076923077,
      0.4,
      0.6,
      0.8,
      0.0,
      0.9,
      0.0,
      0.75,
      0.0,
      0.0,
      0.2,
      0.4,
      0.6,
      0.0,
      0.0,
      0.0,
      0.0,
      0.0,
      0.9333333333333333,
      0.8,
      0.0,
      0.5,
      0.0
   ]
}