{
   "epoch": 43,
   "batch_train_accuracies": [
      0.78125,
      0.84375,
      0.75,
      0.875,
      0.78125,
      0.8125,
      0.84375,
      0.78125,
      0.8125,
      0.71875,
      0.84375,
      0.84375,
      0.9375,
      0.90625,
      0.84375,
      0.8125,
      0.78125,
      0.84375,
      0.59375,
      0.84375,
      0.875,
      0.71875,
      0.78125,
      0.71875,
      0.875,
      0.78125,
      0.96875,
      0.8125,
      0.75,
      0.78125,
      0.625,
      0.8125,
      0.8125,
      0.84375,
      0.8125,
      0.84375,
      0.8125,
      0.8125,
      0.875,
      0.8125,
      0.8125,
      0.78125,
      0.84375,
      0.9375,
      0.875,
      0.78125,
      0.6875,
      0.875,
      0.875,
      0.84375,
      0.71875,
      0.6875,
      0.84375,
      0.875,
      0.8125,
      0.9375,
      0.78125,
      0.875,
      0.875,
      0.75,
      0.78125,
      0.90625,
      0.71875,
      0.78125,
      0.53125,
      0.84375,
      0.875,
      0.96875,
      0.8125,
      0.8125,
      0.625,
      0.84375,
      0.84375,
      0.8125,
      0.84375,
      0.84375,
      0.625,
      0.78125,
      0.75,
      0.78125,
      0.875,
      0.875,
      0.875
   ],
   "batch_train_losses": [
      1.1966356039047241,
      1.0708621740341187,
      1.1163026094436646,
      0.9045330882072449,
      1.0982381105422974,
      0.964864194393158,
      1.025051474571228,
      1.0113250017166138,
      1.0920164585113525,
      1.3635733127593994,
      1.1865302324295044,
      0.9767085909843445,
      0.600903332233429,
      0.9075434803962708,
      1.034956455230713,
      1.2166588306427002,
      1.3340150117874146,
      1.1203492879867554,
      1.4603772163391113,
      0.9856374859809875,
      0.925692617893219,
      1.2969616651535034,
      1.2070932388305664,
      1.1723250150680542,
      0.9544116258621216,
      1.2446062564849854,
      0.9023221731185913,
      0.9839469194412231,
      1.1982057094573975,
      1.4305343627929688,
      1.448887825012207,
      0.9992337822914124,
      1.0744147300720215,
      1.0066754817962646,
      0.9779283404350281,
      1.0752779245376587,
      1.068357229232788,
      0.934665322303772,
      1.0987217426300049,
      1.221825122833252,
      1.1066664457321167,
      1.2278268337249756,
      0.9734455943107605,
      0.8810280561447144,
      1.2105200290679932,
      1.086249589920044,
      1.324435830116272,
      0.9362739324569702,
      0.9305375814437866,
      0.8961260318756104,
      1.1358062028884888,
      1.2473605871200562,
      1.0366370677947998,
      0.8704825639724731,
      1.0963553190231323,
      0.7051677107810974,
      1.142660140991211,
      0.8814318180084229,
      0.8827273845672607,
      1.1866141557693481,
      1.1139711141586304,
      0.9889470338821411,
      1.2028292417526245,
      1.2409454584121704,
      1.567965030670166,
      1.0733155012130737,
      1.0709424018859863,
      0.7565653920173645,
      0.969855785369873,
      1.0821183919906616,
      1.4294075965881348,
      0.9671103358268738,
      0.9706187844276428,
      1.1737496852874756,
      1.0955452919006348,
      0.9015466570854187,
      1.4890352487564087,
      1.0266718864440918,
      1.1066405773162842,
      1.1745115518569946,
      0.8748802542686462,
      0.987247109413147,
      0.9989719986915588
   ],
   "batch_train_times": [],
   "val_accuracy": 0.6114864864864865,
   "val_loss": 1.8674158405613255,
   "val_accuracy_per_label": [
      0.7727272727272727,
      0.2,
      0.3333333333333333,
      0.4,
      1.0,
      0.0,
      0.3333333333333333,
      0.85,
      0.0,
      0.0,
      0.0,
      0.0,
      0.6,
      0.6,
      0.6,
      0.0,
      0.0,
      0.0,
      0.0,
      0.9310344827586207,
      1.0,
      0.2,
      0.6,
      0.8,
      0.0,
      0.9,
      0.0,
      0.9,
      0.0,
      0.0,
      0.4,
      1.0,
      0.8,
      0.0,
      0.0,
      0.0,
      0.2,
      0.0,
      0.9333333333333333,
      0.7,
      0.0,
      0.75,
      0.0
   ]
}