{
   "epoch": 50,
   "batch_train_accuracies": [
      0.90625,
      0.8125,
      0.8125,
      0.84375,
      0.78125,
      0.84375,
      0.78125,
      0.90625,
      0.875,
      0.75,
      0.84375,
      0.90625,
      0.78125,
      0.9375,
      0.875,
      0.84375,
      0.78125,
      0.6875,
      0.8125,
      0.90625,
      0.84375,
      0.90625,
      0.71875,
      0.78125,
      0.90625,
      0.8125,
      0.875,
      0.78125,
      0.9375,
      0.90625,
      0.875,
      0.84375,
      0.84375,
      0.875,
      0.8125,
      0.78125,
      0.90625,
      0.78125,
      0.84375,
      0.90625,
      0.8125,
      0.78125,
      0.84375,
      0.8125,
      0.84375,
      0.78125,
      0.84375,
      0.75,
      0.84375,
      0.65625,
      0.84375,
      0.90625,
      0.84375,
      0.875,
      0.90625,
      0.71875,
      0.78125,
      0.875,
      0.78125,
      0.71875,
      0.75,
      0.875,
      0.78125,
      0.75,
      0.59375,
      0.8125,
      0.8125,
      0.875,
      0.78125,
      0.84375,
      0.78125,
      0.875,
      0.6875,
      0.71875,
      0.90625,
      0.78125,
      0.78125,
      0.8125,
      0.78125,
      0.71875,
      0.75,
      0.84375,
      0.9375
   ],
   "batch_train_losses": [
      1.077660322189331,
      1.1361438035964966,
      1.1490180492401123,
      1.014417052268982,
      1.3513599634170532,
      1.0897691249847412,
      1.2601282596588135,
      0.842360258102417,
      0.9330801963806152,
      1.4976863861083984,
      1.135680079460144,
      0.9883818626403809,
      1.2151222229003906,
      0.8702895641326904,
      1.0121581554412842,
      1.1301867961883545,
      1.275254726409912,
      1.3640767335891724,
      1.197655200958252,
      1.009029507637024,
      1.042824149131775,
      0.8253650665283203,
      1.2593495845794678,
      1.4809646606445312,
      0.836590051651001,
      1.3635586500167847,
      1.0625660419464111,
      1.3265241384506226,
      0.8251498341560364,
      1.019669771194458,
      1.0343340635299683,
      1.1536202430725098,
      0.929045557975769,
      1.0793863534927368,
      0.9918741583824158,
      1.293144941329956,
      1.0482155084609985,
      1.1036579608917236,
      1.2778985500335693,
      0.8806379437446594,
      1.306991696357727,
      1.3503217697143555,
      1.0971120595932007,
      1.0567028522491455,
      0.9129960536956787,
      1.2567486763000488,
      1.2596946954727173,
      1.2238168716430664,
      1.2143908739089966,
      1.4771498441696167,
      1.2038494348526,
      0.9931689500808716,
      1.1189111471176147,
      0.997657060623169,
      0.9914156198501587,
      1.2206164598464966,
      1.12139093875885,
      1.1230907440185547,
      1.2644785642623901,
      1.2931644916534424,
      1.2315870523452759,
      0.9840371608734131,
      1.1620815992355347,
      1.3035517930984497,
      1.5092973709106445,
      1.1444872617721558,
      1.0024828910827637,
      1.0744199752807617,
      1.2032744884490967,
      1.0810630321502686,
      1.2619211673736572,
      1.0710755586624146,
      1.420447587966919,
      1.238500714302063,
      1.020078420639038,
      1.4796555042266846,
      1.0525485277175903,
      1.2838071584701538,
      1.0924955606460571,
      1.4162836074829102,
      1.2132606506347656,
      1.0727578401565552,
      1.100127100944519
   ],
   "batch_train_times": [],
   "val_accuracy": 0.5878378378378378,
   "val_loss": 1.9077170636202838,
   "val_accuracy_per_label": [
      0.8181818181818182,
      0.0,
      0.3333333333333333,
      0.0,
      0.6,
      0.0,
      0.0,
      0.8,
      0.0,
      0.0,
      0.0,
      0.0,
      0.4,
      0.8,
      0.6,
      0.0,
      0.0,
      0.0,
      0.0,
      0.896551724137931,
      0.9615384615384616,
      0.6,
      0.8,
      0.4,
      0.0,
      0.9,
      0.0,
      0.9,
      0.0,
      0.0,
      0.0,
      1.0,
      1.0,
      0.0,
      0.0,
      0.0,
      0.2,
      0.6,
      1.0,
      0.6,
      0.0,
      0.5,
      0.0
   ]
}