{
   "epoch": 6,
   "batch_train_accuracies": [
      0.59375,
      0.6875,
      0.5,
      0.4375,
      0.4375,
      0.53125,
      0.34375,
      0.53125,
      0.625,
      0.5,
      0.5625,
      0.59375,
      0.65625,
      0.5625,
      0.6875,
      0.75,
      0.5,
      0.4375,
      0.4375,
      0.5625,
      0.625,
      0.5625,
      0.25,
      0.53125,
      0.46875,
      0.53125,
      0.5,
      0.625,
      0.5625,
      0.53125,
      0.5,
      0.5,
      0.40625,
      0.375,
      0.5625,
      0.59375,
      0.4375,
      0.625,
      0.40625,
      0.5,
      0.5,
      0.46875,
      0.71875,
      0.5,
      0.65625,
      0.59375,
      0.5625,
      0.40625,
      0.625,
      0.625,
      0.59375,
      0.65625,
      0.5,
      0.4375,
      0.53125,
      0.625,
      0.5,
      0.5625,
      0.4375,
      0.40625,
      0.6875,
      0.5,
      0.5625,
      0.5625,
      0.65625,
      0.4375,
      0.5,
      0.53125,
      0.5625,
      0.65625,
      0.6875,
      0.46875,
      0.59375,
      0.5,
      0.4375,
      0.5,
      0.59375,
      0.5625,
      0.4375,
      0.53125,
      0.46875,
      0.625,
      0.5625
   ],
   "batch_train_losses": [
      1.9172091484069824,
      1.6945722103118896,
      1.9328395128250122,
      2.268529176712036,
      2.2690634727478027,
      1.812796950340271,
      2.226393461227417,
      2.044887065887451,
      1.7016695737838745,
      1.947175145149231,
      1.6898808479309082,
      1.7756025791168213,
      1.8087636232376099,
      1.8706754446029663,
      1.7335295677185059,
      1.6426373720169067,
      2.1563003063201904,
      1.9745913743972778,
      1.940491795539856,
      1.7208126783370972,
      1.6302872896194458,
      1.9328550100326538,
      2.4163389205932617,
      1.8940051794052124,
      1.8458976745605469,
      1.8348174095153809,
      1.7588707208633423,
      1.8337515592575073,
      1.8490849733352661,
      1.749185562133789,
      2.021050453186035,
      1.9379429817199707,
      2.1249256134033203,
      2.1467719078063965,
      2.010497570037842,
      1.957557201385498,
      2.3610968589782715,
      1.804075837135315,
      2.152991771697998,
      1.7128323316574097,
      1.9608618021011353,
      2.184852361679077,
      1.5082416534423828,
      1.9434493780136108,
      1.6595304012298584,
      1.747330904006958,
      1.767917513847351,
      1.9603753089904785,
      1.6659727096557617,
      1.8100435733795166,
      1.696031093597412,
      1.5067806243896484,
      1.747017741203308,
      2.0804810523986816,
      2.014965534210205,
      1.7325440645217896,
      1.8105950355529785,
      1.720676302909851,
      2.046405792236328,
      2.147775888442993,
      1.6163713932037354,
      2.0448224544525146,
      2.0427653789520264,
      1.857036828994751,
      1.769226312637329,
      1.988895058631897,
      2.0435242652893066,
      1.8934965133666992,
      1.8209526538848877,
      1.6079996824264526,
      1.5295536518096924,
      1.874066710472107,
      1.7926534414291382,
      1.8579422235488892,
      1.804842472076416,
      1.9142444133758545,
      1.8398833274841309,
      1.8709689378738403,
      1.756657361984253,
      1.8507511615753174,
      1.8165268898010254,
      1.9105960130691528,
      1.9393211603164673
   ],
   "batch_train_times": [],
   "val_accuracy": 0.375,
   "val_loss": 2.40720838469428,
   "val_accuracy_per_label": [
      0.5454545454545454,
      0.0,
      0.0,
      0.0,
      0.2,
      0.6,
      0.0,
      0.8,
      0.0,
      0.0,
      0.0,
      0.0,
      0.0,
      0.2,
      0.0,
      0.0,
      0.0,
      0.0,
      0.0,
      0.9655172413793104,
      0.5384615384615384,
      0.0,
      0.0,
      0.2,
      0.0,
      0.0,
      0.0,
      0.65,
      0.0,
      0.0,
      0.0,
      0.6,
      0.0,
      0.0,
      0.0,
      0.0,
      0.0,
      0.0,
      0.8,
      0.1,
      0.0,
      0.75,
      0.0
   ]
}