{
   "epoch": 38,
   "batch_train_accuracies": [
      0.8125,
      0.9375,
      0.84375,
      0.6875,
      0.78125,
      0.9375,
      0.90625,
      0.75,
      0.8125,
      0.875,
      0.8125,
      0.90625,
      0.8125,
      0.75,
      0.78125,
      0.90625,
      0.90625,
      0.75,
      0.84375,
      0.84375,
      0.875,
      0.8125,
      0.71875,
      0.8125,
      0.6875,
      0.78125,
      0.875,
      0.9375,
      0.8125,
      0.65625,
      0.78125,
      0.8125,
      0.75,
      0.75,
      0.78125,
      0.84375,
      0.8125,
      0.9375,
      0.9375,
      0.71875,
      0.875,
      0.78125,
      0.875,
      0.75,
      0.84375,
      0.90625,
      0.65625,
      0.8125,
      0.90625,
      0.875,
      0.8125,
      0.6875,
      0.84375,
      0.75,
      0.875,
      0.78125,
      0.75,
      0.875,
      0.84375,
      0.78125,
      0.71875,
      0.875,
      0.78125,
      0.875,
      0.78125,
      0.8125,
      0.84375,
      0.875,
      0.875,
      0.6875,
      0.875,
      0.84375,
      0.78125,
      0.78125,
      0.78125,
      0.90625,
      0.8125,
      0.90625,
      0.78125,
      0.71875,
      0.8125,
      0.8125,
      0.9375
   ],
   "batch_train_losses": [
      1.147573709487915,
      0.8704774379730225,
      1.067326307296753,
      1.4211649894714355,
      1.271704077720642,
      1.0016112327575684,
      0.9725227355957031,
      1.1734334230422974,
      1.108781337738037,
      1.0919773578643799,
      1.1477917432785034,
      0.8748294711112976,
      1.0437756776809692,
      1.1677709817886353,
      1.2331167459487915,
      0.9492747187614441,
      1.0227686166763306,
      1.2574310302734375,
      0.9494764804840088,
      0.9979455471038818,
      1.1204760074615479,
      1.1547983884811401,
      1.4166783094406128,
      0.9575949311256409,
      1.334120512008667,
      1.2492945194244385,
      0.8338304162025452,
      0.7589036822319031,
      1.0566505193710327,
      1.4875603914260864,
      1.1567472219467163,
      0.9618709087371826,
      1.1260831356048584,
      1.121771216392517,
      1.1091327667236328,
      0.9916242361068726,
      1.2145946025848389,
      0.8838363289833069,
      0.8732419013977051,
      1.2986559867858887,
      0.8888408541679382,
      1.099149227142334,
      1.026039719581604,
      1.3119075298309326,
      1.1123104095458984,
      1.0898476839065552,
      1.253166913986206,
      0.907326340675354,
      0.8519250154495239,
      0.8786874413490295,
      0.9997069239616394,
      1.1830565929412842,
      0.8378783464431763,
      1.137665033340454,
      0.9560699462890625,
      1.1176033020019531,
      1.1955641508102417,
      0.9083163738250732,
      0.9389171600341797,
      1.1278555393218994,
      1.2533308267593384,
      0.913999080657959,
      1.1440069675445557,
      1.0346870422363281,
      1.0378761291503906,
      1.1429930925369263,
      1.0835211277008057,
      0.9661486744880676,
      1.0313793420791626,
      1.2520325183868408,
      1.1330039501190186,
      0.9284688234329224,
      1.0508363246917725,
      1.2008835077285767,
      1.215256690979004,
      0.8982006907463074,
      1.091084599494934,
      0.9414829611778259,
      1.0800034999847412,
      1.2109365463256836,
      1.1290814876556396,
      0.9886527061462402,
      0.8025938272476196
   ],
   "batch_train_times": [],
   "val_accuracy": 0.5405405405405406,
   "val_loss": 1.8682685059470099,
   "val_accuracy_per_label": [
      0.6363636363636364,
      0.0,
      0.0,
      0.2,
      1.0,
      0.0,
      0.3333333333333333,
      0.7,
      0.0,
      0.0,
      0.0,
      0.0,
      0.4,
      1.0,
      0.4,
      0.0,
      0.0,
      0.0,
      0.0,
      1.0,
      0.9615384615384616,
      0.0,
      0.2,
      0.8,
      0.0,
      0.6,
      0.0,
      0.9,
      0.0,
      0.0,
      1.0,
      0.0,
      0.8,
      0.0,
      0.0,
      0.0,
      0.2,
      0.0,
      0.8,
      0.7,
      0.0,
      0.5,
      0.0
   ]
}