{
   "epoch": 9,
   "batch_train_accuracies": [
      0.4375,
      0.53125,
      0.59375,
      0.5,
      0.71875,
      0.40625,
      0.53125,
      0.5625,
      0.65625,
      0.53125,
      0.46875,
      0.5,
      0.46875,
      0.28125,
      0.59375,
      0.5,
      0.6875,
      0.46875,
      0.84375,
      0.4375,
      0.53125,
      0.59375,
      0.40625,
      0.5625,
      0.625,
      0.53125,
      0.6875,
      0.65625,
      0.5,
      0.46875,
      0.78125,
      0.5625,
      0.65625,
      0.6875,
      0.53125,
      0.53125,
      0.5625,
      0.5625,
      0.53125,
      0.65625,
      0.65625,
      0.5625,
      0.53125,
      0.6875,
      0.6875,
      0.71875,
      0.5625,
      0.65625,
      0.46875,
      0.625,
      0.5625,
      0.65625,
      0.46875,
      0.53125,
      0.625,
      0.53125,
      0.5,
      0.46875,
      0.625,
      0.5,
      0.75,
      0.75,
      0.71875,
      0.59375,
      0.5625,
      0.71875,
      0.71875,
      0.625,
      0.6875,
      0.46875,
      0.59375,
      0.5625,
      0.5625,
      0.90625,
      0.6875,
      0.53125,
      0.53125,
      0.46875,
      0.625,
      0.71875,
      0.625,
      0.75,
      0.75
   ],
   "batch_train_losses": [
      1.7984212636947632,
      1.7329152822494507,
      1.7524981498718262,
      1.957362413406372,
      1.4904839992523193,
      2.2183420658111572,
      1.5715696811676025,
      1.6857032775878906,
      1.57305908203125,
      1.659002423286438,
      1.8391335010528564,
      1.8048295974731445,
      1.7380332946777344,
      2.088747024536133,
      1.642106056213379,
      1.8790059089660645,
      1.3607733249664307,
      1.6746050119400024,
      1.2391427755355835,
      2.006895065307617,
      1.6914334297180176,
      1.5139271020889282,
      1.5032423734664917,
      1.7532880306243896,
      1.4790805578231812,
      1.7344270944595337,
      1.4931466579437256,
      1.5222495794296265,
      1.8411654233932495,
      2.029963493347168,
      1.4425837993621826,
      1.6625244617462158,
      1.7084367275238037,
      1.4457855224609375,
      1.709110140800476,
      1.660369873046875,
      1.5707662105560303,
      1.691131591796875,
      1.5200966596603394,
      1.7119303941726685,
      1.50960373878479,
      1.6305192708969116,
      1.6481128931045532,
      1.3445613384246826,
      1.5438125133514404,
      1.4175450801849365,
      1.6678643226623535,
      1.4019886255264282,
      1.8347322940826416,
      1.5377628803253174,
      1.596336841583252,
      1.4086283445358276,
      1.7409018278121948,
      1.6788018941879272,
      1.7471168041229248,
      1.6479618549346924,
      1.8653329610824585,
      2.029721975326538,
      1.5753967761993408,
      1.8366483449935913,
      1.3896751403808594,
      1.3477951288223267,
      1.2860609292984009,
      1.5001882314682007,
      1.5995690822601318,
      1.667033314704895,
      1.326219916343689,
      1.6254591941833496,
      1.3612679243087769,
      1.6391674280166626,
      1.5883289575576782,
      1.581366777420044,
      1.7487742900848389,
      1.1313062906265259,
      1.4977734088897705,
      1.7312736511230469,
      1.6216551065444946,
      1.781495451927185,
      1.4458541870117188,
      1.484481930732727,
      1.4404470920562744,
      1.3532415628433228,
      1.2953685522079468
   ],
   "batch_train_times": [],
   "val_accuracy": 0.4155405405405405,
   "val_loss": 2.2162834631430135,
   "val_accuracy_per_label": [
      0.5909090909090909,
      0.0,
      0.0,
      0.0,
      1.0,
      0.0,
      0.0,
      0.8,
      0.0,
      0.0,
      0.0,
      0.0,
      0.0,
      0.6,
      0.0,
      0.0,
      0.0,
      0.0,
      0.0,
      0.9310344827586207,
      1.0,
      0.0,
      0.0,
      0.2,
      0.0,
      0.0,
      0.0,
      0.45,
      0.0,
      0.0,
      0.0,
      0.6,
      0.4,
      0.0,
      0.0,
      0.0,
      0.0,
      0.0,
      0.5333333333333333,
      0.5,
      0.0,
      0.625,
      0.0
   ]
}