{
   "epoch": 40,
   "batch_train_accuracies": [
      0.875,
      0.90625,
      0.8125,
      0.78125,
      0.84375,
      0.6875,
      0.78125,
      0.71875,
      0.84375,
      0.78125,
      0.71875,
      0.8125,
      0.78125,
      0.75,
      0.8125,
      0.6875,
      0.75,
      0.84375,
      0.8125,
      0.84375,
      0.75,
      0.71875,
      0.71875,
      0.875,
      0.78125,
      0.84375,
      0.875,
      0.875,
      0.875,
      0.875,
      0.84375,
      0.875,
      0.71875,
      0.875,
      0.875,
      0.875,
      0.8125,
      0.875,
      0.90625,
      0.84375,
      0.8125,
      0.84375,
      0.8125,
      0.8125,
      0.78125,
      0.78125,
      0.84375,
      0.875,
      0.8125,
      0.875,
      0.71875,
      0.84375,
      0.84375,
      0.90625,
      0.78125,
      0.875,
      0.78125,
      0.90625,
      0.78125,
      0.875,
      0.8125,
      0.8125,
      0.875,
      0.875,
      0.6875,
      0.75,
      0.6875,
      0.78125,
      0.90625,
      0.84375,
      0.84375,
      0.84375,
      0.9375,
      0.78125,
      0.875,
      0.75,
      0.78125,
      0.84375,
      0.8125,
      0.8125,
      0.90625,
      0.78125,
      0.75
   ],
   "batch_train_losses": [
      1.0500104427337646,
      1.0165406465530396,
      1.1498478651046753,
      1.1156851053237915,
      1.0584957599639893,
      1.2571587562561035,
      0.9852421283721924,
      1.127153754234314,
      1.0576040744781494,
      1.0751686096191406,
      1.2038289308547974,
      0.9417524337768555,
      1.0672478675842285,
      1.420472264289856,
      1.039634108543396,
      1.5477513074874878,
      1.0806607007980347,
      1.1562330722808838,
      1.0609512329101562,
      0.8882322907447815,
      1.2996842861175537,
      1.4520654678344727,
      1.554603099822998,
      1.0111031532287598,
      1.1472333669662476,
      1.1028565168380737,
      0.8446261286735535,
      0.9546247720718384,
      0.9174124002456665,
      0.8001130819320679,
      0.9797617793083191,
      0.9884365200996399,
      1.0799458026885986,
      1.059596061706543,
      1.1538708209991455,
      0.9399048089981079,
      1.0764344930648804,
      0.9685919284820557,
      0.9734255075454712,
      1.080820083618164,
      1.0569764375686646,
      0.9241980314254761,
      1.1062405109405518,
      1.014438271522522,
      1.1199853420257568,
      1.2049345970153809,
      1.0200364589691162,
      0.9973796606063843,
      0.976198673248291,
      1.0073120594024658,
      1.1375705003738403,
      1.127520203590393,
      0.9048305153846741,
      1.0432090759277344,
      1.2848098278045654,
      0.9409209489822388,
      1.165576696395874,
      0.8940218091011047,
      1.2598296403884888,
      0.9999956488609314,
      1.0737398862838745,
      0.9855517148971558,
      0.9364249110221863,
      0.8946741819381714,
      1.2396588325500488,
      1.2312734127044678,
      1.311509370803833,
      0.9746838808059692,
      1.0868682861328125,
      1.0028057098388672,
      1.191937804222107,
      1.0046123266220093,
      0.8671824336051941,
      1.1356937885284424,
      0.8762078285217285,
      1.3386914730072021,
      1.055810570716858,
      1.247644305229187,
      1.14027738571167,
      1.0805130004882812,
      1.0245651006698608,
      1.1437764167785645,
      1.0414599180221558
   ],
   "batch_train_times": [],
   "val_accuracy": 0.5405405405405406,
   "val_loss": 1.9500275624764931,
   "val_accuracy_per_label": [
      0.7272727272727273,
      0.0,
      0.0,
      0.0,
      0.8,
      0.0,
      0.0,
      0.85,
      0.0,
      0.6,
      0.0,
      0.0,
      0.4,
      1.0,
      0.8,
      0.0,
      0.0,
      0.0,
      0.0,
      0.8275862068965517,
      0.7692307692307693,
      0.0,
      0.6,
      0.8,
      0.0,
      0.4,
      0.0,
      0.9,
      0.0,
      0.0,
      0.4,
      0.4,
      0.8,
      0.0,
      0.0,
      0.25,
      0.2,
      0.0,
      0.8,
      0.9,
      0.0,
      0.5,
      0.2
   ]
}