{
   "epoch": 47,
   "batch_train_accuracies": [
      0.75,
      0.84375,
      0.84375,
      0.84375,
      0.75,
      0.84375,
      0.875,
      0.75,
      0.90625,
      0.8125,
      0.9375,
      0.90625,
      0.78125,
      0.90625,
      0.75,
      0.8125,
      0.8125,
      0.84375,
      0.78125,
      0.75,
      0.78125,
      0.9375,
      0.875,
      0.8125,
      0.8125,
      0.8125,
      0.875,
      0.78125,
      0.84375,
      0.9375,
      0.875,
      0.71875,
      0.78125,
      0.90625,
      0.8125,
      0.90625,
      0.84375,
      0.875,
      0.875,
      0.625,
      0.84375,
      0.71875,
      0.90625,
      0.75,
      0.75,
      0.71875,
      0.6875,
      0.875,
      0.875,
      0.71875,
      0.875,
      0.8125,
      0.875,
      0.65625,
      0.75,
      0.8125,
      0.90625,
      0.84375,
      0.8125,
      0.9375,
      0.96875,
      0.875,
      0.78125,
      0.8125,
      0.78125,
      0.6875,
      0.75,
      0.75,
      0.8125,
      0.90625,
      0.8125,
      0.6875,
      0.84375,
      0.75,
      0.84375,
      0.78125,
      0.6875,
      0.78125,
      0.84375,
      0.71875,
      0.8125,
      0.71875,
      0.75
   ],
   "batch_train_losses": [
      1.2728410959243774,
      0.8855656385421753,
      1.0437194108963013,
      1.0080187320709229,
      1.444088101387024,
      1.0374137163162231,
      1.2098506689071655,
      1.2012578248977661,
      1.0515536069869995,
      1.1724330186843872,
      0.7739601135253906,
      0.9996369481086731,
      1.219682216644287,
      1.1290912628173828,
      1.1750173568725586,
      1.1131330728530884,
      0.9959384799003601,
      1.0621057748794556,
      1.163735032081604,
      1.266074299812317,
      1.3186596632003784,
      0.883277177810669,
      0.9831512570381165,
      1.052728295326233,
      1.0148838758468628,
      1.1008574962615967,
      0.9083255529403687,
      1.209823489189148,
      1.0412813425064087,
      0.943404495716095,
      0.9163981676101685,
      1.3804229497909546,
      1.1146326065063477,
      0.8511514663696289,
      1.402794361114502,
      1.09381103515625,
      0.9477452039718628,
      0.9469409584999084,
      1.0992202758789062,
      1.5134958028793335,
      1.0361382961273193,
      1.6609454154968262,
      0.9914974570274353,
      1.022783637046814,
      1.0444321632385254,
      1.3850809335708618,
      1.360977053642273,
      0.9183216094970703,
      1.0175338983535767,
      1.1808654069900513,
      1.1896530389785767,
      1.0143746137619019,
      0.9130197763442993,
      1.2918070554733276,
      1.1912264823913574,
      1.2685377597808838,
      1.0630321502685547,
      1.0740009546279907,
      1.0442951917648315,
      0.7653800249099731,
      0.8910755515098572,
      0.9254723787307739,
      1.120597243309021,
      1.1287275552749634,
      1.2302745580673218,
      1.2611839771270752,
      1.111786961555481,
      1.2113728523254395,
      1.020173192024231,
      0.9899642467498779,
      1.0312690734863281,
      1.5435508489608765,
      1.1250604391098022,
      1.2687963247299194,
      0.9531962275505066,
      1.3151686191558838,
      1.4273765087127686,
      1.2448310852050781,
      1.1709914207458496,
      1.3115389347076416,
      1.2820781469345093,
      1.4135160446166992,
      0.985055685043335
   ],
   "batch_train_times": [],
   "val_accuracy": 0.527027027027027,
   "val_loss": 1.9319881716290035,
   "val_accuracy_per_label": [
      0.45454545454545453,
      0.4,
      0.5,
      0.4,
      0.8,
      0.2,
      0.0,
      0.85,
      0.0,
      0.0,
      0.0,
      0.0,
      0.4,
      0.2,
      0.8,
      0.0,
      0.0,
      0.0,
      0.0,
      0.9655172413793104,
      0.9230769230769231,
      0.0,
      0.8,
      0.0,
      0.0,
      0.4,
      0.0,
      0.8,
      0.0,
      0.0,
      0.0,
      1.0,
      1.0,
      0.0,
      0.0,
      0.0,
      0.2,
      0.0,
      1.0,
      0.3,
      0.0,
      0.625,
      0.0
   ]
}