{
   "epoch": 27,
   "batch_train_accuracies": [
      0.8125,
      0.78125,
      0.8125,
      0.84375,
      0.6875,
      0.8125,
      0.84375,
      0.78125,
      0.78125,
      0.71875,
      0.78125,
      0.65625,
      0.9375,
      0.8125,
      0.6875,
      0.8125,
      0.6875,
      0.75,
      0.84375,
      0.71875,
      0.6875,
      0.8125,
      0.6875,
      0.71875,
      0.8125,
      0.6875,
      0.8125,
      0.78125,
      0.71875,
      0.65625,
      0.71875,
      0.9375,
      0.71875,
      0.71875,
      0.90625,
      0.71875,
      0.625,
      0.78125,
      0.6875,
      0.875,
      0.75,
      0.90625,
      0.84375,
      0.78125,
      0.78125,
      0.8125,
      0.90625,
      0.90625,
      0.6875,
      0.75,
      0.71875,
      0.78125,
      0.78125,
      0.78125,
      0.90625,
      0.8125,
      0.78125,
      0.71875,
      0.9375,
      0.84375,
      0.6875,
      0.78125,
      0.90625,
      0.8125,
      0.84375,
      0.5625,
      0.875,
      0.78125,
      0.84375,
      0.65625,
      0.90625,
      0.75,
      0.75,
      0.6875,
      0.59375,
      0.6875,
      0.78125,
      0.84375,
      0.75,
      0.84375,
      0.8125,
      0.875,
      0.8125
   ],
   "batch_train_losses": [
      1.134350061416626,
      1.1102547645568848,
      1.0327508449554443,
      1.0062271356582642,
      1.3879238367080688,
      1.0506091117858887,
      1.2009787559509277,
      1.1765949726104736,
      1.174653172492981,
      1.1091995239257812,
      0.9532233476638794,
      1.4269487857818604,
      0.6961477398872375,
      1.1255041360855103,
      1.3113282918930054,
      1.008799433708191,
      1.2317179441452026,
      1.163722038269043,
      1.0017675161361694,
      1.2081489562988281,
      1.3967169523239136,
      1.0574923753738403,
      1.4074428081512451,
      1.2260884046554565,
      1.0685384273529053,
      1.3416321277618408,
      1.1839540004730225,
      1.1381065845489502,
      1.1660488843917847,
      1.4005076885223389,
      1.269214153289795,
      0.9392240047454834,
      1.138841986656189,
      1.1740351915359497,
      0.8729347586631775,
      1.4882289171218872,
      1.3444490432739258,
      1.1738793849945068,
      1.3474202156066895,
      1.0530457496643066,
      0.9943245649337769,
      1.005326509475708,
      1.0349467992782593,
      1.0122568607330322,
      1.0347062349319458,
      1.1432747840881348,
      0.9726441502571106,
      0.9041330814361572,
      1.180732250213623,
      1.083401083946228,
      1.3859217166900635,
      1.1579060554504395,
      1.0551167726516724,
      1.1178638935089111,
      0.9455783367156982,
      1.0171884298324585,
      1.1258231401443481,
      1.3275883197784424,
      0.6558716893196106,
      0.9612166285514832,
      1.3183329105377197,
      1.213909387588501,
      0.9183441400527954,
      1.0434856414794922,
      1.0036125183105469,
      1.3064357042312622,
      1.00497567653656,
      1.1739706993103027,
      1.1928316354751587,
      1.49857497215271,
      0.941281259059906,
      1.1026160717010498,
      1.3529043197631836,
      1.2245529890060425,
      1.5267987251281738,
      1.3352077007293701,
      1.3138169050216675,
      1.0077877044677734,
      1.2396131753921509,
      1.0045214891433716,
      0.9976896047592163,
      0.9965724349021912,
      0.9005816578865051
   ],
   "batch_train_times": [],
   "val_accuracy": 0.46621621621621623,
   "val_loss": 1.9464098182884422,
   "val_accuracy_per_label": [
      0.5,
      0.0,
      0.0,
      0.0,
      0.4,
      0.0,
      0.0,
      0.75,
      0.0,
      0.2,
      0.0,
      0.0,
      0.2,
      0.6,
      0.6,
      0.0,
      0.0,
      0.0,
      0.0,
      1.0,
      1.0,
      0.2,
      0.6,
      0.0,
      0.0,
      0.0,
      0.0,
      0.7,
      0.0,
      0.0,
      0.2,
      0.8,
      0.6,
      0.0,
      0.0,
      0.0,
      0.2,
      0.2,
      0.6666666666666666,
      0.5,
      0.0,
      0.5,
      0.0
   ]
}