{
   "epoch": 30,
   "batch_train_accuracies": [
      0.90625,
      0.71875,
      0.78125,
      0.8125,
      0.75,
      0.75,
      0.84375,
      0.84375,
      0.8125,
      0.75,
      0.84375,
      0.65625,
      0.78125,
      0.75,
      0.78125,
      0.84375,
      0.8125,
      0.84375,
      0.78125,
      1.0,
      0.90625,
      0.78125,
      0.71875,
      0.71875,
      0.8125,
      0.75,
      0.75,
      0.8125,
      0.78125,
      0.75,
      0.875,
      0.75,
      0.9375,
      0.75,
      0.8125,
      0.9375,
      0.78125,
      0.8125,
      0.875,
      0.84375,
      0.84375,
      0.8125,
      0.8125,
      0.8125,
      0.84375,
      0.65625,
      0.78125,
      0.75,
      0.75,
      0.96875,
      0.75,
      0.8125,
      0.75,
      0.6875,
      0.75,
      0.6875,
      0.59375,
      0.75,
      0.75,
      0.90625,
      0.75,
      0.65625,
      0.8125,
      0.8125,
      0.875,
      0.6875,
      0.71875,
      0.78125,
      0.84375,
      0.8125,
      0.84375,
      0.65625,
      0.84375,
      0.75,
      0.8125,
      0.75,
      0.8125,
      0.84375,
      0.71875,
      0.90625,
      0.84375,
      0.75,
      0.625
   ],
   "batch_train_losses": [
      0.8951943516731262,
      1.1966348886489868,
      1.2118116617202759,
      1.0436673164367676,
      1.2681010961532593,
      1.0773330926895142,
      1.1234873533248901,
      1.019706130027771,
      1.1182605028152466,
      1.2238954305648804,
      0.9348633885383606,
      1.3627849817276,
      1.3417699337005615,
      1.108854055404663,
      1.0188536643981934,
      1.1077895164489746,
      1.0753306150436401,
      1.042328119277954,
      0.9539279937744141,
      0.6910507082939148,
      0.8922924995422363,
      1.1530182361602783,
      1.1106687784194946,
      1.1797339916229248,
      1.0614851713180542,
      1.021973967552185,
      1.158970594406128,
      1.1326924562454224,
      1.0884945392608643,
      1.170755386352539,
      1.0658513307571411,
      1.0466923713684082,
      0.9403538107872009,
      1.2205957174301147,
      1.0728319883346558,
      0.7869120240211487,
      1.0477162599563599,
      0.8585593104362488,
      0.8762361407279968,
      0.8575900793075562,
      1.0256577730178833,
      1.110607624053955,
      1.001954436302185,
      1.061720848083496,
      1.0922725200653076,
      1.130493402481079,
      0.9690746068954468,
      1.1274341344833374,
      1.2993510961532593,
      0.7601920962333679,
      1.1197834014892578,
      1.1078559160232544,
      1.262481927871704,
      1.524206519126892,
      1.213118314743042,
      1.3364177942276,
      1.3346730470657349,
      1.1709800958633423,
      1.1820333003997803,
      0.9037660360336304,
      1.06338632106781,
      1.3384730815887451,
      1.0489566326141357,
      1.053181529045105,
      1.0247703790664673,
      1.4117096662521362,
      1.0273211002349854,
      1.3213062286376953,
      0.939864456653595,
      0.8749501705169678,
      1.030110478401184,
      1.516038179397583,
      0.9996871948242188,
      1.1383647918701172,
      0.9728270769119263,
      1.2466453313827515,
      1.1088371276855469,
      0.9512447118759155,
      1.0352901220321655,
      1.0827127695083618,
      0.9766945838928223,
      1.0485221147537231,
      1.1411486864089966
   ],
   "batch_train_times": [],
   "val_accuracy": 0.5574324324324325,
   "val_loss": 1.9180203772879936,
   "val_accuracy_per_label": [
      0.7727272727272727,
      0.0,
      0.6666666666666666,
      0.0,
      1.0,
      0.4,
      0.0,
      0.85,
      0.0,
      0.0,
      0.0,
      0.0,
      0.4,
      0.6,
      0.8,
      0.0,
      0.0,
      0.0,
      0.0,
      0.8620689655172413,
      1.0,
      0.0,
      0.4,
      0.8,
      0.0,
      0.0,
      0.0,
      0.65,
      0.0,
      0.5,
      0.4,
      0.8,
      1.0,
      0.0,
      0.0,
      0.0,
      0.2,
      0.4,
      1.0,
      0.4,
      0.0,
      0.5,
      0.4
   ]
}