{
   "epoch": 21,
   "batch_train_accuracies": [
      0.65625,
      0.8125,
      0.8125,
      0.625,
      0.71875,
      0.6875,
      0.71875,
      0.6875,
      0.84375,
      0.71875,
      0.75,
      0.65625,
      0.6875,
      0.8125,
      0.6875,
      0.65625,
      0.5625,
      0.78125,
      0.75,
      0.84375,
      0.625,
      0.65625,
      0.78125,
      0.6875,
      0.75,
      0.78125,
      0.78125,
      0.75,
      0.875,
      0.8125,
      0.75,
      0.8125,
      0.78125,
      0.90625,
      0.65625,
      0.78125,
      0.75,
      0.90625,
      0.84375,
      0.78125,
      0.75,
      0.78125,
      0.65625,
      0.71875,
      0.59375,
      0.59375,
      0.59375,
      0.78125,
      0.71875,
      0.75,
      0.8125,
      0.84375,
      0.78125,
      0.5625,
      0.8125,
      0.5625,
      0.78125,
      0.71875,
      0.71875,
      0.6875,
      0.78125,
      0.65625,
      0.71875,
      0.78125,
      0.75,
      0.75,
      0.8125,
      0.8125,
      0.75,
      0.8125,
      0.71875,
      0.65625,
      0.8125,
      0.90625,
      0.8125,
      0.78125,
      0.75,
      0.8125,
      0.75,
      0.6875,
      0.75,
      0.6875,
      0.625
   ],
   "batch_train_losses": [
      1.2442411184310913,
      1.1116520166397095,
      1.1809462308883667,
      1.3821055889129639,
      1.1662274599075317,
      1.2311817407608032,
      1.224364995956421,
      1.1550090312957764,
      1.0801784992218018,
      1.2671527862548828,
      1.0977057218551636,
      1.383653163909912,
      1.178828477859497,
      1.0575077533721924,
      1.1999146938323975,
      1.256624460220337,
      1.5744208097457886,
      1.139413833618164,
      1.203866720199585,
      1.0677341222763062,
      1.4030193090438843,
      1.3553186655044556,
      1.0830448865890503,
      1.2167714834213257,
      1.2127594947814941,
      1.1516004800796509,
      1.165693759918213,
      1.0955702066421509,
      1.0616309642791748,
      0.9703384637832642,
      1.1291395425796509,
      1.131903886795044,
      1.186287522315979,
      1.0519616603851318,
      1.2310270071029663,
      1.1075600385665894,
      1.3950300216674805,
      1.0136475563049316,
      0.9967593550682068,
      1.0417680740356445,
      1.1340562105178833,
      1.3652970790863037,
      1.3494367599487305,
      1.082878589630127,
      1.5305263996124268,
      1.4770424365997314,
      1.3797746896743774,
      1.1899842023849487,
      1.2712352275848389,
      1.007232904434204,
      1.0193089246749878,
      1.1441532373428345,
      1.0518893003463745,
      1.5188435316085815,
      1.120723843574524,
      1.4652256965637207,
      0.9566259384155273,
      1.2864573001861572,
      1.4950634241104126,
      1.174718976020813,
      1.1995290517807007,
      1.438193678855896,
      1.215104103088379,
      1.1447829008102417,
      1.3443065881729126,
      1.1583130359649658,
      1.0719445943832397,
      1.2248018980026245,
      1.1700153350830078,
      1.0916367769241333,
      1.2371220588684082,
      1.3995033502578735,
      1.239019513130188,
      1.0172269344329834,
      1.1638059616088867,
      1.1716896295547485,
      1.2651702165603638,
      1.0142260789871216,
      1.165264368057251,
      1.3170130252838135,
      1.3474127054214478,
      1.2220107316970825,
      1.1186881065368652
   ],
   "batch_train_times": [],
   "val_accuracy": 0.543918918918919,
   "val_loss": 1.9623103302878302,
   "val_accuracy_per_label": [
      0.6818181818181818,
      0.0,
      0.5,
      0.0,
      1.0,
      0.0,
      0.0,
      0.8,
      0.0,
      0.0,
      0.0,
      0.0,
      0.8,
      0.4,
      0.6,
      0.0,
      0.0,
      0.0,
      0.0,
      0.9655172413793104,
      0.8461538461538461,
      0.0,
      0.0,
      0.6,
      0.0,
      0.1,
      0.0,
      1.0,
      0.0,
      0.0,
      0.2,
      1.0,
      0.8,
      0.0,
      0.0,
      0.5,
      0.0,
      0.0,
      1.0,
      0.9,
      0.0,
      0.25,
      0.2
   ]
}