{
   "epoch": 46,
   "batch_train_accuracies": [
      0.8125,
      0.8125,
      0.84375,
      0.9375,
      0.84375,
      0.8125,
      0.8125,
      0.75,
      0.875,
      0.8125,
      0.75,
      0.71875,
      0.90625,
      0.84375,
      0.78125,
      0.8125,
      0.78125,
      0.90625,
      0.78125,
      0.875,
      0.84375,
      0.71875,
      0.875,
      0.96875,
      0.78125,
      0.8125,
      0.875,
      0.78125,
      0.75,
      0.8125,
      0.875,
      0.75,
      0.875,
      0.6875,
      0.90625,
      0.71875,
      0.8125,
      0.71875,
      0.78125,
      0.75,
      0.96875,
      0.875,
      0.8125,
      0.6875,
      0.75,
      0.84375,
      0.71875,
      0.8125,
      0.90625,
      0.90625,
      0.90625,
      0.84375,
      0.8125,
      0.625,
      0.8125,
      0.78125,
      0.71875,
      0.84375,
      0.875,
      0.71875,
      0.875,
      0.6875,
      0.96875,
      0.84375,
      0.875,
      0.78125,
      0.84375,
      0.84375,
      0.8125,
      0.8125,
      0.84375,
      0.8125,
      0.78125,
      0.8125,
      0.71875,
      0.875,
      0.90625,
      0.78125,
      0.71875,
      0.8125,
      0.8125,
      0.75,
      0.875
   ],
   "batch_train_losses": [
      1.0826020240783691,
      1.004817247390747,
      1.2804678678512573,
      0.9037476181983948,
      1.0807323455810547,
      0.9409574270248413,
      1.0309407711029053,
      1.2360930442810059,
      1.1031652688980103,
      1.3572176694869995,
      1.2186691761016846,
      1.1965404748916626,
      0.8139004707336426,
      1.2353450059890747,
      1.0011274814605713,
      1.1768180131912231,
      1.1808018684387207,
      1.0338448286056519,
      1.121964454650879,
      0.9889810681343079,
      0.9047103524208069,
      1.3778585195541382,
      0.9922892451286316,
      0.8552026748657227,
      1.1238588094711304,
      0.9973734617233276,
      0.9609257578849792,
      1.378037691116333,
      1.2004879713058472,
      1.0681442022323608,
      1.0237388610839844,
      1.227968692779541,
      1.2079129219055176,
      1.392441987991333,
      0.8872836828231812,
      1.2522616386413574,
      1.1393197774887085,
      1.0947694778442383,
      1.1534888744354248,
      1.1467235088348389,
      0.819520890712738,
      1.055702567100525,
      1.2934160232543945,
      1.425554871559143,
      1.210054874420166,
      1.1297643184661865,
      1.5048950910568237,
      1.3291791677474976,
      1.0299022197723389,
      0.9139535427093506,
      1.1346774101257324,
      1.1089004278182983,
      1.0691300630569458,
      1.3918533325195312,
      1.1446419954299927,
      1.1965676546096802,
      1.2403496503829956,
      1.0523686408996582,
      1.095229148864746,
      1.1207287311553955,
      1.0200490951538086,
      1.4995936155319214,
      0.7441575527191162,
      0.9893015623092651,
      0.9915555715560913,
      1.3053326606750488,
      1.0244561433792114,
      1.2342052459716797,
      1.065718412399292,
      1.029789686203003,
      0.9988048076629639,
      1.0251212120056152,
      1.2216291427612305,
      1.0293347835540771,
      1.122501254081726,
      1.0468779802322388,
      1.0547124147415161,
      1.0497581958770752,
      1.3124048709869385,
      1.2409212589263916,
      1.1839200258255005,
      1.1960070133209229,
      1.120814323425293
   ],
   "batch_train_times": [],
   "val_accuracy": 0.527027027027027,
   "val_loss": 2.0382010614549793,
   "val_accuracy_per_label": [
      0.6818181818181818,
      0.0,
      0.16666666666666666,
      0.0,
      0.4,
      0.0,
      0.0,
      0.7,
      0.0,
      0.0,
      0.0,
      0.0,
      0.0,
      1.0,
      0.6,
      0.0,
      0.0,
      0.0,
      0.4,
      1.0,
      0.7692307692307693,
      0.0,
      0.8,
      0.8,
      0.0,
      0.7,
      0.0,
      0.95,
      0.0,
      0.0,
      0.2,
      0.2,
      0.8,
      0.0,
      0.0,
      0.0,
      0.2,
      0.0,
      0.8,
      0.6,
      0.0,
      0.75,
      0.0
   ]
}