{
   "epoch": 5,
   "batch_train_accuracies": [
      0.0625,
      0.15625,
      0.078125,
      0.1875,
      0.125,
      0.109375,
      0.125,
      0.109375,
      0.046875,
      0.15625,
      0.109375,
      0.125,
      0.109375,
      0.046875,
      0.09375,
      0.109375,
      0.09375,
      0.046875,
      0.078125,
      0.109375,
      0.046875,
      0.140625,
      0.171875,
      0.09375,
      0.15625,
      0.09375,
      0.109375,
      0.140625,
      0.0625,
      0.171875,
      0.15625,
      0.09375,
      0.046875,
      0.078125,
      0.046875,
      0.078125,
      0.109375,
      0.1875,
      0.09375,
      0.0625,
      0.078125,
      0.1875
   ],
   "batch_train_losses": [
      3.7542200088500977,
      3.747701644897461,
      3.7519659996032715,
      3.7406609058380127,
      3.750154495239258,
      3.7500417232513428,
      3.747960329055786,
      3.7426486015319824,
      3.749274492263794,
      3.742497682571411,
      3.7441325187683105,
      3.741098642349243,
      3.7480905055999756,
      3.759016990661621,
      3.7464346885681152,
      3.741746664047241,
      3.7469561100006104,
      3.753201484680176,
      3.7552921772003174,
      3.7406985759735107,
      3.7556889057159424,
      3.7372870445251465,
      3.745333194732666,
      3.7473621368408203,
      3.7367563247680664,
      3.7436769008636475,
      3.7418034076690674,
      3.739527940750122,
      3.7520878314971924,
      3.7446961402893066,
      3.7334437370300293,
      3.752328634262085,
      3.7506237030029297,
      3.748079299926758,
      3.7493934631347656,
      3.7506091594696045,
      3.730570077896118,
      3.729609251022339,
      3.74849796295166,
      3.7445201873779297,
      3.7489185333251953,
      3.734445095062256
   ],
   "batch_train_times": [],
   "val_accuracy": 0.07432432432432433,
   "val_loss": 3.7490208986643196,
   "val_accuracy_per_label": [
      1.0,
      0.0,
      0.0,
      0.0,
      0.0,
      0.0,
      0.0,
      0.0,
      0.0,
      0.0,
      0.0,
      0.0,
      0.0,
      0.0,
      0.0,
      0.0,
      0.0,
      0.0,
      0.0,
      0.0,
      0.0,
      0.0,
      0.0,
      0.0,
      0.0,
      0.0,
      0.0,
      0.0,
      0.0,
      0.0,
      0.0,
      0.0,
      0.0,
      0.0,
      0.0,
      0.0,
      0.0,
      0.0,
      0.0,
      0.0,
      0.0,
      0.0,
      0.0
   ]
}