{
   "epoch": 7,
   "batch_train_accuracies": [
      0.125,
      0.03125,
      0.0625,
      0.21875,
      0.140625,
      0.078125,
      0.0625,
      0.109375,
      0.109375,
      0.078125,
      0.09375,
      0.109375,
      0.0625,
      0.078125,
      0.140625,
      0.0625,
      0.078125,
      0.078125,
      0.15625,
      0.09375,
      0.125,
      0.109375,
      0.171875,
      0.046875,
      0.140625,
      0.09375,
      0.140625,
      0.0625,
      0.203125,
      0.140625,
      0.046875,
      0.09375,
      0.15625,
      0.09375,
      0.125,
      0.125,
      0.125,
      0.0625,
      0.125,
      0.140625,
      0.03125,
      0.0625
   ],
   "batch_train_losses": [
      3.7379322052001953,
      3.7495477199554443,
      3.7486045360565186,
      3.723475456237793,
      3.7360494136810303,
      3.74363112449646,
      3.745410680770874,
      3.741992950439453,
      3.7358450889587402,
      3.7402772903442383,
      3.7449586391448975,
      3.744434356689453,
      3.7485296726226807,
      3.7416300773620605,
      3.7390124797821045,
      3.745435953140259,
      3.7411258220672607,
      3.742854356765747,
      3.7295145988464355,
      3.7413015365600586,
      3.7402007579803467,
      3.7430922985076904,
      3.728013753890991,
      3.7499940395355225,
      3.7299680709838867,
      3.7385172843933105,
      3.7373499870300293,
      3.7505555152893066,
      3.7215707302093506,
      3.739032030105591,
      3.7469191551208496,
      3.7372992038726807,
      3.735272169113159,
      3.737297296524048,
      3.7402830123901367,
      3.7437617778778076,
      3.7368004322052,
      3.744821071624756,
      3.7352168560028076,
      3.7317728996276855,
      3.742830514907837,
      3.740535020828247
   ],
   "batch_train_times": [],
   "val_accuracy": 0.07432432432432433,
   "val_loss": 3.743855489266885,
   "val_accuracy_per_label": [
      1.0,
      0.0,
      0.0,
      0.0,
      0.0,
      0.0,
      0.0,
      0.0,
      0.0,
      0.0,
      0.0,
      0.0,
      0.0,
      0.0,
      0.0,
      0.0,
      0.0,
      0.0,
      0.0,
      0.0,
      0.0,
      0.0,
      0.0,
      0.0,
      0.0,
      0.0,
      0.0,
      0.0,
      0.0,
      0.0,
      0.0,
      0.0,
      0.0,
      0.0,
      0.0,
      0.0,
      0.0,
      0.0,
      0.0,
      0.0,
      0.0,
      0.0,
      0.0
   ]
}