{
   "epoch": 9,
   "batch_train_accuracies": [
      0.109375,
      0.140625,
      0.125,
      0.0625,
      0.125,
      0.078125,
      0.09375,
      0.09375,
      0.109375,
      0.03125,
      0.171875,
      0.09375,
      0.078125,
      0.109375,
      0.109375,
      0.15625,
      0.046875,
      0.109375,
      0.078125,
      0.078125,
      0.046875,
      0.15625,
      0.0625,
      0.09375,
      0.109375,
      0.078125,
      0.046875,
      0.109375,
      0.09375,
      0.1875,
      0.046875,
      0.125,
      0.15625,
      0.125,
      0.15625,
      0.109375,
      0.03125,
      0.15625,
      0.21875,
      0.046875,
      0.15625,
      0.125
   ],
   "batch_train_losses": [
      3.739844560623169,
      3.7285215854644775,
      3.733086109161377,
      3.741445302963257,
      3.731269121170044,
      3.7354848384857178,
      3.730703115463257,
      3.734135627746582,
      3.7422618865966797,
      3.745638847351074,
      3.7230215072631836,
      3.7383546829223633,
      3.740835189819336,
      3.734457015991211,
      3.7347700595855713,
      3.723794937133789,
      3.7452259063720703,
      3.7361278533935547,
      3.74025821685791,
      3.7413406372070312,
      3.752051830291748,
      3.7309987545013428,
      3.7372548580169678,
      3.7345104217529297,
      3.7354578971862793,
      3.7436976432800293,
      3.7360496520996094,
      3.7382800579071045,
      3.7363038063049316,
      3.7178616523742676,
      3.7462644577026367,
      3.7374672889709473,
      3.728555679321289,
      3.7402422428131104,
      3.7275590896606445,
      3.7317698001861572,
      3.739260673522949,
      3.722501754760742,
      3.7162795066833496,
      3.7449569702148438,
      3.729879379272461,
      3.736164093017578
   ],
   "batch_train_times": [],
   "val_accuracy": 0.07432432432432433,
   "val_loss": 3.740085608250386,
   "val_accuracy_per_label": [
      1.0,
      0.0,
      0.0,
      0.0,
      0.0,
      0.0,
      0.0,
      0.0,
      0.0,
      0.0,
      0.0,
      0.0,
      0.0,
      0.0,
      0.0,
      0.0,
      0.0,
      0.0,
      0.0,
      0.0,
      0.0,
      0.0,
      0.0,
      0.0,
      0.0,
      0.0,
      0.0,
      0.0,
      0.0,
      0.0,
      0.0,
      0.0,
      0.0,
      0.0,
      0.0,
      0.0,
      0.0,
      0.0,
      0.0,
      0.0,
      0.0,
      0.0,
      0.0
   ]
}