{
   "epoch": 20,
   "batch_train_accuracies": [
      0.125,
      0.0625,
      0.203125,
      0.09375,
      0.09375,
      0.046875,
      0.15625,
      0.0625,
      0.046875,
      0.078125,
      0.140625,
      0.203125,
      0.140625,
      0.078125,
      0.078125,
      0.109375,
      0.125,
      0.109375,
      0.15625,
      0.015625,
      0.109375,
      0.109375,
      0.109375,
      0.09375,
      0.078125,
      0.1875,
      0.125,
      0.046875,
      0.078125,
      0.078125,
      0.0625,
      0.125,
      0.078125,
      0.109375,
      0.15625,
      0.15625,
      0.109375,
      0.109375,
      0.109375,
      0.109375,
      0.078125,
      0.0
   ],
   "batch_train_losses": [
      3.716658115386963,
      3.735396146774292,
      3.7135157585144043,
      3.7247626781463623,
      3.7036142349243164,
      3.72194766998291,
      3.715207099914551,
      3.722576379776001,
      3.7282602787017822,
      3.7262039184570312,
      3.7239561080932617,
      3.702118396759033,
      3.718498468399048,
      3.7265465259552,
      3.7259981632232666,
      3.71893572807312,
      3.7238659858703613,
      3.717250347137451,
      3.714749574661255,
      3.726107120513916,
      3.7153048515319824,
      3.720337152481079,
      3.721161127090454,
      3.712782144546509,
      3.7225377559661865,
      3.7029879093170166,
      3.7159063816070557,
      3.7317938804626465,
      3.7267494201660156,
      3.7274224758148193,
      3.7249538898468018,
      3.723313331604004,
      3.731475353240967,
      3.7241058349609375,
      3.7083780765533447,
      3.7172467708587646,
      3.714660167694092,
      3.723775625228882,
      3.7233588695526123,
      3.730098009109497,
      3.7259304523468018,
      3.743753671646118
   ],
   "batch_train_times": [],
   "val_accuracy": 0.07432432432432433,
   "val_loss": 3.7277882485776335,
   "val_accuracy_per_label": [
      1.0,
      0.0,
      0.0,
      0.0,
      0.0,
      0.0,
      0.0,
      0.0,
      0.0,
      0.0,
      0.0,
      0.0,
      0.0,
      0.0,
      0.0,
      0.0,
      0.0,
      0.0,
      0.0,
      0.0,
      0.0,
      0.0,
      0.0,
      0.0,
      0.0,
      0.0,
      0.0,
      0.0,
      0.0,
      0.0,
      0.0,
      0.0,
      0.0,
      0.0,
      0.0,
      0.0,
      0.0,
      0.0,
      0.0,
      0.0,
      0.0,
      0.0,
      0.0
   ]
}