{
   "epoch": 11,
   "batch_train_accuracies": [
      0.09375,
      0.078125,
      0.09375,
      0.109375,
      0.0625,
      0.1875,
      0.03125,
      0.078125,
      0.0625,
      0.140625,
      0.109375,
      0.0625,
      0.078125,
      0.15625,
      0.09375,
      0.109375,
      0.0625,
      0.15625,
      0.078125,
      0.171875,
      0.1875,
      0.171875,
      0.109375,
      0.078125,
      0.078125,
      0.078125,
      0.078125,
      0.078125,
      0.078125,
      0.140625,
      0.125,
      0.140625,
      0.125,
      0.140625,
      0.203125,
      0.078125,
      0.0625,
      0.0625,
      0.09375,
      0.0625,
      0.09375,
      0.25
   ],
   "batch_train_losses": [
      3.7402524948120117,
      3.7354581356048584,
      3.7299604415893555,
      3.7269370555877686,
      3.728665828704834,
      3.7223310470581055,
      3.7437450885772705,
      3.728868246078491,
      3.73777174949646,
      3.7311792373657227,
      3.7321207523345947,
      3.7341015338897705,
      3.7398083209991455,
      3.719980239868164,
      3.7272653579711914,
      3.7372212409973145,
      3.7345221042633057,
      3.724949359893799,
      3.740154266357422,
      3.7215383052825928,
      3.7219033241271973,
      3.7218594551086426,
      3.73260498046875,
      3.738872766494751,
      3.740302801132202,
      3.727973699569702,
      3.734194278717041,
      3.7353148460388184,
      3.733222723007202,
      3.728463649749756,
      3.7331857681274414,
      3.7267613410949707,
      3.725811719894409,
      3.7323310375213623,
      3.7194957733154297,
      3.735006332397461,
      3.740086078643799,
      3.7376952171325684,
      3.7284536361694336,
      3.7367711067199707,
      3.7376556396484375,
      3.7131683826446533
   ],
   "batch_train_times": [],
   "val_accuracy": 0.07432432432432433,
   "val_loss": 3.7370629568357727,
   "val_accuracy_per_label": [
      1.0,
      0.0,
      0.0,
      0.0,
      0.0,
      0.0,
      0.0,
      0.0,
      0.0,
      0.0,
      0.0,
      0.0,
      0.0,
      0.0,
      0.0,
      0.0,
      0.0,
      0.0,
      0.0,
      0.0,
      0.0,
      0.0,
      0.0,
      0.0,
      0.0,
      0.0,
      0.0,
      0.0,
      0.0,
      0.0,
      0.0,
      0.0,
      0.0,
      0.0,
      0.0,
      0.0,
      0.0,
      0.0,
      0.0,
      0.0,
      0.0,
      0.0,
      0.0
   ]
}