{
   "epoch": 16,
   "batch_train_accuracies": [
      0.09375,
      0.078125,
      0.09375,
      0.15625,
      0.109375,
      0.171875,
      0.0625,
      0.109375,
      0.140625,
      0.125,
      0.078125,
      0.09375,
      0.140625,
      0.0625,
      0.15625,
      0.15625,
      0.109375,
      0.046875,
      0.09375,
      0.171875,
      0.0625,
      0.09375,
      0.0625,
      0.09375,
      0.109375,
      0.078125,
      0.125,
      0.046875,
      0.046875,
      0.09375,
      0.09375,
      0.171875,
      0.125,
      0.125,
      0.046875,
      0.15625,
      0.109375,
      0.09375,
      0.140625,
      0.09375,
      0.109375,
      0.0625
   ],
   "batch_train_losses": [
      3.7238359451293945,
      3.732332468032837,
      3.7203073501586914,
      3.7229509353637695,
      3.730800151824951,
      3.702608108520508,
      3.730854034423828,
      3.729950189590454,
      3.713822364807129,
      3.713437557220459,
      3.731086254119873,
      3.7286179065704346,
      3.722975015640259,
      3.7387611865997314,
      3.7157742977142334,
      3.7167587280273438,
      3.723947286605835,
      3.7315146923065186,
      3.727509021759033,
      3.714515447616577,
      3.729346990585327,
      3.725785255432129,
      3.7369813919067383,
      3.738966226577759,
      3.724900245666504,
      3.7318191528320312,
      3.7132089138031006,
      3.734243869781494,
      3.7392733097076416,
      3.73260235786438,
      3.72721529006958,
      3.709864377975464,
      3.7218246459960938,
      3.7388722896575928,
      3.7337942123413086,
      3.7050387859344482,
      3.7256059646606445,
      3.7267167568206787,
      3.728482723236084,
      3.7196924686431885,
      3.7229764461517334,
      3.7061469554901123
   ],
   "batch_train_times": [],
   "val_accuracy": 0.07432432432432433,
   "val_loss": 3.731570475810283,
   "val_accuracy_per_label": [
      1.0,
      0.0,
      0.0,
      0.0,
      0.0,
      0.0,
      0.0,
      0.0,
      0.0,
      0.0,
      0.0,
      0.0,
      0.0,
      0.0,
      0.0,
      0.0,
      0.0,
      0.0,
      0.0,
      0.0,
      0.0,
      0.0,
      0.0,
      0.0,
      0.0,
      0.0,
      0.0,
      0.0,
      0.0,
      0.0,
      0.0,
      0.0,
      0.0,
      0.0,
      0.0,
      0.0,
      0.0,
      0.0,
      0.0,
      0.0,
      0.0,
      0.0,
      0.0
   ]
}