{
   "epoch": 12,
   "batch_train_accuracies": [
      0.078125,
      0.171875,
      0.09375,
      0.09375,
      0.09375,
      0.140625,
      0.109375,
      0.078125,
      0.046875,
      0.109375,
      0.0625,
      0.078125,
      0.109375,
      0.078125,
      0.0625,
      0.15625,
      0.15625,
      0.109375,
      0.109375,
      0.15625,
      0.125,
      0.15625,
      0.125,
      0.109375,
      0.109375,
      0.09375,
      0.0625,
      0.125,
      0.140625,
      0.046875,
      0.0625,
      0.125,
      0.09375,
      0.109375,
      0.109375,
      0.09375,
      0.046875,
      0.171875,
      0.0625,
      0.125,
      0.09375,
      0.25
   ],
   "batch_train_losses": [
      3.7347569465637207,
      3.7248127460479736,
      3.731816530227661,
      3.72991943359375,
      3.736405849456787,
      3.7311246395111084,
      3.729565143585205,
      3.738586664199829,
      3.7380971908569336,
      3.7278199195861816,
      3.7302396297454834,
      3.734884023666382,
      3.730130434036255,
      3.730675220489502,
      3.7374300956726074,
      3.71842622756958,
      3.7228941917419434,
      3.7340078353881836,
      3.732288122177124,
      3.720527172088623,
      3.733489513397217,
      3.7270827293395996,
      3.7252931594848633,
      3.728729724884033,
      3.724543333053589,
      3.728642702102661,
      3.7372798919677734,
      3.733869791030884,
      3.7231860160827637,
      3.738405227661133,
      3.729647159576416,
      3.7269115447998047,
      3.7312138080596924,
      3.7308688163757324,
      3.7341325283050537,
      3.7317991256713867,
      3.729609489440918,
      3.7193214893341064,
      3.735196828842163,
      3.729848861694336,
      3.7283146381378174,
      3.7226240634918213
   ],
   "batch_train_times": [],
   "val_accuracy": 0.07432432432432433,
   "val_loss": 3.7358684604232377,
   "val_accuracy_per_label": [
      1.0,
      0.0,
      0.0,
      0.0,
      0.0,
      0.0,
      0.0,
      0.0,
      0.0,
      0.0,
      0.0,
      0.0,
      0.0,
      0.0,
      0.0,
      0.0,
      0.0,
      0.0,
      0.0,
      0.0,
      0.0,
      0.0,
      0.0,
      0.0,
      0.0,
      0.0,
      0.0,
      0.0,
      0.0,
      0.0,
      0.0,
      0.0,
      0.0,
      0.0,
      0.0,
      0.0,
      0.0,
      0.0,
      0.0,
      0.0,
      0.0,
      0.0,
      0.0
   ]
}