{
   "epoch": 25,
   "batch_train_accuracies": [
      0.140625,
      0.125,
      0.109375,
      0.109375,
      0.109375,
      0.0625,
      0.234375,
      0.09375,
      0.0625,
      0.109375,
      0.109375,
      0.078125,
      0.09375,
      0.1875,
      0.109375,
      0.109375,
      0.078125,
      0.09375,
      0.09375,
      0.125,
      0.140625,
      0.078125,
      0.078125,
      0.09375,
      0.0625,
      0.125,
      0.140625,
      0.09375,
      0.09375,
      0.140625,
      0.09375,
      0.125,
      0.0625,
      0.046875,
      0.0625,
      0.09375,
      0.125,
      0.0625,
      0.125,
      0.140625,
      0.078125,
      0.1875
   ],
   "batch_train_losses": [
      3.717473030090332,
      3.709979772567749,
      3.719332456588745,
      3.720710039138794,
      3.72212815284729,
      3.722015857696533,
      3.6930229663848877,
      3.7117817401885986,
      3.713468074798584,
      3.725388765335083,
      3.7186906337738037,
      3.7234864234924316,
      3.7146124839782715,
      3.707979202270508,
      3.71366024017334,
      3.720963716506958,
      3.7270617485046387,
      3.727731466293335,
      3.7156219482421875,
      3.7193989753723145,
      3.701228618621826,
      3.7144429683685303,
      3.7143635749816895,
      3.7048282623291016,
      3.7055442333221436,
      3.7013583183288574,
      3.721637010574341,
      3.7189242839813232,
      3.7175819873809814,
      3.7088277339935303,
      3.717395782470703,
      3.715837001800537,
      3.732790470123291,
      3.712613821029663,
      3.7181031703948975,
      3.726102828979492,
      3.7184884548187256,
      3.7230653762817383,
      3.7086360454559326,
      3.6992480754852295,
      3.7222673892974854,
      3.6961987018585205
   ],
   "batch_train_times": [],
   "val_accuracy": 0.07432432432432433,
   "val_loss": 3.7233136280162915,
   "val_accuracy_per_label": [
      1.0,
      0.0,
      0.0,
      0.0,
      0.0,
      0.0,
      0.0,
      0.0,
      0.0,
      0.0,
      0.0,
      0.0,
      0.0,
      0.0,
      0.0,
      0.0,
      0.0,
      0.0,
      0.0,
      0.0,
      0.0,
      0.0,
      0.0,
      0.0,
      0.0,
      0.0,
      0.0,
      0.0,
      0.0,
      0.0,
      0.0,
      0.0,
      0.0,
      0.0,
      0.0,
      0.0,
      0.0,
      0.0,
      0.0,
      0.0,
      0.0,
      0.0,
      0.0
   ]
}