{
   "epoch": 18,
   "batch_train_accuracies": [
      0.078125,
      0.109375,
      0.140625,
      0.1875,
      0.046875,
      0.046875,
      0.125,
      0.078125,
      0.046875,
      0.0625,
      0.0625,
      0.140625,
      0.078125,
      0.125,
      0.15625,
      0.125,
      0.109375,
      0.125,
      0.140625,
      0.078125,
      0.09375,
      0.09375,
      0.0625,
      0.125,
      0.078125,
      0.28125,
      0.09375,
      0.09375,
      0.078125,
      0.078125,
      0.109375,
      0.0625,
      0.203125,
      0.0625,
      0.15625,
      0.171875,
      0.09375,
      0.046875,
      0.078125,
      0.0625,
      0.125,
      0.125
   ],
   "batch_train_losses": [
      3.736693859100342,
      3.7210261821746826,
      3.719926595687866,
      3.7164502143859863,
      3.741934299468994,
      3.7274746894836426,
      3.7129414081573486,
      3.736858367919922,
      3.7257702350616455,
      3.7196531295776367,
      3.7318921089172363,
      3.7185163497924805,
      3.719719409942627,
      3.725727081298828,
      3.71614146232605,
      3.7239832878112793,
      3.72278094291687,
      3.7187273502349854,
      3.720379114151001,
      3.7329506874084473,
      3.712156057357788,
      3.725815534591675,
      3.7308759689331055,
      3.7178614139556885,
      3.7331600189208984,
      3.7069196701049805,
      3.716942071914673,
      3.7305803298950195,
      3.7171785831451416,
      3.71832275390625,
      3.7142608165740967,
      3.7318220138549805,
      3.7027766704559326,
      3.7378954887390137,
      3.7179603576660156,
      3.7124407291412354,
      3.7256953716278076,
      3.7240378856658936,
      3.7346744537353516,
      3.7383193969726562,
      3.7100305557250977,
      3.713390350341797
   ],
   "batch_train_times": [],
   "val_accuracy": 0.07432432432432433,
   "val_loss": 3.7297092515069084,
   "val_accuracy_per_label": [
      1.0,
      0.0,
      0.0,
      0.0,
      0.0,
      0.0,
      0.0,
      0.0,
      0.0,
      0.0,
      0.0,
      0.0,
      0.0,
      0.0,
      0.0,
      0.0,
      0.0,
      0.0,
      0.0,
      0.0,
      0.0,
      0.0,
      0.0,
      0.0,
      0.0,
      0.0,
      0.0,
      0.0,
      0.0,
      0.0,
      0.0,
      0.0,
      0.0,
      0.0,
      0.0,
      0.0,
      0.0,
      0.0,
      0.0,
      0.0,
      0.0,
      0.0,
      0.0
   ]
}