{
   "epoch": 42,
   "batch_train_accuracies": [
      0.09375,
      0.0625,
      0.125,
      0.09375,
      0.140625,
      0.171875,
      0.046875,
      0.0625,
      0.0625,
      0.03125,
      0.140625,
      0.125,
      0.140625,
      0.09375,
      0.078125,
      0.140625,
      0.125,
      0.078125,
      0.140625,
      0.140625,
      0.109375,
      0.109375,
      0.078125,
      0.09375,
      0.09375,
      0.046875,
      0.078125,
      0.09375,
      0.078125,
      0.140625,
      0.125,
      0.125,
      0.171875,
      0.046875,
      0.109375,
      0.125,
      0.140625,
      0.09375,
      0.15625,
      0.125,
      0.109375,
      0.0
   ],
   "batch_train_losses": [
      3.698582410812378,
      3.6906540393829346,
      3.6877572536468506,
      3.7135684490203857,
      3.691974401473999,
      3.6802446842193604,
      3.7138609886169434,
      3.709442615509033,
      3.7044100761413574,
      3.723097085952759,
      3.6752536296844482,
      3.686115264892578,
      3.690587043762207,
      3.704479694366455,
      3.710165500640869,
      3.694181442260742,
      3.698444128036499,
      3.698301076889038,
      3.6888134479522705,
      3.682786464691162,
      3.7021560668945312,
      3.6868653297424316,
      3.7100093364715576,
      3.677428722381592,
      3.689755439758301,
      3.6986193656921387,
      3.704608678817749,
      3.707653760910034,
      3.6991591453552246,
      3.6897599697113037,
      3.688591241836548,
      3.6902925968170166,
      3.685058832168579,
      3.7075674533843994,
      3.718205690383911,
      3.693613290786743,
      3.692842721939087,
      3.7163357734680176,
      3.678086996078491,
      3.6837849617004395,
      3.7010672092437744,
      3.685866355895996
   ],
   "batch_train_times": [],
   "val_accuracy": 0.07432432432432433,
   "val_loss": 3.7067838552835823,
   "val_accuracy_per_label": [
      1.0,
      0.0,
      0.0,
      0.0,
      0.0,
      0.0,
      0.0,
      0.0,
      0.0,
      0.0,
      0.0,
      0.0,
      0.0,
      0.0,
      0.0,
      0.0,
      0.0,
      0.0,
      0.0,
      0.0,
      0.0,
      0.0,
      0.0,
      0.0,
      0.0,
      0.0,
      0.0,
      0.0,
      0.0,
      0.0,
      0.0,
      0.0,
      0.0,
      0.0,
      0.0,
      0.0,
      0.0,
      0.0,
      0.0,
      0.0,
      0.0,
      0.0,
      0.0
   ]
}