{
   "epoch": 40,
   "batch_train_accuracies": [
      0.078125,
      0.125,
      0.109375,
      0.109375,
      0.046875,
      0.109375,
      0.171875,
      0.109375,
      0.109375,
      0.15625,
      0.109375,
      0.09375,
      0.15625,
      0.078125,
      0.140625,
      0.171875,
      0.109375,
      0.015625,
      0.09375,
      0.0625,
      0.078125,
      0.125,
      0.09375,
      0.140625,
      0.140625,
      0.109375,
      0.078125,
      0.09375,
      0.046875,
      0.125,
      0.109375,
      0.09375,
      0.1875,
      0.0625,
      0.09375,
      0.0625,
      0.15625,
      0.09375,
      0.078125,
      0.078125,
      0.140625,
      0.0
   ],
   "batch_train_losses": [
      3.7037253379821777,
      3.7008771896362305,
      3.68508243560791,
      3.6993887424468994,
      3.718480348587036,
      3.703772783279419,
      3.6864805221557617,
      3.697807788848877,
      3.698854446411133,
      3.6929147243499756,
      3.701479196548462,
      3.7097997665405273,
      3.702666997909546,
      3.693117380142212,
      3.690685272216797,
      3.6827094554901123,
      3.7102646827697754,
      3.713158369064331,
      3.6977038383483887,
      3.696352958679199,
      3.696648597717285,
      3.6916048526763916,
      3.7059013843536377,
      3.6841862201690674,
      3.6747610569000244,
      3.680030107498169,
      3.69985032081604,
      3.702272653579712,
      3.708514928817749,
      3.6794843673706055,
      3.709407329559326,
      3.71026611328125,
      3.68479323387146,
      3.703993082046509,
      3.7097039222717285,
      3.716080665588379,
      3.6914520263671875,
      3.6929502487182617,
      3.7223713397979736,
      3.7024013996124268,
      3.696340799331665,
      3.720107078552246
   ],
   "batch_train_times": [],
   "val_accuracy": 0.07432432432432433,
   "val_loss": 3.708728751620731,
   "val_accuracy_per_label": [
      1.0,
      0.0,
      0.0,
      0.0,
      0.0,
      0.0,
      0.0,
      0.0,
      0.0,
      0.0,
      0.0,
      0.0,
      0.0,
      0.0,
      0.0,
      0.0,
      0.0,
      0.0,
      0.0,
      0.0,
      0.0,
      0.0,
      0.0,
      0.0,
      0.0,
      0.0,
      0.0,
      0.0,
      0.0,
      0.0,
      0.0,
      0.0,
      0.0,
      0.0,
      0.0,
      0.0,
      0.0,
      0.0,
      0.0,
      0.0,
      0.0,
      0.0,
      0.0
   ]
}