{
   "epoch": 37,
   "batch_train_accuracies": [
      0.171875,
      0.046875,
      0.09375,
      0.140625,
      0.078125,
      0.15625,
      0.15625,
      0.140625,
      0.109375,
      0.109375,
      0.09375,
      0.171875,
      0.03125,
      0.078125,
      0.0625,
      0.046875,
      0.109375,
      0.09375,
      0.078125,
      0.140625,
      0.109375,
      0.078125,
      0.171875,
      0.15625,
      0.109375,
      0.140625,
      0.0625,
      0.125,
      0.125,
      0.078125,
      0.09375,
      0.109375,
      0.078125,
      0.0625,
      0.15625,
      0.125,
      0.0625,
      0.109375,
      0.046875,
      0.109375,
      0.0625,
      0.25
   ],
   "batch_train_losses": [
      3.686138391494751,
      3.705043077468872,
      3.7005844116210938,
      3.697235345840454,
      3.715733051300049,
      3.6928069591522217,
      3.687988758087158,
      3.6849777698516846,
      3.691739320755005,
      3.696180582046509,
      3.7020981311798096,
      3.6926653385162354,
      3.7163779735565186,
      3.717512369155884,
      3.7011265754699707,
      3.7103474140167236,
      3.7113399505615234,
      3.7055952548980713,
      3.712285041809082,
      3.6975502967834473,
      3.7100794315338135,
      3.717007637023926,
      3.6875522136688232,
      3.6818032264709473,
      3.7057294845581055,
      3.6864166259765625,
      3.7101526260375977,
      3.69953989982605,
      3.711855173110962,
      3.7007038593292236,
      3.705446720123291,
      3.7021853923797607,
      3.6866824626922607,
      3.71844482421875,
      3.6988461017608643,
      3.7024824619293213,
      3.7197024822235107,
      3.698824167251587,
      3.7013936042785645,
      3.7068822383880615,
      3.719055652618408,
      3.6832501888275146
   ],
   "batch_train_times": [],
   "val_accuracy": 0.07432432432432433,
   "val_loss": 3.7116353705122664,
   "val_accuracy_per_label": [
      1.0,
      0.0,
      0.0,
      0.0,
      0.0,
      0.0,
      0.0,
      0.0,
      0.0,
      0.0,
      0.0,
      0.0,
      0.0,
      0.0,
      0.0,
      0.0,
      0.0,
      0.0,
      0.0,
      0.0,
      0.0,
      0.0,
      0.0,
      0.0,
      0.0,
      0.0,
      0.0,
      0.0,
      0.0,
      0.0,
      0.0,
      0.0,
      0.0,
      0.0,
      0.0,
      0.0,
      0.0,
      0.0,
      0.0,
      0.0,
      0.0,
      0.0,
      0.0
   ]
}