{
   "epoch": 48,
   "batch_train_accuracies": [
      0.0625,
      0.0625,
      0.171875,
      0.078125,
      0.078125,
      0.09375,
      0.109375,
      0.125,
      0.125,
      0.109375,
      0.125,
      0.140625,
      0.109375,
      0.140625,
      0.125,
      0.09375,
      0.078125,
      0.109375,
      0.078125,
      0.15625,
      0.140625,
      0.15625,
      0.0625,
      0.046875,
      0.078125,
      0.015625,
      0.078125,
      0.0625,
      0.125,
      0.046875,
      0.125,
      0.109375,
      0.09375,
      0.140625,
      0.125,
      0.15625,
      0.109375,
      0.109375,
      0.140625,
      0.140625,
      0.078125,
      0.125
   ],
   "batch_train_losses": [
      3.695690393447876,
      3.6965315341949463,
      3.6758649349212646,
      3.6994194984436035,
      3.6848409175872803,
      3.694046974182129,
      3.705447196960449,
      3.70001220703125,
      3.680335521697998,
      3.6864912509918213,
      3.684192419052124,
      3.6720008850097656,
      3.6948280334472656,
      3.681297540664673,
      3.6906580924987793,
      3.6780896186828613,
      3.701348066329956,
      3.6856272220611572,
      3.7115225791931152,
      3.672198534011841,
      3.6919660568237305,
      3.675534248352051,
      3.7050046920776367,
      3.717489719390869,
      3.695465087890625,
      3.7011730670928955,
      3.6818084716796875,
      3.702868700027466,
      3.679166078567505,
      3.696685314178467,
      3.6857194900512695,
      3.6883621215820312,
      3.6751065254211426,
      3.6876778602600098,
      3.716722011566162,
      3.660717010498047,
      3.6678199768066406,
      3.6836636066436768,
      3.6949751377105713,
      3.6863672733306885,
      3.707176446914673,
      3.6891469955444336
   ],
   "batch_train_times": [],
   "val_accuracy": 0.07432432432432433,
   "val_loss": 3.7010658818322257,
   "val_accuracy_per_label": [
      1.0,
      0.0,
      0.0,
      0.0,
      0.0,
      0.0,
      0.0,
      0.0,
      0.0,
      0.0,
      0.0,
      0.0,
      0.0,
      0.0,
      0.0,
      0.0,
      0.0,
      0.0,
      0.0,
      0.0,
      0.0,
      0.0,
      0.0,
      0.0,
      0.0,
      0.0,
      0.0,
      0.0,
      0.0,
      0.0,
      0.0,
      0.0,
      0.0,
      0.0,
      0.0,
      0.0,
      0.0,
      0.0,
      0.0,
      0.0,
      0.0,
      0.0,
      0.0
   ]
}