{
   "epoch": 24,
   "batch_train_accuracies": [
      0.0625,
      0.078125,
      0.15625,
      0.046875,
      0.046875,
      0.078125,
      0.03125,
      0.1875,
      0.0625,
      0.125,
      0.125,
      0.125,
      0.09375,
      0.125,
      0.09375,
      0.140625,
      0.15625,
      0.109375,
      0.0625,
      0.109375,
      0.09375,
      0.140625,
      0.171875,
      0.0625,
      0.125,
      0.109375,
      0.078125,
      0.078125,
      0.09375,
      0.09375,
      0.140625,
      0.03125,
      0.125,
      0.15625,
      0.125,
      0.15625,
      0.0625,
      0.09375,
      0.09375,
      0.15625,
      0.109375,
      0.125
   ],
   "batch_train_losses": [
      3.7250688076019287,
      3.7142930030822754,
      3.716400623321533,
      3.7185895442962646,
      3.734488010406494,
      3.7295117378234863,
      3.716981887817383,
      3.7055037021636963,
      3.7259111404418945,
      3.718425750732422,
      3.717663288116455,
      3.7077102661132812,
      3.7127201557159424,
      3.7164413928985596,
      3.719120502471924,
      3.700127363204956,
      3.7026708126068115,
      3.7220523357391357,
      3.7283389568328857,
      3.720655679702759,
      3.7192673683166504,
      3.7169816493988037,
      3.694324493408203,
      3.729940891265869,
      3.715334892272949,
      3.706956624984741,
      3.7204034328460693,
      3.707822799682617,
      3.7215092182159424,
      3.725876808166504,
      3.720113515853882,
      3.7223267555236816,
      3.7172281742095947,
      3.7068161964416504,
      3.7085022926330566,
      3.7237696647644043,
      3.723278045654297,
      3.7218892574310303,
      3.723045587539673,
      3.697017192840576,
      3.7149178981781006,
      3.707923412322998
   ],
   "batch_train_times": [],
   "val_accuracy": 0.07432432432432433,
   "val_loss": 3.7242527072494096,
   "val_accuracy_per_label": [
      1.0,
      0.0,
      0.0,
      0.0,
      0.0,
      0.0,
      0.0,
      0.0,
      0.0,
      0.0,
      0.0,
      0.0,
      0.0,
      0.0,
      0.0,
      0.0,
      0.0,
      0.0,
      0.0,
      0.0,
      0.0,
      0.0,
      0.0,
      0.0,
      0.0,
      0.0,
      0.0,
      0.0,
      0.0,
      0.0,
      0.0,
      0.0,
      0.0,
      0.0,
      0.0,
      0.0,
      0.0,
      0.0,
      0.0,
      0.0,
      0.0,
      0.0,
      0.0
   ]
}