{
   "epoch": 16,
   "batch_train_accuracies": [
      0.78125,
      0.609375,
      0.765625,
      0.71875,
      0.703125,
      0.734375,
      0.71875,
      0.765625,
      0.671875,
      0.734375,
      0.734375,
      0.75,
      0.609375,
      0.71875,
      0.671875,
      0.6875,
      0.703125,
      0.78125,
      0.609375,
      0.765625,
      0.71875,
      0.734375,
      0.640625,
      0.78125,
      0.640625,
      0.703125,
      0.828125,
      0.765625,
      0.828125,
      0.703125,
      0.671875,
      0.71875,
      0.6875,
      0.703125,
      0.625,
      0.703125,
      0.734375,
      0.640625,
      0.6875,
      0.6875,
      0.828125,
      0.5625
   ],
   "batch_train_losses": [
      1.1669039726257324,
      1.3930606842041016,
      1.260805606842041,
      1.3791700601577759,
      1.2585502862930298,
      1.2515239715576172,
      1.3898487091064453,
      1.231727957725525,
      1.3750137090682983,
      1.2497419118881226,
      1.2671855688095093,
      1.240267038345337,
      1.5846562385559082,
      1.4325348138809204,
      1.4030084609985352,
      1.2144633531570435,
      1.3029521703720093,
      1.3157168626785278,
      1.4193780422210693,
      1.240362286567688,
      1.3441946506500244,
      1.2496939897537231,
      1.6190425157546997,
      1.3013079166412354,
      1.3130229711532593,
      1.2721457481384277,
      1.0809612274169922,
      1.2339739799499512,
      1.1666333675384521,
      1.3922220468521118,
      1.4057064056396484,
      1.3895376920700073,
      1.3567781448364258,
      1.277767539024353,
      1.4803799390792847,
      1.4096016883850098,
      1.2965571880340576,
      1.5341724157333374,
      1.3319085836410522,
      1.217712640762329,
      1.1507792472839355,
      1.6234138011932373
   ],
   "batch_train_times": [],
   "val_accuracy": 0.4391891891891892,
   "val_loss": 2.0030618809364937,
   "val_accuracy_per_label": [
      0.7727272727272727,
      0.0,
      0.3333333333333333,
      0.0,
      1.0,
      0.2,
      0.0,
      0.8,
      0.0,
      0.0,
      0.0,
      0.0,
      0.0,
      0.8,
      0.4,
      0.0,
      0.0,
      0.0,
      0.0,
      0.9655172413793104,
      0.6923076923076923,
      0.0,
      0.0,
      0.6,
      0.0,
      0.0,
      0.0,
      0.5,
      0.0,
      0.0,
      0.0,
      0.0,
      0.2,
      0.0,
      0.0,
      0.0,
      0.0,
      0.0,
      0.8666666666666667,
      0.6,
      0.0,
      0.5,
      0.0
   ]
}