{
   "epoch": 11,
   "batch_train_accuracies": [
      0.609375,
      0.65625,
      0.546875,
      0.609375,
      0.53125,
      0.625,
      0.671875,
      0.59375,
      0.5625,
      0.578125,
      0.625,
      0.625,
      0.65625,
      0.578125,
      0.640625,
      0.5625,
      0.546875,
      0.65625,
      0.640625,
      0.671875,
      0.671875,
      0.546875,
      0.671875,
      0.5625,
      0.640625,
      0.53125,
      0.65625,
      0.71875,
      0.5625,
      0.703125,
      0.5,
      0.5,
      0.53125,
      0.671875,
      0.578125,
      0.6875,
      0.65625,
      0.65625,
      0.703125,
      0.59375,
      0.609375,
      0.5625
   ],
   "batch_train_losses": [
      1.639170527458191,
      1.4647939205169678,
      1.778228998184204,
      1.6780505180358887,
      1.6980258226394653,
      1.547573447227478,
      1.412359595298767,
      1.547875165939331,
      1.5758486986160278,
      1.667582631111145,
      1.5550742149353027,
      1.5230284929275513,
      1.474939227104187,
      1.7750568389892578,
      1.6652395725250244,
      1.6610311269760132,
      1.5632671117782593,
      1.5241711139678955,
      1.4178162813186646,
      1.4837138652801514,
      1.384178638458252,
      1.5845187902450562,
      1.3904163837432861,
      1.6852773427963257,
      1.7357597351074219,
      1.8130390644073486,
      1.5149140357971191,
      1.400058388710022,
      1.642926812171936,
      1.5174496173858643,
      1.8692691326141357,
      1.671393632888794,
      1.7660717964172363,
      1.5008494853973389,
      1.6511961221694946,
      1.4019533395767212,
      1.5691156387329102,
      1.5331262350082397,
      1.4674221277236938,
      1.5556615591049194,
      1.5857387781143188,
      1.8104873895645142
   ],
   "batch_train_times": [],
   "val_accuracy": 0.4189189189189189,
   "val_loss": 2.152284950823397,
   "val_accuracy_per_label": [
      0.6363636363636364,
      0.0,
      0.0,
      0.0,
      1.0,
      1.0,
      0.0,
      0.85,
      0.0,
      0.0,
      0.0,
      0.0,
      0.0,
      0.2,
      0.2,
      0.0,
      0.0,
      0.0,
      0.0,
      0.8620689655172413,
      1.0,
      0.0,
      0.0,
      0.0,
      0.0,
      0.0,
      0.0,
      0.35,
      0.0,
      0.0,
      0.0,
      0.0,
      0.0,
      0.0,
      0.0,
      0.0,
      0.0,
      0.0,
      0.8,
      0.5,
      0.0,
      0.625,
      0.2
   ]
}