{
   "epoch": 36,
   "batch_train_accuracies": [
      0.8125,
      0.765625,
      0.796875,
      0.859375,
      0.890625,
      0.875,
      0.859375,
      0.890625,
      0.90625,
      0.78125,
      0.84375,
      0.859375,
      0.859375,
      0.890625,
      0.828125,
      0.90625,
      0.875,
      0.890625,
      0.796875,
      0.8125,
      0.9375,
      0.828125,
      0.78125,
      0.90625,
      0.828125,
      0.84375,
      0.921875,
      0.890625,
      0.78125,
      0.8125,
      0.859375,
      0.859375,
      0.796875,
      0.75,
      0.84375,
      0.765625,
      0.890625,
      0.828125,
      0.84375,
      0.859375,
      0.859375,
      0.75
   ],
   "batch_train_losses": [
      0.9701297879219055,
      1.054800033569336,
      0.9379600882530212,
      0.8340633511543274,
      0.8657139539718628,
      0.8258188366889954,
      0.9856584668159485,
      0.9369702935218811,
      0.9257174730300903,
      1.0612001419067383,
      0.9221850037574768,
      0.841867983341217,
      0.8173734545707703,
      0.8988595604896545,
      1.1031591892242432,
      0.7608023881912231,
      0.7760622501373291,
      0.7488244771957397,
      0.9346726536750793,
      0.8732394576072693,
      0.8125943541526794,
      0.9035624861717224,
      1.082007646560669,
      0.8030866384506226,
      0.9723257422447205,
      0.9312210083007812,
      0.8410450220108032,
      0.7324395775794983,
      1.0339335203170776,
      0.8383278250694275,
      0.784080982208252,
      0.9000137448310852,
      0.8727948069572449,
      0.9599012732505798,
      0.9714061617851257,
      1.0341670513153076,
      0.8950245976448059,
      0.9957086443901062,
      0.9671534895896912,
      0.9061774015426636,
      0.8711228370666504,
      1.2194768190383911
   ],
   "batch_train_times": [],
   "val_accuracy": 0.5574324324324325,
   "val_loss": 1.7925485984699145,
   "val_accuracy_per_label": [
      0.6818181818181818,
      0.0,
      0.6666666666666666,
      0.0,
      0.8,
      1.0,
      0.3333333333333333,
      0.85,
      0.0,
      0.0,
      0.0,
      0.0,
      0.0,
      1.0,
      0.6,
      0.0,
      0.0,
      0.0,
      0.4,
      1.0,
      0.7692307692307693,
      0.4,
      0.8,
      0.8,
      0.0,
      0.7,
      0.0,
      0.3,
      0.0,
      0.0,
      0.8,
      0.6,
      0.6,
      0.0,
      0.0,
      0.0,
      0.0,
      0.0,
      0.8,
      0.8,
      0.0,
      0.625,
      0.4
   ]
}