{
   "epoch": 28,
   "batch_train_accuracies": [
      0.765625,
      0.859375,
      0.71875,
      0.859375,
      0.78125,
      0.6875,
      0.890625,
      0.8125,
      0.734375,
      0.796875,
      0.78125,
      0.84375,
      0.890625,
      0.90625,
      0.796875,
      0.90625,
      0.765625,
      0.765625,
      0.875,
      0.828125,
      0.75,
      0.796875,
      0.765625,
      0.84375,
      0.84375,
      0.890625,
      0.875,
      0.8125,
      0.8125,
      0.71875,
      0.765625,
      0.796875,
      0.890625,
      0.703125,
      0.859375,
      0.84375,
      0.84375,
      0.75,
      0.78125,
      0.828125,
      0.890625,
      0.8125
   ],
   "batch_train_losses": [
      1.0335389375686646,
      0.9327005743980408,
      1.1596965789794922,
      0.9267222881317139,
      1.0141665935516357,
      1.1982523202896118,
      0.917628288269043,
      0.9998232126235962,
      1.0184043645858765,
      0.9926177263259888,
      1.0880999565124512,
      1.0130280256271362,
      0.9480480551719666,
      0.8964275121688843,
      1.0905590057373047,
      0.8076602220535278,
      1.0162769556045532,
      1.056887149810791,
      0.7981382608413696,
      1.0076318979263306,
      1.1949816942214966,
      1.0477718114852905,
      1.01626718044281,
      0.9124695062637329,
      0.8698358535766602,
      0.9124088287353516,
      0.901787281036377,
      1.010162353515625,
      0.9801680445671082,
      1.1597293615341187,
      1.0399646759033203,
      1.0552105903625488,
      0.7842957973480225,
      1.2708584070205688,
      0.9149861931800842,
      0.9771828055381775,
      0.8594486713409424,
      1.2255089282989502,
      1.0745331048965454,
      1.0569932460784912,
      0.8192346692085266,
      0.8730551600456238
   ],
   "batch_train_times": [],
   "val_accuracy": 0.4864864864864865,
   "val_loss": 1.9211789434020583,
   "val_accuracy_per_label": [
      0.5454545454545454,
      0.0,
      0.0,
      0.0,
      0.4,
      0.8,
      0.0,
      0.8,
      0.0,
      0.0,
      0.0,
      0.0,
      0.0,
      0.6,
      0.6,
      0.0,
      0.0,
      0.0,
      0.0,
      1.0,
      0.9615384615384616,
      0.0,
      0.0,
      0.8,
      0.0,
      0.3,
      0.0,
      0.7,
      0.0,
      0.0,
      0.0,
      0.2,
      0.2,
      0.0,
      0.0,
      0.0,
      0.0,
      0.0,
      0.9333333333333333,
      0.9,
      0.0,
      0.375,
      0.2
   ]
}