{
   "epoch": 30,
   "batch_train_accuracies": [
      0.875,
      0.859375,
      0.8125,
      0.859375,
      0.78125,
      0.90625,
      0.8125,
      0.84375,
      0.84375,
      0.8125,
      0.84375,
      0.8125,
      0.765625,
      0.8125,
      0.8125,
      0.84375,
      0.765625,
      0.8125,
      0.78125,
      0.78125,
      0.96875,
      0.828125,
      0.828125,
      0.75,
      0.796875,
      0.796875,
      0.796875,
      0.84375,
      0.8125,
      0.828125,
      0.734375,
      0.8125,
      0.84375,
      0.84375,
      0.921875,
      0.8125,
      0.796875,
      0.796875,
      0.859375,
      0.75,
      0.84375,
      0.875
   ],
   "batch_train_losses": [
      0.9066683650016785,
      0.9075214266777039,
      1.087030291557312,
      0.9926413893699646,
      1.0793275833129883,
      0.8552619218826294,
      0.9889379739761353,
      0.7844905257225037,
      1.099934458732605,
      1.0117720365524292,
      0.8590834736824036,
      1.0476073026657104,
      1.0707720518112183,
      0.8442937731742859,
      1.0260125398635864,
      0.9368282556533813,
      1.0888680219650269,
      0.9930405616760254,
      1.0157661437988281,
      1.0634713172912598,
      0.662307858467102,
      1.0540472269058228,
      0.8911144733428955,
      1.049328088760376,
      1.169919729232788,
      0.9917338490486145,
      1.0148875713348389,
      0.9842353463172913,
      0.9991674423217773,
      0.9616134762763977,
      1.2417311668395996,
      0.9842337369918823,
      0.8356167078018188,
      0.9515330195426941,
      0.8847349882125854,
      1.0935101509094238,
      1.1083452701568604,
      0.8910079598426819,
      1.055578589439392,
      1.019287109375,
      0.9860498905181885,
      1.0681322813034058
   ],
   "batch_train_times": [],
   "val_accuracy": 0.4864864864864865,
   "val_loss": 1.9112469924462807,
   "val_accuracy_per_label": [
      0.6363636363636364,
      0.0,
      0.3333333333333333,
      0.0,
      1.0,
      0.2,
      0.0,
      0.8,
      0.0,
      0.0,
      0.0,
      0.0,
      0.0,
      0.8,
      0.2,
      0.0,
      0.0,
      0.0,
      0.0,
      1.0,
      0.7307692307692307,
      0.2,
      0.2,
      0.8,
      0.0,
      0.4,
      0.0,
      0.5,
      0.0,
      0.25,
      0.0,
      1.0,
      0.4,
      0.0,
      0.0,
      0.0,
      0.0,
      0.0,
      0.9333333333333333,
      0.7,
      0.0,
      0.5,
      0.0
   ]
}