{
   "epoch": 40,
   "batch_train_accuracies": [
      0.890625,
      0.8125,
      0.875,
      0.8125,
      0.765625,
      0.875,
      0.828125,
      0.84375,
      0.890625,
      0.875,
      0.859375,
      0.8125,
      0.859375,
      0.921875,
      0.859375,
      0.90625,
      0.84375,
      0.859375,
      0.859375,
      0.84375,
      0.9375,
      0.875,
      0.90625,
      0.90625,
      0.890625,
      0.875,
      0.859375,
      0.859375,
      0.84375,
      0.78125,
      0.828125,
      0.921875,
      0.859375,
      0.890625,
      0.859375,
      0.921875,
      0.921875,
      0.84375,
      0.8125,
      0.890625,
      0.9375,
      0.875
   ],
   "batch_train_losses": [
      0.7424286603927612,
      0.920376181602478,
      0.7739803791046143,
      1.0675493478775024,
      1.016528606414795,
      0.8222981691360474,
      0.938539981842041,
      0.8477512001991272,
      0.7618593573570251,
      0.7350232005119324,
      0.8717246055603027,
      0.9745206236839294,
      0.8640796542167664,
      0.9086505770683289,
      0.8677865266799927,
      0.79164057970047,
      0.7682384848594666,
      0.9031408429145813,
      0.8413251042366028,
      0.8931424617767334,
      0.7115426063537598,
      0.7552592754364014,
      0.7633105516433716,
      0.7558287382125854,
      0.7011748552322388,
      0.8560606241226196,
      0.7766627669334412,
      0.9183822274208069,
      0.8832804560661316,
      1.1305170059204102,
      0.9574949741363525,
      0.7542511224746704,
      0.8725157380104065,
      0.8504096865653992,
      0.9268638491630554,
      0.8518811464309692,
      0.7805984616279602,
      0.9433778524398804,
      0.8009737133979797,
      0.8069761395454407,
      0.8199118971824646,
      1.1451761722564697
   ],
   "batch_train_times": [],
   "val_accuracy": 0.527027027027027,
   "val_loss": 1.9088072132419895,
   "val_accuracy_per_label": [
      0.5454545454545454,
      0.0,
      0.6666666666666666,
      0.0,
      1.0,
      0.6,
      0.0,
      0.9,
      0.0,
      0.0,
      0.0,
      0.0,
      0.2,
      0.8,
      0.8,
      0.0,
      0.2,
      0.0,
      0.0,
      0.9310344827586207,
      1.0,
      0.0,
      0.2,
      1.0,
      0.0,
      0.7,
      0.0,
      0.65,
      0.0,
      0.0,
      0.0,
      0.0,
      0.4,
      0.0,
      0.0,
      0.0,
      0.0,
      0.0,
      0.7333333333333333,
      0.7,
      0.0,
      0.625,
      0.0
   ]
}