{
   "epoch": 43,
   "batch_train_accuracies": [
      0.84375,
      0.875,
      0.84375,
      0.8125,
      0.859375,
      0.890625,
      0.8125,
      0.890625,
      0.859375,
      0.890625,
      0.859375,
      0.90625,
      0.84375,
      0.890625,
      0.890625,
      0.859375,
      0.890625,
      0.890625,
      0.84375,
      0.84375,
      0.859375,
      0.921875,
      0.875,
      0.84375,
      0.90625,
      0.921875,
      0.875,
      0.859375,
      0.875,
      0.875,
      0.859375,
      0.75,
      0.90625,
      0.890625,
      0.875,
      0.90625,
      0.828125,
      0.9375,
      0.859375,
      0.890625,
      0.921875,
      0.625
   ],
   "batch_train_losses": [
      0.8454300165176392,
      0.7672065496444702,
      0.9340765476226807,
      1.0206714868545532,
      0.9475560784339905,
      0.7691546678543091,
      0.9615845680236816,
      0.7150320410728455,
      0.9752874970436096,
      0.8550420999526978,
      0.8511421084403992,
      0.8636705875396729,
      0.8562507033348083,
      0.8200234174728394,
      0.8195334076881409,
      0.9795624613761902,
      0.6433910727500916,
      0.8021697998046875,
      0.8991149663925171,
      0.9569982290267944,
      0.8407548666000366,
      0.7844566702842712,
      0.8701761364936829,
      0.878309965133667,
      0.896744430065155,
      0.7726929783821106,
      0.800413191318512,
      0.8002808690071106,
      0.7549570202827454,
      0.8966822028160095,
      0.89274662733078,
      1.054822564125061,
      0.8355430364608765,
      0.9232388734817505,
      0.74167799949646,
      0.9510395526885986,
      0.9631488919258118,
      0.6547287106513977,
      0.8752380609512329,
      0.8637140989303589,
      0.6862893104553223,
      1.3416712284088135
   ],
   "batch_train_times": [],
   "val_accuracy": 0.5371621621621622,
   "val_loss": 1.8817050553656913,
   "val_accuracy_per_label": [
      0.6363636363636364,
      0.2,
      0.5,
      0.0,
      1.0,
      0.6,
      0.0,
      0.95,
      0.0,
      0.0,
      0.0,
      0.0,
      0.6,
      0.2,
      0.8,
      0.0,
      0.0,
      0.0,
      0.4,
      0.9655172413793104,
      0.7307692307692307,
      0.0,
      0.4,
      0.8,
      0.0,
      0.3,
      0.0,
      0.9,
      0.0,
      0.0,
      0.0,
      0.2,
      1.0,
      0.0,
      0.0,
      0.0,
      0.0,
      0.0,
      0.7333333333333333,
      0.8,
      0.0,
      0.625,
      0.0
   ]
}