{
   "epoch": 3,
   "batch_train_accuracies": [
      0.375,
      0.375,
      0.40625,
      0.453125,
      0.484375,
      0.4375,
      0.375,
      0.3125,
      0.328125,
      0.46875,
      0.46875,
      0.46875,
      0.484375,
      0.46875,
      0.578125,
      0.421875,
      0.390625,
      0.46875,
      0.484375,
      0.53125,
      0.484375,
      0.453125,
      0.46875,
      0.390625,
      0.421875,
      0.46875,
      0.5625,
      0.46875,
      0.4375,
      0.4375,
      0.453125,
      0.4375,
      0.359375,
      0.390625,
      0.46875,
      0.46875,
      0.4375,
      0.359375,
      0.5625,
      0.5,
      0.46875,
      0.5
   ],
   "batch_train_losses": [
      2.7713558673858643,
      2.701648473739624,
      2.663635730743408,
      2.624429941177368,
      2.543344020843506,
      2.654541492462158,
      2.588418960571289,
      2.7224273681640625,
      2.6717307567596436,
      2.535757064819336,
      2.5498123168945312,
      2.5794763565063477,
      2.528707981109619,
      2.511977434158325,
      2.4097237586975098,
      2.5437591075897217,
      2.496089220046997,
      2.5857200622558594,
      2.41552734375,
      2.454460382461548,
      2.427652597427368,
      2.442869186401367,
      2.4009056091308594,
      2.6003763675689697,
      2.454108476638794,
      2.391441583633423,
      2.2472426891326904,
      2.5019330978393555,
      2.5026612281799316,
      2.5057272911071777,
      2.5308303833007812,
      2.3409669399261475,
      2.643541097640991,
      2.472599506378174,
      2.4240314960479736,
      2.3859939575195312,
      2.4695076942443848,
      2.5838401317596436,
      2.2714388370513916,
      2.246363639831543,
      2.409160614013672,
      2.4715328216552734
   ],
   "batch_train_times": [],
   "val_accuracy": 0.28378378378378377,
   "val_loss": 2.813894104313206,
   "val_accuracy_per_label": [
      0.5,
      0.0,
      0.0,
      0.0,
      0.0,
      0.0,
      0.0,
      0.85,
      0.0,
      0.0,
      0.0,
      0.0,
      0.0,
      0.0,
      0.0,
      0.0,
      0.0,
      0.0,
      0.8,
      0.4482758620689655,
      0.8076923076923077,
      0.0,
      0.0,
      0.0,
      0.0,
      0.0,
      0.0,
      0.6,
      0.0,
      0.0,
      0.0,
      0.0,
      0.0,
      0.0,
      0.0,
      0.0,
      0.0,
      0.0,
      0.0,
      0.1,
      0.0,
      0.625,
      0.0
   ]
}