{
   "epoch": 44,
   "batch_train_accuracies": [
      0.90625,
      0.9375,
      0.859375,
      0.859375,
      0.765625,
      0.96875,
      0.859375,
      0.90625,
      0.921875,
      0.875,
      0.921875,
      0.875,
      0.8125,
      0.921875,
      0.84375,
      0.84375,
      0.859375,
      0.875,
      0.828125,
      0.8125,
      0.921875,
      0.890625,
      0.890625,
      0.90625,
      0.875,
      0.859375,
      0.921875,
      0.828125,
      0.8125,
      0.890625,
      0.921875,
      0.875,
      0.90625,
      0.921875,
      0.84375,
      0.859375,
      0.8125,
      0.90625,
      0.921875,
      0.828125,
      0.890625,
      0.8125
   ],
   "batch_train_losses": [
      0.7720927596092224,
      0.6978067755699158,
      0.8495676517486572,
      0.9945347905158997,
      1.0078589916229248,
      0.6882991194725037,
      0.8104695677757263,
      0.8236892223358154,
      0.7447206974029541,
      0.8948493003845215,
      0.8039479851722717,
      0.8939939737319946,
      0.9675759673118591,
      0.6404269933700562,
      0.9012582302093506,
      0.9603413343429565,
      0.9743720293045044,
      0.8592982888221741,
      0.9193421006202698,
      0.9203411340713501,
      0.7848173975944519,
      0.8116036653518677,
      0.810253381729126,
      0.837390124797821,
      0.7637109160423279,
      0.9316233992576599,
      0.7718197703361511,
      0.977501392364502,
      0.9740796685218811,
      0.837099552154541,
      0.8049885034561157,
      0.8935955166816711,
      0.6946892738342285,
      0.8122826218605042,
      0.9728105664253235,
      0.8638936877250671,
      0.8492093682289124,
      0.8166508078575134,
      0.744168221950531,
      0.9178616404533386,
      0.8248655796051025,
      1.0231597423553467
   ],
   "batch_train_times": [],
   "val_accuracy": 0.581081081081081,
   "val_loss": 1.824897037970053,
   "val_accuracy_per_label": [
      0.5909090909090909,
      0.0,
      0.6666666666666666,
      0.8,
      1.0,
      1.0,
      0.0,
      0.85,
      0.0,
      0.0,
      0.0,
      0.0,
      0.2,
      1.0,
      0.8,
      0.0,
      0.0,
      0.0,
      0.0,
      0.9655172413793104,
      0.9615384615384616,
      1.0,
      0.8,
      0.4,
      0.0,
      0.8,
      0.0,
      0.75,
      0.0,
      0.0,
      0.4,
      0.0,
      0.8,
      0.0,
      0.0,
      0.0,
      0.0,
      0.0,
      0.6,
      0.8,
      0.0,
      0.375,
      0.2
   ]
}