{
   "epoch": 17,
   "batch_train_accuracies": [
      0.65625,
      0.6875,
      0.71875,
      0.734375,
      0.65625,
      0.65625,
      0.78125,
      0.765625,
      0.734375,
      0.703125,
      0.71875,
      0.734375,
      0.703125,
      0.71875,
      0.78125,
      0.671875,
      0.765625,
      0.6875,
      0.71875,
      0.703125,
      0.828125,
      0.78125,
      0.828125,
      0.625,
      0.71875,
      0.71875,
      0.734375,
      0.671875,
      0.734375,
      0.765625,
      0.734375,
      0.65625,
      0.765625,
      0.828125,
      0.78125,
      0.78125,
      0.6875,
      0.765625,
      0.796875,
      0.671875,
      0.703125,
      0.875
   ],
   "batch_train_losses": [
      1.3724968433380127,
      1.406775951385498,
      1.4063729047775269,
      1.1497023105621338,
      1.3553227186203003,
      1.5575335025787354,
      1.2227072715759277,
      1.2369972467422485,
      1.1698009967803955,
      1.3206099271774292,
      1.2912119626998901,
      1.335716962814331,
      1.398756504058838,
      1.3222466707229614,
      1.0789216756820679,
      1.3299387693405151,
      1.2411829233169556,
      1.4177321195602417,
      1.227280855178833,
      1.3514636754989624,
      1.0552446842193604,
      1.2113755941390991,
      1.108260154724121,
      1.3737645149230957,
      1.358477234840393,
      1.3713210821151733,
      1.1765577793121338,
      1.3040142059326172,
      1.2132331132888794,
      1.1463803052902222,
      1.2793471813201904,
      1.3817570209503174,
      1.172947883605957,
      1.1531020402908325,
      1.13559091091156,
      1.2056587934494019,
      1.369781494140625,
      1.2553181648254395,
      1.1221027374267578,
      1.3084478378295898,
      1.3023279905319214,
      1.2798103094100952
   ],
   "batch_train_times": [],
   "val_accuracy": 0.5168918918918919,
   "val_loss": 2.0044905237249426,
   "val_accuracy_per_label": [
      0.7272727272727273,
      0.0,
      0.6666666666666666,
      0.0,
      0.4,
      1.0,
      0.0,
      0.9,
      0.0,
      0.0,
      0.0,
      0.0,
      0.0,
      0.8,
      0.8,
      0.0,
      0.0,
      0.0,
      0.4,
      0.8275862068965517,
      0.9230769230769231,
      0.0,
      0.4,
      0.4,
      0.0,
      0.4,
      0.0,
      0.75,
      0.0,
      0.0,
      0.0,
      0.0,
      0.6,
      0.0,
      0.0,
      0.0,
      0.0,
      0.0,
      0.6,
      0.8,
      0.0,
      0.75,
      0.2
   ]
}