{
   "epoch": 38,
   "batch_train_accuracies": [
      0.875,
      0.828125,
      0.84375,
      0.796875,
      0.828125,
      0.90625,
      0.796875,
      0.859375,
      0.78125,
      0.859375,
      0.90625,
      0.890625,
      0.84375,
      0.90625,
      0.78125,
      0.90625,
      0.828125,
      0.90625,
      0.9375,
      0.859375,
      0.8125,
      0.875,
      0.90625,
      0.859375,
      0.828125,
      0.9375,
      0.90625,
      0.84375,
      0.84375,
      0.8125,
      0.875,
      0.90625,
      0.828125,
      0.90625,
      0.765625,
      0.703125,
      0.796875,
      0.875,
      0.890625,
      0.875,
      0.875,
      0.8125
   ],
   "batch_train_losses": [
      0.887462317943573,
      1.0233943462371826,
      0.9808916449546814,
      1.0018202066421509,
      0.8307121992111206,
      0.8329454660415649,
      0.9624345898628235,
      0.8239328265190125,
      1.0202746391296387,
      0.9051225781440735,
      0.9464083909988403,
      0.7890303134918213,
      0.8942012786865234,
      0.8138003349304199,
      1.010589838027954,
      0.7548122406005859,
      0.9986974000930786,
      0.8171669840812683,
      0.653168261051178,
      0.9236341714859009,
      1.0055229663848877,
      0.8684664964675903,
      0.7815523147583008,
      0.9777161478996277,
      0.9412922859191895,
      0.8651888966560364,
      0.7444810271263123,
      0.8286387920379639,
      0.8213292956352234,
      0.9645983576774597,
      0.8560002446174622,
      0.7327290773391724,
      0.9177423119544983,
      0.8690667152404785,
      1.0581066608428955,
      1.1674654483795166,
      0.9424089193344116,
      0.8166775107383728,
      0.8305731415748596,
      0.8569501638412476,
      0.8790214657783508,
      0.9400549530982971
   ],
   "batch_train_times": [],
   "val_accuracy": 0.5236486486486487,
   "val_loss": 1.98608111046456,
   "val_accuracy_per_label": [
      0.6363636363636364,
      0.0,
      0.3333333333333333,
      0.0,
      1.0,
      0.2,
      0.3333333333333333,
      0.8,
      0.0,
      0.0,
      0.0,
      0.0,
      0.6,
      1.0,
      0.6,
      0.0,
      0.0,
      0.0,
      0.0,
      1.0,
      0.8846153846153846,
      0.0,
      0.8,
      0.8,
      0.0,
      0.6,
      0.0,
      0.85,
      0.0,
      0.0,
      0.8,
      0.0,
      0.0,
      0.0,
      0.0,
      0.0,
      0.0,
      0.0,
      0.6,
      0.6,
      0.0,
      0.375,
      0.0
   ]
}