{
   "epoch": 22,
   "batch_train_accuracies": [
      0.78125,
      0.890625,
      0.859375,
      0.703125,
      0.734375,
      0.65625,
      0.84375,
      0.8125,
      0.75,
      0.78125,
      0.671875,
      0.78125,
      0.765625,
      0.796875,
      0.828125,
      0.796875,
      0.796875,
      0.765625,
      0.8125,
      0.734375,
      0.796875,
      0.828125,
      0.765625,
      0.765625,
      0.765625,
      0.796875,
      0.765625,
      0.78125,
      0.75,
      0.71875,
      0.890625,
      0.828125,
      0.703125,
      0.703125,
      0.8125,
      0.828125,
      0.703125,
      0.765625,
      0.765625,
      0.796875,
      0.765625,
      0.375
   ],
   "batch_train_losses": [
      1.0361135005950928,
      0.8316763043403625,
      0.9787889719009399,
      1.27703857421875,
      1.211074709892273,
      1.3397016525268555,
      1.0200650691986084,
      1.0458779335021973,
      1.0596659183502197,
      1.0192064046859741,
      1.3179672956466675,
      1.2144304513931274,
      1.1196297407150269,
      1.0191731452941895,
      1.066441535949707,
      1.1026769876480103,
      1.0585126876831055,
      1.2119089365005493,
      1.142174243927002,
      1.2313482761383057,
      1.0841721296310425,
      0.9762501120567322,
      1.065201759338379,
      1.1059529781341553,
      1.2547338008880615,
      1.0303019285202026,
      1.056326985359192,
      1.1173909902572632,
      1.1780002117156982,
      1.298933982849121,
      1.0158450603485107,
      1.085824966430664,
      1.2362096309661865,
      1.2494372129440308,
      0.995110034942627,
      1.0970675945281982,
      1.2804815769195557,
      1.066489338874817,
      1.150275707244873,
      1.025162935256958,
      0.9841488599777222,
      1.7477179765701294
   ],
   "batch_train_times": [],
   "val_accuracy": 0.4966216216216216,
   "val_loss": 1.9574435208294843,
   "val_accuracy_per_label": [
      0.6363636363636364,
      0.0,
      0.6666666666666666,
      0.0,
      1.0,
      1.0,
      0.0,
      0.75,
      0.0,
      0.0,
      0.0,
      0.0,
      0.0,
      0.6,
      0.8,
      0.0,
      0.0,
      0.0,
      0.0,
      1.0,
      0.6538461538461539,
      0.0,
      0.4,
      0.6,
      0.0,
      0.4,
      0.0,
      0.8,
      0.0,
      0.0,
      0.0,
      0.0,
      0.6,
      0.0,
      0.0,
      0.0,
      0.0,
      0.0,
      0.8,
      0.7,
      0.0,
      0.5,
      0.0
   ]
}