{
   "epoch": 32,
   "batch_train_accuracies": [
      0.8125,
      0.84375,
      0.859375,
      0.875,
      0.828125,
      0.8125,
      0.921875,
      0.8125,
      0.84375,
      0.765625,
      0.859375,
      0.828125,
      0.84375,
      0.875,
      0.875,
      0.84375,
      0.78125,
      0.859375,
      0.875,
      0.890625,
      0.84375,
      0.828125,
      0.84375,
      0.796875,
      0.859375,
      0.875,
      0.890625,
      0.875,
      0.8125,
      0.859375,
      0.671875,
      0.796875,
      0.828125,
      0.859375,
      0.828125,
      0.828125,
      0.90625,
      0.8125,
      0.84375,
      0.75,
      0.84375,
      0.8125
   ],
   "batch_train_losses": [
      1.0123791694641113,
      1.0350056886672974,
      0.8780757784843445,
      0.7724944949150085,
      0.9835368394851685,
      0.9284565448760986,
      0.7175900340080261,
      0.9864503741264343,
      0.9008617401123047,
      0.9764490723609924,
      0.8844268321990967,
      0.9891440272331238,
      1.009607195854187,
      0.9698647260665894,
      0.9331239461898804,
      0.9449871778488159,
      1.0621898174285889,
      1.0015500783920288,
      0.9059081673622131,
      0.8689833283424377,
      0.9755698442459106,
      0.9777767062187195,
      1.0107189416885376,
      1.0328933000564575,
      0.988383412361145,
      0.8450748324394226,
      0.8288365602493286,
      0.8552002310752869,
      0.9020256996154785,
      0.9011974930763245,
      1.2402141094207764,
      1.1744152307510376,
      0.9657283425331116,
      0.9049641489982605,
      0.9760894775390625,
      0.9118067026138306,
      0.8800293207168579,
      1.0428568124771118,
      0.8744244575500488,
      1.0760371685028076,
      0.9528905749320984,
      1.0737954378128052
   ],
   "batch_train_times": [],
   "val_accuracy": 0.5337837837837838,
   "val_loss": 1.9053535944706685,
   "val_accuracy_per_label": [
      0.7272727272727273,
      0.0,
      0.0,
      0.2,
      1.0,
      1.0,
      0.0,
      0.85,
      0.0,
      0.0,
      0.0,
      0.0,
      0.0,
      0.6,
      0.8,
      0.0,
      0.0,
      0.0,
      0.2,
      0.9310344827586207,
      0.9615384615384616,
      0.0,
      0.4,
      1.0,
      0.0,
      0.4,
      0.0,
      0.8,
      0.0,
      0.0,
      0.0,
      0.2,
      0.6,
      0.0,
      0.0,
      0.0,
      0.0,
      0.0,
      0.8,
      0.7,
      0.0,
      0.5,
      0.0
   ]
}