{
   "epoch": 50,
   "batch_train_accuracies": [
      0.828125,
      0.859375,
      0.921875,
      0.90625,
      0.890625,
      0.828125,
      0.890625,
      0.90625,
      0.875,
      0.890625,
      0.890625,
      0.921875,
      0.90625,
      0.890625,
      0.90625,
      0.859375,
      0.890625,
      0.921875,
      0.90625,
      0.828125,
      0.90625,
      0.78125,
      0.890625,
      0.96875,
      0.828125,
      0.90625,
      0.921875,
      0.890625,
      0.84375,
      0.921875,
      0.9375,
      0.875,
      0.8125,
      0.890625,
      0.953125,
      0.9375,
      0.859375,
      0.90625,
      0.90625,
      0.796875,
      0.921875,
      0.6875
   ],
   "batch_train_losses": [
      0.9414435625076294,
      0.8371255993843079,
      0.7788200378417969,
      0.8351927399635315,
      0.7854526042938232,
      0.9826690554618835,
      0.7240510582923889,
      0.8182122707366943,
      0.8871884346008301,
      0.7159943580627441,
      0.795974612236023,
      0.8190209865570068,
      0.8290718197822571,
      0.7654520273208618,
      0.831108808517456,
      0.9487335681915283,
      0.7448593378067017,
      0.7433052659034729,
      0.7530226707458496,
      0.9111164212226868,
      0.8130311965942383,
      0.9207649230957031,
      0.7481998205184937,
      0.6653926372528076,
      0.9534943103790283,
      0.7935373783111572,
      0.8537871241569519,
      0.7932812571525574,
      0.8866797685623169,
      0.7352880239486694,
      0.8187301754951477,
      0.8800853490829468,
      0.8845059871673584,
      0.8055572509765625,
      0.6664416790008545,
      0.7088037133216858,
      0.8545976281166077,
      0.756493330001831,
      0.7085173726081848,
      1.0399723052978516,
      0.7406173348426819,
      1.2412736415863037
   ],
   "batch_train_times": [],
   "val_accuracy": 0.5777027027027027,
   "val_loss": 1.8131949998236991,
   "val_accuracy_per_label": [
      0.5454545454545454,
      0.0,
      0.16666666666666666,
      0.0,
      1.0,
      0.2,
      0.0,
      0.9,
      0.0,
      0.0,
      0.0,
      0.0,
      0.2,
      1.0,
      0.8,
      0.0,
      0.0,
      0.4,
      0.0,
      0.9655172413793104,
      0.8461538461538461,
      0.2,
      0.8,
      0.6,
      0.0,
      0.7,
      0.0,
      0.95,
      0.0,
      0.0,
      0.0,
      1.0,
      0.6,
      0.0,
      0.0,
      0.0,
      0.0,
      0.0,
      0.9333333333333333,
      0.9,
      0.0,
      0.625,
      0.4
   ]
}