{
   "epoch": 41,
   "batch_train_accuracies": [
      0.84375,
      0.890625,
      0.875,
      0.90625,
      0.875,
      0.921875,
      0.84375,
      0.859375,
      0.875,
      0.796875,
      0.921875,
      0.84375,
      0.859375,
      0.828125,
      0.875,
      0.875,
      0.828125,
      0.890625,
      0.859375,
      0.90625,
      0.921875,
      0.90625,
      0.828125,
      0.9375,
      0.875,
      0.765625,
      0.859375,
      0.84375,
      0.890625,
      0.921875,
      0.78125,
      0.90625,
      0.8125,
      0.90625,
      0.8125,
      0.78125,
      0.859375,
      0.90625,
      0.9375,
      0.921875,
      0.890625,
      0.75
   ],
   "batch_train_losses": [
      0.827366828918457,
      0.7607274651527405,
      0.7763702869415283,
      0.8387148380279541,
      0.8753819465637207,
      0.8104053735733032,
      0.9373941421508789,
      0.914283275604248,
      0.8516021370887756,
      1.0471681356430054,
      0.7301950454711914,
      0.8769404888153076,
      0.7933942079544067,
      0.9459672570228577,
      0.8028098344802856,
      0.8102396726608276,
      1.0174953937530518,
      0.7289968132972717,
      0.8613288402557373,
      0.7738586068153381,
      0.8584433794021606,
      0.7706798315048218,
      0.9314606785774231,
      0.8571360111236572,
      0.8140708804130554,
      1.0390154123306274,
      0.8309702277183533,
      1.0712672472000122,
      0.8544935584068298,
      0.8827162384986877,
      1.0248641967773438,
      0.7591992020606995,
      1.0310379266738892,
      0.84003746509552,
      0.9275669455528259,
      1.00177800655365,
      0.762679934501648,
      0.7607080340385437,
      0.8480184674263,
      0.7438550591468811,
      0.7953926920890808,
      1.0110172033309937
   ],
   "batch_train_times": [],
   "val_accuracy": 0.43243243243243246,
   "val_loss": 2.1166143739545666,
   "val_accuracy_per_label": [
      0.6818181818181818,
      0.0,
      0.6666666666666666,
      0.4,
      1.0,
      0.8,
      0.0,
      0.8,
      0.0,
      0.0,
      0.0,
      0.0,
      0.0,
      0.4,
      0.0,
      0.0,
      0.0,
      0.0,
      0.0,
      1.0,
      0.5,
      0.0,
      0.0,
      0.0,
      0.0,
      0.4,
      0.0,
      0.5,
      0.0,
      0.0,
      0.0,
      0.6,
      0.0,
      0.0,
      0.0,
      0.0,
      0.0,
      0.0,
      0.7333333333333333,
      0.6,
      0.0,
      0.5,
      0.0
   ]
}