{
   "epoch": 47,
   "batch_train_accuracies": [
      0.890625,
      0.828125,
      0.9375,
      0.90625,
      0.90625,
      0.90625,
      0.9375,
      0.921875,
      0.828125,
      0.859375,
      0.890625,
      0.859375,
      0.890625,
      0.828125,
      0.890625,
      0.84375,
      0.90625,
      0.84375,
      0.90625,
      0.875,
      0.921875,
      0.9375,
      0.90625,
      0.796875,
      0.84375,
      0.875,
      0.953125,
      0.90625,
      0.828125,
      0.890625,
      0.90625,
      0.890625,
      0.921875,
      0.953125,
      0.875,
      0.96875,
      0.875,
      0.875,
      0.859375,
      0.828125,
      0.890625,
      0.75
   ],
   "batch_train_losses": [
      0.838340699672699,
      0.8525744676589966,
      0.699743390083313,
      0.7276821136474609,
      0.7791039943695068,
      0.7847675681114197,
      0.7033945322036743,
      0.7032212615013123,
      0.8799980282783508,
      0.9205576181411743,
      0.8085055351257324,
      0.7912153601646423,
      0.814910352230072,
      0.9100393652915955,
      0.8101500868797302,
      0.9412268400192261,
      0.6923075318336487,
      0.8144401907920837,
      0.7010438442230225,
      0.9132180213928223,
      0.7793716192245483,
      0.6444491147994995,
      0.8377174735069275,
      1.0147370100021362,
      0.8669605851173401,
      0.9249417781829834,
      0.7156910300254822,
      0.8905946612358093,
      1.015331506729126,
      0.6931664943695068,
      0.6577355861663818,
      0.8834397196769714,
      0.7088464498519897,
      0.7121250033378601,
      0.7965260744094849,
      0.6848224401473999,
      0.8223791122436523,
      0.800311267375946,
      0.8055493235588074,
      0.800933837890625,
      0.8554690480232239,
      1.4318370819091797
   ],
   "batch_train_times": [],
   "val_accuracy": 0.5506756756756757,
   "val_loss": 1.8520891312006358,
   "val_accuracy_per_label": [
      0.5454545454545454,
      0.4,
      0.0,
      0.0,
      1.0,
      0.2,
      0.6666666666666666,
      0.75,
      0.0,
      0.0,
      0.0,
      0.0,
      0.8,
      1.0,
      0.8,
      0.0,
      0.0,
      0.0,
      0.0,
      0.9655172413793104,
      0.8461538461538461,
      0.0,
      1.0,
      1.0,
      0.0,
      0.6,
      0.0,
      0.65,
      0.0,
      0.0,
      0.4,
      0.4,
      0.8,
      0.0,
      0.0,
      0.0,
      0.0,
      0.0,
      0.8666666666666667,
      0.9,
      0.0,
      0.5,
      0.0
   ]
}