{
   "epoch": 15,
   "batch_train_accuracies": [
      0.734375,
      0.703125,
      0.734375,
      0.59375,
      0.6875,
      0.640625,
      0.609375,
      0.765625,
      0.6875,
      0.796875,
      0.71875,
      0.75,
      0.671875,
      0.71875,
      0.6875,
      0.71875,
      0.625,
      0.65625,
      0.734375,
      0.703125,
      0.78125,
      0.75,
      0.8125,
      0.75,
      0.796875,
      0.625,
      0.703125,
      0.6875,
      0.65625,
      0.71875,
      0.671875,
      0.671875,
      0.71875,
      0.734375,
      0.703125,
      0.671875,
      0.8125,
      0.6875,
      0.734375,
      0.6875,
      0.671875,
      0.625
   ],
   "batch_train_losses": [
      1.40364408493042,
      1.330712914466858,
      1.22476327419281,
      1.6281640529632568,
      1.2736209630966187,
      1.6151033639907837,
      1.4719773530960083,
      1.2075029611587524,
      1.4499521255493164,
      1.2635384798049927,
      1.2485283613204956,
      1.304194688796997,
      1.420362949371338,
      1.2527412176132202,
      1.3575488328933716,
      1.3590905666351318,
      1.5435289144515991,
      1.5017088651657104,
      1.360978603363037,
      1.4313478469848633,
      1.3720420598983765,
      1.22708261013031,
      1.2459290027618408,
      1.3611743450164795,
      1.1875792741775513,
      1.5783722400665283,
      1.2862967252731323,
      1.3820916414260864,
      1.4692251682281494,
      1.3688219785690308,
      1.471462607383728,
      1.50522780418396,
      1.3607606887817383,
      1.2588858604431152,
      1.4028761386871338,
      1.552513837814331,
      1.186790943145752,
      1.263508677482605,
      1.4131121635437012,
      1.3379162549972534,
      1.2115612030029297,
      1.5551707744598389
   ],
   "batch_train_times": [],
   "val_accuracy": 0.44256756756756754,
   "val_loss": 2.0244649390916565,
   "val_accuracy_per_label": [
      0.5909090909090909,
      0.0,
      0.0,
      0.0,
      1.0,
      0.8,
      0.0,
      0.8,
      0.0,
      0.0,
      0.0,
      0.0,
      0.0,
      0.0,
      0.4,
      0.0,
      0.0,
      0.0,
      0.0,
      0.9655172413793104,
      0.6923076923076923,
      0.0,
      0.2,
      0.0,
      0.0,
      0.1,
      0.0,
      1.0,
      0.0,
      0.0,
      0.0,
      0.0,
      0.0,
      0.0,
      0.0,
      0.0,
      0.0,
      0.0,
      0.8666666666666667,
      0.7,
      0.0,
      0.375,
      0.0
   ]
}