{
   "epoch": 34,
   "batch_train_accuracies": [
      0.921875,
      0.828125,
      0.84375,
      0.84375,
      0.84375,
      0.84375,
      0.796875,
      0.859375,
      0.796875,
      0.890625,
      0.84375,
      0.875,
      0.921875,
      0.796875,
      0.90625,
      0.828125,
      0.859375,
      0.828125,
      0.859375,
      0.875,
      0.796875,
      0.84375,
      0.90625,
      0.796875,
      0.828125,
      0.765625,
      0.828125,
      0.796875,
      0.90625,
      0.78125,
      0.828125,
      0.9375,
      0.828125,
      0.78125,
      0.796875,
      0.875,
      0.734375,
      0.890625,
      0.890625,
      0.890625,
      0.8125,
      0.6875
   ],
   "batch_train_losses": [
      0.7585915923118591,
      0.9999433755874634,
      0.8720671534538269,
      0.9763864278793335,
      0.8923144340515137,
      0.935039222240448,
      1.000481367111206,
      0.9259046316146851,
      0.9834452867507935,
      0.7612234950065613,
      0.867662250995636,
      0.9283754825592041,
      0.8681000471115112,
      1.0026462078094482,
      0.7971787452697754,
      0.9802565574645996,
      0.9070257544517517,
      0.9317787289619446,
      0.9098889827728271,
      0.7874407768249512,
      1.01396644115448,
      1.0225951671600342,
      0.7487071752548218,
      0.9474146962165833,
      0.8993057608604431,
      1.1736259460449219,
      0.9180135130882263,
      0.936789333820343,
      0.732347309589386,
      1.0105355978012085,
      1.0158021450042725,
      0.7660393118858337,
      0.9519230127334595,
      0.963157594203949,
      0.9344117045402527,
      0.8105758428573608,
      1.2255820035934448,
      0.8245288729667664,
      0.9352317452430725,
      0.9331725239753723,
      0.8268263339996338,
      1.2099412679672241
   ],
   "batch_train_times": [],
   "val_accuracy": 0.5878378378378378,
   "val_loss": 1.7930403271236934,
   "val_accuracy_per_label": [
      0.8181818181818182,
      0.0,
      0.6666666666666666,
      0.0,
      1.0,
      1.0,
      0.0,
      0.95,
      0.0,
      0.0,
      0.0,
      0.0,
      0.2,
      0.2,
      0.8,
      0.0,
      0.2,
      0.0,
      0.2,
      1.0,
      0.8461538461538461,
      0.6,
      0.8,
      0.2,
      0.0,
      0.7,
      0.0,
      0.9,
      0.0,
      0.0,
      0.0,
      1.0,
      0.6,
      0.0,
      0.0,
      0.0,
      0.0,
      0.0,
      0.7333333333333333,
      0.4,
      0.0,
      0.75,
      0.4
   ]
}