{
   "epoch": 26,
   "batch_train_accuracies": [
      0.796875,
      0.796875,
      0.671875,
      0.796875,
      0.8125,
      0.84375,
      0.78125,
      0.859375,
      0.75,
      0.78125,
      0.828125,
      0.71875,
      0.828125,
      0.8125,
      0.828125,
      0.78125,
      0.765625,
      0.875,
      0.78125,
      0.78125,
      0.875,
      0.828125,
      0.828125,
      0.84375,
      0.890625,
      0.8125,
      0.75,
      0.828125,
      0.828125,
      0.78125,
      0.796875,
      0.84375,
      0.84375,
      0.734375,
      0.734375,
      0.828125,
      0.796875,
      0.84375,
      0.8125,
      0.8125,
      0.84375,
      0.8125
   ],
   "batch_train_losses": [
      1.1355669498443604,
      1.0774149894714355,
      1.3583115339279175,
      1.0644949674606323,
      1.0577526092529297,
      0.8790454864501953,
      1.0934879779815674,
      1.079498529434204,
      1.1120444536209106,
      1.1016095876693726,
      1.0583326816558838,
      1.2121973037719727,
      0.9558500051498413,
      0.930485188961029,
      1.1087063550949097,
      1.0907132625579834,
      1.1858761310577393,
      0.9709993600845337,
      0.9936464428901672,
      0.9870318174362183,
      0.9816863536834717,
      0.9931280612945557,
      1.1419858932495117,
      0.9706015586853027,
      0.9881859421730042,
      1.0141518115997314,
      1.0963557958602905,
      1.0134172439575195,
      1.0798275470733643,
      1.0726447105407715,
      1.001690149307251,
      0.9613154530525208,
      0.9446762800216675,
      1.1377530097961426,
      1.1068089008331299,
      1.0106853246688843,
      1.0853182077407837,
      0.8633671998977661,
      1.0491396188735962,
      1.1247459650039673,
      0.9217075705528259,
      1.0534319877624512
   ],
   "batch_train_times": [],
   "val_accuracy": 0.5101351351351351,
   "val_loss": 1.8975152711610537,
   "val_accuracy_per_label": [
      0.7272727272727273,
      0.0,
      0.5,
      0.0,
      0.4,
      0.8,
      0.0,
      0.75,
      0.0,
      0.0,
      0.0,
      0.0,
      0.0,
      1.0,
      0.6,
      0.0,
      0.0,
      0.0,
      0.8,
      0.9310344827586207,
      0.9230769230769231,
      0.0,
      0.4,
      0.6,
      0.0,
      0.2,
      0.0,
      0.6,
      0.0,
      0.0,
      0.0,
      1.0,
      0.8,
      0.0,
      0.0,
      0.0,
      0.0,
      0.0,
      0.6666666666666666,
      0.5,
      0.0,
      0.625,
      0.0
   ]
}