{
   "epoch": 5,
   "batch_train_accuracies": [
      0.4375,
      0.453125,
      0.484375,
      0.5,
      0.578125,
      0.40625,
      0.59375,
      0.421875,
      0.46875,
      0.46875,
      0.421875,
      0.359375,
      0.515625,
      0.5,
      0.5,
      0.53125,
      0.453125,
      0.578125,
      0.46875,
      0.53125,
      0.515625,
      0.53125,
      0.46875,
      0.546875,
      0.5,
      0.484375,
      0.5625,
      0.453125,
      0.515625,
      0.390625,
      0.5,
      0.4375,
      0.5,
      0.46875,
      0.40625,
      0.484375,
      0.53125,
      0.46875,
      0.515625,
      0.375,
      0.421875,
      0.5
   ],
   "batch_train_losses": [
      2.273785352706909,
      2.2544002532958984,
      2.2034072875976562,
      2.211872100830078,
      2.1337287425994873,
      2.3438026905059814,
      2.123135566711426,
      2.1924612522125244,
      2.1453113555908203,
      2.1604177951812744,
      2.2363181114196777,
      2.3789660930633545,
      1.9830302000045776,
      2.112964153289795,
      2.123727560043335,
      2.048886299133301,
      2.186143636703491,
      1.9542521238327026,
      2.264681577682495,
      2.157235860824585,
      1.980954647064209,
      2.066741466522217,
      2.0696747303009033,
      2.0615642070770264,
      2.1560914516448975,
      2.049891710281372,
      2.049584150314331,
      2.1013572216033936,
      2.075601100921631,
      2.2314910888671875,
      2.1052603721618652,
      2.1331746578216553,
      2.1486589908599854,
      2.263516902923584,
      2.260397434234619,
      2.160412311553955,
      1.9012266397476196,
      2.1666109561920166,
      2.060760736465454,
      2.290389060974121,
      2.133131504058838,
      2.107682943344116
   ],
   "batch_train_times": [],
   "val_accuracy": 0.2972972972972973,
   "val_loss": 2.59661831726899,
   "val_accuracy_per_label": [
      0.6363636363636364,
      0.0,
      0.0,
      0.0,
      1.0,
      0.0,
      0.0,
      0.95,
      0.0,
      0.0,
      0.0,
      0.0,
      0.0,
      0.0,
      0.0,
      0.0,
      0.0,
      0.0,
      0.0,
      0.8275862068965517,
      0.6153846153846154,
      0.0,
      0.0,
      0.0,
      0.0,
      0.0,
      0.0,
      0.1,
      0.0,
      0.0,
      0.0,
      0.0,
      0.0,
      0.0,
      0.0,
      0.0,
      0.0,
      0.0,
      0.3333333333333333,
      0.1,
      0.0,
      0.25,
      0.0
   ]
}