{
   "epoch": 39,
   "batch_train_accuracies": [
      0.890625,
      0.765625,
      0.78125,
      0.828125,
      0.890625,
      0.90625,
      0.890625,
      0.859375,
      0.890625,
      0.84375,
      0.84375,
      0.859375,
      0.796875,
      0.953125,
      0.96875,
      0.828125,
      0.8125,
      0.78125,
      0.859375,
      0.796875,
      0.796875,
      0.75,
      0.9375,
      0.78125,
      0.859375,
      0.84375,
      0.859375,
      0.875,
      0.828125,
      0.875,
      0.875,
      0.765625,
      0.890625,
      0.8125,
      0.859375,
      0.828125,
      0.78125,
      0.828125,
      0.796875,
      0.765625,
      0.921875,
      0.75
   ],
   "batch_train_losses": [
      0.8685525059700012,
      0.9694859981536865,
      1.12303626537323,
      0.8752212524414062,
      0.8778755068778992,
      0.8773214221000671,
      0.9545475244522095,
      0.8847456574440002,
      0.8689983487129211,
      0.8274819850921631,
      0.8584776520729065,
      0.9490609765052795,
      0.9122742414474487,
      0.7257006764411926,
      0.7742533683776855,
      0.997016191482544,
      1.0123622417449951,
      0.9624274969100952,
      1.01283597946167,
      1.0496853590011597,
      1.0815517902374268,
      0.9950895309448242,
      0.7547363638877869,
      1.042751669883728,
      0.8020411729812622,
      0.7542467713356018,
      0.8228046894073486,
      0.8246351480484009,
      0.9858213067054749,
      0.8315377831459045,
      0.8001940250396729,
      1.0037786960601807,
      0.7876126766204834,
      0.9588888883590698,
      0.9109585285186768,
      0.936830997467041,
      1.0033785104751587,
      1.0173476934432983,
      1.0234928131103516,
      1.1189371347427368,
      0.8284904360771179,
      1.1065614223480225
   ],
   "batch_train_times": [],
   "val_accuracy": 0.5,
   "val_loss": 1.921429170144571,
   "val_accuracy_per_label": [
      0.5909090909090909,
      0.0,
      0.3333333333333333,
      0.0,
      0.4,
      0.4,
      0.0,
      0.85,
      0.0,
      0.0,
      0.0,
      0.0,
      0.0,
      0.6,
      0.8,
      0.0,
      0.0,
      0.0,
      0.0,
      0.9655172413793104,
      0.6538461538461539,
      0.0,
      0.6,
      0.8,
      0.0,
      0.8,
      0.0,
      0.8,
      0.0,
      0.0,
      0.2,
      0.0,
      0.8,
      0.0,
      0.0,
      0.0,
      0.4,
      0.0,
      0.8666666666666667,
      0.5,
      0.0,
      0.375,
      0.2
   ]
}