{
   "epoch": 17,
   "batch_train_accuracies": [
      0.828125,
      0.78125,
      0.71875,
      0.703125,
      0.65625,
      0.75,
      0.640625,
      0.671875,
      0.671875,
      0.796875,
      0.734375,
      0.625,
      0.59375,
      0.6875,
      0.640625,
      0.78125,
      0.734375,
      0.6875,
      0.71875,
      0.65625,
      0.71875,
      0.703125,
      0.609375,
      0.671875,
      0.671875,
      0.609375,
      0.609375,
      0.671875,
      0.71875,
      0.734375,
      0.6875,
      0.734375,
      0.703125,
      0.6875,
      0.71875,
      0.71875,
      0.625,
      0.640625,
      0.65625,
      0.703125,
      0.671875,
      0.5
   ],
   "batch_train_losses": [
      0.9357665181159973,
      1.2517199516296387,
      1.3088088035583496,
      1.3743820190429688,
      1.3507879972457886,
      1.2595428228378296,
      1.3371473550796509,
      1.4209723472595215,
      1.4246951341629028,
      1.1202069520950317,
      1.2290316820144653,
      1.3581663370132446,
      1.3774105310440063,
      1.4471790790557861,
      1.457918643951416,
      1.0923994779586792,
      1.1351522207260132,
      1.3385614156723022,
      1.2956091165542603,
      1.4422168731689453,
      1.261384129524231,
      1.2469463348388672,
      1.619059443473816,
      1.2963587045669556,
      1.4190013408660889,
      1.3974823951721191,
      1.492904543876648,
      1.4009803533554077,
      1.2631189823150635,
      1.251542091369629,
      1.4497549533843994,
      1.3159648180007935,
      1.3546762466430664,
      1.3701341152191162,
      1.2935431003570557,
      1.2334318161010742,
      1.5452775955200195,
      1.3872324228286743,
      1.3922721147537231,
      1.408491849899292,
      1.3088319301605225,
      1.6453543901443481
   ],
   "batch_train_times": [],
   "val_accuracy": 0.40202702702702703,
   "val_loss": 2.2996516807659253,
   "val_accuracy_per_label": [
      0.18181818181818182,
      0.0,
      0.5,
      0.0,
      1.0,
      1.0,
      0.0,
      0.8,
      0.0,
      0.4,
      0.0,
      0.0,
      0.8,
      0.2,
      0.4,
      0.0,
      0.0,
      0.0,
      0.0,
      0.7241379310344828,
      0.8076923076923077,
      0.0,
      0.0,
      0.2,
      0.0,
      0.0,
      0.0,
      0.6,
      0.0,
      0.0,
      0.0,
      0.4,
      0.4,
      0.0,
      0.0,
      0.0,
      0.0,
      0.0,
      0.4,
      0.8,
      0.0,
      0.25,
      0.4
   ]
}