{
   "epoch": 22,
   "batch_train_accuracies": [
      0.765625,
      0.75,
      0.765625,
      0.671875,
      0.71875,
      0.75,
      0.8125,
      0.796875,
      0.828125,
      0.796875,
      0.65625,
      0.703125,
      0.796875,
      0.65625,
      0.796875,
      0.734375,
      0.6875,
      0.75,
      0.8125,
      0.8125,
      0.734375,
      0.75,
      0.734375,
      0.71875,
      0.765625,
      0.8125,
      0.65625,
      0.734375,
      0.71875,
      0.75,
      0.671875,
      0.640625,
      0.703125,
      0.734375,
      0.765625,
      0.734375,
      0.78125,
      0.859375,
      0.875,
      0.59375,
      0.765625,
      0.6875
   ],
   "batch_train_losses": [
      1.2676262855529785,
      1.204710602760315,
      1.0995874404907227,
      1.3144218921661377,
      1.3023556470870972,
      1.2423843145370483,
      1.0952560901641846,
      1.065043568611145,
      1.0013738870620728,
      1.146903157234192,
      1.4019455909729004,
      1.2052831649780273,
      1.020628809928894,
      1.1572550535202026,
      1.0808145999908447,
      1.150790810585022,
      1.2427449226379395,
      1.2488536834716797,
      1.0382710695266724,
      1.0275028944015503,
      1.1966490745544434,
      1.152754306793213,
      1.221043348312378,
      1.2093920707702637,
      1.0744892358779907,
      1.1026593446731567,
      1.2898935079574585,
      1.1735001802444458,
      1.178558588027954,
      1.2457295656204224,
      1.2391623258590698,
      1.2152127027511597,
      1.3575764894485474,
      1.2744722366333008,
      1.202255129814148,
      1.183976650238037,
      1.1307451725006104,
      1.0811338424682617,
      0.9435962438583374,
      1.3758182525634766,
      1.095642328262329,
      1.4779729843139648
   ],
   "batch_train_times": [],
   "val_accuracy": 0.44594594594594594,
   "val_loss": 2.0722742628406836,
   "val_accuracy_per_label": [
      0.7272727272727273,
      0.0,
      0.5,
      0.0,
      0.4,
      0.4,
      0.0,
      0.85,
      0.0,
      0.0,
      0.0,
      0.0,
      0.0,
      1.0,
      0.4,
      0.0,
      0.0,
      0.0,
      0.0,
      1.0,
      0.34615384615384615,
      0.2,
      0.4,
      0.2,
      0.0,
      0.8,
      0.0,
      0.25,
      0.0,
      0.0,
      0.0,
      0.4,
      1.0,
      0.0,
      0.0,
      0.0,
      0.2,
      0.0,
      0.7333333333333333,
      0.5,
      0.0,
      0.5,
      0.4
   ]
}