{
   "epoch": 3,
   "batch_train_accuracies": [
      0.3125,
      0.390625,
      0.296875,
      0.4375,
      0.359375,
      0.328125,
      0.359375,
      0.40625,
      0.53125,
      0.421875,
      0.34375,
      0.359375,
      0.484375,
      0.46875,
      0.359375,
      0.4375,
      0.375,
      0.546875,
      0.40625,
      0.296875,
      0.4375,
      0.5625,
      0.359375,
      0.359375,
      0.46875,
      0.359375,
      0.453125,
      0.421875,
      0.359375,
      0.390625,
      0.296875,
      0.328125,
      0.390625,
      0.453125,
      0.453125,
      0.375,
      0.4375,
      0.421875,
      0.390625,
      0.53125,
      0.46875,
      0.4375
   ],
   "batch_train_losses": [
      2.6745522022247314,
      2.607358455657959,
      2.646970510482788,
      2.505910873413086,
      2.6409714221954346,
      2.648632049560547,
      2.658700466156006,
      2.6043877601623535,
      2.4689888954162598,
      2.5840976238250732,
      2.7728404998779297,
      2.7088334560394287,
      2.5495076179504395,
      2.477591037750244,
      2.7166638374328613,
      2.5255744457244873,
      2.6609854698181152,
      2.4630229473114014,
      2.513721466064453,
      2.7542948722839355,
      2.502187728881836,
      2.3355937004089355,
      2.55963397026062,
      2.548931360244751,
      2.391949415206909,
      2.587376117706299,
      2.586418628692627,
      2.550922155380249,
      2.4722859859466553,
      2.4228250980377197,
      2.6466965675354004,
      2.5503311157226562,
      2.454554796218872,
      2.4433116912841797,
      2.4193921089172363,
      2.4895434379577637,
      2.4077625274658203,
      2.474534749984741,
      2.490949869155884,
      2.3665964603424072,
      2.273827075958252,
      2.2980918884277344
   ],
   "batch_train_times": [],
   "val_accuracy": 0.28040540540540543,
   "val_loss": 2.893797404057271,
   "val_accuracy_per_label": [
      0.5909090909090909,
      0.0,
      0.0,
      0.0,
      0.0,
      0.0,
      0.0,
      0.8,
      0.0,
      0.0,
      0.0,
      0.0,
      0.0,
      0.2,
      0.0,
      0.0,
      0.0,
      0.0,
      0.8,
      0.10344827586206896,
      0.6153846153846154,
      0.0,
      0.0,
      0.0,
      0.0,
      0.0,
      0.0,
      1.0,
      0.0,
      0.0,
      0.0,
      0.0,
      0.0,
      0.0,
      0.0,
      0.0,
      0.0,
      0.0,
      0.0,
      0.5,
      0.0,
      0.625,
      0.0
   ]
}