{
   "epoch": 50,
   "batch_train_accuracies": [
      0.84375,
      0.890625,
      0.796875,
      0.859375,
      0.9375,
      0.8125,
      0.890625,
      0.828125,
      0.890625,
      0.859375,
      0.953125,
      0.84375,
      0.84375,
      0.90625,
      0.890625,
      0.8125,
      0.890625,
      0.90625,
      0.8125,
      0.921875,
      0.859375,
      0.84375,
      0.890625,
      0.84375,
      0.796875,
      0.875,
      0.875,
      0.875,
      0.875,
      0.8125,
      0.921875,
      0.953125,
      0.90625,
      0.875,
      0.84375,
      0.890625,
      0.90625,
      0.890625,
      0.875,
      0.875,
      0.84375,
      0.75
   ],
   "batch_train_losses": [
      0.8165345788002014,
      0.8166217803955078,
      1.0217069387435913,
      0.8675187826156616,
      0.6726782321929932,
      0.9224870800971985,
      0.8913125395774841,
      0.8962129950523376,
      0.7629788517951965,
      0.8961626887321472,
      0.6844652891159058,
      0.8093897700309753,
      0.9078328609466553,
      0.9156288504600525,
      0.7992666959762573,
      0.8765608072280884,
      0.7847945094108582,
      0.7283010482788086,
      0.8564025163650513,
      0.8081957101821899,
      0.9532817602157593,
      0.970572829246521,
      0.8771657347679138,
      0.9297299981117249,
      1.015637993812561,
      0.8850722312927246,
      0.8415733575820923,
      0.8127325773239136,
      0.8293760418891907,
      0.9895896315574646,
      0.7329868674278259,
      0.737350583076477,
      0.7764040231704712,
      0.7522701621055603,
      0.873264729976654,
      0.8860154151916504,
      0.7719061970710754,
      0.8664798736572266,
      0.8412449359893799,
      0.7893615365028381,
      0.933201789855957,
      1.0893160104751587
   ],
   "batch_train_times": [],
   "val_accuracy": 0.5168918918918919,
   "val_loss": 2.0283396952861064,
   "val_accuracy_per_label": [
      0.5909090909090909,
      0.0,
      0.3333333333333333,
      0.0,
      1.0,
      0.0,
      0.3333333333333333,
      0.8,
      0.0,
      0.0,
      0.0,
      0.2,
      0.0,
      1.0,
      0.8,
      0.0,
      0.0,
      0.0,
      0.0,
      0.9655172413793104,
      0.8076923076923077,
      0.2,
      0.6,
      0.4,
      0.0,
      0.6,
      0.0,
      0.6,
      0.0,
      0.0,
      0.4,
      0.0,
      1.0,
      0.0,
      0.0,
      0.0,
      0.4,
      0.0,
      0.8,
      0.7,
      0.0,
      0.375,
      0.4
   ]
}