{
   "epoch": 28,
   "batch_train_accuracies": [
      0.84375,
      0.8125,
      0.875,
      0.84375,
      0.859375,
      0.78125,
      0.875,
      0.75,
      0.6875,
      0.75,
      0.84375,
      0.8125,
      0.734375,
      0.640625,
      0.71875,
      0.8125,
      0.859375,
      0.875,
      0.796875,
      0.828125,
      0.859375,
      0.765625,
      0.75,
      0.8125,
      0.8125,
      0.796875,
      0.734375,
      0.765625,
      0.78125,
      0.890625,
      0.796875,
      0.75,
      0.8125,
      0.71875,
      0.765625,
      0.671875,
      0.78125,
      0.84375,
      0.78125,
      0.75,
      0.890625,
      0.9375
   ],
   "batch_train_losses": [
      0.9024505019187927,
      1.1805481910705566,
      1.1503281593322754,
      1.0863511562347412,
      1.0703150033950806,
      1.03335440158844,
      1.0033650398254395,
      1.1147912740707397,
      1.273755669593811,
      1.1713242530822754,
      0.9158384203910828,
      0.9808633923530579,
      1.2816609144210815,
      1.3243311643600464,
      1.1994227170944214,
      0.9040406942367554,
      0.9553596377372742,
      0.9093543291091919,
      1.1510876417160034,
      1.0854620933532715,
      0.8814219236373901,
      1.0426586866378784,
      1.0821316242218018,
      1.0314233303070068,
      1.015109658241272,
      1.020135760307312,
      1.1332824230194092,
      1.0620198249816895,
      0.9663987755775452,
      0.9291053414344788,
      1.087151050567627,
      1.1532410383224487,
      0.9625018835067749,
      1.1170194149017334,
      1.1021486520767212,
      1.224425196647644,
      1.003126859664917,
      1.006407618522644,
      1.052394986152649,
      1.1338478326797485,
      0.8873162865638733,
      0.7116338014602661
   ],
   "batch_train_times": [],
   "val_accuracy": 0.5067567567567568,
   "val_loss": 1.9082948774904818,
   "val_accuracy_per_label": [
      0.5,
      0.2,
      0.3333333333333333,
      0.4,
      1.0,
      0.2,
      0.0,
      0.85,
      0.0,
      0.0,
      0.0,
      0.0,
      0.6,
      0.8,
      0.8,
      0.0,
      0.0,
      0.0,
      0.0,
      0.9655172413793104,
      0.6923076923076923,
      0.0,
      0.0,
      0.2,
      0.0,
      0.3,
      0.0,
      0.9,
      0.0,
      0.0,
      0.0,
      0.6,
      0.8,
      0.0,
      0.0,
      0.0,
      0.0,
      0.0,
      0.8666666666666667,
      0.8,
      0.0,
      0.5,
      0.0
   ]
}