{
   "epoch": 6,
   "batch_train_accuracies": [
      0.53125,
      0.421875,
      0.546875,
      0.421875,
      0.46875,
      0.46875,
      0.4375,
      0.484375,
      0.453125,
      0.453125,
      0.359375,
      0.484375,
      0.515625,
      0.375,
      0.5625,
      0.40625,
      0.375,
      0.5,
      0.46875,
      0.59375,
      0.515625,
      0.421875,
      0.53125,
      0.484375,
      0.515625,
      0.53125,
      0.421875,
      0.53125,
      0.5625,
      0.640625,
      0.578125,
      0.484375,
      0.484375,
      0.5625,
      0.5625,
      0.46875,
      0.546875,
      0.5625,
      0.546875,
      0.515625,
      0.515625,
      0.625
   ],
   "batch_train_losses": [
      2.0844814777374268,
      2.1806774139404297,
      2.0913760662078857,
      2.285194158554077,
      2.150413751602173,
      2.244215250015259,
      2.1845364570617676,
      2.0604233741760254,
      2.0613982677459717,
      2.1187217235565186,
      2.356703758239746,
      2.0674068927764893,
      1.9463979005813599,
      2.1470916271209717,
      1.9765335321426392,
      2.1578750610351562,
      2.1716034412384033,
      2.090216875076294,
      2.0488715171813965,
      2.0194814205169678,
      2.0376803874969482,
      2.1965606212615967,
      2.028804302215576,
      2.0443594455718994,
      1.9968892335891724,
      2.063455104827881,
      2.122187852859497,
      2.022573709487915,
      1.9009870290756226,
      1.8728748559951782,
      1.914241909980774,
      2.0866777896881104,
      2.0138566493988037,
      2.0023956298828125,
      2.013561487197876,
      2.0560808181762695,
      2.044947624206543,
      2.0078365802764893,
      2.015707015991211,
      2.0567843914031982,
      2.040022850036621,
      1.8427740335464478
   ],
   "batch_train_times": [],
   "val_accuracy": 0.3108108108108108,
   "val_loss": 2.530423879623413,
   "val_accuracy_per_label": [
      0.6363636363636364,
      0.0,
      0.0,
      0.0,
      0.2,
      0.6,
      0.0,
      0.85,
      0.0,
      0.0,
      0.0,
      0.0,
      0.0,
      0.4,
      0.0,
      0.0,
      0.0,
      0.0,
      0.2,
      0.7241379310344828,
      0.6923076923076923,
      0.0,
      0.0,
      0.0,
      0.0,
      0.0,
      0.0,
      0.15,
      0.0,
      0.0,
      0.0,
      0.0,
      0.0,
      0.0,
      0.0,
      0.0,
      0.0,
      0.0,
      0.3333333333333333,
      0.2,
      0.0,
      0.5,
      0.2
   ]
}