{
   "epoch": 24,
   "batch_train_accuracies": [
      0.75,
      0.765625,
      0.6875,
      0.8125,
      0.65625,
      0.703125,
      0.78125,
      0.765625,
      0.703125,
      0.765625,
      0.75,
      0.828125,
      0.84375,
      0.75,
      0.828125,
      0.828125,
      0.796875,
      0.71875,
      0.703125,
      0.75,
      0.734375,
      0.75,
      0.828125,
      0.671875,
      0.75,
      0.8125,
      0.78125,
      0.90625,
      0.8125,
      0.75,
      0.640625,
      0.75,
      0.734375,
      0.8125,
      0.796875,
      0.703125,
      0.71875,
      0.734375,
      0.765625,
      0.84375,
      0.796875,
      0.75
   ],
   "batch_train_losses": [
      1.0479921102523804,
      1.0987104177474976,
      1.2616230249404907,
      1.038393259048462,
      1.3983967304229736,
      1.2324548959732056,
      1.1400675773620605,
      1.104237675666809,
      1.2543561458587646,
      1.1414794921875,
      1.2019630670547485,
      1.1487021446228027,
      1.0566669702529907,
      1.1990547180175781,
      1.025231957435608,
      0.9308798909187317,
      1.0841586589813232,
      1.0884889364242554,
      1.3499025106430054,
      1.2679470777511597,
      1.1699368953704834,
      1.0794999599456787,
      0.9594703316688538,
      1.2866796255111694,
      1.11758291721344,
      1.100312352180481,
      1.139646291732788,
      0.8029992580413818,
      1.062467336654663,
      1.228132963180542,
      1.273500680923462,
      1.111282229423523,
      1.2825534343719482,
      1.0083929300308228,
      1.1132957935333252,
      1.331068754196167,
      1.1774979829788208,
      1.1532933712005615,
      1.1026062965393066,
      0.9940066933631897,
      1.115113377571106,
      1.3120635747909546
   ],
   "batch_train_times": [],
   "val_accuracy": 0.47635135135135137,
   "val_loss": 2.080933628855525,
   "val_accuracy_per_label": [
      0.6363636363636364,
      0.0,
      0.16666666666666666,
      0.0,
      0.2,
      0.4,
      0.0,
      0.85,
      0.0,
      0.0,
      0.0,
      0.0,
      0.2,
      1.0,
      0.6,
      0.0,
      0.0,
      0.0,
      0.0,
      0.896551724137931,
      0.6923076923076923,
      0.0,
      0.4,
      0.2,
      0.0,
      0.4,
      0.0,
      0.7,
      0.0,
      0.0,
      0.0,
      0.6,
      1.0,
      0.0,
      0.0,
      0.0,
      0.0,
      0.0,
      0.7333333333333333,
      0.7,
      0.0,
      0.5,
      0.4
   ]
}