{
   "epoch": 48,
   "batch_train_accuracies": [
      0.84375,
      0.890625,
      0.875,
      0.890625,
      0.90625,
      0.890625,
      0.8125,
      0.796875,
      0.859375,
      0.875,
      0.921875,
      0.921875,
      0.796875,
      0.828125,
      0.859375,
      0.890625,
      0.875,
      0.875,
      0.828125,
      0.875,
      0.84375,
      0.859375,
      0.78125,
      0.859375,
      0.859375,
      0.921875,
      0.90625,
      0.859375,
      0.875,
      0.875,
      0.828125,
      0.84375,
      0.859375,
      0.921875,
      0.84375,
      0.9375,
      0.859375,
      0.9375,
      0.859375,
      0.875,
      0.875,
      0.9375
   ],
   "batch_train_losses": [
      0.934946596622467,
      0.9276992678642273,
      0.7751109600067139,
      0.8818392157554626,
      0.6564373970031738,
      0.8049533367156982,
      0.9473342299461365,
      1.0240994691848755,
      0.7544502019882202,
      0.7773353457450867,
      0.757987380027771,
      0.6428236961364746,
      0.9455428719520569,
      0.8259831666946411,
      0.8860453367233276,
      0.7239982485771179,
      0.8778654336929321,
      0.8528012037277222,
      0.8749150633811951,
      0.8617701530456543,
      0.8806323409080505,
      0.8944995403289795,
      1.0590791702270508,
      0.9417040348052979,
      0.8614186644554138,
      0.8051903247833252,
      0.6942326426506042,
      0.8338231444358826,
      0.7269032597541809,
      0.7767701745033264,
      0.8344390988349915,
      0.885307788848877,
      0.8167752027511597,
      0.7644416689872742,
      1.0492360591888428,
      0.7107038497924805,
      0.7370307445526123,
      0.7187355756759644,
      0.8717896938323975,
      0.8891107439994812,
      0.9002665281295776,
      0.8508027195930481
   ],
   "batch_train_times": [],
   "val_accuracy": 0.5337837837837838,
   "val_loss": 2.0097255674568384,
   "val_accuracy_per_label": [
      0.8636363636363636,
      0.0,
      0.16666666666666666,
      0.4,
      0.8,
      0.0,
      0.3333333333333333,
      0.8,
      0.0,
      0.0,
      0.0,
      0.0,
      0.2,
      1.0,
      0.6,
      0.0,
      0.0,
      0.0,
      0.0,
      0.7586206896551724,
      0.8461538461538461,
      0.6,
      0.8,
      0.0,
      0.0,
      0.5,
      0.0,
      0.45,
      0.0,
      0.0,
      0.4,
      0.8,
      1.0,
      0.0,
      0.0,
      0.0,
      0.2,
      0.0,
      1.0,
      0.8,
      0.0,
      0.375,
      0.6
   ]
}