{
   "epoch": 35,
   "batch_train_accuracies": [
      0.8125,
      0.90625,
      0.828125,
      0.828125,
      0.84375,
      0.71875,
      0.828125,
      0.875,
      0.84375,
      0.78125,
      0.84375,
      0.875,
      0.875,
      0.859375,
      0.8125,
      0.78125,
      0.859375,
      0.859375,
      0.828125,
      0.859375,
      0.75,
      0.84375,
      0.8125,
      0.859375,
      0.8125,
      0.921875,
      0.8125,
      0.875,
      0.828125,
      0.859375,
      0.859375,
      0.890625,
      0.796875,
      0.875,
      0.734375,
      0.796875,
      0.84375,
      0.84375,
      0.796875,
      0.84375,
      0.859375,
      0.8125
   ],
   "batch_train_losses": [
      1.049724817276001,
      0.819976270198822,
      1.0693635940551758,
      0.9383320808410645,
      0.894082248210907,
      1.0000834465026855,
      1.0291231870651245,
      0.8444860577583313,
      1.006533145904541,
      1.0160574913024902,
      0.9631537199020386,
      0.7933564782142639,
      0.910403311252594,
      0.8373882174491882,
      1.0366389751434326,
      1.014361023902893,
      0.9418802857398987,
      0.8989153504371643,
      0.9362004995346069,
      1.0714229345321655,
      1.1665493249893188,
      0.8053032159805298,
      0.9444427490234375,
      1.0068986415863037,
      0.9295979738235474,
      0.849307119846344,
      1.1197518110275269,
      0.8175672292709351,
      0.9550071358680725,
      0.9634642601013184,
      0.9020388722419739,
      0.9033305644989014,
      1.1282072067260742,
      0.8881673812866211,
      1.1502680778503418,
      1.0180926322937012,
      0.9350844621658325,
      1.0036011934280396,
      0.9121353030204773,
      0.9781190156936646,
      0.8346551060676575,
      1.1747156381607056
   ],
   "batch_train_times": [],
   "val_accuracy": 0.6013513513513513,
   "val_loss": 1.8371980770214185,
   "val_accuracy_per_label": [
      0.7727272727272727,
      0.0,
      0.6666666666666666,
      0.0,
      1.0,
      1.0,
      0.0,
      0.8,
      0.0,
      0.2,
      0.0,
      0.0,
      1.0,
      1.0,
      0.8,
      0.0,
      0.0,
      0.0,
      0.0,
      0.9655172413793104,
      0.9615384615384616,
      0.2,
      0.8,
      0.8,
      0.0,
      0.7,
      0.0,
      0.7,
      0.0,
      0.0,
      0.2,
      0.4,
      1.0,
      0.0,
      0.0,
      0.0,
      0.2,
      0.0,
      0.8666666666666667,
      0.7,
      0.0,
      0.375,
      0.2
   ]
}