{
   "epoch": 32,
   "batch_train_accuracies": [
      0.84375,
      0.84375,
      0.8125,
      0.921875,
      0.8125,
      0.796875,
      0.90625,
      0.75,
      0.859375,
      0.796875,
      0.71875,
      0.78125,
      0.875,
      0.90625,
      0.828125,
      0.796875,
      0.78125,
      0.8125,
      0.90625,
      0.78125,
      0.796875,
      0.6875,
      0.8125,
      0.765625,
      0.890625,
      0.734375,
      0.828125,
      0.8125,
      0.859375,
      0.828125,
      0.84375,
      0.8125,
      0.75,
      0.921875,
      0.828125,
      0.890625,
      0.78125,
      0.828125,
      0.78125,
      0.84375,
      0.828125,
      0.8125
   ],
   "batch_train_losses": [
      0.8690035343170166,
      1.0520453453063965,
      1.0277719497680664,
      0.8076895475387573,
      0.991879940032959,
      0.9880725741386414,
      0.8451835513114929,
      1.0623258352279663,
      0.9243022799491882,
      1.054824948310852,
      1.2293095588684082,
      0.9992935657501221,
      0.8935686945915222,
      0.7921229004859924,
      1.0160307884216309,
      1.0514403581619263,
      1.0832011699676514,
      1.047006607055664,
      0.820747435092926,
      0.96864253282547,
      0.93758225440979,
      1.2160221338272095,
      1.0370709896087646,
      1.1559675931930542,
      0.8955336809158325,
      1.1760239601135254,
      0.9100735783576965,
      0.9308860898017883,
      0.9636358022689819,
      1.0215977430343628,
      1.0148192644119263,
      1.0330805778503418,
      1.0537645816802979,
      0.806846559047699,
      0.9192028641700745,
      0.8683101534843445,
      1.0374497175216675,
      0.9110009670257568,
      1.0501632690429688,
      0.8378241658210754,
      1.1304947137832642,
      1.150225281715393
   ],
   "batch_train_times": [],
   "val_accuracy": 0.5168918918918919,
   "val_loss": 1.913390655775328,
   "val_accuracy_per_label": [
      0.5,
      0.0,
      0.16666666666666666,
      0.0,
      0.8,
      0.0,
      0.0,
      0.8,
      0.0,
      0.0,
      0.0,
      0.0,
      0.8,
      1.0,
      0.8,
      0.0,
      0.0,
      0.0,
      0.0,
      1.0,
      0.8076923076923077,
      0.0,
      0.8,
      0.2,
      0.0,
      0.9,
      0.0,
      0.5,
      0.0,
      0.0,
      0.0,
      0.8,
      1.0,
      0.0,
      0.0,
      0.0,
      0.0,
      0.0,
      0.7333333333333333,
      1.0,
      0.0,
      0.375,
      0.2
   ]
}