{
   "epoch": 46,
   "batch_train_accuracies": [
      0.8515625,
      0.828125,
      0.8125,
      0.8671875,
      0.8515625,
      0.8203125,
      0.90625,
      0.859375,
      0.9140625,
      0.8125,
      0.8828125,
      0.8671875,
      0.859375,
      0.921875,
      0.9140625,
      0.8828125,
      0.8359375,
      0.8984375,
      0.8515625,
      0.9140625,
      0.8375
   ],
   "batch_train_losses": [
      0.9201760292053223,
      0.9724634885787964,
      0.988734781742096,
      0.8115492463111877,
      0.8565992116928101,
      0.9117909669876099,
      0.790593683719635,
      0.8706250190734863,
      0.8344725370407104,
      0.945380687713623,
      0.7949612736701965,
      0.8934041857719421,
      0.8380288481712341,
      0.7676111459732056,
      0.7977786660194397,
      0.8048626780509949,
      0.9586549401283264,
      0.7894067764282227,
      0.8868686556816101,
      0.8286157250404358,
      0.9127982258796692
   ],
   "batch_train_times": [],
   "val_accuracy": 0.5743243243243243,
   "val_loss": 1.8600751258231498,
   "val_accuracy_per_label": [
      0.7272727272727273,
      0.0,
      0.3333333333333333,
      0.0,
      0.8,
      0.8,
      0.0,
      0.85,
      0.0,
      0.0,
      0.0,
      0.0,
      0.4,
      1.0,
      0.8,
      0.0,
      0.0,
      0.0,
      0.0,
      0.9310344827586207,
      0.8846153846153846,
      0.0,
      0.8,
      0.8,
      0.0,
      0.8,
      0.0,
      1.0,
      0.0,
      0.25,
      0.2,
      0.0,
      0.8,
      0.0,
      0.0,
      0.0,
      0.0,
      0.0,
      0.6666666666666666,
      0.9,
      0.0,
      0.5,
      0.2
   ]
}