{
   "epoch": 6,
   "batch_train_accuracies": [
      0.4765625,
      0.4453125,
      0.4609375,
      0.515625,
      0.453125,
      0.3515625,
      0.4765625,
      0.5,
      0.5,
      0.515625,
      0.4765625,
      0.40625,
      0.4140625,
      0.484375,
      0.46875,
      0.515625,
      0.421875,
      0.5546875,
      0.5234375,
      0.4921875,
      0.375
   ],
   "batch_train_losses": [
      2.3431320190429688,
      2.367457151412964,
      2.3413915634155273,
      2.3815276622772217,
      2.317458391189575,
      2.503113269805908,
      2.33252215385437,
      2.2589075565338135,
      2.290253162384033,
      2.2834296226501465,
      2.2738258838653564,
      2.4653499126434326,
      2.4233031272888184,
      2.3048884868621826,
      2.2317423820495605,
      2.2126193046569824,
      2.3421270847320557,
      2.1636099815368652,
      2.2845373153686523,
      2.153738021850586,
      2.487474203109741
   ],
   "batch_train_times": [],
   "val_accuracy": 0.31756756756756754,
   "val_loss": 2.7132985656325883,
   "val_accuracy_per_label": [
      0.6363636363636364,
      0.0,
      0.0,
      0.0,
      0.0,
      0.0,
      0.0,
      0.85,
      0.0,
      0.0,
      0.0,
      0.0,
      0.0,
      0.0,
      0.0,
      0.0,
      0.0,
      0.0,
      0.8,
      0.6551724137931034,
      0.5769230769230769,
      0.0,
      0.0,
      0.0,
      0.0,
      0.0,
      0.0,
      0.9,
      0.0,
      0.0,
      0.0,
      0.0,
      0.0,
      0.0,
      0.0,
      0.0,
      0.0,
      0.0,
      0.06666666666666667,
      0.0,
      0.0,
      0.75,
      0.0
   ]
}