{
   "epoch": 5,
   "batch_train_accuracies": [
      0.40625,
      0.46875,
      0.421875,
      0.484375,
      0.46875,
      0.4375,
      0.5078125,
      0.4921875,
      0.5234375,
      0.46875,
      0.5,
      0.515625,
      0.4765625,
      0.484375,
      0.4296875,
      0.4140625,
      0.4609375,
      0.390625,
      0.484375,
      0.3671875,
      0.3875
   ],
   "batch_train_losses": [
      2.555819511413574,
      2.552722454071045,
      2.5436744689941406,
      2.4721996784210205,
      2.4831700325012207,
      2.5406746864318848,
      2.37139892578125,
      2.4018208980560303,
      2.3993313312530518,
      2.510880947113037,
      2.3350462913513184,
      2.3487250804901123,
      2.3735194206237793,
      2.380995512008667,
      2.4093263149261475,
      2.418691635131836,
      2.5256776809692383,
      2.5183820724487305,
      2.3908462524414062,
      2.5039095878601074,
      2.4398834705352783
   ],
   "batch_train_times": [],
   "val_accuracy": 0.28378378378378377,
   "val_loss": 2.8711465822683797,
   "val_accuracy_per_label": [
      0.6363636363636364,
      0.0,
      0.0,
      0.0,
      0.2,
      0.0,
      0.0,
      1.0,
      0.0,
      0.0,
      0.0,
      0.0,
      0.0,
      0.2,
      0.2,
      0.0,
      0.0,
      0.0,
      0.0,
      0.3103448275862069,
      0.5,
      0.0,
      0.0,
      0.0,
      0.0,
      0.0,
      0.0,
      0.95,
      0.0,
      0.0,
      0.0,
      0.0,
      0.0,
      0.0,
      0.0,
      0.0,
      0.0,
      0.0,
      0.0,
      0.1,
      0.0,
      0.625,
      0.0
   ]
}