{
   "epoch": 23,
   "batch_train_accuracies": [
      0.6640625,
      0.7578125,
      0.65625,
      0.6875,
      0.78125,
      0.7734375,
      0.7578125,
      0.671875,
      0.7265625,
      0.71875,
      0.65625,
      0.7109375,
      0.71875,
      0.71875,
      0.703125,
      0.78125,
      0.7890625,
      0.765625,
      0.6875,
      0.6640625,
      0.7375
   ],
   "batch_train_losses": [
      1.4172983169555664,
      1.2553640604019165,
      1.505059003829956,
      1.3919541835784912,
      1.2332202196121216,
      1.317723035812378,
      1.238132119178772,
      1.373658299446106,
      1.3043363094329834,
      1.311273217201233,
      1.3310985565185547,
      1.3313597440719604,
      1.3012795448303223,
      1.2997599840164185,
      1.249426245689392,
      1.198305368423462,
      1.1504442691802979,
      1.2784771919250488,
      1.323315143585205,
      1.3126325607299805,
      1.2761495113372803
   ],
   "batch_train_times": [],
   "val_accuracy": 0.41216216216216217,
   "val_loss": 2.1143415489712276,
   "val_accuracy_per_label": [
      0.6818181818181818,
      0.0,
      0.3333333333333333,
      0.0,
      0.8,
      0.4,
      0.0,
      0.8,
      0.0,
      0.0,
      0.0,
      0.0,
      0.0,
      0.0,
      0.4,
      0.0,
      0.0,
      0.0,
      0.0,
      0.8620689655172413,
      0.8076923076923077,
      0.0,
      0.0,
      0.2,
      0.0,
      0.0,
      0.0,
      0.35,
      0.0,
      0.0,
      0.0,
      0.6,
      0.0,
      0.0,
      0.0,
      0.0,
      0.0,
      0.0,
      0.9333333333333333,
      0.4,
      0.0,
      0.625,
      0.2
   ]
}