{
   "epoch": 43,
   "batch_train_accuracies": [
      0.8359375,
      0.84375,
      0.8671875,
      0.859375,
      0.8671875,
      0.875,
      0.8515625,
      0.8125,
      0.8984375,
      0.796875,
      0.875,
      0.8515625,
      0.890625,
      0.8671875,
      0.859375,
      0.78125,
      0.84375,
      0.875,
      0.859375,
      0.859375,
      0.9125
   ],
   "batch_train_losses": [
      0.8261595368385315,
      0.9907160401344299,
      0.8996012806892395,
      0.8675889372825623,
      0.9300724267959595,
      0.9106895327568054,
      0.9063442349433899,
      1.028111457824707,
      0.7508177757263184,
      0.9801745414733887,
      0.8752252459526062,
      0.9227725267410278,
      0.8922037482261658,
      0.8622763156890869,
      0.8503789305686951,
      0.9772399067878723,
      0.9185488224029541,
      0.8442432880401611,
      0.8753737807273865,
      0.9400100708007812,
      0.8018087148666382
   ],
   "batch_train_times": [],
   "val_accuracy": 0.5033783783783784,
   "val_loss": 1.942365871893393,
   "val_accuracy_per_label": [
      0.6363636363636364,
      0.0,
      0.6666666666666666,
      0.0,
      1.0,
      0.8,
      0.0,
      0.8,
      0.0,
      0.0,
      0.0,
      0.0,
      0.2,
      0.4,
      0.8,
      0.0,
      0.0,
      0.0,
      0.0,
      0.8275862068965517,
      1.0,
      0.4,
      0.0,
      0.4,
      0.0,
      0.8,
      0.0,
      0.45,
      0.0,
      0.25,
      0.0,
      0.0,
      0.6,
      0.0,
      0.0,
      0.0,
      0.0,
      0.0,
      0.7333333333333333,
      0.9,
      0.0,
      0.375,
      0.2
   ]
}