{
   "epoch": 3,
   "batch_train_accuracies": [
      0.296875,
      0.3984375,
      0.421875,
      0.328125,
      0.359375,
      0.3984375,
      0.40625,
      0.390625,
      0.390625,
      0.4375,
      0.3984375,
      0.4453125,
      0.4453125,
      0.46875,
      0.4140625,
      0.421875,
      0.3515625,
      0.421875,
      0.3671875,
      0.4921875,
      0.3875
   ],
   "batch_train_losses": [
      3.0057733058929443,
      2.91550350189209,
      2.890587091445923,
      2.9183928966522217,
      2.871659994125366,
      2.892017364501953,
      2.7780892848968506,
      2.7987616062164307,
      2.8848876953125,
      2.758681297302246,
      2.735424518585205,
      2.79296875,
      2.710083246231079,
      2.6885228157043457,
      2.8184256553649902,
      2.732673406600952,
      2.8375988006591797,
      2.723947763442993,
      2.79252290725708,
      2.5391881465911865,
      2.6829895973205566
   ],
   "batch_train_times": [],
   "val_accuracy": 0.20945945945945946,
   "val_loss": 3.2264073217237317,
   "val_accuracy_per_label": [
      0.4090909090909091,
      0.0,
      0.0,
      0.0,
      0.0,
      0.0,
      0.0,
      1.0,
      0.0,
      0.0,
      0.0,
      0.0,
      0.0,
      0.0,
      0.0,
      0.0,
      0.0,
      0.0,
      0.2,
      0.4482758620689655,
      0.3076923076923077,
      0.0,
      0.0,
      0.0,
      0.0,
      0.0,
      0.0,
      0.3,
      0.0,
      0.0,
      0.0,
      0.0,
      0.0,
      0.0,
      0.0,
      0.0,
      0.0,
      0.0,
      0.0,
      0.0,
      0.0,
      0.625,
      0.0
   ]
}