{
   "epoch": 4,
   "batch_train_accuracies": [
      0.4296875,
      0.4375,
      0.375,
      0.46875,
      0.4921875,
      0.3203125,
      0.4609375,
      0.4609375,
      0.453125,
      0.3515625,
      0.375,
      0.3984375,
      0.375,
      0.4765625,
      0.453125,
      0.46875,
      0.4453125,
      0.46875,
      0.4921875,
      0.3828125,
      0.4875
   ],
   "batch_train_losses": [
      2.710360288619995,
      2.592977285385132,
      2.71112060546875,
      2.578331470489502,
      2.496293544769287,
      2.7765796184539795,
      2.612765073776245,
      2.6749191284179688,
      2.6203808784484863,
      2.713989019393921,
      2.6411030292510986,
      2.6244266033172607,
      2.746858835220337,
      2.569025993347168,
      2.6434080600738525,
      2.48713755607605,
      2.5662684440612793,
      2.557960033416748,
      2.438372850418091,
      2.701627731323242,
      2.4065048694610596
   ],
   "batch_train_times": [],
   "val_accuracy": 0.2905405405405405,
   "val_loss": 2.9524434257198022,
   "val_accuracy_per_label": [
      0.5,
      0.0,
      0.0,
      0.0,
      0.0,
      0.0,
      0.0,
      1.0,
      0.0,
      0.0,
      0.0,
      0.0,
      0.0,
      0.0,
      0.2,
      0.0,
      0.0,
      0.0,
      0.8,
      0.3448275862068966,
      0.6538461538461539,
      0.0,
      0.0,
      0.0,
      0.0,
      0.0,
      0.0,
      0.7,
      0.0,
      0.0,
      0.0,
      0.0,
      0.0,
      0.0,
      0.0,
      0.0,
      0.0,
      0.0,
      0.13333333333333333,
      0.1,
      0.0,
      0.75,
      0.0
   ]
}