{
   "epoch": 14,
   "batch_train_accuracies": [
      0.625,
      0.6171875,
      0.59375,
      0.5859375,
      0.625,
      0.5703125,
      0.6328125,
      0.6015625,
      0.609375,
      0.640625,
      0.6328125,
      0.6640625,
      0.640625,
      0.5625,
      0.671875,
      0.609375,
      0.5234375,
      0.59375,
      0.640625,
      0.6328125,
      0.6125
   ],
   "batch_train_losses": [
      1.6744033098220825,
      1.62590491771698,
      1.6431679725646973,
      1.707128643989563,
      1.71857750415802,
      1.7179465293884277,
      1.6268742084503174,
      1.6730858087539673,
      1.634623408317566,
      1.5826576948165894,
      1.6671407222747803,
      1.6349315643310547,
      1.5914002656936646,
      1.8095523118972778,
      1.5576729774475098,
      1.6019527912139893,
      1.7947062253952026,
      1.6494661569595337,
      1.635115623474121,
      1.6699565649032593,
      1.5964610576629639
   ],
   "batch_train_times": [],
   "val_accuracy": 0.3885135135135135,
   "val_loss": 2.4166948344256425,
   "val_accuracy_per_label": [
      0.8181818181818182,
      0.0,
      0.0,
      0.0,
      0.0,
      0.0,
      0.0,
      0.85,
      0.0,
      0.0,
      0.0,
      0.0,
      0.0,
      0.8,
      0.4,
      0.0,
      0.0,
      0.0,
      0.6,
      0.6896551724137931,
      0.8461538461538461,
      0.0,
      0.0,
      0.2,
      0.0,
      0.0,
      0.0,
      0.5,
      0.0,
      0.25,
      0.0,
      0.0,
      0.0,
      0.0,
      0.0,
      0.0,
      0.0,
      0.0,
      0.6666666666666666,
      0.4,
      0.0,
      0.375,
      0.0
   ]
}