{
   "epoch": 50,
   "batch_train_accuracies": [
      0.859375,
      0.890625,
      0.8671875,
      0.8828125,
      0.875,
      0.875,
      0.875,
      0.875,
      0.9375,
      0.8828125,
      0.8515625,
      0.921875,
      0.8671875,
      0.890625,
      0.8671875,
      0.90625,
      0.8359375,
      0.90625,
      0.90625,
      0.859375,
      0.9125
   ],
   "batch_train_losses": [
      0.8669178485870361,
      0.8205302953720093,
      0.8602122068405151,
      0.8059738874435425,
      0.7775745987892151,
      0.8622741103172302,
      0.8135376572608948,
      0.8761127591133118,
      0.752723217010498,
      0.8415563106536865,
      0.8442263603210449,
      0.7254467010498047,
      0.8444499373435974,
      0.8400712013244629,
      0.8075339198112488,
      0.8211467266082764,
      0.8442243933677673,
      0.6775678992271423,
      0.8019376993179321,
      0.764904260635376,
      0.7829301953315735
   ],
   "batch_train_times": [],
   "val_accuracy": 0.5304054054054054,
   "val_loss": 1.9268331817678503,
   "val_accuracy_per_label": [
      0.6363636363636364,
      0.0,
      0.0,
      0.0,
      1.0,
      0.8,
      0.0,
      0.8,
      0.0,
      0.0,
      0.0,
      0.0,
      0.0,
      1.0,
      1.0,
      0.0,
      0.2,
      0.0,
      0.0,
      0.896551724137931,
      0.7307692307692307,
      0.0,
      0.8,
      0.0,
      0.0,
      0.8,
      0.0,
      0.7,
      0.0,
      0.5,
      0.2,
      0.8,
      0.8,
      0.0,
      0.0,
      0.0,
      0.0,
      0.0,
      0.6666666666666666,
      1.0,
      0.0,
      0.5,
      0.2
   ]
}