{
   "epoch": 33,
   "batch_train_accuracies": [
      0.8359375,
      0.8359375,
      0.8125,
      0.7890625,
      0.8359375,
      0.7890625,
      0.765625,
      0.75,
      0.765625,
      0.796875,
      0.8671875,
      0.796875,
      0.765625,
      0.8125,
      0.8203125,
      0.765625,
      0.8203125,
      0.75,
      0.796875,
      0.7890625,
      0.8125
   ],
   "batch_train_losses": [
      1.030177354812622,
      0.9683194756507874,
      1.0296610593795776,
      1.0420721769332886,
      0.9925557971000671,
      1.0154885053634644,
      1.1557402610778809,
      1.2219568490982056,
      1.103287935256958,
      1.0340509414672852,
      0.8784726858139038,
      1.0256834030151367,
      1.1293390989303589,
      1.033697485923767,
      0.9358406662940979,
      1.0848439931869507,
      0.9575284123420715,
      1.1971628665924072,
      1.0296763181686401,
      0.9979523420333862,
      1.0906002521514893
   ],
   "batch_train_times": [],
   "val_accuracy": 0.5,
   "val_loss": 1.958209994676951,
   "val_accuracy_per_label": [
      0.7272727272727273,
      0.0,
      0.16666666666666666,
      0.0,
      1.0,
      0.2,
      0.0,
      0.75,
      0.0,
      0.0,
      0.0,
      0.0,
      0.2,
      1.0,
      0.8,
      0.0,
      0.0,
      0.0,
      0.0,
      0.9655172413793104,
      0.8461538461538461,
      0.0,
      0.0,
      0.2,
      0.0,
      0.6,
      0.0,
      0.75,
      0.0,
      0.0,
      0.4,
      0.0,
      0.4,
      0.0,
      0.0,
      0.0,
      0.0,
      0.0,
      0.8666666666666667,
      0.7,
      0.0,
      0.375,
      0.2
   ]
}