{
   "epoch": 17,
   "batch_train_accuracies": [
      0.6171875,
      0.6953125,
      0.6171875,
      0.7109375,
      0.671875,
      0.65625,
      0.6015625,
      0.640625,
      0.6484375,
      0.59375,
      0.6875,
      0.609375,
      0.6875,
      0.640625,
      0.734375,
      0.640625,
      0.734375,
      0.734375,
      0.6328125,
      0.6875,
      0.6375
   ],
   "batch_train_losses": [
      1.6065783500671387,
      1.53273344039917,
      1.6228405237197876,
      1.5284175872802734,
      1.4793148040771484,
      1.5465182065963745,
      1.5552325248718262,
      1.469102144241333,
      1.5220997333526611,
      1.575351595878601,
      1.4076926708221436,
      1.5005238056182861,
      1.5617188215255737,
      1.4956374168395996,
      1.3990851640701294,
      1.5563759803771973,
      1.4177277088165283,
      1.4138835668563843,
      1.5733057260513306,
      1.4198099374771118,
      1.5288598537445068
   ],
   "batch_train_times": [],
   "val_accuracy": 0.4222972972972973,
   "val_loss": 2.2909468895680196,
   "val_accuracy_per_label": [
      0.7272727272727273,
      0.0,
      0.16666666666666666,
      0.0,
      0.0,
      1.0,
      0.0,
      0.8,
      0.0,
      0.0,
      0.0,
      0.0,
      0.0,
      0.0,
      0.6,
      0.0,
      0.0,
      0.0,
      0.2,
      0.6551724137931034,
      0.8076923076923077,
      0.0,
      0.0,
      0.4,
      0.0,
      0.3,
      0.0,
      0.95,
      0.0,
      0.0,
      0.0,
      0.0,
      0.0,
      0.0,
      0.0,
      0.0,
      0.0,
      0.0,
      0.6,
      0.4,
      0.0,
      0.75,
      0.0
   ]
}