{
   "epoch": 35,
   "batch_train_accuracies": [
      0.7890625,
      0.84375,
      0.8515625,
      0.8359375,
      0.828125,
      0.7890625,
      0.78125,
      0.796875,
      0.84375,
      0.8125,
      0.828125,
      0.8203125,
      0.796875,
      0.859375,
      0.84375,
      0.828125,
      0.8046875,
      0.796875,
      0.7890625,
      0.8125,
      0.85
   ],
   "batch_train_losses": [
      0.9723578691482544,
      1.0158085823059082,
      0.9701477289199829,
      0.9273184537887573,
      0.9636099338531494,
      1.070715069770813,
      1.1260100603103638,
      1.0035077333450317,
      1.0311970710754395,
      1.0670666694641113,
      0.9355239272117615,
      0.9398671984672546,
      1.0409293174743652,
      1.0463162660598755,
      0.9233006834983826,
      0.9792662262916565,
      1.0648136138916016,
      1.1571311950683594,
      1.038852334022522,
      1.0664656162261963,
      1.0405464172363281
   ],
   "batch_train_times": [],
   "val_accuracy": 0.5168918918918919,
   "val_loss": 1.9537878068717751,
   "val_accuracy_per_label": [
      0.7272727272727273,
      0.0,
      0.6666666666666666,
      0.0,
      1.0,
      1.0,
      0.0,
      0.85,
      0.0,
      0.0,
      0.0,
      0.0,
      0.0,
      0.6,
      0.8,
      0.0,
      0.0,
      0.0,
      0.0,
      0.8620689655172413,
      0.9615384615384616,
      0.0,
      0.4,
      0.6,
      0.0,
      0.3,
      0.0,
      0.7,
      0.0,
      0.25,
      0.0,
      0.6,
      0.4,
      0.0,
      0.0,
      0.0,
      0.0,
      0.0,
      0.6,
      0.7,
      0.0,
      0.5,
      0.2
   ]
}