{
   "epoch": 47,
   "batch_train_accuracies": [
      0.84375,
      0.8984375,
      0.8984375,
      0.9375,
      0.8125,
      0.8828125,
      0.84375,
      0.8203125,
      0.875,
      0.890625,
      0.9140625,
      0.8359375,
      0.84375,
      0.859375,
      0.84375,
      0.8515625,
      0.921875,
      0.875,
      0.8671875,
      0.859375,
      0.85
   ],
   "batch_train_losses": [
      0.8351366519927979,
      0.7308923602104187,
      0.8041154146194458,
      0.7392314076423645,
      0.9549461007118225,
      0.8340255618095398,
      0.8392749428749084,
      0.8956752419471741,
      0.8264389634132385,
      0.8354394435882568,
      0.7342936992645264,
      0.9346630573272705,
      0.927205502986908,
      0.8584335446357727,
      0.8728289008140564,
      0.8580297827720642,
      0.7929726839065552,
      0.8012814521789551,
      0.8550044298171997,
      0.8828973770141602,
      0.932287871837616
   ],
   "batch_train_times": [],
   "val_accuracy": 0.5202702702702703,
   "val_loss": 1.9400977057379645,
   "val_accuracy_per_label": [
      0.6363636363636364,
      0.0,
      0.3333333333333333,
      0.0,
      1.0,
      0.6,
      0.0,
      0.75,
      0.0,
      0.0,
      0.0,
      0.0,
      0.4,
      0.8,
      0.8,
      0.0,
      0.0,
      0.0,
      0.0,
      0.8620689655172413,
      1.0,
      0.4,
      0.6,
      0.2,
      0.0,
      0.6,
      0.0,
      0.8,
      0.0,
      0.25,
      0.0,
      0.0,
      0.4,
      0.0,
      0.0,
      0.0,
      0.0,
      0.0,
      0.6666666666666666,
      0.9,
      0.0,
      0.5,
      0.0
   ]
}