{
   "epoch": 11,
   "batch_train_accuracies": [
      0.6015625,
      0.5546875,
      0.5546875,
      0.59375,
      0.5390625,
      0.5625,
      0.578125,
      0.53125,
      0.484375,
      0.609375,
      0.5859375,
      0.609375,
      0.46875,
      0.640625,
      0.53125,
      0.453125,
      0.515625,
      0.546875,
      0.6171875,
      0.5859375,
      0.5125
   ],
   "batch_train_losses": [
      1.8072792291641235,
      1.9427889585494995,
      1.8539375066757202,
      1.8031625747680664,
      1.8333659172058105,
      1.7657890319824219,
      1.901052713394165,
      1.9378166198730469,
      1.8013042211532593,
      1.7265632152557373,
      1.786105751991272,
      1.775026798248291,
      2.0503077507019043,
      1.725883960723877,
      1.8850822448730469,
      2.0367350578308105,
      1.9040888547897339,
      1.8121942281723022,
      1.7803044319152832,
      1.773848056793213,
      1.9270559549331665
   ],
   "batch_train_times": [],
   "val_accuracy": 0.3716216216216216,
   "val_loss": 2.3506446464641675,
   "val_accuracy_per_label": [
      0.7272727272727273,
      0.0,
      0.0,
      0.0,
      0.2,
      1.0,
      0.0,
      1.0,
      0.0,
      0.0,
      0.0,
      0.0,
      0.0,
      0.2,
      0.0,
      0.0,
      0.0,
      0.0,
      0.0,
      0.8620689655172413,
      0.7307692307692307,
      0.0,
      0.0,
      0.2,
      0.0,
      0.1,
      0.0,
      0.55,
      0.0,
      0.0,
      0.0,
      0.0,
      0.0,
      0.0,
      0.0,
      0.0,
      0.0,
      0.0,
      0.26666666666666666,
      0.1,
      0.0,
      0.625,
      0.0
   ]
}