{
   "epoch": 15,
   "batch_train_accuracies": [
      0.6484375,
      0.53125,
      0.578125,
      0.6171875,
      0.5859375,
      0.640625,
      0.625,
      0.6484375,
      0.53125,
      0.625,
      0.6953125,
      0.6796875,
      0.640625,
      0.609375,
      0.625,
      0.5390625,
      0.640625,
      0.609375,
      0.734375,
      0.671875,
      0.675
   ],
   "batch_train_losses": [
      1.640364408493042,
      1.6865527629852295,
      1.7010090351104736,
      1.6233068704605103,
      1.6169615983963013,
      1.5701587200164795,
      1.6044670343399048,
      1.5941224098205566,
      1.790052890777588,
      1.6208775043487549,
      1.5203051567077637,
      1.5875991582870483,
      1.6389297246932983,
      1.5976464748382568,
      1.6406868696212769,
      1.7468103170394897,
      1.6209793090820312,
      1.622585654258728,
      1.443556547164917,
      1.613919734954834,
      1.4634417295455933
   ],
   "batch_train_times": [],
   "val_accuracy": 0.38513513513513514,
   "val_loss": 2.3369675133679366,
   "val_accuracy_per_label": [
      0.6818181818181818,
      0.0,
      0.0,
      0.0,
      0.2,
      0.4,
      0.0,
      0.9,
      0.0,
      0.0,
      0.0,
      0.0,
      0.0,
      0.0,
      0.2,
      0.0,
      0.0,
      0.0,
      0.0,
      0.8620689655172413,
      0.8461538461538461,
      0.0,
      0.0,
      0.4,
      0.0,
      0.4,
      0.0,
      0.65,
      0.0,
      0.0,
      0.0,
      0.0,
      0.0,
      0.0,
      0.0,
      0.0,
      0.0,
      0.0,
      0.13333333333333333,
      0.4,
      0.0,
      0.625,
      0.0
   ]
}