{
   "epoch": 30,
   "batch_train_accuracies": [
      0.8515625,
      0.8203125,
      0.796875,
      0.8046875,
      0.8125,
      0.78125,
      0.7890625,
      0.765625,
      0.75,
      0.75,
      0.859375,
      0.7890625,
      0.765625,
      0.78125,
      0.7734375,
      0.703125,
      0.859375,
      0.7734375,
      0.75,
      0.7890625,
      0.7875
   ],
   "batch_train_losses": [
      0.9944198727607727,
      1.1616663932800293,
      1.1460849046707153,
      1.0182404518127441,
      1.171413540840149,
      1.076796531677246,
      1.0679774284362793,
      1.157071590423584,
      1.1560101509094238,
      1.1372443437576294,
      1.013559341430664,
      1.074180006980896,
      1.1841663122177124,
      1.1635066270828247,
      1.123996615409851,
      1.2647697925567627,
      1.0079894065856934,
      1.1584227085113525,
      1.2039551734924316,
      1.2066028118133545,
      1.2000634670257568
   ],
   "batch_train_times": [],
   "val_accuracy": 0.4966216216216216,
   "val_loss": 2.0070933393529944,
   "val_accuracy_per_label": [
      0.6363636363636364,
      0.0,
      0.3333333333333333,
      0.0,
      1.0,
      0.2,
      0.0,
      0.8,
      0.0,
      0.0,
      0.0,
      0.0,
      0.4,
      0.8,
      0.6,
      0.0,
      0.0,
      0.0,
      0.0,
      0.9655172413793104,
      0.7307692307692307,
      0.0,
      0.0,
      0.2,
      0.0,
      0.6,
      0.0,
      0.95,
      0.0,
      0.25,
      0.0,
      0.0,
      0.4,
      0.0,
      0.0,
      0.0,
      0.0,
      0.0,
      0.8666666666666667,
      0.7,
      0.0,
      0.375,
      0.2
   ]
}