{
   "epoch": 42,
   "batch_train_accuracies": [
      0.875,
      0.8125,
      0.921875,
      0.8984375,
      0.84375,
      0.8671875,
      0.828125,
      0.8671875,
      0.875,
      0.84375,
      0.859375,
      0.8359375,
      0.828125,
      0.875,
      0.875,
      0.7578125,
      0.8671875,
      0.859375,
      0.8359375,
      0.75,
      0.85
   ],
   "batch_train_losses": [
      0.8770403265953064,
      0.9394077062606812,
      0.8545683026313782,
      0.8484088778495789,
      0.8665148019790649,
      0.8662488460540771,
      0.9706439971923828,
      0.808750569820404,
      0.8636376857757568,
      0.9285374283790588,
      0.8701685667037964,
      0.9864933490753174,
      0.9197720289230347,
      0.7828100919723511,
      0.9301395416259766,
      1.0329653024673462,
      0.8641870617866516,
      0.9147284030914307,
      0.9177470803260803,
      1.0666664838790894,
      0.8579703569412231
   ],
   "batch_train_times": [],
   "val_accuracy": 0.5506756756756757,
   "val_loss": 1.8669310679306854,
   "val_accuracy_per_label": [
      0.6363636363636364,
      0.0,
      0.5,
      0.0,
      0.8,
      1.0,
      0.0,
      0.85,
      0.0,
      0.2,
      0.0,
      0.0,
      0.4,
      0.8,
      0.8,
      0.0,
      0.0,
      0.0,
      0.0,
      1.0,
      0.9230769230769231,
      0.0,
      0.6,
      0.6,
      0.0,
      0.9,
      0.0,
      0.5,
      0.0,
      0.25,
      0.0,
      0.2,
      0.6,
      0.0,
      0.0,
      0.0,
      0.0,
      0.0,
      0.8666666666666667,
      0.8,
      0.0,
      0.5,
      0.2
   ]
}