{
   "epoch": 24,
   "batch_train_accuracies": [
      0.75,
      0.6328125,
      0.8203125,
      0.7421875,
      0.7578125,
      0.7265625,
      0.734375,
      0.71875,
      0.7734375,
      0.734375,
      0.6875,
      0.78125,
      0.7265625,
      0.734375,
      0.7578125,
      0.7734375,
      0.8046875,
      0.765625,
      0.6796875,
      0.71875,
      0.7625
   ],
   "batch_train_losses": [
      1.210749626159668,
      1.3854103088378906,
      1.2748231887817383,
      1.3022831678390503,
      1.3410760164260864,
      1.3617745637893677,
      1.2711354494094849,
      1.2828075885772705,
      1.1773760318756104,
      1.2967407703399658,
      1.3545173406600952,
      1.2284456491470337,
      1.338281273841858,
      1.3128550052642822,
      1.23272705078125,
      1.1708940267562866,
      1.136851191520691,
      1.3037481307983398,
      1.323225736618042,
      1.287292718887329,
      1.1546231508255005
   ],
   "batch_train_times": [],
   "val_accuracy": 0.5067567567567568,
   "val_loss": 2.025945814880165,
   "val_accuracy_per_label": [
      0.6818181818181818,
      0.0,
      0.16666666666666666,
      0.2,
      0.2,
      1.0,
      0.0,
      0.75,
      0.0,
      0.0,
      0.0,
      0.0,
      0.0,
      0.8,
      0.6,
      0.0,
      0.0,
      0.0,
      0.0,
      0.9310344827586207,
      0.8461538461538461,
      0.0,
      0.2,
      0.4,
      0.0,
      0.8,
      0.0,
      0.8,
      0.0,
      0.0,
      0.0,
      0.2,
      0.0,
      0.0,
      0.0,
      0.0,
      0.0,
      0.0,
      0.8666666666666667,
      0.9,
      0.0,
      0.625,
      0.2
   ]
}