{
   "epoch": 36,
   "batch_train_accuracies": [
      0.796875,
      0.8671875,
      0.84375,
      0.8203125,
      0.8125,
      0.8125,
      0.8359375,
      0.8046875,
      0.8671875,
      0.8046875,
      0.875,
      0.8046875,
      0.7734375,
      0.84375,
      0.8125,
      0.8515625,
      0.78125,
      0.7734375,
      0.8203125,
      0.7890625,
      0.8375
   ],
   "batch_train_losses": [
      1.0985277891159058,
      0.9574885368347168,
      1.0022982358932495,
      1.0657938718795776,
      1.0709995031356812,
      0.9481502771377563,
      0.9544955492019653,
      1.0367592573165894,
      0.8502156734466553,
      1.0089603662490845,
      0.9226322770118713,
      0.9976216554641724,
      1.0278375148773193,
      0.8960185647010803,
      1.0413615703582764,
      0.9615322351455688,
      1.0176397562026978,
      1.0365657806396484,
      1.0083625316619873,
      1.0283050537109375,
      0.9946429133415222
   ],
   "batch_train_times": [],
   "val_accuracy": 0.5,
   "val_loss": 2.0581892406618274,
   "val_accuracy_per_label": [
      0.7272727272727273,
      0.0,
      0.5,
      0.0,
      1.0,
      0.6,
      0.0,
      0.85,
      0.0,
      0.0,
      0.0,
      0.0,
      0.4,
      0.6,
      0.8,
      0.0,
      0.0,
      0.2,
      0.0,
      0.896551724137931,
      0.7692307692307693,
      0.0,
      0.8,
      0.4,
      0.0,
      0.8,
      0.0,
      0.4,
      0.0,
      0.25,
      0.2,
      0.0,
      0.6,
      0.0,
      0.0,
      0.0,
      0.0,
      0.0,
      0.6666666666666666,
      0.7,
      0.0,
      0.375,
      0.2
   ]
}