{
   "epoch": 26,
   "batch_train_accuracies": [
      0.734375,
      0.6640625,
      0.8046875,
      0.8203125,
      0.765625,
      0.75,
      0.796875,
      0.75,
      0.7734375,
      0.7578125,
      0.78125,
      0.7578125,
      0.75,
      0.75,
      0.7265625,
      0.7421875,
      0.765625,
      0.75,
      0.7421875,
      0.765625,
      0.825
   ],
   "batch_train_losses": [
      1.2922484874725342,
      1.3926734924316406,
      1.1094518899917603,
      1.256309986114502,
      1.2491216659545898,
      1.2912458181381226,
      1.1112391948699951,
      1.2772631645202637,
      1.202530860900879,
      1.1782747507095337,
      1.18596613407135,
      1.2321943044662476,
      1.1612694263458252,
      1.1887880563735962,
      1.3004165887832642,
      1.1703217029571533,
      1.2253282070159912,
      1.1784827709197998,
      1.1478782892227173,
      1.1941746473312378,
      1.127126693725586
   ],
   "batch_train_times": [],
   "val_accuracy": 0.4864864864864865,
   "val_loss": 2.0407552396928943,
   "val_accuracy_per_label": [
      0.7272727272727273,
      0.0,
      0.6666666666666666,
      0.0,
      1.0,
      0.2,
      0.0,
      0.8,
      0.0,
      0.0,
      0.0,
      0.0,
      0.2,
      0.6,
      0.4,
      0.0,
      0.0,
      0.0,
      0.0,
      0.9310344827586207,
      0.7692307692307693,
      0.0,
      0.0,
      0.4,
      0.0,
      0.5,
      0.0,
      0.8,
      0.0,
      0.25,
      0.0,
      0.0,
      0.2,
      0.0,
      0.0,
      0.0,
      0.0,
      0.0,
      0.9333333333333333,
      0.6,
      0.0,
      0.375,
      0.2
   ]
}