{
   "epoch": 46,
   "batch_train_accuracies": [
      0.609375,
      0.5625,
      0.625,
      0.484375,
      0.328125,
      0.5,
      0.609375,
      0.5625,
      0.515625,
      0.546875,
      0.546875,
      0.609375,
      0.515625,
      0.515625,
      0.453125,
      0.578125,
      0.59375,
      0.578125,
      0.5625,
      0.5625,
      0.6875,
      0.4375,
      0.46875,
      0.46875,
      0.703125,
      0.515625,
      0.484375,
      0.53125,
      0.484375,
      0.53125,
      0.453125,
      0.59375,
      0.484375,
      0.46875,
      0.46875,
      0.609375,
      0.5625,
      0.546875,
      0.53125,
      0.578125,
      0.59375,
      0.625
   ],
   "batch_train_losses": [
      2.158735990524292,
      2.229919672012329,
      2.0030624866485596,
      2.303968906402588,
      2.5443363189697266,
      2.2569894790649414,
      2.0634255409240723,
      2.2305984497070312,
      2.195607900619507,
      2.1541590690612793,
      2.2248013019561768,
      2.126342535018921,
      2.3122522830963135,
      2.283815383911133,
      2.323194742202759,
      2.228179454803467,
      2.321855068206787,
      2.205375909805298,
      2.1447999477386475,
      2.2297236919403076,
      2.0294649600982666,
      2.4689693450927734,
      2.2710304260253906,
      2.5358498096466064,
      2.081427574157715,
      2.348332643508911,
      2.2812225818634033,
      2.313987970352173,
      2.2704787254333496,
      2.261531352996826,
      2.345784902572632,
      2.059349775314331,
      2.26977801322937,
      2.299255132675171,
      2.3503222465515137,
      2.1784539222717285,
      2.2361631393432617,
      2.2350127696990967,
      2.258504629135132,
      2.2763776779174805,
      2.1708037853240967,
      2.283721685409546
   ],
   "batch_train_times": [],
   "val_accuracy": 0.28378378378378377,
   "val_loss": 2.8872920629140495,
   "val_accuracy_per_label": [
      0.5454545454545454,
      0.0,
      0.0,
      0.0,
      0.0,
      0.0,
      0.0,
      0.55,
      0.0,
      0.0,
      0.0,
      0.0,
      0.0,
      0.0,
      0.0,
      0.0,
      0.0,
      0.0,
      0.0,
      0.5862068965517241,
      1.0,
      0.0,
      0.0,
      0.0,
      0.0,
      0.0,
      0.0,
      0.05,
      0.0,
      0.0,
      0.0,
      0.0,
      0.0,
      0.0,
      0.0,
      0.0,
      0.0,
      0.0,
      0.7333333333333333,
      0.0,
      0.0,
      0.75,
      0.0
   ]
}