{
   "epoch": 48,
   "batch_train_accuracies": [
      0.578125,
      0.53125,
      0.5,
      0.546875,
      0.578125,
      0.46875,
      0.59375,
      0.46875,
      0.65625,
      0.578125,
      0.59375,
      0.625,
      0.578125,
      0.546875,
      0.546875,
      0.5,
      0.53125,
      0.46875,
      0.46875,
      0.546875,
      0.53125,
      0.46875,
      0.53125,
      0.515625,
      0.515625,
      0.609375,
      0.5,
      0.53125,
      0.359375,
      0.453125,
      0.625,
      0.53125,
      0.484375,
      0.546875,
      0.546875,
      0.546875,
      0.578125,
      0.5625,
      0.484375,
      0.484375,
      0.609375,
      0.5625
   ],
   "batch_train_losses": [
      2.2288920879364014,
      2.261823892593384,
      2.2910537719726562,
      2.282282829284668,
      2.2007646560668945,
      2.478074550628662,
      2.2539026737213135,
      2.3614652156829834,
      2.0697882175445557,
      2.275385856628418,
      2.188213348388672,
      2.155628204345703,
      2.1611251831054688,
      2.2998342514038086,
      2.279327630996704,
      2.351938247680664,
      2.159238576889038,
      2.428600788116455,
      2.355102062225342,
      2.2963452339172363,
      2.406782865524292,
      2.3522021770477295,
      2.291282892227173,
      2.361097812652588,
      2.288290023803711,
      2.131373167037964,
      2.4367895126342773,
      2.273005485534668,
      2.5967719554901123,
      2.4558515548706055,
      2.092022180557251,
      2.3490188121795654,
      2.346109390258789,
      2.381755828857422,
      2.182938814163208,
      2.287564516067505,
      2.242978572845459,
      2.2770330905914307,
      2.395829916000366,
      2.3540284633636475,
      2.2546510696411133,
      2.315027952194214
   ],
   "batch_train_times": [],
   "val_accuracy": 0.31756756756756754,
   "val_loss": 2.84405736665468,
   "val_accuracy_per_label": [
      0.5454545454545454,
      0.0,
      0.0,
      0.0,
      0.0,
      0.0,
      0.0,
      0.8,
      0.0,
      0.0,
      0.0,
      0.0,
      0.0,
      0.0,
      0.0,
      0.0,
      0.0,
      0.0,
      0.0,
      0.7241379310344828,
      1.0,
      0.0,
      0.0,
      0.6,
      0.0,
      0.0,
      0.0,
      0.3,
      0.0,
      0.0,
      0.0,
      0.0,
      0.0,
      0.0,
      0.0,
      0.0,
      0.0,
      0.0,
      0.0,
      0.5,
      0.0,
      0.625,
      0.0
   ]
}