{
   "epoch": 33,
   "batch_train_accuracies": [
      0.625,
      0.546875,
      0.515625,
      0.609375,
      0.625,
      0.640625,
      0.640625,
      0.578125,
      0.5625,
      0.546875,
      0.515625,
      0.5625,
      0.609375,
      0.5625,
      0.4375,
      0.625,
      0.53125,
      0.53125,
      0.609375,
      0.703125,
      0.46875,
      0.546875,
      0.671875,
      0.609375,
      0.578125,
      0.578125,
      0.53125,
      0.609375,
      0.6875,
      0.546875,
      0.53125,
      0.578125,
      0.5625,
      0.515625,
      0.5,
      0.609375,
      0.71875,
      0.53125,
      0.71875,
      0.5625,
      0.578125,
      0.5625
   ],
   "batch_train_losses": [
      1.6841059923171997,
      1.870269536972046,
      2.012939691543579,
      1.6584457159042358,
      1.68247389793396,
      1.7719147205352783,
      1.7284969091415405,
      1.9379396438598633,
      1.8451539278030396,
      1.8357055187225342,
      2.0143678188323975,
      2.055884599685669,
      1.7296653985977173,
      1.948326587677002,
      2.094777822494507,
      1.7944937944412231,
      1.943377137184143,
      1.8357212543487549,
      1.8599388599395752,
      1.6015138626098633,
      2.010272741317749,
      1.8727772235870361,
      1.735628366470337,
      1.9078694581985474,
      1.9479691982269287,
      1.982316017150879,
      1.9583970308303833,
      1.7958742380142212,
      1.6819839477539062,
      1.8706574440002441,
      2.0368964672088623,
      1.957497477531433,
      1.9065419435501099,
      1.9965406656265259,
      2.0586514472961426,
      1.7374227046966553,
      1.6624656915664673,
      1.9410240650177002,
      1.6627202033996582,
      1.778671145439148,
      1.8626176118850708,
      1.9851572513580322
   ],
   "batch_train_times": [],
   "val_accuracy": 0.40878378378378377,
   "val_loss": 2.5249244973466203,
   "val_accuracy_per_label": [
      1.0,
      0.0,
      0.0,
      0.0,
      0.0,
      0.2,
      0.0,
      0.7,
      0.0,
      0.0,
      0.0,
      0.0,
      0.0,
      0.0,
      0.0,
      0.0,
      0.0,
      0.0,
      0.0,
      0.9655172413793104,
      1.0,
      0.0,
      0.0,
      0.0,
      0.0,
      0.0,
      0.0,
      0.3,
      0.0,
      0.0,
      0.0,
      0.0,
      0.6,
      0.0,
      0.0,
      0.0,
      0.0,
      0.0,
      0.6666666666666666,
      0.7,
      0.0,
      0.5,
      0.0
   ]
}