{
   "epoch": 22,
   "batch_train_accuracies": [
      0.5625,
      0.59375,
      0.53125,
      0.671875,
      0.59375,
      0.578125,
      0.546875,
      0.65625,
      0.46875,
      0.5,
      0.609375,
      0.515625,
      0.6875,
      0.5,
      0.65625,
      0.6875,
      0.46875,
      0.5625,
      0.546875,
      0.515625,
      0.671875,
      0.515625,
      0.59375,
      0.609375,
      0.5625,
      0.640625,
      0.515625,
      0.59375,
      0.65625,
      0.515625,
      0.609375,
      0.65625,
      0.578125,
      0.578125,
      0.65625,
      0.703125,
      0.59375,
      0.59375,
      0.65625,
      0.59375,
      0.703125,
      0.3125
   ],
   "batch_train_losses": [
      1.7564209699630737,
      1.5758649110794067,
      1.6368708610534668,
      1.5237843990325928,
      1.8150763511657715,
      1.6995447874069214,
      1.7800300121307373,
      1.512503743171692,
      1.9784387350082397,
      1.854523777961731,
      1.6630945205688477,
      1.7262821197509766,
      1.556302785873413,
      1.800196886062622,
      1.6100322008132935,
      1.5033128261566162,
      1.8213523626327515,
      1.5824822187423706,
      1.7775566577911377,
      1.9816615581512451,
      1.616627812385559,
      1.6847503185272217,
      1.7866568565368652,
      1.6003177165985107,
      1.6940053701400757,
      1.479698896408081,
      1.7853074073791504,
      1.642778754234314,
      1.6460522413253784,
      1.7457774877548218,
      1.469196081161499,
      1.4699374437332153,
      1.6709110736846924,
      1.6476354598999023,
      1.5126008987426758,
      1.5366476774215698,
      1.7608966827392578,
      1.5467532873153687,
      1.5163325071334839,
      1.5790349245071411,
      1.4609100818634033,
      2.3850231170654297
   ],
   "batch_train_times": [],
   "val_accuracy": 0.3716216216216216,
   "val_loss": 2.387155603718113,
   "val_accuracy_per_label": [
      0.8636363636363636,
      0.0,
      0.16666666666666666,
      0.0,
      0.6,
      0.0,
      0.0,
      0.85,
      0.0,
      0.0,
      0.0,
      0.0,
      0.0,
      0.2,
      0.0,
      0.0,
      0.0,
      0.0,
      0.0,
      0.8620689655172413,
      1.0,
      0.0,
      0.0,
      0.0,
      0.0,
      0.0,
      0.0,
      0.05,
      0.0,
      0.0,
      0.0,
      0.0,
      0.0,
      0.0,
      0.0,
      0.0,
      0.0,
      0.0,
      0.6666666666666666,
      0.5,
      0.0,
      0.25,
      0.0
   ]
}