{
   "epoch": 8,
   "batch_train_accuracies": [
      0.53125,
      0.578125,
      0.609375,
      0.625,
      0.5625,
      0.46875,
      0.5625,
      0.4375,
      0.5,
      0.625,
      0.625,
      0.5625,
      0.53125,
      0.625,
      0.5625,
      0.515625,
      0.53125,
      0.546875,
      0.53125,
      0.71875,
      0.484375,
      0.65625,
      0.625,
      0.609375,
      0.609375,
      0.59375,
      0.421875,
      0.625,
      0.609375,
      0.578125,
      0.5625,
      0.46875,
      0.5,
      0.703125,
      0.59375,
      0.59375,
      0.625,
      0.5625,
      0.65625,
      0.625,
      0.53125,
      0.5
   ],
   "batch_train_losses": [
      1.669579029083252,
      1.756102204322815,
      1.6968276500701904,
      1.5506240129470825,
      1.6759841442108154,
      1.7712682485580444,
      1.5749006271362305,
      1.793635368347168,
      1.8287409543991089,
      1.495349645614624,
      1.5106407403945923,
      1.6214635372161865,
      1.6020466089248657,
      1.5257928371429443,
      1.7018773555755615,
      1.5442469120025635,
      1.5667225122451782,
      1.7058206796646118,
      1.5313676595687866,
      1.459840178489685,
      1.7765462398529053,
      1.4965333938598633,
      1.5842620134353638,
      1.672287940979004,
      1.7136000394821167,
      1.6472810506820679,
      1.8506180047988892,
      1.5517940521240234,
      1.612706184387207,
      1.657505989074707,
      1.6613168716430664,
      1.785326361656189,
      1.6854076385498047,
      1.282938003540039,
      1.506149411201477,
      1.4116541147232056,
      1.5107462406158447,
      1.5134239196777344,
      1.542759656906128,
      1.5344127416610718,
      1.5786099433898926,
      1.8128024339675903
   ],
   "batch_train_times": [],
   "val_accuracy": 0.36824324324324326,
   "val_loss": 2.261477637935329,
   "val_accuracy_per_label": [
      0.5,
      0.0,
      0.0,
      0.0,
      0.0,
      1.0,
      0.0,
      0.65,
      0.0,
      0.0,
      0.0,
      0.0,
      0.0,
      0.0,
      0.0,
      0.0,
      0.0,
      0.0,
      0.0,
      0.9655172413793104,
      1.0,
      0.0,
      0.0,
      0.0,
      0.0,
      0.0,
      0.0,
      0.3,
      0.0,
      0.0,
      0.0,
      0.0,
      0.8,
      0.0,
      0.0,
      0.0,
      0.0,
      0.0,
      0.4,
      0.2,
      0.0,
      1.0,
      0.0
   ]
}