{
   "epoch": 47,
   "batch_train_accuracies": [
      0.578125,
      0.515625,
      0.484375,
      0.515625,
      0.578125,
      0.625,
      0.484375,
      0.484375,
      0.5625,
      0.4375,
      0.609375,
      0.578125,
      0.609375,
      0.5625,
      0.65625,
      0.515625,
      0.578125,
      0.5,
      0.640625,
      0.453125,
      0.390625,
      0.546875,
      0.46875,
      0.484375,
      0.53125,
      0.53125,
      0.546875,
      0.4375,
      0.546875,
      0.609375,
      0.671875,
      0.46875,
      0.5,
      0.515625,
      0.5625,
      0.46875,
      0.515625,
      0.46875,
      0.484375,
      0.375,
      0.453125,
      0.6875
   ],
   "batch_train_losses": [
      2.19864559173584,
      2.310393810272217,
      2.396730661392212,
      2.317862033843994,
      2.305685043334961,
      2.161656141281128,
      2.4347972869873047,
      2.367016077041626,
      2.2393558025360107,
      2.4548609256744385,
      2.1619489192962646,
      2.2448742389678955,
      2.166246175765991,
      2.2316854000091553,
      2.0928850173950195,
      2.3746302127838135,
      2.252728223800659,
      2.4178428649902344,
      2.1268699169158936,
      2.4312145709991455,
      2.5336105823516846,
      2.264918088912964,
      2.478957176208496,
      2.3462929725646973,
      2.2202553749084473,
      2.2156906127929688,
      2.2378790378570557,
      2.4151413440704346,
      2.3182148933410645,
      2.0013267993927,
      2.087038993835449,
      2.350267171859741,
      2.396146535873413,
      2.311051845550537,
      2.3100297451019287,
      2.4930496215820312,
      2.486271381378174,
      2.3673646450042725,
      2.5319175720214844,
      2.5409224033355713,
      2.461975336074829,
      2.1198501586914062
   ],
   "batch_train_times": [],
   "val_accuracy": 0.2635135135135135,
   "val_loss": 3.102979627815453,
   "val_accuracy_per_label": [
      0.8181818181818182,
      0.0,
      0.0,
      0.0,
      0.0,
      0.0,
      0.0,
      0.55,
      0.0,
      0.0,
      0.0,
      0.0,
      0.0,
      0.0,
      0.0,
      0.0,
      0.0,
      0.0,
      0.0,
      0.9310344827586207,
      0.2692307692307692,
      0.0,
      0.0,
      0.0,
      0.0,
      0.0,
      0.0,
      0.0,
      0.0,
      0.0,
      0.0,
      0.0,
      0.0,
      0.0,
      0.0,
      0.0,
      0.0,
      0.0,
      0.4666666666666667,
      0.0,
      0.0,
      1.0,
      0.0
   ]
}