{
   "epoch": 12,
   "batch_train_accuracies": [
      0.609375,
      0.53125,
      0.484375,
      0.65625,
      0.578125,
      0.578125,
      0.625,
      0.734375,
      0.609375,
      0.625,
      0.640625,
      0.578125,
      0.5,
      0.515625,
      0.6875,
      0.5625,
      0.578125,
      0.59375,
      0.5625,
      0.625,
      0.5625,
      0.578125,
      0.46875,
      0.609375,
      0.578125,
      0.578125,
      0.546875,
      0.609375,
      0.609375,
      0.625,
      0.578125,
      0.515625,
      0.53125,
      0.609375,
      0.640625,
      0.609375,
      0.53125,
      0.53125,
      0.6875,
      0.609375,
      0.59375,
      0.75
   ],
   "batch_train_losses": [
      1.5958447456359863,
      1.821774959564209,
      1.8157668113708496,
      1.5025999546051025,
      1.50670325756073,
      1.638176441192627,
      1.568526029586792,
      1.3820968866348267,
      1.5431188344955444,
      1.4230895042419434,
      1.648867130279541,
      1.5685158967971802,
      1.7101083993911743,
      1.7088998556137085,
      1.3824633359909058,
      1.5458686351776123,
      1.5676305294036865,
      1.552733063697815,
      1.688416600227356,
      1.4923397302627563,
      1.5357155799865723,
      1.4148648977279663,
      1.762355923652649,
      1.5363354682922363,
      1.6865650415420532,
      1.5134556293487549,
      1.8216910362243652,
      1.5383039712905884,
      1.6872532367706299,
      1.5324673652648926,
      1.470088243484497,
      1.6953662633895874,
      1.72645902633667,
      1.5235352516174316,
      1.5508590936660767,
      1.5097663402557373,
      1.6070175170898438,
      1.6657606363296509,
      1.3766846656799316,
      1.4543976783752441,
      1.5347943305969238,
      1.3226228952407837
   ],
   "batch_train_times": [],
   "val_accuracy": 0.3918918918918919,
   "val_loss": 2.2948906035036654,
   "val_accuracy_per_label": [
      0.7727272727272727,
      0.0,
      0.0,
      0.0,
      0.4,
      1.0,
      0.0,
      0.55,
      0.0,
      0.0,
      0.0,
      0.0,
      0.0,
      0.0,
      0.0,
      0.0,
      0.0,
      0.0,
      0.0,
      0.9310344827586207,
      0.9230769230769231,
      0.0,
      0.0,
      0.2,
      0.0,
      0.0,
      0.0,
      0.65,
      0.0,
      0.0,
      0.0,
      0.8,
      0.6,
      0.0,
      0.0,
      0.0,
      0.0,
      0.2,
      0.2,
      0.0,
      0.0,
      0.625,
      0.0
   ]
}