{
   "epoch": 37,
   "batch_train_accuracies": [
      0.578125,
      0.59375,
      0.453125,
      0.578125,
      0.65625,
      0.625,
      0.53125,
      0.65625,
      0.5,
      0.546875,
      0.515625,
      0.671875,
      0.578125,
      0.625,
      0.578125,
      0.578125,
      0.703125,
      0.53125,
      0.625,
      0.53125,
      0.671875,
      0.671875,
      0.6875,
      0.53125,
      0.65625,
      0.421875,
      0.484375,
      0.578125,
      0.5625,
      0.53125,
      0.53125,
      0.546875,
      0.609375,
      0.65625,
      0.5625,
      0.546875,
      0.609375,
      0.453125,
      0.5625,
      0.59375,
      0.515625,
      0.6875
   ],
   "batch_train_losses": [
      1.9233193397521973,
      1.8607239723205566,
      2.0127389430999756,
      2.0269508361816406,
      1.8457863330841064,
      1.8515021800994873,
      2.0226492881774902,
      1.8557929992675781,
      2.1536078453063965,
      2.13993763923645,
      2.093068838119507,
      1.686440110206604,
      1.934511661529541,
      1.8761566877365112,
      1.8814082145690918,
      1.911760926246643,
      1.7939399480819702,
      2.0080723762512207,
      1.9114779233932495,
      1.9696083068847656,
      1.7697471380233765,
      1.8057942390441895,
      1.7671817541122437,
      1.9629486799240112,
      1.7976363897323608,
      2.114384889602661,
      2.1266019344329834,
      1.9490307569503784,
      1.948531985282898,
      2.148775577545166,
      2.0390398502349854,
      2.1398088932037354,
      1.9548503160476685,
      1.8707756996154785,
      2.177902936935425,
      2.136568784713745,
      1.9219478368759155,
      2.034580707550049,
      1.884666919708252,
      1.8450289964675903,
      2.0417985916137695,
      1.8975685834884644
   ],
   "batch_train_times": [],
   "val_accuracy": 0.3614864864864865,
   "val_loss": 2.573960201160328,
   "val_accuracy_per_label": [
      0.5454545454545454,
      0.0,
      0.0,
      0.0,
      0.8,
      0.0,
      0.0,
      0.65,
      0.0,
      0.0,
      0.0,
      0.0,
      0.0,
      0.0,
      0.0,
      0.0,
      0.0,
      0.0,
      0.0,
      0.8620689655172413,
      0.6153846153846154,
      0.0,
      0.0,
      0.0,
      0.0,
      0.0,
      0.0,
      1.0,
      0.0,
      0.0,
      0.0,
      0.0,
      0.0,
      0.0,
      0.0,
      0.0,
      0.0,
      0.0,
      0.4666666666666667,
      0.4,
      0.0,
      0.75,
      0.0
   ]
}