{
   "epoch": 39,
   "batch_train_accuracies": [
      0.5625,
      0.515625,
      0.671875,
      0.5625,
      0.5625,
      0.515625,
      0.578125,
      0.5,
      0.515625,
      0.609375,
      0.640625,
      0.53125,
      0.609375,
      0.546875,
      0.484375,
      0.53125,
      0.65625,
      0.4375,
      0.453125,
      0.734375,
      0.53125,
      0.5625,
      0.5,
      0.53125,
      0.640625,
      0.625,
      0.53125,
      0.484375,
      0.609375,
      0.5625,
      0.5625,
      0.59375,
      0.65625,
      0.578125,
      0.515625,
      0.65625,
      0.46875,
      0.546875,
      0.453125,
      0.640625,
      0.59375,
      0.375
   ],
   "batch_train_losses": [
      1.9745988845825195,
      2.0934338569641113,
      1.9517097473144531,
      2.2346246242523193,
      2.0606536865234375,
      2.0110161304473877,
      1.9753528833389282,
      2.2387442588806152,
      2.273442506790161,
      2.049546957015991,
      1.970956563949585,
      2.150761127471924,
      2.0860049724578857,
      2.1081490516662598,
      2.0958731174468994,
      2.032233953475952,
      1.8227912187576294,
      2.290208578109741,
      2.1528148651123047,
      1.7950851917266846,
      1.9449820518493652,
      1.9576926231384277,
      2.105069637298584,
      2.059940814971924,
      1.9962289333343506,
      1.9712151288986206,
      2.0416982173919678,
      2.2208921909332275,
      1.9534931182861328,
      2.009631395339966,
      1.9652093648910522,
      1.9695466756820679,
      1.9473614692687988,
      2.1663763523101807,
      2.2133030891418457,
      1.9660985469818115,
      2.211244821548462,
      2.0725841522216797,
      2.3099143505096436,
      1.8560365438461304,
      1.8617991209030151,
      2.568152666091919
   ],
   "batch_train_times": [],
   "val_accuracy": 0.32094594594594594,
   "val_loss": 2.7603416829495817,
   "val_accuracy_per_label": [
      0.5,
      0.0,
      0.0,
      0.0,
      0.0,
      0.0,
      0.0,
      0.8,
      0.0,
      0.0,
      0.0,
      0.0,
      0.0,
      0.0,
      0.0,
      0.0,
      0.0,
      0.0,
      0.0,
      0.7931034482758621,
      0.9615384615384616,
      0.0,
      0.0,
      0.0,
      0.0,
      0.0,
      0.0,
      0.1,
      0.0,
      0.0,
      0.0,
      0.0,
      0.0,
      0.0,
      0.0,
      0.0,
      0.0,
      0.0,
      0.8666666666666667,
      0.0,
      0.0,
      0.625,
      0.0
   ]
}