{
   "epoch": 25,
   "batch_train_accuracies": [
      0.59375,
      0.515625,
      0.515625,
      0.703125,
      0.578125,
      0.671875,
      0.484375,
      0.578125,
      0.484375,
      0.546875,
      0.515625,
      0.5625,
      0.65625,
      0.53125,
      0.6875,
      0.53125,
      0.59375,
      0.625,
      0.640625,
      0.671875,
      0.59375,
      0.65625,
      0.625,
      0.59375,
      0.640625,
      0.65625,
      0.484375,
      0.625,
      0.6875,
      0.59375,
      0.578125,
      0.640625,
      0.625,
      0.71875,
      0.59375,
      0.546875,
      0.640625,
      0.609375,
      0.703125,
      0.65625,
      0.609375,
      0.5
   ],
   "batch_train_losses": [
      1.711359977722168,
      1.7130255699157715,
      1.9177289009094238,
      1.669750690460205,
      1.6901823282241821,
      1.6128849983215332,
      1.86916983127594,
      1.6957696676254272,
      1.9846237897872925,
      1.7761977910995483,
      1.7661494016647339,
      1.749372959136963,
      1.5771262645721436,
      1.7355756759643555,
      1.6022355556488037,
      1.8891013860702515,
      1.793695330619812,
      1.6705290079116821,
      1.7153699398040771,
      1.5484464168548584,
      1.712040901184082,
      1.5595512390136719,
      1.76334810256958,
      1.7533528804779053,
      1.6686933040618896,
      1.5019575357437134,
      1.905554175376892,
      1.7642796039581299,
      1.5659433603286743,
      1.6514588594436646,
      1.8127669095993042,
      1.5768340826034546,
      1.7767369747161865,
      1.4365938901901245,
      1.7043826580047607,
      1.8024401664733887,
      1.578681468963623,
      1.7577005624771118,
      1.6699092388153076,
      1.4768732786178589,
      1.5895233154296875,
      1.8414958715438843
   ],
   "batch_train_times": [],
   "val_accuracy": 0.4222972972972973,
   "val_loss": 2.440674350068376,
   "val_accuracy_per_label": [
      0.7272727272727273,
      0.0,
      0.0,
      0.0,
      1.0,
      0.0,
      0.0,
      1.0,
      0.0,
      1.0,
      0.0,
      0.0,
      0.0,
      0.2,
      0.0,
      0.0,
      0.0,
      0.0,
      0.0,
      0.8620689655172413,
      0.5,
      0.0,
      0.0,
      0.0,
      0.0,
      0.2,
      0.0,
      0.8,
      0.0,
      0.0,
      0.0,
      0.0,
      0.8,
      0.0,
      0.0,
      0.0,
      0.0,
      0.0,
      0.2,
      1.0,
      0.0,
      0.625,
      0.0
   ]
}