{
   "epoch": 45,
   "batch_train_accuracies": [
      0.421875,
      0.515625,
      0.609375,
      0.5,
      0.515625,
      0.578125,
      0.671875,
      0.625,
      0.703125,
      0.546875,
      0.546875,
      0.53125,
      0.5,
      0.5,
      0.609375,
      0.59375,
      0.578125,
      0.625,
      0.53125,
      0.4375,
      0.515625,
      0.59375,
      0.515625,
      0.546875,
      0.546875,
      0.546875,
      0.609375,
      0.515625,
      0.609375,
      0.53125,
      0.515625,
      0.671875,
      0.546875,
      0.53125,
      0.546875,
      0.53125,
      0.59375,
      0.53125,
      0.5625,
      0.59375,
      0.46875,
      0.6875
   ],
   "batch_train_losses": [
      2.4410736560821533,
      2.220759630203247,
      2.0975077152252197,
      2.255117654800415,
      2.3116977214813232,
      2.1798744201660156,
      1.9693551063537598,
      1.9911946058273315,
      1.9557942152023315,
      2.1654205322265625,
      2.246466636657715,
      2.2122626304626465,
      2.3402366638183594,
      2.3345205783843994,
      2.07169246673584,
      2.27091121673584,
      2.195335865020752,
      2.0490996837615967,
      2.2523372173309326,
      2.3627758026123047,
      2.2449593544006348,
      2.146486520767212,
      2.2600347995758057,
      2.232343912124634,
      2.1271729469299316,
      2.3409056663513184,
      2.1449921131134033,
      2.2910385131835938,
      2.0714688301086426,
      2.220189094543457,
      2.2386491298675537,
      1.9283009767532349,
      2.1943249702453613,
      2.2095742225646973,
      2.144745349884033,
      2.2600889205932617,
      2.0933163166046143,
      2.215681552886963,
      2.137101650238037,
      2.0022480487823486,
      2.259772539138794,
      1.9134624004364014
   ],
   "batch_train_times": [],
   "val_accuracy": 0.36486486486486486,
   "val_loss": 2.8272772286389327,
   "val_accuracy_per_label": [
      0.5,
      0.0,
      0.0,
      0.0,
      0.0,
      0.0,
      0.0,
      0.75,
      0.0,
      0.0,
      0.0,
      0.0,
      0.0,
      0.0,
      0.0,
      0.0,
      0.0,
      0.0,
      0.0,
      0.9655172413793104,
      0.6538461538461539,
      0.0,
      0.0,
      0.0,
      0.0,
      0.0,
      0.0,
      0.8,
      0.0,
      0.0,
      0.0,
      0.0,
      0.0,
      0.0,
      0.0,
      0.0,
      0.0,
      0.0,
      0.9333333333333333,
      0.0,
      0.0,
      0.875,
      0.0
   ]
}