{
   "epoch": 4,
   "batch_train_accuracies": [
      0.5625,
      0.484375,
      0.609375,
      0.390625,
      0.484375,
      0.546875,
      0.453125,
      0.5,
      0.578125,
      0.4375,
      0.4375,
      0.515625,
      0.546875,
      0.515625,
      0.546875,
      0.484375,
      0.5,
      0.421875,
      0.546875,
      0.5,
      0.28125,
      0.515625,
      0.5,
      0.53125,
      0.625,
      0.578125,
      0.5625,
      0.390625,
      0.484375,
      0.546875,
      0.59375,
      0.390625,
      0.40625,
      0.546875,
      0.4375,
      0.46875,
      0.5625,
      0.484375,
      0.578125,
      0.375,
      0.46875,
      0.3125
   ],
   "batch_train_losses": [
      1.691810131072998,
      2.056393623352051,
      1.7186508178710938,
      2.006093740463257,
      1.93959641456604,
      1.8881256580352783,
      1.9533392190933228,
      1.7601944208145142,
      1.6983165740966797,
      2.047837972640991,
      1.8575721979141235,
      1.9082586765289307,
      1.8602346181869507,
      1.7944719791412354,
      1.863256812095642,
      1.848423957824707,
      2.0136473178863525,
      2.0910565853118896,
      1.739880084991455,
      1.7539479732513428,
      2.1972334384918213,
      1.8394221067428589,
      1.902587652206421,
      1.9362692832946777,
      1.4313441514968872,
      1.782483696937561,
      1.6839052438735962,
      1.9816138744354248,
      1.8737833499908447,
      1.7800068855285645,
      1.7201660871505737,
      2.0619521141052246,
      1.9848371744155884,
      1.736348271369934,
      1.9677441120147705,
      2.077505350112915,
      1.6895525455474854,
      1.8855136632919312,
      1.7872672080993652,
      1.9198815822601318,
      1.830305576324463,
      2.1014699935913086
   ],
   "batch_train_times": [],
   "val_accuracy": 0.28716216216216217,
   "val_loss": 2.563394262983992,
   "val_accuracy_per_label": [
      0.5,
      0.0,
      0.0,
      0.0,
      0.0,
      0.0,
      0.0,
      0.8,
      0.0,
      0.0,
      0.0,
      0.0,
      0.0,
      0.0,
      0.0,
      0.0,
      0.0,
      0.0,
      0.0,
      0.6551724137931034,
      0.6538461538461539,
      0.0,
      0.0,
      0.0,
      0.0,
      0.0,
      0.0,
      0.15,
      0.0,
      0.0,
      0.0,
      0.0,
      0.0,
      0.0,
      0.0,
      0.0,
      0.0,
      0.0,
      0.6,
      0.2,
      0.0,
      1.0,
      0.0
   ]
}