{
   "epoch": 42,
   "batch_train_accuracies": [
      0.453125,
      0.53125,
      0.515625,
      0.53125,
      0.5625,
      0.609375,
      0.484375,
      0.5625,
      0.625,
      0.46875,
      0.625,
      0.515625,
      0.515625,
      0.546875,
      0.640625,
      0.484375,
      0.421875,
      0.578125,
      0.515625,
      0.578125,
      0.5625,
      0.625,
      0.59375,
      0.640625,
      0.53125,
      0.53125,
      0.609375,
      0.578125,
      0.515625,
      0.515625,
      0.53125,
      0.71875,
      0.640625,
      0.609375,
      0.546875,
      0.5625,
      0.453125,
      0.515625,
      0.671875,
      0.609375,
      0.640625,
      0.375
   ],
   "batch_train_losses": [
      2.264906883239746,
      2.178178071975708,
      2.3426594734191895,
      2.157277822494507,
      2.089639902114868,
      2.104793071746826,
      2.349027633666992,
      2.1784913539886475,
      2.033036470413208,
      2.2293810844421387,
      1.9661110639572144,
      2.160877227783203,
      2.1965065002441406,
      2.1092991828918457,
      2.066556453704834,
      2.4484188556671143,
      2.2609691619873047,
      2.1373329162597656,
      2.232435941696167,
      2.078521490097046,
      2.0691895484924316,
      2.0357136726379395,
      2.0781707763671875,
      2.0061049461364746,
      2.177482843399048,
      2.12683367729187,
      1.9834743738174438,
      2.140191078186035,
      2.1922948360443115,
      2.3167614936828613,
      2.215407371520996,
      1.8651777505874634,
      1.980576515197754,
      1.9477931261062622,
      2.1562952995300293,
      2.0325393676757812,
      2.19771671295166,
      2.2460694313049316,
      1.791081428527832,
      1.9113264083862305,
      1.869557499885559,
      2.2769038677215576
   ],
   "batch_train_times": [],
   "val_accuracy": 0.32094594594594594,
   "val_loss": 2.9443341848012565,
   "val_accuracy_per_label": [
      0.7727272727272727,
      0.0,
      0.0,
      0.0,
      0.0,
      0.0,
      0.0,
      0.9,
      0.0,
      0.0,
      0.0,
      0.0,
      0.0,
      0.6,
      0.0,
      0.0,
      0.0,
      0.0,
      0.0,
      0.9310344827586207,
      0.5,
      0.0,
      0.0,
      0.0,
      0.0,
      0.0,
      0.0,
      0.1,
      0.0,
      0.0,
      0.0,
      0.0,
      0.0,
      0.0,
      0.0,
      0.0,
      0.0,
      0.0,
      0.6,
      0.5,
      0.0,
      0.125,
      0.0
   ]
}