{
   "epoch": 2,
   "batch_train_accuracies": [
      0.484375,
      0.4375,
      0.375,
      0.453125,
      0.375,
      0.5,
      0.40625,
      0.484375,
      0.40625,
      0.515625,
      0.359375,
      0.546875,
      0.484375,
      0.421875,
      0.328125,
      0.28125,
      0.375,
      0.484375,
      0.4375,
      0.390625,
      0.46875,
      0.515625,
      0.453125,
      0.46875,
      0.296875,
      0.453125,
      0.328125,
      0.4375,
      0.328125,
      0.46875,
      0.453125,
      0.390625,
      0.375,
      0.421875,
      0.34375,
      0.484375,
      0.453125,
      0.484375,
      0.421875,
      0.515625,
      0.375,
      0.625
   ],
   "batch_train_losses": [
      2.409968614578247,
      2.405012607574463,
      2.497218132019043,
      2.369173765182495,
      2.4864604473114014,
      2.37782883644104,
      2.4786622524261475,
      2.2296535968780518,
      2.361039638519287,
      2.121584415435791,
      2.3685755729675293,
      2.1940433979034424,
      2.411545753479004,
      2.5088508129119873,
      2.554828405380249,
      2.575826406478882,
      2.410817861557007,
      2.212207317352295,
      2.321650981903076,
      2.4219040870666504,
      2.3338589668273926,
      2.20076847076416,
      2.19909930229187,
      2.201756715774536,
      2.6998367309570312,
      2.2174782752990723,
      2.33845853805542,
      2.136019468307495,
      2.45771861076355,
      2.134028196334839,
      2.159342050552368,
      2.3560242652893066,
      2.3409368991851807,
      2.19498348236084,
      2.3660941123962402,
      2.231041669845581,
      2.072176456451416,
      2.072658061981201,
      2.2574360370635986,
      2.0108227729797363,
      2.239189863204956,
      1.9621459245681763
   ],
   "batch_train_times": [],
   "val_accuracy": 0.2939189189189189,
   "val_loss": 2.557663041192132,
   "val_accuracy_per_label": [
      0.7272727272727273,
      0.0,
      0.0,
      0.0,
      0.0,
      0.2,
      0.0,
      0.75,
      0.0,
      0.0,
      0.0,
      0.0,
      0.0,
      0.6,
      0.0,
      0.0,
      0.0,
      0.0,
      0.8,
      1.0,
      0.5769230769230769,
      0.0,
      0.0,
      0.0,
      0.0,
      0.0,
      0.0,
      0.05,
      0.0,
      0.0,
      0.0,
      0.0,
      0.0,
      0.0,
      0.0,
      0.0,
      0.0,
      0.0,
      0.06666666666666667,
      0.2,
      0.0,
      0.0,
      0.0
   ]
}