{
   "epoch": 18,
   "batch_train_accuracies": [
      0.71875,
      0.578125,
      0.546875,
      0.625,
      0.546875,
      0.609375,
      0.609375,
      0.546875,
      0.609375,
      0.6875,
      0.578125,
      0.640625,
      0.640625,
      0.65625,
      0.546875,
      0.703125,
      0.65625,
      0.703125,
      0.640625,
      0.625,
      0.78125,
      0.65625,
      0.515625,
      0.65625,
      0.625,
      0.59375,
      0.671875,
      0.546875,
      0.578125,
      0.5625,
      0.59375,
      0.703125,
      0.609375,
      0.484375,
      0.546875,
      0.671875,
      0.546875,
      0.6875,
      0.59375,
      0.5625,
      0.546875,
      0.5625
   ],
   "batch_train_losses": [
      1.3304694890975952,
      1.4839249849319458,
      1.6553137302398682,
      1.5111695528030396,
      1.570327639579773,
      1.5786457061767578,
      1.4950165748596191,
      1.5657882690429688,
      1.6045728921890259,
      1.3283573389053345,
      1.5297287702560425,
      1.4581193923950195,
      1.4823005199432373,
      1.4189220666885376,
      1.6402798891067505,
      1.3846179246902466,
      1.381060242652893,
      1.4666084051132202,
      1.41995108127594,
      1.5370056629180908,
      1.1882351636886597,
      1.5458284616470337,
      1.7282280921936035,
      1.5838006734848022,
      1.4699695110321045,
      1.5165752172470093,
      1.4289792776107788,
      1.6039025783538818,
      1.5494109392166138,
      1.569419026374817,
      1.5917494297027588,
      1.311213731765747,
      1.6403074264526367,
      1.713999629020691,
      1.7504483461380005,
      1.4534885883331299,
      1.5340420007705688,
      1.279485821723938,
      1.685459852218628,
      1.6624432802200317,
      1.6456516981124878,
      1.8311938047409058
   ],
   "batch_train_times": [],
   "val_accuracy": 0.4222972972972973,
   "val_loss": 2.134317546277433,
   "val_accuracy_per_label": [
      0.8636363636363636,
      0.0,
      0.0,
      0.0,
      0.0,
      0.0,
      0.0,
      0.75,
      0.0,
      0.2,
      0.0,
      0.0,
      0.0,
      0.0,
      0.0,
      0.0,
      0.0,
      0.0,
      0.0,
      0.9655172413793104,
      0.8076923076923077,
      0.0,
      0.0,
      0.8,
      0.0,
      0.0,
      0.0,
      0.6,
      0.0,
      0.0,
      0.4,
      1.0,
      0.6,
      0.0,
      0.0,
      0.0,
      0.0,
      0.0,
      0.26666666666666666,
      0.6,
      0.0,
      0.625,
      0.0
   ]
}