{
   "epoch": 6,
   "batch_train_accuracies": [
      0.578125,
      0.390625,
      0.515625,
      0.390625,
      0.5625,
      0.5625,
      0.625,
      0.71875,
      0.46875,
      0.53125,
      0.5625,
      0.390625,
      0.5625,
      0.578125,
      0.640625,
      0.53125,
      0.46875,
      0.546875,
      0.453125,
      0.4375,
      0.53125,
      0.578125,
      0.609375,
      0.5,
      0.578125,
      0.625,
      0.53125,
      0.59375,
      0.546875,
      0.53125,
      0.5,
      0.515625,
      0.578125,
      0.53125,
      0.5625,
      0.53125,
      0.5625,
      0.5,
      0.515625,
      0.59375,
      0.515625,
      0.5625
   ],
   "batch_train_losses": [
      1.6766104698181152,
      2.083855152130127,
      1.7311736345291138,
      1.946536898612976,
      1.6403242349624634,
      1.6110813617706299,
      1.5989292860031128,
      1.3870936632156372,
      1.8573205471038818,
      1.731270432472229,
      1.5680897235870361,
      1.9383265972137451,
      1.6332571506500244,
      1.6171132326126099,
      1.5703508853912354,
      1.8718827962875366,
      1.9666969776153564,
      1.7361704111099243,
      1.8927161693572998,
      1.8091015815734863,
      1.9287248849868774,
      1.5916266441345215,
      1.4782284498214722,
      1.698587417602539,
      1.5978672504425049,
      1.5326306819915771,
      1.685633659362793,
      1.546674132347107,
      1.5605673789978027,
      1.836484670639038,
      1.8489528894424438,
      1.8263070583343506,
      1.5738153457641602,
      1.7687437534332275,
      1.6679363250732422,
      1.5953137874603271,
      1.6531970500946045,
      1.585050106048584,
      1.717475414276123,
      1.646876335144043,
      1.6887755393981934,
      1.9721487760543823
   ],
   "batch_train_times": [],
   "val_accuracy": 0.36486486486486486,
   "val_loss": 2.375988161241686,
   "val_accuracy_per_label": [
      0.5909090909090909,
      0.0,
      0.0,
      0.0,
      0.0,
      0.6,
      0.0,
      0.5,
      0.0,
      0.0,
      0.0,
      0.0,
      0.0,
      0.0,
      0.0,
      0.0,
      0.0,
      0.0,
      0.0,
      1.0,
      0.8846153846153846,
      0.0,
      0.0,
      0.8,
      0.0,
      0.0,
      0.0,
      0.05,
      0.0,
      0.0,
      0.0,
      0.0,
      0.0,
      0.0,
      0.0,
      0.0,
      0.0,
      0.0,
      0.9333333333333333,
      0.4,
      0.0,
      0.875,
      0.0
   ]
}