{
   "epoch": 15,
   "batch_train_accuracies": [
      0.53125,
      0.578125,
      0.5625,
      0.53125,
      0.46875,
      0.546875,
      0.609375,
      0.5625,
      0.5,
      0.4375,
      0.59375,
      0.609375,
      0.578125,
      0.625,
      0.546875,
      0.640625,
      0.515625,
      0.5,
      0.59375,
      0.578125,
      0.703125,
      0.515625,
      0.578125,
      0.484375,
      0.53125,
      0.59375,
      0.46875,
      0.53125,
      0.6875,
      0.75,
      0.609375,
      0.640625,
      0.53125,
      0.46875,
      0.625,
      0.484375,
      0.640625,
      0.59375,
      0.625,
      0.4375,
      0.578125,
      0.625
   ],
   "batch_train_losses": [
      1.7484391927719116,
      1.7905892133712769,
      1.7280248403549194,
      1.8398799896240234,
      1.6916840076446533,
      1.7382452487945557,
      1.5743178129196167,
      1.7151029109954834,
      1.821332573890686,
      1.9866840839385986,
      1.4514095783233643,
      1.5426384210586548,
      1.7165753841400146,
      1.5665191411972046,
      1.6707795858383179,
      1.6414989233016968,
      1.6767330169677734,
      1.8182117938995361,
      1.7117688655853271,
      1.5626558065414429,
      1.338708758354187,
      1.8091967105865479,
      1.611534833908081,
      1.8977361917495728,
      1.8784011602401733,
      1.639068841934204,
      1.7484898567199707,
      1.757018804550171,
      1.6250227689743042,
      1.4419066905975342,
      1.6881976127624512,
      1.5156015157699585,
      1.5250482559204102,
      1.7373603582382202,
      1.6472312211990356,
      1.8701622486114502,
      1.4989492893218994,
      1.5771918296813965,
      1.6480872631072998,
      1.7665396928787231,
      1.7314497232437134,
      1.7204718589782715
   ],
   "batch_train_times": [],
   "val_accuracy": 0.39864864864864863,
   "val_loss": 2.1012712362650277,
   "val_accuracy_per_label": [
      0.9090909090909091,
      0.0,
      0.0,
      0.0,
      0.8,
      0.4,
      0.0,
      0.75,
      0.0,
      0.0,
      0.0,
      0.0,
      0.0,
      0.0,
      0.0,
      0.0,
      0.0,
      0.0,
      0.0,
      0.6896551724137931,
      0.7692307692307693,
      0.0,
      0.0,
      0.6,
      0.0,
      0.0,
      0.0,
      0.85,
      0.0,
      0.0,
      0.0,
      0.0,
      0.0,
      0.0,
      0.0,
      0.0,
      0.0,
      0.0,
      0.4666666666666667,
      0.4,
      0.0,
      0.75,
      0.0
   ]
}