{
   "epoch": 10,
   "batch_train_accuracies": [
      0.578125,
      0.5,
      0.515625,
      0.5,
      0.46875,
      0.578125,
      0.5625,
      0.375,
      0.59375,
      0.5625,
      0.53125,
      0.578125,
      0.4375,
      0.5,
      0.5,
      0.484375,
      0.625,
      0.453125,
      0.484375,
      0.453125,
      0.515625,
      0.546875,
      0.421875,
      0.3125,
      0.421875,
      0.578125,
      0.5625,
      0.5625,
      0.546875,
      0.4375,
      0.4375,
      0.484375,
      0.5625,
      0.609375,
      0.53125,
      0.375,
      0.46875,
      0.484375,
      0.46875,
      0.515625,
      0.546875,
      0.5625
   ],
   "batch_train_losses": [
      1.9337148666381836,
      1.9883339405059814,
      1.9712531566619873,
      2.027416229248047,
      2.111401319503784,
      1.7754777669906616,
      1.9277127981185913,
      2.191258192062378,
      1.8490581512451172,
      2.08499813079834,
      2.0040743350982666,
      1.8562216758728027,
      2.040288209915161,
      1.9959138631820679,
      2.0748448371887207,
      1.9325025081634521,
      1.8057459592819214,
      2.0137534141540527,
      1.9562532901763916,
      2.039834499359131,
      1.9433836936950684,
      1.9641294479370117,
      2.0080008506774902,
      2.386618137359619,
      2.0869176387786865,
      1.8789081573486328,
      1.8756943941116333,
      1.8665181398391724,
      1.7994917631149292,
      2.063209056854248,
      2.0029618740081787,
      2.0418405532836914,
      1.8685691356658936,
      1.7002849578857422,
      1.9903066158294678,
      2.2066094875335693,
      1.9455931186676025,
      1.9264401197433472,
      2.018730401992798,
      1.8834149837493896,
      1.9774045944213867,
      1.9656063318252563
   ],
   "batch_train_times": [],
   "val_accuracy": 0.38175675675675674,
   "val_loss": 2.386152254568564,
   "val_accuracy_per_label": [
      0.7272727272727273,
      0.0,
      0.0,
      0.0,
      0.2,
      0.2,
      0.0,
      0.95,
      0.0,
      0.4,
      0.0,
      0.0,
      0.2,
      0.2,
      0.0,
      0.0,
      0.0,
      0.0,
      0.0,
      0.7586206896551724,
      0.6153846153846154,
      0.0,
      0.0,
      0.8,
      0.0,
      0.0,
      0.0,
      0.8,
      0.0,
      0.0,
      0.0,
      0.0,
      0.0,
      0.0,
      0.0,
      0.0,
      0.0,
      0.0,
      0.4,
      0.5,
      0.0,
      0.375,
      0.0
   ]
}