{
   "epoch": 33,
   "batch_train_accuracies": [
      0.71875,
      0.71875,
      0.71875,
      0.796875,
      0.765625,
      0.75,
      0.6875,
      0.796875,
      0.6875,
      0.71875,
      0.734375,
      0.75,
      0.640625,
      0.71875,
      0.765625,
      0.703125,
      0.6875,
      0.703125,
      0.65625,
      0.640625,
      0.890625,
      0.6875,
      0.75,
      0.75,
      0.796875,
      0.703125,
      0.71875,
      0.65625,
      0.75,
      0.71875,
      0.671875,
      0.703125,
      0.640625,
      0.71875,
      0.6875,
      0.75,
      0.765625,
      0.828125,
      0.8125,
      0.65625,
      0.796875,
      0.8125
   ],
   "batch_train_losses": [
      1.2169216871261597,
      1.2713351249694824,
      1.2180322408676147,
      1.1833401918411255,
      1.0999581813812256,
      1.1391609907150269,
      1.3711740970611572,
      0.934686005115509,
      1.4123468399047852,
      1.2374588251113892,
      1.268430233001709,
      1.2339234352111816,
      1.2993130683898926,
      1.1660325527191162,
      1.0458406209945679,
      1.1983968019485474,
      1.3821516036987305,
      1.332571268081665,
      1.3548223972320557,
      1.3893860578536987,
      1.077151894569397,
      1.2617849111557007,
      1.2840652465820312,
      1.1208651065826416,
      1.1264629364013672,
      1.1656986474990845,
      1.2053725719451904,
      1.3335306644439697,
      1.1486995220184326,
      1.1601375341415405,
      1.1938822269439697,
      1.2751190662384033,
      1.433477759361267,
      1.2503042221069336,
      1.192058801651001,
      1.202039361000061,
      1.127724051475525,
      1.0263047218322754,
      1.0605041980743408,
      1.3695496320724487,
      1.0851205587387085,
      1.1074237823486328
   ],
   "batch_train_times": [],
   "val_accuracy": 0.5135135135135135,
   "val_loss": 1.9344647413975484,
   "val_accuracy_per_label": [
      0.7727272727272727,
      0.0,
      0.16666666666666666,
      0.0,
      1.0,
      0.6,
      0.0,
      0.85,
      0.0,
      0.0,
      0.0,
      0.0,
      0.0,
      0.6,
      0.4,
      0.0,
      0.0,
      0.0,
      0.0,
      0.7931034482758621,
      0.8461538461538461,
      0.4,
      0.0,
      0.2,
      0.0,
      0.5,
      0.0,
      0.8,
      0.0,
      0.0,
      0.0,
      0.8,
      1.0,
      0.0,
      0.0,
      0.0,
      0.2,
      0.0,
      0.6666666666666666,
      1.0,
      0.0,
      0.5,
      0.2
   ]
}