{
   "epoch": 2,
   "batch_train_accuracies": [
      0.25,
      0.3125,
      0.21875,
      0.265625,
      0.28125,
      0.234375,
      0.3125,
      0.328125,
      0.28125,
      0.375,
      0.28125,
      0.328125,
      0.25,
      0.328125,
      0.21875,
      0.203125,
      0.296875,
      0.359375,
      0.296875,
      0.3125,
      0.375,
      0.296875,
      0.34375,
      0.265625,
      0.390625,
      0.328125,
      0.328125,
      0.28125,
      0.265625,
      0.265625,
      0.359375,
      0.375,
      0.15625,
      0.3125,
      0.296875,
      0.40625,
      0.3125,
      0.53125,
      0.40625,
      0.34375,
      0.296875,
      0.3125
   ],
   "batch_train_losses": [
      3.1896235942840576,
      3.2154369354248047,
      3.2352511882781982,
      3.163595199584961,
      3.1298410892486572,
      3.1817727088928223,
      3.145516872406006,
      3.054823398590088,
      3.175760507583618,
      3.0392367839813232,
      3.171412467956543,
      3.0926270484924316,
      3.1589882373809814,
      3.022627115249634,
      3.1552062034606934,
      3.10734486579895,
      3.12819242477417,
      2.995255947113037,
      3.0669326782226562,
      3.065664768218994,
      2.987290382385254,
      3.0836687088012695,
      2.9593417644500732,
      3.0002524852752686,
      2.937896490097046,
      2.999180793762207,
      2.9420061111450195,
      3.0563299655914307,
      2.9779012203216553,
      2.997342824935913,
      2.9512131214141846,
      2.898618698120117,
      3.1732864379882812,
      2.9984941482543945,
      2.9074182510375977,
      2.8496105670928955,
      2.9407413005828857,
      2.7590556144714355,
      2.889491081237793,
      2.9198343753814697,
      2.9819905757904053,
      2.9815683364868164
   ],
   "batch_train_times": [],
   "val_accuracy": 0.23648648648648649,
   "val_loss": 3.143963079194765,
   "val_accuracy_per_label": [
      0.6363636363636364,
      0.0,
      0.0,
      0.0,
      0.0,
      0.0,
      0.0,
      0.65,
      0.0,
      0.0,
      0.0,
      0.0,
      0.0,
      0.0,
      0.0,
      0.0,
      0.0,
      0.0,
      0.0,
      0.0,
      0.5384615384615384,
      0.0,
      0.0,
      0.0,
      0.0,
      0.0,
      0.0,
      0.9,
      0.0,
      0.0,
      0.0,
      0.0,
      0.0,
      0.0,
      0.0,
      0.0,
      0.0,
      0.0,
      0.06666666666666667,
      0.4,
      0.0,
      0.75,
      0.0
   ]
}