{
   "epoch": 22,
   "batch_train_accuracies": [
      0.59375,
      0.609375,
      0.59375,
      0.59375,
      0.59375,
      0.640625,
      0.609375,
      0.671875,
      0.65625,
      0.640625,
      0.75,
      0.65625,
      0.703125,
      0.671875,
      0.609375,
      0.734375,
      0.65625,
      0.734375,
      0.671875,
      0.671875,
      0.53125,
      0.671875,
      0.640625,
      0.703125,
      0.703125,
      0.640625,
      0.6875,
      0.59375,
      0.546875,
      0.640625,
      0.71875,
      0.65625,
      0.625,
      0.703125,
      0.640625,
      0.59375,
      0.65625,
      0.578125,
      0.71875,
      0.8125,
      0.65625,
      0.5625
   ],
   "batch_train_losses": [
      1.717316746711731,
      1.4841811656951904,
      1.4937649965286255,
      1.625841498374939,
      1.5645310878753662,
      1.2656028270721436,
      1.5667345523834229,
      1.2645455598831177,
      1.4921491146087646,
      1.352521538734436,
      1.224615454673767,
      1.5699013471603394,
      1.3441212177276611,
      1.4245470762252808,
      1.3691649436950684,
      1.159724473953247,
      1.3938432931900024,
      1.2515114545822144,
      1.4261140823364258,
      1.3953481912612915,
      1.7102501392364502,
      1.4187955856323242,
      1.42628812789917,
      1.3035438060760498,
      1.3391075134277344,
      1.4282950162887573,
      1.4406626224517822,
      1.4751265048980713,
      1.7009823322296143,
      1.545520544052124,
      1.3016186952590942,
      1.4334354400634766,
      1.4614728689193726,
      1.3323811292648315,
      1.5272079706192017,
      1.538899540901184,
      1.3530796766281128,
      1.653267502784729,
      1.332457184791565,
      1.3357605934143066,
      1.419693946838379,
      1.7945178747177124
   ],
   "batch_train_times": [],
   "val_accuracy": 0.4527027027027027,
   "val_loss": 2.1406468571843327,
   "val_accuracy_per_label": [
      0.6363636363636364,
      0.0,
      0.0,
      0.0,
      0.2,
      0.8,
      0.0,
      0.9,
      0.0,
      0.0,
      0.0,
      0.0,
      0.0,
      0.2,
      0.0,
      0.0,
      0.0,
      0.0,
      0.0,
      0.8620689655172413,
      0.6923076923076923,
      0.0,
      0.0,
      0.4,
      0.0,
      0.0,
      0.0,
      0.7,
      0.0,
      0.0,
      0.0,
      0.6,
      0.8,
      0.0,
      0.0,
      0.0,
      0.0,
      0.0,
      0.8,
      1.0,
      0.0,
      1.0,
      0.0
   ]
}