{
   "epoch": 32,
   "batch_train_accuracies": [
      0.71875,
      0.671875,
      0.671875,
      0.75,
      0.625,
      0.71875,
      0.734375,
      0.765625,
      0.65625,
      0.75,
      0.78125,
      0.875,
      0.796875,
      0.78125,
      0.671875,
      0.765625,
      0.640625,
      0.59375,
      0.78125,
      0.703125,
      0.734375,
      0.609375,
      0.609375,
      0.734375,
      0.734375,
      0.71875,
      0.828125,
      0.75,
      0.671875,
      0.78125,
      0.78125,
      0.65625,
      0.671875,
      0.703125,
      0.734375,
      0.703125,
      0.734375,
      0.75,
      0.703125,
      0.78125,
      0.734375,
      0.8125
   ],
   "batch_train_losses": [
      1.3305820226669312,
      1.1710419654846191,
      1.4512019157409668,
      1.1453521251678467,
      1.3524718284606934,
      1.1598021984100342,
      1.1707074642181396,
      1.0756452083587646,
      1.3416117429733276,
      1.2792638540267944,
      1.1820777654647827,
      0.8865456581115723,
      1.1858689785003662,
      1.0616505146026611,
      1.3842185735702515,
      1.1857292652130127,
      1.4611270427703857,
      1.4945942163467407,
      1.0747289657592773,
      1.3902533054351807,
      1.25325345993042,
      1.3238738775253296,
      1.4698917865753174,
      1.1501332521438599,
      1.1448075771331787,
      1.1920957565307617,
      1.0423599481582642,
      1.1065291166305542,
      1.276919960975647,
      1.1464263200759888,
      1.0880919694900513,
      1.414210557937622,
      1.3203468322753906,
      1.229072093963623,
      1.2482883930206299,
      1.32706618309021,
      1.250636339187622,
      1.1227924823760986,
      1.1857481002807617,
      1.1274082660675049,
      1.2066117525100708,
      1.0086653232574463
   ],
   "batch_train_times": [],
   "val_accuracy": 0.5,
   "val_loss": 2.092336416244507,
   "val_accuracy_per_label": [
      0.8181818181818182,
      0.0,
      0.3333333333333333,
      0.0,
      1.0,
      1.0,
      0.0,
      0.85,
      0.0,
      0.0,
      0.0,
      0.0,
      0.0,
      0.2,
      0.2,
      0.0,
      0.0,
      0.0,
      0.0,
      0.8275862068965517,
      0.6153846153846154,
      0.6,
      0.2,
      0.0,
      0.0,
      0.7,
      0.0,
      0.75,
      0.0,
      0.0,
      0.0,
      0.4,
      1.0,
      0.0,
      0.0,
      0.0,
      0.4,
      0.0,
      0.7333333333333333,
      0.9,
      0.0,
      0.375,
      0.2
   ]
}