{
   "epoch": 17,
   "batch_train_accuracies": [
      0.65625,
      0.609375,
      0.53125,
      0.65625,
      0.546875,
      0.71875,
      0.59375,
      0.546875,
      0.609375,
      0.640625,
      0.625,
      0.546875,
      0.5,
      0.59375,
      0.625,
      0.578125,
      0.546875,
      0.71875,
      0.65625,
      0.53125,
      0.53125,
      0.5625,
      0.453125,
      0.640625,
      0.609375,
      0.640625,
      0.640625,
      0.59375,
      0.59375,
      0.46875,
      0.609375,
      0.65625,
      0.578125,
      0.625,
      0.75,
      0.703125,
      0.578125,
      0.71875,
      0.65625,
      0.5625,
      0.546875,
      0.625
   ],
   "batch_train_losses": [
      1.5257399082183838,
      1.5497828722000122,
      1.6871391534805298,
      1.4469647407531738,
      1.6575884819030762,
      1.4309130907058716,
      1.6952731609344482,
      1.820780634880066,
      1.4858211278915405,
      1.6006003618240356,
      1.5351505279541016,
      1.6823921203613281,
      1.7785050868988037,
      1.5248003005981445,
      1.6409190893173218,
      1.6985896825790405,
      1.7336044311523438,
      1.3683429956436157,
      1.5457699298858643,
      1.6448304653167725,
      1.7199041843414307,
      1.5745582580566406,
      1.775424838066101,
      1.4467651844024658,
      1.567405104637146,
      1.468973994255066,
      1.485999345779419,
      1.6189812421798706,
      1.5334770679473877,
      1.879541277885437,
      1.490572214126587,
      1.5389589071273804,
      1.7072194814682007,
      1.5454021692276,
      1.4625139236450195,
      1.4707649946212769,
      1.6347730159759521,
      1.31937837600708,
      1.4779093265533447,
      1.5526968240737915,
      1.7186955213546753,
      1.39577054977417
   ],
   "batch_train_times": [],
   "val_accuracy": 0.4155405405405405,
   "val_loss": 2.2143433029587203,
   "val_accuracy_per_label": [
      0.7272727272727273,
      0.0,
      0.0,
      0.2,
      0.8,
      0.2,
      0.0,
      0.9,
      0.0,
      0.0,
      0.0,
      0.0,
      0.0,
      0.0,
      0.0,
      0.0,
      0.0,
      0.0,
      0.0,
      0.8275862068965517,
      0.6538461538461539,
      0.0,
      0.0,
      0.4,
      0.0,
      0.0,
      0.0,
      0.8,
      0.0,
      0.0,
      0.0,
      0.0,
      0.4,
      0.0,
      0.0,
      0.0,
      0.0,
      0.0,
      0.6,
      0.7,
      0.0,
      0.75,
      0.0
   ]
}