{
   "epoch": 9,
   "batch_train_accuracies": [
      0.546875,
      0.453125,
      0.5625,
      0.515625,
      0.40625,
      0.5,
      0.484375,
      0.5,
      0.46875,
      0.4375,
      0.515625,
      0.390625,
      0.453125,
      0.515625,
      0.578125,
      0.59375,
      0.5,
      0.515625,
      0.515625,
      0.515625,
      0.515625,
      0.453125,
      0.5625,
      0.515625,
      0.421875,
      0.40625,
      0.5,
      0.5,
      0.609375,
      0.625,
      0.390625,
      0.40625,
      0.515625,
      0.5,
      0.5,
      0.328125,
      0.546875,
      0.515625,
      0.546875,
      0.453125,
      0.5,
      0.4375
   ],
   "batch_train_losses": [
      1.974463701248169,
      2.1747798919677734,
      1.9560056924819946,
      1.9839775562286377,
      2.3062429428100586,
      2.0184895992279053,
      2.018434524536133,
      2.049895763397217,
      2.0969066619873047,
      2.0855932235717773,
      1.9379903078079224,
      2.195917844772339,
      2.044792413711548,
      1.995816946029663,
      1.8224719762802124,
      2.0013699531555176,
      2.0224950313568115,
      1.966343879699707,
      2.0008656978607178,
      2.005026340484619,
      1.9248367547988892,
      2.1786677837371826,
      1.8686127662658691,
      1.9424139261245728,
      2.1396324634552,
      2.118814706802368,
      2.0951197147369385,
      1.9032920598983765,
      1.8751931190490723,
      1.6333024501800537,
      2.124817371368408,
      2.122457504272461,
      1.9591665267944336,
      1.9575097560882568,
      2.013841152191162,
      2.353722095489502,
      1.8866257667541504,
      1.934032678604126,
      1.9378466606140137,
      2.0999648571014404,
      2.045243263244629,
      2.475432872772217
   ],
   "batch_train_times": [],
   "val_accuracy": 0.33783783783783783,
   "val_loss": 2.545305335843885,
   "val_accuracy_per_label": [
      0.8181818181818182,
      0.0,
      0.0,
      0.0,
      0.0,
      0.2,
      0.0,
      0.7,
      0.0,
      0.0,
      0.0,
      0.0,
      0.0,
      0.0,
      0.0,
      0.0,
      0.0,
      0.0,
      0.0,
      0.9310344827586207,
      0.5,
      0.0,
      0.0,
      0.0,
      0.0,
      0.0,
      0.0,
      0.85,
      0.0,
      0.0,
      0.0,
      0.0,
      0.0,
      0.0,
      0.0,
      0.0,
      0.0,
      0.0,
      0.3333333333333333,
      0.2,
      0.0,
      0.375,
      0.0
   ]
}