{
   "epoch": 38,
   "batch_train_accuracies": [
      0.8125,
      0.765625,
      0.75,
      0.8125,
      0.765625,
      0.734375,
      0.734375,
      0.75,
      0.796875,
      0.734375,
      0.75,
      0.765625,
      0.71875,
      0.734375,
      0.75,
      0.828125,
      0.8125,
      0.71875,
      0.75,
      0.765625,
      0.78125,
      0.6875,
      0.796875,
      0.625,
      0.78125,
      0.78125,
      0.765625,
      0.65625,
      0.78125,
      0.765625,
      0.75,
      0.796875,
      0.84375,
      0.671875,
      0.65625,
      0.78125,
      0.765625,
      0.875,
      0.640625,
      0.734375,
      0.75,
      0.625
   ],
   "batch_train_losses": [
      0.9870457649230957,
      1.2192755937576294,
      1.1029083728790283,
      1.0863856077194214,
      1.1729261875152588,
      1.1482634544372559,
      1.1360810995101929,
      1.1644620895385742,
      1.0889370441436768,
      1.1740421056747437,
      1.1351895332336426,
      1.1064693927764893,
      1.1707805395126343,
      1.1318038702011108,
      1.1111118793487549,
      1.0921450853347778,
      1.1323583126068115,
      1.116633653640747,
      1.1151549816131592,
      1.1793261766433716,
      1.0336859226226807,
      1.2510859966278076,
      1.085325837135315,
      1.4250959157943726,
      1.1673929691314697,
      1.16365647315979,
      1.2641308307647705,
      1.285948634147644,
      1.0517551898956299,
      1.2014436721801758,
      1.030421257019043,
      0.9855334162712097,
      1.0538886785507202,
      1.1549830436706543,
      1.4012614488601685,
      1.039444088935852,
      1.078619122505188,
      0.9455901384353638,
      1.3682091236114502,
      1.2148082256317139,
      1.1097544431686401,
      1.3947784900665283
   ],
   "batch_train_times": [],
   "val_accuracy": 0.47297297297297297,
   "val_loss": 2.0251361099449365,
   "val_accuracy_per_label": [
      0.5454545454545454,
      0.0,
      0.16666666666666666,
      0.0,
      1.0,
      1.0,
      0.0,
      0.8,
      0.0,
      0.0,
      0.0,
      0.0,
      0.0,
      0.0,
      0.6,
      0.0,
      0.0,
      0.0,
      0.0,
      0.8275862068965517,
      0.7307692307692307,
      0.4,
      0.0,
      0.8,
      0.0,
      0.2,
      0.0,
      0.8,
      0.0,
      0.0,
      0.0,
      0.6,
      1.0,
      0.0,
      0.0,
      0.0,
      0.2,
      0.0,
      0.6,
      0.8,
      0.0,
      0.625,
      0.0
   ]
}