{
   "epoch": 18,
   "batch_train_accuracies": [
      0.625,
      0.453125,
      0.515625,
      0.671875,
      0.546875,
      0.5625,
      0.578125,
      0.546875,
      0.546875,
      0.640625,
      0.671875,
      0.5625,
      0.671875,
      0.546875,
      0.5625,
      0.703125,
      0.59375,
      0.625,
      0.625,
      0.453125,
      0.5,
      0.609375,
      0.484375,
      0.5625,
      0.671875,
      0.671875,
      0.734375,
      0.765625,
      0.53125,
      0.65625,
      0.515625,
      0.734375,
      0.59375,
      0.578125,
      0.53125,
      0.5625,
      0.5,
      0.640625,
      0.5625,
      0.53125,
      0.6875,
      0.625
   ],
   "batch_train_losses": [
      1.5222420692443848,
      1.7649750709533691,
      1.7247264385223389,
      1.5082558393478394,
      1.7141966819763184,
      1.6269700527191162,
      1.6430258750915527,
      1.6397541761398315,
      1.601852297782898,
      1.3997379541397095,
      1.2762491703033447,
      1.635276198387146,
      1.3235230445861816,
      1.6743004322052002,
      1.4989904165267944,
      1.5076104402542114,
      1.4838829040527344,
      1.4723575115203857,
      1.534359097480774,
      1.7685742378234863,
      1.720287799835205,
      1.5301061868667603,
      1.829695463180542,
      1.5730046033859253,
      1.4264084100723267,
      1.431951880455017,
      1.258821964263916,
      1.2538355588912964,
      1.751257300376892,
      1.5161420106887817,
      1.653250813484192,
      1.3765276670455933,
      1.6118322610855103,
      1.5561833381652832,
      1.8205548524856567,
      1.5861581563949585,
      1.8040978908538818,
      1.5387626886367798,
      1.4979312419891357,
      1.6860114336013794,
      1.3792576789855957,
      1.5681289434432983
   ],
   "batch_train_times": [],
   "val_accuracy": 0.4189189189189189,
   "val_loss": 2.301823177853146,
   "val_accuracy_per_label": [
      0.7727272727272727,
      0.0,
      0.0,
      0.0,
      0.8,
      0.4,
      0.0,
      0.85,
      0.0,
      0.0,
      0.0,
      0.0,
      0.0,
      1.0,
      0.0,
      0.0,
      0.0,
      0.0,
      0.0,
      0.6551724137931034,
      0.9615384615384616,
      0.0,
      0.0,
      0.8,
      0.0,
      0.4,
      0.0,
      0.25,
      0.0,
      0.0,
      0.0,
      0.2,
      0.2,
      0.0,
      0.0,
      0.0,
      0.2,
      0.0,
      0.4,
      1.0,
      0.0,
      0.375,
      0.0
   ]
}