{
   "epoch": 39,
   "batch_train_accuracies": [
      0.8125,
      0.796875,
      0.765625,
      0.765625,
      0.75,
      0.8125,
      0.828125,
      0.78125,
      0.734375,
      0.78125,
      0.765625,
      0.8125,
      0.734375,
      0.78125,
      0.734375,
      0.671875,
      0.734375,
      0.828125,
      0.6875,
      0.796875,
      0.671875,
      0.75,
      0.71875,
      0.734375,
      0.703125,
      0.734375,
      0.71875,
      0.828125,
      0.75,
      0.828125,
      0.703125,
      0.796875,
      0.796875,
      0.71875,
      0.75,
      0.71875,
      0.75,
      0.6875,
      0.6875,
      0.75,
      0.703125,
      0.6875
   ],
   "batch_train_losses": [
      1.056854486465454,
      1.2205497026443481,
      1.0854284763336182,
      1.1189544200897217,
      1.2021929025650024,
      1.1053640842437744,
      1.0063060522079468,
      1.0561387538909912,
      1.2490878105163574,
      1.0324602127075195,
      1.131319284439087,
      0.884988009929657,
      1.1060911417007446,
      1.1404104232788086,
      1.1501591205596924,
      1.222712516784668,
      1.2218458652496338,
      1.1283812522888184,
      1.236737847328186,
      0.9470254778862,
      1.3348701000213623,
      1.1447573900222778,
      1.1676760911941528,
      1.198590636253357,
      1.0921086072921753,
      1.0506829023361206,
      1.191157341003418,
      0.8892552852630615,
      1.0016288757324219,
      1.0097293853759766,
      1.1914750337600708,
      1.1213449239730835,
      0.9576265215873718,
      1.1755049228668213,
      1.159376859664917,
      1.2653460502624512,
      1.2288384437561035,
      1.2528984546661377,
      1.4048035144805908,
      1.2335484027862549,
      1.1281657218933105,
      1.3327560424804688
   ],
   "batch_train_times": [],
   "val_accuracy": 0.47297297297297297,
   "val_loss": 2.0037213692793974,
   "val_accuracy_per_label": [
      0.8181818181818182,
      0.0,
      0.0,
      0.0,
      0.6,
      1.0,
      0.0,
      0.9,
      0.0,
      0.0,
      0.0,
      0.0,
      0.0,
      0.2,
      0.2,
      0.0,
      0.0,
      0.0,
      0.0,
      0.8275862068965517,
      0.7692307692307693,
      0.2,
      0.0,
      0.8,
      0.0,
      0.6,
      0.0,
      0.6,
      0.0,
      0.0,
      0.2,
      0.4,
      0.4,
      0.0,
      0.0,
      0.0,
      0.0,
      0.0,
      0.4666666666666667,
      0.9,
      0.0,
      0.625,
      0.2
   ]
}