{
   "epoch": 21,
   "batch_train_accuracies": [
      0.65625,
      0.75,
      0.640625,
      0.796875,
      0.6875,
      0.65625,
      0.625,
      0.5625,
      0.640625,
      0.578125,
      0.671875,
      0.625,
      0.703125,
      0.5,
      0.640625,
      0.578125,
      0.578125,
      0.625,
      0.609375,
      0.5625,
      0.578125,
      0.640625,
      0.59375,
      0.59375,
      0.609375,
      0.59375,
      0.5625,
      0.703125,
      0.640625,
      0.703125,
      0.578125,
      0.546875,
      0.6875,
      0.75,
      0.578125,
      0.671875,
      0.703125,
      0.609375,
      0.6875,
      0.6875,
      0.71875,
      0.375
   ],
   "batch_train_losses": [
      1.3857629299163818,
      1.3309094905853271,
      1.4727758169174194,
      1.079925298690796,
      1.3261761665344238,
      1.378003478050232,
      1.467331886291504,
      1.641055941581726,
      1.5136735439300537,
      1.6121935844421387,
      1.4215284585952759,
      1.4168751239776611,
      1.3533165454864502,
      1.674275517463684,
      1.4557878971099854,
      1.538764476776123,
      1.5001599788665771,
      1.461304783821106,
      1.3531159162521362,
      1.7702616453170776,
      1.574512243270874,
      1.4588710069656372,
      1.6021881103515625,
      1.6743745803833008,
      1.5067020654678345,
      1.5514857769012451,
      1.6745808124542236,
      1.3278849124908447,
      1.47353196144104,
      1.3087787628173828,
      1.5459400415420532,
      1.6246552467346191,
      1.334558367729187,
      1.35673189163208,
      1.469125747680664,
      1.361966609954834,
      1.2183105945587158,
      1.5450983047485352,
      1.4372886419296265,
      1.3470206260681152,
      1.3253101110458374,
      2.0466222763061523
   ],
   "batch_train_times": [],
   "val_accuracy": 0.39864864864864863,
   "val_loss": 2.2074298794205123,
   "val_accuracy_per_label": [
      0.6363636363636364,
      0.0,
      0.0,
      0.0,
      1.0,
      1.0,
      0.0,
      0.85,
      0.0,
      0.4,
      0.0,
      0.0,
      0.0,
      0.0,
      0.0,
      0.0,
      0.0,
      0.0,
      0.0,
      0.6896551724137931,
      0.8461538461538461,
      0.2,
      0.0,
      0.2,
      0.0,
      0.0,
      0.0,
      0.75,
      0.0,
      0.0,
      0.0,
      0.4,
      0.2,
      0.0,
      0.0,
      0.0,
      0.0,
      0.0,
      0.3333333333333333,
      0.7,
      0.0,
      0.125,
      0.0
   ]
}