{
   "epoch": 42,
   "batch_train_accuracies": [
      0.875,
      0.703125,
      0.796875,
      0.828125,
      0.765625,
      0.796875,
      0.71875,
      0.78125,
      0.859375,
      0.71875,
      0.6875,
      0.8125,
      0.75,
      0.734375,
      0.71875,
      0.671875,
      0.71875,
      0.8125,
      0.640625,
      0.71875,
      0.796875,
      0.703125,
      0.765625,
      0.859375,
      0.78125,
      0.65625,
      0.796875,
      0.8125,
      0.78125,
      0.734375,
      0.703125,
      0.671875,
      0.828125,
      0.65625,
      0.796875,
      0.703125,
      0.75,
      0.78125,
      0.859375,
      0.78125,
      0.765625,
      0.5625
   ],
   "batch_train_losses": [
      0.8913972973823547,
      1.0510119199752808,
      1.1712515354156494,
      1.078878402709961,
      1.0757304430007935,
      1.0696461200714111,
      1.0910471677780151,
      1.0558749437332153,
      1.0433214902877808,
      1.202606439590454,
      1.2251135110855103,
      1.0299246311187744,
      1.1169666051864624,
      1.108441710472107,
      1.2650946378707886,
      1.1640561819076538,
      1.3436996936798096,
      1.1366283893585205,
      1.325075626373291,
      1.3279845714569092,
      1.0154492855072021,
      1.1530452966690063,
      1.1715731620788574,
      0.9154149889945984,
      1.1032499074935913,
      1.3048574924468994,
      1.0219608545303345,
      0.9241316318511963,
      1.0825332403182983,
      1.1969563961029053,
      1.3308426141738892,
      1.2038509845733643,
      0.9921676516532898,
      1.3174054622650146,
      1.0466755628585815,
      1.1789222955703735,
      1.1277505159378052,
      1.087990641593933,
      0.9181204438209534,
      0.9850195050239563,
      1.1389861106872559,
      1.5176897048950195
   ],
   "batch_train_times": [],
   "val_accuracy": 0.5371621621621622,
   "val_loss": 1.9064111387407459,
   "val_accuracy_per_label": [
      0.6818181818181818,
      0.0,
      0.3333333333333333,
      0.0,
      1.0,
      1.0,
      0.0,
      0.9,
      0.0,
      0.0,
      0.0,
      0.0,
      0.0,
      0.2,
      0.4,
      0.0,
      0.0,
      0.0,
      0.0,
      0.896551724137931,
      0.7692307692307693,
      0.4,
      0.2,
      1.0,
      0.0,
      0.9,
      0.0,
      0.5,
      0.0,
      0.0,
      0.0,
      1.0,
      1.0,
      0.0,
      0.0,
      0.0,
      0.2,
      0.0,
      1.0,
      0.8,
      0.0,
      0.25,
      0.4
   ]
}