{
   "epoch": 43,
   "batch_train_accuracies": [
      0.84375,
      0.765625,
      0.71875,
      0.78125,
      0.84375,
      0.78125,
      0.78125,
      0.796875,
      0.828125,
      0.828125,
      0.796875,
      0.796875,
      0.640625,
      0.71875,
      0.859375,
      0.734375,
      0.796875,
      0.828125,
      0.734375,
      0.640625,
      0.765625,
      0.765625,
      0.8125,
      0.828125,
      0.78125,
      0.65625,
      0.8125,
      0.828125,
      0.78125,
      0.75,
      0.71875,
      0.734375,
      0.796875,
      0.6875,
      0.8125,
      0.796875,
      0.765625,
      0.78125,
      0.796875,
      0.75,
      0.859375,
      0.75
   ],
   "batch_train_losses": [
      0.9151986837387085,
      1.1058008670806885,
      1.2536578178405762,
      1.2260082960128784,
      1.0407148599624634,
      1.2451367378234863,
      1.1518054008483887,
      0.9995768070220947,
      1.113524079322815,
      1.09779953956604,
      1.0021010637283325,
      1.0884251594543457,
      1.3658844232559204,
      1.2743622064590454,
      0.9369481205940247,
      1.1573752164840698,
      1.082764983177185,
      0.9753718972206116,
      1.1542328596115112,
      1.3928583860397339,
      1.08474862575531,
      1.0295069217681885,
      1.0174375772476196,
      1.0361005067825317,
      1.1282426118850708,
      1.3632856607437134,
      1.066933512687683,
      1.038966178894043,
      0.9788413643836975,
      1.1261987686157227,
      1.1145505905151367,
      1.1331108808517456,
      1.1511073112487793,
      1.3007527589797974,
      0.9575473666191101,
      1.045392394065857,
      0.9917373657226562,
      1.0193870067596436,
      1.1389648914337158,
      1.214310884475708,
      0.9893750548362732,
      1.1503856182098389
   ],
   "batch_train_times": [],
   "val_accuracy": 0.5135135135135135,
   "val_loss": 2.052589203860309,
   "val_accuracy_per_label": [
      0.5,
      0.0,
      0.16666666666666666,
      0.0,
      0.8,
      0.8,
      0.0,
      0.75,
      0.0,
      0.0,
      0.0,
      0.0,
      0.6,
      0.0,
      0.4,
      0.0,
      0.0,
      0.0,
      0.0,
      0.8620689655172413,
      0.9615384615384616,
      0.8,
      0.0,
      0.8,
      0.0,
      0.4,
      0.0,
      0.7,
      0.0,
      0.0,
      0.0,
      0.8,
      1.0,
      0.0,
      0.0,
      0.0,
      0.2,
      0.0,
      1.0,
      0.8,
      0.0,
      0.25,
      0.2
   ]
}