{
   "epoch": 46,
   "batch_train_accuracies": [
      0.734375,
      0.75,
      0.78125,
      0.765625,
      0.78125,
      0.8125,
      0.796875,
      0.78125,
      0.890625,
      0.8125,
      0.75,
      0.78125,
      0.765625,
      0.78125,
      0.75,
      0.734375,
      0.78125,
      0.765625,
      0.8125,
      0.8125,
      0.859375,
      0.84375,
      0.6875,
      0.71875,
      0.8125,
      0.75,
      0.765625,
      0.78125,
      0.640625,
      0.71875,
      0.6875,
      0.765625,
      0.84375,
      0.671875,
      0.84375,
      0.796875,
      0.734375,
      0.78125,
      0.8125,
      0.796875,
      0.78125,
      0.625
   ],
   "batch_train_losses": [
      1.0740880966186523,
      1.1285696029663086,
      1.0900691747665405,
      1.1488609313964844,
      1.0650885105133057,
      1.0367517471313477,
      1.0801957845687866,
      1.090824842453003,
      1.008699655532837,
      0.9854559898376465,
      1.2051846981048584,
      1.0738887786865234,
      1.1094584465026855,
      0.9749101996421814,
      1.1071938276290894,
      1.0523681640625,
      1.0499587059020996,
      1.133671522140503,
      1.0046013593673706,
      1.0145360231399536,
      0.8520293831825256,
      0.8737530708312988,
      1.1472831964492798,
      1.2261059284210205,
      0.9501216411590576,
      1.0975267887115479,
      1.076143741607666,
      1.0350873470306396,
      1.3029365539550781,
      1.1797305345535278,
      1.2004045248031616,
      1.140026330947876,
      0.861068844795227,
      1.2152882814407349,
      1.1000269651412964,
      1.0196669101715088,
      1.2221909761428833,
      1.0602070093154907,
      0.964514970779419,
      1.0838266611099243,
      1.2234914302825928,
      1.497359275817871
   ],
   "batch_train_times": [],
   "val_accuracy": 0.5371621621621622,
   "val_loss": 1.9281404598339185,
   "val_accuracy_per_label": [
      0.7727272727272727,
      0.0,
      0.0,
      0.0,
      0.6,
      0.8,
      0.0,
      0.8,
      0.0,
      0.0,
      0.0,
      0.0,
      0.4,
      0.0,
      0.6,
      0.0,
      0.0,
      0.0,
      0.0,
      0.8620689655172413,
      0.7307692307692307,
      0.2,
      0.0,
      0.8,
      0.0,
      1.0,
      0.0,
      0.75,
      0.0,
      0.0,
      0.0,
      1.0,
      1.0,
      0.0,
      0.0,
      0.0,
      0.2,
      0.0,
      1.0,
      0.8,
      0.0,
      0.5,
      0.4
   ]
}