{
   "epoch": 27,
   "batch_train_accuracies": [
      0.71875,
      0.640625,
      0.765625,
      0.71875,
      0.609375,
      0.640625,
      0.671875,
      0.671875,
      0.734375,
      0.703125,
      0.625,
      0.6875,
      0.71875,
      0.546875,
      0.65625,
      0.765625,
      0.8125,
      0.75,
      0.671875,
      0.65625,
      0.734375,
      0.765625,
      0.5,
      0.6875,
      0.6875,
      0.546875,
      0.765625,
      0.65625,
      0.703125,
      0.78125,
      0.671875,
      0.609375,
      0.6875,
      0.6875,
      0.6875,
      0.75,
      0.59375,
      0.6875,
      0.8125,
      0.65625,
      0.6875,
      0.625
   ],
   "batch_train_losses": [
      1.2878174781799316,
      1.3813484907150269,
      1.1800323724746704,
      1.3194016218185425,
      1.4319024085998535,
      1.3012686967849731,
      1.404485821723938,
      1.3018131256103516,
      1.2096374034881592,
      1.341581106185913,
      1.4342567920684814,
      1.279538631439209,
      1.2126083374023438,
      1.642785668373108,
      1.4319911003112793,
      1.2320265769958496,
      1.0022375583648682,
      1.104027509689331,
      1.2172106504440308,
      1.4650136232376099,
      1.230690360069275,
      1.1743652820587158,
      1.6800817251205444,
      1.2880678176879883,
      1.3394010066986084,
      1.6255565881729126,
      1.1572362184524536,
      1.385542631149292,
      1.3469147682189941,
      1.126957654953003,
      1.3392252922058105,
      1.374479055404663,
      1.25459623336792,
      1.2766246795654297,
      1.237565279006958,
      1.1402088403701782,
      1.541491985321045,
      1.2599483728408813,
      1.1446667909622192,
      1.5006524324417114,
      1.3291144371032715,
      1.2541464567184448
   ],
   "batch_train_times": [],
   "val_accuracy": 0.47297297297297297,
   "val_loss": 2.030939359922667,
   "val_accuracy_per_label": [
      0.7272727272727273,
      0.0,
      0.0,
      0.0,
      0.6,
      1.0,
      0.0,
      0.9,
      0.0,
      0.0,
      0.0,
      0.0,
      0.0,
      0.0,
      0.0,
      0.0,
      0.0,
      0.0,
      0.0,
      0.896551724137931,
      0.9230769230769231,
      0.2,
      0.0,
      0.4,
      0.0,
      0.5,
      0.0,
      0.55,
      0.0,
      0.0,
      0.0,
      0.2,
      1.0,
      0.0,
      0.0,
      0.0,
      0.0,
      0.0,
      0.6,
      0.8,
      0.0,
      0.625,
      0.2
   ]
}