{
   "epoch": 40,
   "batch_train_accuracies": [
      0.71875,
      0.765625,
      0.78125,
      0.78125,
      0.796875,
      0.828125,
      0.71875,
      0.71875,
      0.78125,
      0.71875,
      0.828125,
      0.78125,
      0.796875,
      0.8125,
      0.65625,
      0.71875,
      0.84375,
      0.75,
      0.71875,
      0.71875,
      0.8125,
      0.78125,
      0.8125,
      0.8125,
      0.765625,
      0.8125,
      0.65625,
      0.71875,
      0.796875,
      0.78125,
      0.75,
      0.78125,
      0.8125,
      0.71875,
      0.734375,
      0.734375,
      0.828125,
      0.640625,
      0.734375,
      0.703125,
      0.78125,
      0.625
   ],
   "batch_train_losses": [
      1.2102082967758179,
      1.0407811403274536,
      1.1101471185684204,
      1.214479923248291,
      1.1272832155227661,
      1.2063831090927124,
      1.2192273139953613,
      1.1562018394470215,
      1.0641233921051025,
      1.1651521921157837,
      0.9472041726112366,
      1.085827112197876,
      1.0639994144439697,
      1.1448999643325806,
      1.2295042276382446,
      1.2397557497024536,
      0.9678604006767273,
      1.1591739654541016,
      1.2006407976150513,
      1.2842004299163818,
      0.944171130657196,
      1.1043410301208496,
      0.9866046905517578,
      0.9799637198448181,
      1.1352189779281616,
      1.1289299726486206,
      1.4028369188308716,
      1.1334989070892334,
      1.1786128282546997,
      1.151977300643921,
      1.1264746189117432,
      1.1631851196289062,
      1.1407729387283325,
      1.1937532424926758,
      1.1269559860229492,
      1.2638139724731445,
      0.9331631660461426,
      1.351750373840332,
      1.2833068370819092,
      1.181206226348877,
      1.0566117763519287,
      1.304293155670166
   ],
   "batch_train_times": [],
   "val_accuracy": 0.5067567567567568,
   "val_loss": 2.122009953937015,
   "val_accuracy_per_label": [
      0.5454545454545454,
      0.0,
      0.0,
      0.0,
      1.0,
      0.8,
      0.0,
      0.85,
      0.0,
      0.0,
      0.0,
      0.0,
      0.0,
      0.2,
      0.2,
      0.0,
      0.0,
      0.0,
      0.0,
      0.8275862068965517,
      0.8461538461538461,
      0.8,
      0.4,
      0.8,
      0.0,
      0.7,
      0.0,
      0.45,
      0.0,
      0.0,
      0.4,
      0.6,
      1.0,
      0.0,
      0.0,
      0.0,
      0.2,
      0.0,
      0.8,
      1.0,
      0.0,
      0.375,
      0.4
   ]
}