{
   "epoch": 20,
   "batch_train_accuracies": [
      0.640625,
      0.546875,
      0.609375,
      0.609375,
      0.484375,
      0.625,
      0.671875,
      0.75,
      0.546875,
      0.578125,
      0.59375,
      0.78125,
      0.59375,
      0.546875,
      0.59375,
      0.671875,
      0.515625,
      0.703125,
      0.59375,
      0.484375,
      0.5625,
      0.625,
      0.46875,
      0.625,
      0.609375,
      0.5625,
      0.671875,
      0.53125,
      0.609375,
      0.59375,
      0.671875,
      0.546875,
      0.671875,
      0.5625,
      0.625,
      0.65625,
      0.671875,
      0.671875,
      0.578125,
      0.546875,
      0.578125,
      0.5
   ],
   "batch_train_losses": [
      1.497363567352295,
      1.6572775840759277,
      1.7296253442764282,
      1.528466820716858,
      1.758530855178833,
      1.5344704389572144,
      1.4200637340545654,
      1.3154010772705078,
      1.656294584274292,
      1.792500376701355,
      1.5388927459716797,
      1.3747730255126953,
      1.5483843088150024,
      1.70523202419281,
      1.5755887031555176,
      1.4909863471984863,
      1.7243599891662598,
      1.4009281396865845,
      1.5348244905471802,
      1.7054425477981567,
      1.5206586122512817,
      1.5308047533035278,
      1.8053454160690308,
      1.5718984603881836,
      1.761623501777649,
      1.6681400537490845,
      1.5118091106414795,
      1.7541742324829102,
      1.4427073001861572,
      1.6069972515106201,
      1.491773247718811,
      1.6887483596801758,
      1.5068016052246094,
      1.5545517206192017,
      1.6123247146606445,
      1.5093954801559448,
      1.531319499015808,
      1.4592013359069824,
      1.4952869415283203,
      1.6091212034225464,
      1.5636547803878784,
      1.8223291635513306
   ],
   "batch_train_times": [],
   "val_accuracy": 0.3918918918918919,
   "val_loss": 2.2418192528389596,
   "val_accuracy_per_label": [
      0.5909090909090909,
      0.0,
      0.0,
      0.0,
      1.0,
      1.0,
      0.0,
      0.8,
      0.0,
      0.0,
      0.0,
      0.0,
      0.0,
      0.8,
      0.0,
      0.0,
      0.0,
      0.0,
      0.0,
      0.8620689655172413,
      1.0,
      0.0,
      0.0,
      0.0,
      0.0,
      0.0,
      0.0,
      0.25,
      0.0,
      0.0,
      0.0,
      0.0,
      0.4,
      0.0,
      0.0,
      0.0,
      0.0,
      0.0,
      0.6666666666666666,
      0.0,
      0.0,
      0.375,
      0.4
   ]
}