{
   "epoch": 2,
   "batch_train_accuracies": [
      0.296875,
      0.296875,
      0.328125,
      0.265625,
      0.375,
      0.390625,
      0.3125,
      0.25,
      0.3125,
      0.28125,
      0.3125,
      0.25,
      0.359375,
      0.234375,
      0.375,
      0.328125,
      0.359375,
      0.34375,
      0.34375,
      0.359375,
      0.296875,
      0.359375,
      0.328125,
      0.28125,
      0.28125,
      0.328125,
      0.328125,
      0.3125,
      0.3125,
      0.4375,
      0.453125,
      0.390625,
      0.3125,
      0.40625,
      0.328125,
      0.296875,
      0.3125,
      0.3125,
      0.375,
      0.328125,
      0.421875,
      0.1875
   ],
   "batch_train_losses": [
      3.173306941986084,
      3.1426682472229004,
      3.1286301612854004,
      3.115666151046753,
      3.2192888259887695,
      3.1022417545318604,
      3.0764107704162598,
      3.1982603073120117,
      3.134939670562744,
      3.1074416637420654,
      3.1105549335479736,
      3.2760839462280273,
      3.035116195678711,
      3.2469727993011475,
      3.050933599472046,
      2.9875168800354004,
      3.0181901454925537,
      3.0830650329589844,
      2.9655256271362305,
      3.007286787033081,
      3.0910637378692627,
      3.013469696044922,
      2.9934515953063965,
      3.0589590072631836,
      3.118436813354492,
      3.085156202316284,
      3.058561086654663,
      3.0892112255096436,
      3.031736135482788,
      2.9616661071777344,
      2.833761692047119,
      3.037814140319824,
      2.9968032836914062,
      2.9408841133117676,
      2.98602294921875,
      2.9485397338867188,
      3.0274031162261963,
      2.9494221210479736,
      2.9245927333831787,
      2.9700000286102295,
      2.9046998023986816,
      3.1777844429016113
   ],
   "batch_train_times": [],
   "val_accuracy": 0.30743243243243246,
   "val_loss": 3.1317870165850663,
   "val_accuracy_per_label": [
      0.4090909090909091,
      0.0,
      0.0,
      0.0,
      0.0,
      0.0,
      0.0,
      0.85,
      0.0,
      0.8,
      0.0,
      0.0,
      0.0,
      0.0,
      0.0,
      0.0,
      0.0,
      0.0,
      0.8,
      0.6206896551724138,
      0.46153846153846156,
      0.0,
      0.0,
      0.0,
      0.0,
      0.0,
      0.0,
      0.45,
      0.0,
      0.0,
      0.0,
      0.0,
      0.0,
      0.0,
      0.0,
      1.0,
      0.0,
      0.0,
      0.0,
      0.5,
      0.0,
      1.0,
      0.2
   ]
}