{
   "epoch": 43,
   "batch_train_accuracies": [
      0.75,
      0.6875,
      0.828125,
      0.609375,
      0.625,
      0.625,
      0.640625,
      0.765625,
      0.71875,
      0.6875,
      0.796875,
      0.734375,
      0.78125,
      0.75,
      0.71875,
      0.765625,
      0.75,
      0.6875,
      0.796875,
      0.828125,
      0.78125,
      0.75,
      0.71875,
      0.765625,
      0.71875,
      0.703125,
      0.75,
      0.765625,
      0.71875,
      0.859375,
      0.703125,
      0.75,
      0.734375,
      0.84375,
      0.6875,
      0.671875,
      0.71875,
      0.609375,
      0.796875,
      0.734375,
      0.6875,
      0.6875
   ],
   "batch_train_losses": [
      1.2669472694396973,
      1.3012442588806152,
      1.1390864849090576,
      1.4080016613006592,
      1.3279216289520264,
      1.427917242050171,
      1.4497591257095337,
      1.2074894905090332,
      1.265056848526001,
      1.3072502613067627,
      1.1237012147903442,
      1.290281891822815,
      1.0939429998397827,
      1.2324010133743286,
      1.1941993236541748,
      1.1553479433059692,
      1.2276734113693237,
      1.2053128480911255,
      1.1251558065414429,
      1.1255872249603271,
      1.1352112293243408,
      1.2113065719604492,
      1.3853278160095215,
      1.123597264289856,
      1.2956501245498657,
      1.2965584993362427,
      1.2764956951141357,
      1.144694209098816,
      1.2045860290527344,
      1.2202720642089844,
      1.1960808038711548,
      1.219340443611145,
      1.2909257411956787,
      1.108292818069458,
      1.253995418548584,
      1.4437737464904785,
      1.3249746561050415,
      1.4387105703353882,
      1.1729261875152588,
      1.249023675918579,
      1.3723021745681763,
      1.4510536193847656
   ],
   "batch_train_times": [],
   "val_accuracy": 0.5168918918918919,
   "val_loss": 1.9512998155645422,
   "val_accuracy_per_label": [
      0.7272727272727273,
      0.0,
      0.3333333333333333,
      0.0,
      1.0,
      0.4,
      0.0,
      0.8,
      0.0,
      0.0,
      0.0,
      0.0,
      0.0,
      0.6,
      0.8,
      0.0,
      0.0,
      0.0,
      0.0,
      0.9655172413793104,
      0.8461538461538461,
      0.0,
      0.2,
      0.2,
      0.0,
      0.4,
      0.0,
      0.85,
      0.0,
      0.0,
      0.0,
      0.6,
      0.8,
      0.0,
      0.0,
      0.0,
      0.0,
      0.0,
      1.0,
      0.6,
      0.0,
      0.5,
      0.0
   ]
}