{
   "epoch": 13,
   "batch_train_accuracies": [
      0.546875,
      0.5,
      0.546875,
      0.625,
      0.59375,
      0.46875,
      0.53125,
      0.578125,
      0.53125,
      0.546875,
      0.53125,
      0.546875,
      0.484375,
      0.53125,
      0.609375,
      0.515625,
      0.625,
      0.59375,
      0.59375,
      0.640625,
      0.484375,
      0.46875,
      0.515625,
      0.546875,
      0.59375,
      0.515625,
      0.5,
      0.578125,
      0.5625,
      0.59375,
      0.484375,
      0.484375,
      0.59375,
      0.625,
      0.484375,
      0.53125,
      0.5625,
      0.5625,
      0.703125,
      0.546875,
      0.375,
      0.5
   ],
   "batch_train_losses": [
      1.7607117891311646,
      1.8597874641418457,
      1.7480841875076294,
      1.725022315979004,
      1.7456603050231934,
      2.0820913314819336,
      1.8513022661209106,
      1.7598389387130737,
      1.9227488040924072,
      1.8298341035842896,
      1.6880546808242798,
      1.876869797706604,
      1.8800591230392456,
      1.8599923849105835,
      1.8411372900009155,
      1.8659714460372925,
      1.743037462234497,
      1.7773501873016357,
      1.6976083517074585,
      1.652910590171814,
      1.9197081327438354,
      1.9147878885269165,
      1.9570218324661255,
      1.9302194118499756,
      1.71363365650177,
      1.855103850364685,
      1.8831266164779663,
      1.784320592880249,
      1.7910383939743042,
      1.8404128551483154,
      1.8381892442703247,
      1.8289844989776611,
      1.713119626045227,
      1.6954822540283203,
      1.9028160572052002,
      1.7895395755767822,
      1.6716203689575195,
      1.7859944105148315,
      1.682822823524475,
      1.6367923021316528,
      2.1144614219665527,
      1.8196293115615845
   ],
   "batch_train_times": [],
   "val_accuracy": 0.3952702702702703,
   "val_loss": 2.312909809318749,
   "val_accuracy_per_label": [
      0.5454545454545454,
      0.0,
      0.0,
      0.0,
      0.0,
      1.0,
      0.0,
      0.75,
      0.0,
      0.0,
      0.0,
      0.0,
      0.0,
      0.2,
      0.0,
      0.0,
      0.0,
      0.0,
      0.8,
      0.7241379310344828,
      0.9615384615384616,
      0.0,
      0.0,
      0.0,
      0.0,
      0.0,
      0.0,
      0.75,
      0.0,
      0.0,
      0.0,
      0.0,
      0.0,
      0.0,
      0.0,
      0.0,
      0.0,
      0.0,
      0.4666666666666667,
      0.6,
      0.0,
      0.75,
      0.0
   ]
}