{
   "epoch": 29,
   "batch_train_accuracies": [
      0.71875,
      0.78125,
      0.59375,
      0.734375,
      0.71875,
      0.703125,
      0.578125,
      0.65625,
      0.71875,
      0.59375,
      0.703125,
      0.625,
      0.53125,
      0.671875,
      0.625,
      0.578125,
      0.671875,
      0.65625,
      0.703125,
      0.546875,
      0.75,
      0.765625,
      0.734375,
      0.609375,
      0.6875,
      0.796875,
      0.640625,
      0.640625,
      0.53125,
      0.8125,
      0.671875,
      0.71875,
      0.6875,
      0.640625,
      0.703125,
      0.578125,
      0.703125,
      0.625,
      0.6875,
      0.703125,
      0.703125,
      0.5625
   ],
   "batch_train_losses": [
      1.3221220970153809,
      1.2254765033721924,
      1.590381383895874,
      1.1881616115570068,
      1.3546754121780396,
      1.3890902996063232,
      1.5077770948410034,
      1.4492371082305908,
      1.3009512424468994,
      1.4967434406280518,
      1.2497453689575195,
      1.510134220123291,
      1.5374270677566528,
      1.3699982166290283,
      1.4931362867355347,
      1.3837554454803467,
      1.419496774673462,
      1.517627239227295,
      1.4507535696029663,
      1.5723427534103394,
      1.1319677829742432,
      1.2009172439575195,
      1.4236981868743896,
      1.5715398788452148,
      1.3633170127868652,
      1.106756567955017,
      1.2830536365509033,
      1.4987374544143677,
      1.6489980220794678,
      1.1560169458389282,
      1.322699785232544,
      1.3124409914016724,
      1.3381932973861694,
      1.4438828229904175,
      1.333193063735962,
      1.6516870260238647,
      1.2895451784133911,
      1.580881953239441,
      1.3848825693130493,
      1.4608376026153564,
      1.258273720741272,
      1.4570153951644897
   ],
   "batch_train_times": [],
   "val_accuracy": 0.46621621621621623,
   "val_loss": 2.0649658473762305,
   "val_accuracy_per_label": [
      0.6818181818181818,
      0.0,
      0.0,
      0.0,
      1.0,
      1.0,
      0.0,
      0.8,
      0.0,
      0.0,
      0.0,
      0.0,
      0.2,
      0.8,
      0.0,
      0.0,
      0.0,
      0.0,
      0.0,
      0.9655172413793104,
      0.6538461538461539,
      0.0,
      0.2,
      0.2,
      0.0,
      0.2,
      0.0,
      0.4,
      0.0,
      0.0,
      0.0,
      0.4,
      1.0,
      0.0,
      0.0,
      0.0,
      0.2,
      0.0,
      1.0,
      0.7,
      0.0,
      0.375,
      0.4
   ]
}