{
   "epoch": 28,
   "batch_train_accuracies": [
      0.5625,
      0.734375,
      0.71875,
      0.59375,
      0.6875,
      0.640625,
      0.703125,
      0.71875,
      0.765625,
      0.609375,
      0.71875,
      0.609375,
      0.71875,
      0.671875,
      0.6875,
      0.6875,
      0.703125,
      0.625,
      0.625,
      0.5,
      0.546875,
      0.71875,
      0.625,
      0.65625,
      0.625,
      0.71875,
      0.578125,
      0.703125,
      0.703125,
      0.765625,
      0.65625,
      0.640625,
      0.671875,
      0.46875,
      0.703125,
      0.71875,
      0.59375,
      0.71875,
      0.65625,
      0.78125,
      0.703125,
      0.625
   ],
   "batch_train_losses": [
      1.7572346925735474,
      1.383889079093933,
      1.3975900411605835,
      1.4619324207305908,
      1.2707456350326538,
      1.4252179861068726,
      1.3849555253982544,
      1.404019832611084,
      1.3539917469024658,
      1.4756580591201782,
      1.258050799369812,
      1.5308895111083984,
      1.2856255769729614,
      1.43587064743042,
      1.3423699140548706,
      1.5148347616195679,
      1.218302845954895,
      1.6407216787338257,
      1.342206358909607,
      1.5337492227554321,
      1.5063530206680298,
      1.291359305381775,
      1.4530500173568726,
      1.3544034957885742,
      1.5407755374908447,
      1.3279778957366943,
      1.6118712425231934,
      1.2789945602416992,
      1.1944855451583862,
      1.2374716997146606,
      1.2222542762756348,
      1.2931773662567139,
      1.2712337970733643,
      1.6581025123596191,
      1.3557202816009521,
      1.3261983394622803,
      1.5935359001159668,
      1.2339789867401123,
      1.4794120788574219,
      1.222573161125183,
      1.308590054512024,
      1.4147398471832275
   ],
   "batch_train_times": [],
   "val_accuracy": 0.4155405405405405,
   "val_loss": 2.0642679382014917,
   "val_accuracy_per_label": [
      0.6363636363636364,
      0.0,
      0.0,
      0.0,
      0.8,
      0.6,
      0.0,
      0.8,
      0.0,
      0.0,
      0.0,
      0.0,
      0.0,
      0.4,
      0.0,
      0.0,
      0.0,
      0.0,
      0.0,
      1.0,
      0.9615384615384616,
      0.0,
      0.0,
      0.2,
      0.0,
      0.0,
      0.0,
      0.35,
      0.0,
      0.0,
      0.0,
      0.2,
      0.6,
      0.0,
      0.0,
      0.0,
      0.0,
      0.0,
      0.8,
      0.2,
      0.0,
      0.375,
      0.2
   ]
}