{
   "epoch": 39,
   "batch_train_accuracies": [
      0.78125,
      0.671875,
      0.734375,
      0.640625,
      0.734375,
      0.765625,
      0.6875,
      0.796875,
      0.765625,
      0.734375,
      0.6875,
      0.8125,
      0.71875,
      0.796875,
      0.734375,
      0.703125,
      0.65625,
      0.703125,
      0.78125,
      0.71875,
      0.734375,
      0.71875,
      0.796875,
      0.734375,
      0.734375,
      0.6875,
      0.765625,
      0.734375,
      0.734375,
      0.703125,
      0.734375,
      0.6875,
      0.734375,
      0.6875,
      0.671875,
      0.765625,
      0.703125,
      0.609375,
      0.78125,
      0.59375,
      0.671875,
      0.875
   ],
   "batch_train_losses": [
      1.1917800903320312,
      1.4337213039398193,
      1.2552286386489868,
      1.3535810708999634,
      1.2511414289474487,
      1.216187834739685,
      1.3338078260421753,
      1.0377458333969116,
      1.1887646913528442,
      1.284908413887024,
      1.4372179508209229,
      1.0410997867584229,
      1.4732842445373535,
      1.1880335807800293,
      1.2182741165161133,
      1.2335492372512817,
      1.348004937171936,
      1.2337324619293213,
      1.1006211042404175,
      1.4163626432418823,
      1.1754658222198486,
      1.3492482900619507,
      1.1122069358825684,
      1.186868667602539,
      1.2336777448654175,
      1.3508617877960205,
      1.3076081275939941,
      1.190976619720459,
      1.3366310596466064,
      1.2407835721969604,
      1.2789000272750854,
      1.2541521787643433,
      1.2292561531066895,
      1.4625557661056519,
      1.3783364295959473,
      1.2620190382003784,
      1.3099154233932495,
      1.4725607633590698,
      1.0869210958480835,
      1.529928207397461,
      1.350501537322998,
      1.0365904569625854
   ],
   "batch_train_times": [],
   "val_accuracy": 0.4797297297297297,
   "val_loss": 1.901546742465045,
   "val_accuracy_per_label": [
      0.7727272727272727,
      0.0,
      0.0,
      0.0,
      1.0,
      0.4,
      0.0,
      0.85,
      0.0,
      0.0,
      0.0,
      0.0,
      0.4,
      0.4,
      0.6,
      0.0,
      0.0,
      0.0,
      0.0,
      1.0,
      0.6538461538461539,
      0.0,
      0.0,
      0.0,
      0.0,
      0.2,
      0.0,
      0.9,
      0.0,
      0.0,
      0.0,
      0.2,
      0.8,
      0.0,
      0.0,
      0.0,
      0.2,
      0.0,
      0.7333333333333333,
      0.6,
      0.0,
      0.5,
      0.2
   ]
}