{
   "epoch": 50,
   "batch_train_accuracies": [
      0.828125,
      0.890625,
      0.78125,
      0.78125,
      0.6875,
      0.703125,
      0.6875,
      0.6875,
      0.734375,
      0.796875,
      0.765625,
      0.84375,
      0.671875,
      0.8125,
      0.828125,
      0.71875,
      0.75,
      0.71875,
      0.6875,
      0.6875,
      0.640625,
      0.703125,
      0.703125,
      0.78125,
      0.734375,
      0.625,
      0.734375,
      0.78125,
      0.765625,
      0.796875,
      0.796875,
      0.671875,
      0.734375,
      0.78125,
      0.734375,
      0.8125,
      0.765625,
      0.734375,
      0.765625,
      0.703125,
      0.671875,
      0.5625
   ],
   "batch_train_losses": [
      1.1130459308624268,
      0.9774981141090393,
      1.1383914947509766,
      1.309613585472107,
      1.2019014358520508,
      1.1798964738845825,
      1.3079317808151245,
      1.4061168432235718,
      1.2611358165740967,
      1.1718825101852417,
      1.1765886545181274,
      1.0392091274261475,
      1.270450472831726,
      1.1967694759368896,
      1.0864403247833252,
      1.3116456270217896,
      1.2490322589874268,
      1.3570938110351562,
      1.3195464611053467,
      1.3335256576538086,
      1.25404691696167,
      1.1872352361679077,
      1.3558034896850586,
      1.0829787254333496,
      1.2044333219528198,
      1.3383034467697144,
      1.271242380142212,
      1.1320886611938477,
      1.209555745124817,
      1.191392183303833,
      1.0927598476409912,
      1.2979507446289062,
      1.2683066129684448,
      1.0190035104751587,
      1.2531276941299438,
      0.9963551759719849,
      1.0999680757522583,
      1.24751877784729,
      1.1604483127593994,
      1.3700525760650635,
      1.3971889019012451,
      1.7838337421417236
   ],
   "batch_train_times": [],
   "val_accuracy": 0.4797297297297297,
   "val_loss": 2.0742585497933463,
   "val_accuracy_per_label": [
      0.6818181818181818,
      0.0,
      0.16666666666666666,
      0.0,
      1.0,
      0.8,
      0.0,
      0.95,
      0.0,
      0.0,
      0.0,
      0.2,
      0.0,
      0.4,
      0.6,
      0.0,
      0.0,
      0.0,
      0.0,
      0.9655172413793104,
      0.6923076923076923,
      0.0,
      0.4,
      0.2,
      0.0,
      0.9,
      0.0,
      0.15,
      0.0,
      0.0,
      0.0,
      0.0,
      0.6,
      0.0,
      0.0,
      0.0,
      0.0,
      0.0,
      0.7333333333333333,
      1.0,
      0.0,
      0.5,
      0.6
   ]
}