{
   "epoch": 14,
   "batch_train_accuracies": [
      0.546875,
      0.578125,
      0.53125,
      0.546875,
      0.53125,
      0.5,
      0.46875,
      0.65625,
      0.5,
      0.625,
      0.609375,
      0.5,
      0.578125,
      0.5625,
      0.5625,
      0.46875,
      0.5625,
      0.640625,
      0.578125,
      0.546875,
      0.5,
      0.453125,
      0.5,
      0.5,
      0.6875,
      0.546875,
      0.390625,
      0.515625,
      0.59375,
      0.546875,
      0.546875,
      0.546875,
      0.578125,
      0.578125,
      0.671875,
      0.609375,
      0.5625,
      0.5,
      0.578125,
      0.578125,
      0.640625,
      0.5
   ],
   "batch_train_losses": [
      1.7351503372192383,
      1.7365902662277222,
      1.7618775367736816,
      1.682315468788147,
      1.880237340927124,
      1.8335587978363037,
      1.9171663522720337,
      1.521310806274414,
      1.9253315925598145,
      1.6781818866729736,
      1.6503825187683105,
      1.8700239658355713,
      1.8508495092391968,
      1.7583165168762207,
      1.7540258169174194,
      1.8143171072006226,
      1.8466166257858276,
      1.6597472429275513,
      1.722815990447998,
      1.7458698749542236,
      1.83012855052948,
      1.7952603101730347,
      1.7788063287734985,
      2.0133752822875977,
      1.5920803546905518,
      1.9298055171966553,
      2.000384569168091,
      1.8398947715759277,
      1.5594490766525269,
      1.8592703342437744,
      1.666823148727417,
      1.7720776796340942,
      1.7912076711654663,
      1.7717583179473877,
      1.6244239807128906,
      1.6989517211914062,
      1.7602462768554688,
      1.722133755683899,
      1.7963429689407349,
      1.6489753723144531,
      1.6014387607574463,
      1.8711491823196411
   ],
   "batch_train_times": [],
   "val_accuracy": 0.3581081081081081,
   "val_loss": 2.2362049850257666,
   "val_accuracy_per_label": [
      0.5454545454545454,
      0.0,
      0.0,
      0.0,
      0.2,
      0.8,
      0.0,
      0.65,
      0.0,
      0.0,
      0.0,
      0.0,
      0.0,
      0.2,
      0.0,
      0.0,
      0.0,
      0.0,
      0.8,
      0.8620689655172413,
      0.6538461538461539,
      0.0,
      0.0,
      0.0,
      0.0,
      0.0,
      0.0,
      0.8,
      0.0,
      0.0,
      0.0,
      0.2,
      0.0,
      0.0,
      0.0,
      0.0,
      0.0,
      0.0,
      0.06666666666666667,
      0.3,
      0.0,
      1.0,
      0.0
   ]
}