{
   "epoch": 12,
   "batch_train_accuracies": [
      0.640625,
      0.515625,
      0.609375,
      0.5625,
      0.5625,
      0.515625,
      0.5625,
      0.5,
      0.59375,
      0.46875,
      0.4375,
      0.609375,
      0.578125,
      0.65625,
      0.515625,
      0.59375,
      0.546875,
      0.546875,
      0.390625,
      0.484375,
      0.546875,
      0.453125,
      0.609375,
      0.59375,
      0.578125,
      0.5,
      0.5,
      0.5625,
      0.484375,
      0.421875,
      0.53125,
      0.359375,
      0.5,
      0.46875,
      0.515625,
      0.484375,
      0.453125,
      0.515625,
      0.546875,
      0.484375,
      0.5625,
      0.4375
   ],
   "batch_train_losses": [
      1.7261229753494263,
      1.8812005519866943,
      1.7409857511520386,
      1.85260808467865,
      1.8501883745193481,
      1.8898483514785767,
      1.8357439041137695,
      1.9476321935653687,
      1.7550222873687744,
      2.049003839492798,
      1.9269365072250366,
      1.698752760887146,
      1.6697639226913452,
      1.6912481784820557,
      1.9025291204452515,
      1.7253104448318481,
      1.774543285369873,
      1.9053150415420532,
      2.0459511280059814,
      1.8352398872375488,
      1.879918098449707,
      1.9591797590255737,
      1.6287328004837036,
      1.6724720001220703,
      1.629215121269226,
      1.9411770105361938,
      2.00771164894104,
      1.9566649198532104,
      1.876879096031189,
      2.1990256309509277,
      1.8347946405410767,
      2.12785005569458,
      1.8699147701263428,
      2.0743324756622314,
      1.79354727268219,
      1.9450645446777344,
      1.9377567768096924,
      1.8844796419143677,
      1.7867591381072998,
      1.8750404119491577,
      1.7183079719543457,
      2.057828664779663
   ],
   "batch_train_times": [],
   "val_accuracy": 0.3547297297297297,
   "val_loss": 2.419345849269145,
   "val_accuracy_per_label": [
      0.7727272727272727,
      0.0,
      0.0,
      0.0,
      0.4,
      0.4,
      0.0,
      0.8,
      0.0,
      0.0,
      0.0,
      0.0,
      0.2,
      0.4,
      0.0,
      0.0,
      0.0,
      0.0,
      0.2,
      0.7586206896551724,
      0.6923076923076923,
      0.0,
      0.0,
      0.0,
      0.0,
      0.0,
      0.0,
      0.3,
      0.0,
      0.0,
      0.0,
      0.0,
      0.0,
      0.0,
      0.0,
      0.0,
      0.0,
      0.0,
      0.6666666666666666,
      0.1,
      0.0,
      0.625,
      0.4
   ]
}