{
   "epoch": 31,
   "batch_train_accuracies": [
      0.71875,
      0.5625,
      0.65625,
      0.765625,
      0.625,
      0.703125,
      0.75,
      0.765625,
      0.734375,
      0.671875,
      0.625,
      0.78125,
      0.734375,
      0.796875,
      0.65625,
      0.625,
      0.734375,
      0.6875,
      0.734375,
      0.640625,
      0.65625,
      0.703125,
      0.734375,
      0.765625,
      0.734375,
      0.703125,
      0.734375,
      0.734375,
      0.6875,
      0.625,
      0.65625,
      0.578125,
      0.640625,
      0.765625,
      0.6875,
      0.59375,
      0.734375,
      0.71875,
      0.75,
      0.65625,
      0.671875,
      0.6875
   ],
   "batch_train_losses": [
      1.2877479791641235,
      1.6048011779785156,
      1.4814019203186035,
      1.2529172897338867,
      1.3682423830032349,
      1.3543345928192139,
      1.2755182981491089,
      1.2400925159454346,
      1.2008705139160156,
      1.3004522323608398,
      1.4245344400405884,
      1.2366260290145874,
      1.152829647064209,
      1.185975432395935,
      1.4224704504013062,
      1.4160815477371216,
      1.4434410333633423,
      1.4202544689178467,
      1.2443313598632812,
      1.4875408411026,
      1.372661828994751,
      1.2278919219970703,
      1.1823241710662842,
      1.223655343055725,
      1.308608889579773,
      1.3376284837722778,
      1.3663420677185059,
      1.319366216659546,
      1.4320900440216064,
      1.4817004203796387,
      1.3154364824295044,
      1.5487327575683594,
      1.4262351989746094,
      1.2121851444244385,
      1.3792204856872559,
      1.5037055015563965,
      1.2927919626235962,
      1.249959111213684,
      1.2611113786697388,
      1.4402812719345093,
      1.3595300912857056,
      1.2762371301651
   ],
   "batch_train_times": [],
   "val_accuracy": 0.4831081081081081,
   "val_loss": 2.0420429609917305,
   "val_accuracy_per_label": [
      0.5909090909090909,
      0.0,
      0.0,
      0.0,
      0.6,
      1.0,
      0.0,
      0.9,
      0.0,
      0.0,
      0.0,
      0.0,
      0.0,
      0.6,
      0.6,
      0.0,
      0.0,
      0.0,
      0.0,
      1.0,
      0.8076923076923077,
      0.0,
      0.4,
      0.4,
      0.0,
      0.5,
      0.0,
      0.55,
      0.0,
      0.0,
      0.0,
      0.2,
      0.8,
      0.0,
      0.0,
      0.0,
      0.2,
      0.0,
      0.8666666666666667,
      0.5,
      0.0,
      0.375,
      0.2
   ]
}