{
   "epoch": 35,
   "batch_train_accuracies": [
      0.734375,
      0.734375,
      0.578125,
      0.65625,
      0.703125,
      0.84375,
      0.84375,
      0.75,
      0.765625,
      0.71875,
      0.75,
      0.734375,
      0.765625,
      0.671875,
      0.65625,
      0.734375,
      0.6875,
      0.65625,
      0.765625,
      0.65625,
      0.765625,
      0.640625,
      0.734375,
      0.71875,
      0.75,
      0.734375,
      0.59375,
      0.59375,
      0.53125,
      0.625,
      0.875,
      0.640625,
      0.71875,
      0.578125,
      0.703125,
      0.640625,
      0.640625,
      0.6875,
      0.671875,
      0.703125,
      0.796875,
      0.5
   ],
   "batch_train_losses": [
      1.216936469078064,
      1.1950486898422241,
      1.4629204273223877,
      1.3733285665512085,
      1.2832362651824951,
      1.1527314186096191,
      1.0626726150512695,
      1.2964237928390503,
      1.2961450815200806,
      1.3536256551742554,
      1.2156100273132324,
      1.2718638181686401,
      1.2296074628829956,
      1.197319746017456,
      1.384778618812561,
      1.1555582284927368,
      1.297128438949585,
      1.5071275234222412,
      1.2061936855316162,
      1.2622921466827393,
      1.0910850763320923,
      1.367904543876648,
      1.2448303699493408,
      1.2308679819107056,
      1.2900429964065552,
      1.1890352964401245,
      1.6849290132522583,
      1.5289472341537476,
      1.5681439638137817,
      1.4970653057098389,
      1.1997137069702148,
      1.3679723739624023,
      1.3368685245513916,
      1.5176938772201538,
      1.2939245700836182,
      1.5326685905456543,
      1.5139069557189941,
      1.3450034856796265,
      1.3642146587371826,
      1.3359454870224,
      1.1700645685195923,
      1.7876150608062744
   ],
   "batch_train_times": [],
   "val_accuracy": 0.44594594594594594,
   "val_loss": 2.0312078256864807,
   "val_accuracy_per_label": [
      0.5454545454545454,
      0.0,
      0.0,
      0.0,
      0.6,
      1.0,
      0.0,
      0.8,
      0.0,
      0.0,
      0.0,
      0.0,
      0.0,
      1.0,
      0.4,
      0.0,
      0.0,
      0.0,
      0.0,
      1.0,
      0.8461538461538461,
      0.0,
      0.0,
      0.4,
      0.0,
      0.0,
      0.0,
      0.45,
      0.0,
      0.0,
      0.0,
      0.2,
      0.8,
      0.0,
      0.0,
      0.0,
      0.0,
      0.0,
      0.8666666666666667,
      0.3,
      0.0,
      0.625,
      0.2
   ]
}