{
   "epoch": 8,
   "batch_train_accuracies": [
      0.484375,
      0.296875,
      0.53125,
      0.515625,
      0.53125,
      0.46875,
      0.578125,
      0.4375,
      0.46875,
      0.421875,
      0.515625,
      0.421875,
      0.421875,
      0.515625,
      0.4375,
      0.546875,
      0.453125,
      0.46875,
      0.5,
      0.515625,
      0.515625,
      0.453125,
      0.5625,
      0.515625,
      0.515625,
      0.484375,
      0.5,
      0.34375,
      0.46875,
      0.453125,
      0.5,
      0.515625,
      0.5625,
      0.609375,
      0.46875,
      0.484375,
      0.5,
      0.453125,
      0.53125,
      0.546875,
      0.5625,
      0.5625
   ],
   "batch_train_losses": [
      2.2474350929260254,
      2.327937364578247,
      2.046203136444092,
      1.9785274267196655,
      2.1444358825683594,
      2.164252758026123,
      2.1948609352111816,
      2.3551576137542725,
      2.0924484729766846,
      2.1238720417022705,
      2.1582772731781006,
      2.158170461654663,
      2.1296164989471436,
      2.0746095180511475,
      2.2905113697052,
      1.9732778072357178,
      2.200812816619873,
      2.2105963230133057,
      1.9918594360351562,
      2.089818239212036,
      2.113136053085327,
      2.2209413051605225,
      1.9535754919052124,
      2.1442599296569824,
      2.076904058456421,
      2.128746271133423,
      2.212907552719116,
      2.234241485595703,
      2.1202242374420166,
      2.2085952758789062,
      2.1653287410736084,
      2.242784261703491,
      2.0457091331481934,
      1.8574587106704712,
      2.124343156814575,
      2.2273364067077637,
      1.9347636699676514,
      2.105187177658081,
      2.064519166946411,
      2.12992000579834,
      2.0280861854553223,
      2.1321229934692383
   ],
   "batch_train_times": [],
   "val_accuracy": 0.2635135135135135,
   "val_loss": 2.704047609019924,
   "val_accuracy_per_label": [
      0.5,
      0.0,
      0.0,
      0.0,
      0.0,
      0.2,
      0.0,
      0.85,
      0.0,
      0.0,
      0.0,
      0.0,
      0.0,
      0.0,
      0.0,
      0.0,
      0.0,
      0.0,
      0.8,
      0.1724137931034483,
      0.8846153846153846,
      0.0,
      0.0,
      0.0,
      0.0,
      0.0,
      0.0,
      0.3,
      0.0,
      0.0,
      0.0,
      0.0,
      0.2,
      0.0,
      0.0,
      0.0,
      0.0,
      0.0,
      0.06666666666666667,
      0.2,
      0.0,
      0.875,
      0.0
   ]
}