{
   "epoch": 48,
   "batch_train_accuracies": [
      0.6875,
      0.71875,
      0.75,
      0.65625,
      0.703125,
      0.734375,
      0.703125,
      0.71875,
      0.8125,
      0.703125,
      0.6875,
      0.796875,
      0.8125,
      0.734375,
      0.890625,
      0.703125,
      0.78125,
      0.765625,
      0.765625,
      0.703125,
      0.671875,
      0.78125,
      0.6875,
      0.6875,
      0.796875,
      0.703125,
      0.578125,
      0.71875,
      0.6875,
      0.71875,
      0.8125,
      0.765625,
      0.78125,
      0.828125,
      0.75,
      0.765625,
      0.671875,
      0.78125,
      0.671875,
      0.71875,
      0.78125,
      0.75
   ],
   "batch_train_losses": [
      1.2725290060043335,
      1.2535653114318848,
      1.2612779140472412,
      1.3830362558364868,
      1.2563896179199219,
      1.1747865676879883,
      1.1814799308776855,
      1.332410454750061,
      1.074888825416565,
      1.2629271745681763,
      1.339921474456787,
      1.1388477087020874,
      1.1643147468566895,
      1.1459161043167114,
      0.8968467116355896,
      1.2107110023498535,
      1.1092652082443237,
      1.23048996925354,
      1.067622423171997,
      1.0412354469299316,
      1.3252476453781128,
      1.005469560623169,
      1.3513418436050415,
      1.243194580078125,
      1.1335111856460571,
      1.253859281539917,
      1.562158226966858,
      1.3160048723220825,
      1.1585193872451782,
      1.3260173797607422,
      1.0900026559829712,
      1.1925394535064697,
      1.1309900283813477,
      1.0160160064697266,
      1.174155831336975,
      1.172054409980774,
      1.3558320999145508,
      1.295500636100769,
      1.4477593898773193,
      1.3108291625976562,
      1.0609537363052368,
      1.52308988571167
   ],
   "batch_train_times": [],
   "val_accuracy": 0.47297297297297297,
   "val_loss": 2.013802521937602,
   "val_accuracy_per_label": [
      0.7272727272727273,
      0.0,
      0.0,
      0.0,
      1.0,
      1.0,
      0.0,
      0.65,
      0.0,
      0.0,
      0.0,
      0.0,
      0.0,
      1.0,
      0.6,
      0.0,
      0.0,
      0.0,
      0.0,
      0.9655172413793104,
      1.0,
      0.0,
      0.0,
      0.4,
      0.0,
      0.0,
      0.0,
      0.5,
      0.0,
      0.0,
      0.2,
      0.0,
      0.8,
      0.0,
      0.0,
      0.0,
      0.2,
      0.0,
      0.8,
      0.3,
      0.0,
      0.5,
      0.4
   ]
}