{
   "epoch": 27,
   "batch_train_accuracies": [
      0.75,
      0.71875,
      0.671875,
      0.671875,
      0.75,
      0.59375,
      0.640625,
      0.640625,
      0.703125,
      0.765625,
      0.625,
      0.609375,
      0.65625,
      0.609375,
      0.671875,
      0.5625,
      0.640625,
      0.5625,
      0.640625,
      0.75,
      0.578125,
      0.65625,
      0.671875,
      0.65625,
      0.703125,
      0.59375,
      0.6875,
      0.59375,
      0.71875,
      0.625,
      0.6875,
      0.78125,
      0.703125,
      0.734375,
      0.671875,
      0.6875,
      0.734375,
      0.578125,
      0.609375,
      0.6875,
      0.5625,
      0.75
   ],
   "batch_train_losses": [
      1.2418537139892578,
      1.46746826171875,
      1.3970983028411865,
      1.3759369850158691,
      1.280850887298584,
      1.5562028884887695,
      1.4005458354949951,
      1.4878736734390259,
      1.2410556077957153,
      1.3282676935195923,
      1.4573456048965454,
      1.4869847297668457,
      1.4565867185592651,
      1.476603388786316,
      1.4839979410171509,
      1.6000475883483887,
      1.3815836906433105,
      1.6131960153579712,
      1.3645031452178955,
      1.296268343925476,
      1.5334712266921997,
      1.398295283317566,
      1.52272367477417,
      1.3758461475372314,
      1.3742640018463135,
      1.627119541168213,
      1.290727972984314,
      1.507734775543213,
      1.207985281944275,
      1.4626351594924927,
      1.2879019975662231,
      1.27445387840271,
      1.3947798013687134,
      1.373447060585022,
      1.323886513710022,
      1.316465973854065,
      1.2549952268600464,
      1.5479968786239624,
      1.3680531978607178,
      1.3166462182998657,
      1.6671860218048096,
      1.2611759901046753
   ],
   "batch_train_times": [],
   "val_accuracy": 0.44594594594594594,
   "val_loss": 2.0979812531857878,
   "val_accuracy_per_label": [
      0.8181818181818182,
      0.0,
      0.0,
      0.0,
      1.0,
      1.0,
      0.0,
      0.75,
      0.0,
      0.0,
      0.0,
      0.0,
      0.0,
      0.8,
      0.0,
      0.0,
      0.0,
      0.0,
      0.0,
      1.0,
      0.8846153846153846,
      0.0,
      0.0,
      0.0,
      0.0,
      0.1,
      0.0,
      0.35,
      0.0,
      0.0,
      0.0,
      0.2,
      0.6,
      0.0,
      0.0,
      0.0,
      0.0,
      0.0,
      0.9333333333333333,
      0.1,
      0.0,
      0.375,
      0.6
   ]
}