{
   "epoch": 4,
   "batch_train_accuracies": [
      0.390625,
      0.359375,
      0.40625,
      0.5,
      0.4375,
      0.453125,
      0.40625,
      0.515625,
      0.390625,
      0.34375,
      0.5,
      0.421875,
      0.453125,
      0.453125,
      0.359375,
      0.484375,
      0.3125,
      0.359375,
      0.40625,
      0.5,
      0.46875,
      0.28125,
      0.53125,
      0.390625,
      0.515625,
      0.421875,
      0.359375,
      0.484375,
      0.421875,
      0.421875,
      0.359375,
      0.4375,
      0.484375,
      0.390625,
      0.359375,
      0.484375,
      0.34375,
      0.484375,
      0.46875,
      0.328125,
      0.375,
      0.25
   ],
   "batch_train_losses": [
      2.688886880874634,
      2.7827296257019043,
      2.7525525093078613,
      2.5270471572875977,
      2.5658953189849854,
      2.639507532119751,
      2.727858066558838,
      2.582077980041504,
      2.704130172729492,
      2.685882806777954,
      2.5221590995788574,
      2.6273269653320312,
      2.6511223316192627,
      2.537851333618164,
      2.6802258491516113,
      2.5251200199127197,
      2.824888229370117,
      2.620706558227539,
      2.699350595474243,
      2.4695584774017334,
      2.525789737701416,
      2.8072824478149414,
      2.438645839691162,
      2.5661661624908447,
      2.444417953491211,
      2.6562066078186035,
      2.7554287910461426,
      2.4821243286132812,
      2.586428642272949,
      2.612619161605835,
      2.5736124515533447,
      2.550494909286499,
      2.4329833984375,
      2.5843617916107178,
      2.7007269859313965,
      2.4287118911743164,
      2.7807765007019043,
      2.421832323074341,
      2.4840950965881348,
      2.6633191108703613,
      2.5687854290008545,
      2.6567344665527344
   ],
   "batch_train_times": [],
   "val_accuracy": 0.28378378378378377,
   "val_loss": 2.8914096291000777,
   "val_accuracy_per_label": [
      0.45454545454545453,
      0.0,
      0.0,
      0.0,
      0.0,
      0.2,
      0.0,
      0.8,
      0.0,
      0.0,
      0.0,
      0.0,
      0.0,
      0.2,
      0.0,
      0.0,
      0.0,
      0.0,
      0.8,
      0.5172413793103449,
      0.7307692307692307,
      0.0,
      0.0,
      0.0,
      0.0,
      0.0,
      0.0,
      0.5,
      0.0,
      0.0,
      0.0,
      0.0,
      0.0,
      0.0,
      0.0,
      0.0,
      0.0,
      0.0,
      0.0,
      0.1,
      0.0,
      0.75,
      0.2
   ]
}