{
   "epoch": 30,
   "batch_train_accuracies": [
      0.625,
      0.625,
      0.65625,
      0.625,
      0.609375,
      0.65625,
      0.703125,
      0.671875,
      0.65625,
      0.65625,
      0.59375,
      0.6875,
      0.640625,
      0.734375,
      0.71875,
      0.65625,
      0.734375,
      0.578125,
      0.703125,
      0.765625,
      0.578125,
      0.765625,
      0.5625,
      0.75,
      0.65625,
      0.703125,
      0.6875,
      0.5625,
      0.703125,
      0.734375,
      0.734375,
      0.71875,
      0.65625,
      0.75,
      0.640625,
      0.6875,
      0.671875,
      0.703125,
      0.765625,
      0.59375,
      0.6875,
      0.4375
   ],
   "batch_train_losses": [
      1.3572072982788086,
      1.448164939880371,
      1.4337737560272217,
      1.5647555589675903,
      1.365575909614563,
      1.4630202054977417,
      1.2198448181152344,
      1.439391016960144,
      1.4014509916305542,
      1.4044283628463745,
      1.3665118217468262,
      1.4529807567596436,
      1.5227473974227905,
      1.1788074970245361,
      1.2088420391082764,
      1.5496907234191895,
      1.2671147584915161,
      1.4991023540496826,
      1.312880039215088,
      1.2712061405181885,
      1.4967055320739746,
      1.1519824266433716,
      1.5905866622924805,
      1.3233332633972168,
      1.4354501962661743,
      1.158016562461853,
      1.534044623374939,
      1.4842127561569214,
      1.2312761545181274,
      1.3230462074279785,
      1.2862038612365723,
      1.2978515625,
      1.4589488506317139,
      1.1426875591278076,
      1.4680547714233398,
      1.5022200345993042,
      1.388798475265503,
      1.2044011354446411,
      1.262430191040039,
      1.3491063117980957,
      1.2981986999511719,
      1.7033164501190186
   ],
   "batch_train_times": [],
   "val_accuracy": 0.46621621621621623,
   "val_loss": 2.0016362441552653,
   "val_accuracy_per_label": [
      0.6818181818181818,
      0.0,
      0.0,
      0.0,
      0.8,
      1.0,
      0.0,
      0.9,
      0.0,
      0.0,
      0.0,
      0.0,
      0.0,
      0.8,
      0.4,
      0.0,
      0.0,
      0.0,
      0.0,
      1.0,
      0.6538461538461539,
      0.0,
      0.0,
      0.2,
      0.0,
      0.1,
      0.0,
      0.8,
      0.0,
      0.0,
      0.0,
      0.2,
      0.8,
      0.0,
      0.0,
      0.0,
      0.0,
      0.0,
      0.6666666666666666,
      0.7,
      0.0,
      0.5,
      0.0
   ]
}