{
   "epoch": 11,
   "batch_train_accuracies": [
      0.59375,
      0.5625,
      0.5625,
      0.4375,
      0.546875,
      0.390625,
      0.625,
      0.484375,
      0.5,
      0.5625,
      0.515625,
      0.359375,
      0.671875,
      0.484375,
      0.515625,
      0.53125,
      0.609375,
      0.484375,
      0.546875,
      0.5,
      0.640625,
      0.46875,
      0.453125,
      0.421875,
      0.453125,
      0.59375,
      0.484375,
      0.578125,
      0.546875,
      0.453125,
      0.609375,
      0.578125,
      0.53125,
      0.546875,
      0.609375,
      0.546875,
      0.5,
      0.578125,
      0.53125,
      0.484375,
      0.515625,
      0.5625
   ],
   "batch_train_losses": [
      1.9271985292434692,
      2.007992744445801,
      1.8465559482574463,
      2.1138832569122314,
      1.8840250968933105,
      2.0443272590637207,
      1.8099404573440552,
      1.9927127361297607,
      1.89780855178833,
      1.810027003288269,
      1.9704303741455078,
      2.1308915615081787,
      1.6629284620285034,
      2.1339266300201416,
      2.005127429962158,
      1.868178367614746,
      1.699776291847229,
      1.9061660766601562,
      1.918413519859314,
      1.9523446559906006,
      1.5929045677185059,
      2.0246078968048096,
      2.113557815551758,
      2.0383732318878174,
      2.0094940662384033,
      1.7969976663589478,
      2.0587754249572754,
      1.782657504081726,
      1.8266475200653076,
      1.98512601852417,
      1.780110239982605,
      1.7862027883529663,
      1.932271122932434,
      1.854335069656372,
      1.8062649965286255,
      1.8521264791488647,
      1.9578616619110107,
      1.8985322713851929,
      1.8927661180496216,
      1.8896883726119995,
      1.9178801774978638,
      2.0326805114746094
   ],
   "batch_train_times": [],
   "val_accuracy": 0.3547297297297297,
   "val_loss": 2.4411718200992896,
   "val_accuracy_per_label": [
      0.5,
      0.0,
      0.0,
      0.0,
      0.2,
      0.8,
      0.0,
      0.75,
      0.0,
      0.0,
      0.0,
      0.0,
      0.0,
      0.0,
      0.0,
      0.0,
      0.0,
      0.0,
      0.8,
      0.7241379310344828,
      0.8846153846153846,
      0.0,
      0.0,
      0.0,
      0.0,
      0.0,
      0.0,
      0.65,
      0.0,
      0.0,
      0.0,
      0.0,
      0.0,
      0.0,
      0.0,
      0.0,
      0.0,
      0.0,
      0.2,
      0.3,
      0.0,
      0.875,
      0.0
   ]
}