{
   "epoch": 46,
   "batch_train_accuracies": [
      0.796875,
      0.734375,
      0.78125,
      0.6875,
      0.84375,
      0.796875,
      0.71875,
      0.734375,
      0.65625,
      0.796875,
      0.84375,
      0.78125,
      0.78125,
      0.78125,
      0.671875,
      0.765625,
      0.8125,
      0.6875,
      0.734375,
      0.734375,
      0.671875,
      0.765625,
      0.65625,
      0.734375,
      0.75,
      0.78125,
      0.640625,
      0.734375,
      0.765625,
      0.796875,
      0.703125,
      0.734375,
      0.75,
      0.765625,
      0.65625,
      0.859375,
      0.625,
      0.734375,
      0.703125,
      0.65625,
      0.71875,
      0.6875
   ],
   "batch_train_losses": [
      1.2203313112258911,
      1.3285294771194458,
      1.0171630382537842,
      1.2332245111465454,
      1.0874037742614746,
      1.1925920248031616,
      1.3463962078094482,
      1.1393710374832153,
      1.4016032218933105,
      1.1396052837371826,
      1.1027169227600098,
      1.134189486503601,
      1.131623387336731,
      1.0750969648361206,
      1.3641424179077148,
      1.0787469148635864,
      1.0192607641220093,
      1.4070311784744263,
      1.2547963857650757,
      1.2349244356155396,
      1.3385913372039795,
      1.2488714456558228,
      1.3841331005096436,
      1.1946858167648315,
      1.2206753492355347,
      1.1524593830108643,
      1.412119746208191,
      1.2115994691848755,
      1.1650549173355103,
      1.067183256149292,
      1.1123677492141724,
      1.2982568740844727,
      1.2048027515411377,
      1.2362377643585205,
      1.3867242336273193,
      1.0722681283950806,
      1.3189232349395752,
      1.2229059934616089,
      1.3163074254989624,
      1.3693803548812866,
      1.2465890645980835,
      1.3127118349075317
   ],
   "batch_train_times": [],
   "val_accuracy": 0.5236486486486487,
   "val_loss": 1.8998409477440086,
   "val_accuracy_per_label": [
      0.7272727272727273,
      0.0,
      0.0,
      0.0,
      1.0,
      0.8,
      0.6666666666666666,
      0.8,
      0.0,
      0.0,
      0.0,
      0.0,
      0.0,
      1.0,
      0.6,
      0.0,
      0.0,
      0.0,
      0.2,
      1.0,
      0.8076923076923077,
      0.0,
      0.2,
      0.6,
      0.0,
      0.3,
      0.0,
      0.8,
      0.0,
      0.0,
      0.2,
      0.6,
      0.6,
      0.0,
      0.0,
      0.0,
      0.2,
      0.0,
      0.7333333333333333,
      0.5,
      0.0,
      0.5,
      0.4
   ]
}