{
   "epoch": 37,
   "batch_train_accuracies": [
      0.78125,
      0.625,
      0.6875,
      0.78125,
      0.625,
      0.71875,
      0.765625,
      0.75,
      0.703125,
      0.640625,
      0.8125,
      0.796875,
      0.640625,
      0.65625,
      0.734375,
      0.671875,
      0.796875,
      0.6875,
      0.734375,
      0.71875,
      0.671875,
      0.75,
      0.765625,
      0.640625,
      0.71875,
      0.765625,
      0.6875,
      0.671875,
      0.71875,
      0.71875,
      0.65625,
      0.703125,
      0.625,
      0.78125,
      0.796875,
      0.765625,
      0.671875,
      0.671875,
      0.6875,
      0.765625,
      0.734375,
      0.6875
   ],
   "batch_train_losses": [
      1.145505428314209,
      1.4062139987945557,
      1.3524656295776367,
      1.2002487182617188,
      1.437104344367981,
      1.2960299253463745,
      1.3312351703643799,
      1.1912837028503418,
      1.3034334182739258,
      1.2696828842163086,
      1.1087857484817505,
      1.2511510848999023,
      1.4045063257217407,
      1.4217723608016968,
      1.2319377660751343,
      1.3018264770507812,
      1.1534329652786255,
      1.3883332014083862,
      1.1946946382522583,
      1.4240015745162964,
      1.2234015464782715,
      1.2278926372528076,
      1.1515564918518066,
      1.3684934377670288,
      1.2706786394119263,
      1.2088526487350464,
      1.378251075744629,
      1.2433967590332031,
      1.284698247909546,
      1.3611873388290405,
      1.4427343606948853,
      1.2467601299285889,
      1.3828003406524658,
      1.1395078897476196,
      1.306039571762085,
      1.296940565109253,
      1.4341508150100708,
      1.4531811475753784,
      1.3349061012268066,
      1.147763967514038,
      1.233317494392395,
      1.4966402053833008
   ],
   "batch_train_times": [],
   "val_accuracy": 0.4391891891891892,
   "val_loss": 1.9906551902358596,
   "val_accuracy_per_label": [
      0.5454545454545454,
      0.0,
      0.16666666666666666,
      0.0,
      1.0,
      1.0,
      0.0,
      0.8,
      0.0,
      0.0,
      0.0,
      0.0,
      0.0,
      0.6,
      0.8,
      0.0,
      0.0,
      0.0,
      0.0,
      1.0,
      0.6153846153846154,
      0.0,
      0.0,
      0.2,
      0.0,
      0.5,
      0.0,
      0.6,
      0.0,
      0.0,
      0.0,
      0.2,
      0.8,
      0.0,
      0.0,
      0.0,
      0.0,
      0.0,
      0.4,
      0.3,
      0.0,
      0.5,
      0.6
   ]
}