{
   "epoch": 36,
   "batch_train_accuracies": [
      0.671875,
      0.703125,
      0.671875,
      0.703125,
      0.71875,
      0.78125,
      0.71875,
      0.78125,
      0.71875,
      0.703125,
      0.640625,
      0.59375,
      0.75,
      0.75,
      0.6875,
      0.703125,
      0.5625,
      0.671875,
      0.65625,
      0.765625,
      0.765625,
      0.640625,
      0.796875,
      0.703125,
      0.71875,
      0.703125,
      0.765625,
      0.625,
      0.71875,
      0.75,
      0.65625,
      0.65625,
      0.75,
      0.796875,
      0.703125,
      0.734375,
      0.71875,
      0.703125,
      0.796875,
      0.6875,
      0.71875,
      0.8125
   ],
   "batch_train_losses": [
      1.356425166130066,
      1.3324648141860962,
      1.3153884410858154,
      1.3430131673812866,
      1.2857224941253662,
      1.2353497743606567,
      1.2724825143814087,
      1.2439601421356201,
      1.2438194751739502,
      1.2413665056228638,
      1.4436603784561157,
      1.479437232017517,
      1.264186978340149,
      1.202230453491211,
      1.276319146156311,
      1.2732679843902588,
      1.486525297164917,
      1.3647807836532593,
      1.3337103128433228,
      1.1677361726760864,
      1.3385560512542725,
      1.4139482975006104,
      1.0341544151306152,
      1.3612149953842163,
      1.419495940208435,
      1.351151943206787,
      1.1936923265457153,
      1.5511114597320557,
      1.2139652967453003,
      1.2390964031219482,
      1.3775177001953125,
      1.311095118522644,
      1.2642475366592407,
      1.2442548274993896,
      1.2465121746063232,
      1.2501333951950073,
      1.2122303247451782,
      1.2636662721633911,
      1.1772164106369019,
      1.2828881740570068,
      1.2793011665344238,
      1.4929149150848389
   ],
   "batch_train_times": [],
   "val_accuracy": 0.5067567567567568,
   "val_loss": 2.0073086506611593,
   "val_accuracy_per_label": [
      0.7727272727272727,
      0.0,
      0.0,
      0.0,
      0.8,
      0.6,
      0.0,
      0.85,
      0.0,
      0.0,
      0.0,
      0.0,
      0.0,
      1.0,
      0.6,
      0.0,
      0.0,
      0.0,
      0.2,
      1.0,
      0.8461538461538461,
      0.0,
      0.4,
      0.2,
      0.0,
      0.2,
      0.0,
      0.8,
      0.0,
      0.0,
      0.0,
      0.0,
      0.8,
      0.0,
      0.0,
      0.0,
      0.2,
      0.0,
      0.7333333333333333,
      0.7,
      0.0,
      0.375,
      0.4
   ]
}