{
   "epoch": 3,
   "batch_train_accuracies": [
      0.296875,
      0.4375,
      0.3125,
      0.234375,
      0.34375,
      0.453125,
      0.5625,
      0.375,
      0.40625,
      0.4375,
      0.34375,
      0.40625,
      0.390625,
      0.453125,
      0.34375,
      0.46875,
      0.40625,
      0.59375,
      0.34375,
      0.359375,
      0.515625,
      0.359375,
      0.375,
      0.359375,
      0.484375,
      0.453125,
      0.4375,
      0.390625,
      0.34375,
      0.34375,
      0.453125,
      0.359375,
      0.453125,
      0.328125,
      0.4375,
      0.390625,
      0.359375,
      0.203125,
      0.453125,
      0.390625,
      0.3125,
      0.25
   ],
   "batch_train_losses": [
      2.96004319190979,
      2.8510193824768066,
      2.970531702041626,
      2.9720401763916016,
      2.947068929672241,
      2.828906536102295,
      2.7814087867736816,
      2.992344856262207,
      2.8833093643188477,
      2.8459699153900146,
      2.904493570327759,
      2.8830721378326416,
      2.726827621459961,
      2.820742607116699,
      2.882232427597046,
      2.769557237625122,
      2.8044958114624023,
      2.635535717010498,
      2.815922737121582,
      2.969672679901123,
      2.6425886154174805,
      2.9267654418945312,
      2.8231749534606934,
      2.7655467987060547,
      2.645394802093506,
      2.755167245864868,
      2.6850903034210205,
      2.816880702972412,
      2.7170047760009766,
      2.7427384853363037,
      2.765430450439453,
      2.7945635318756104,
      2.7106754779815674,
      2.876114845275879,
      2.6547443866729736,
      2.6840617656707764,
      2.8330862522125244,
      2.9522335529327393,
      2.7105839252471924,
      2.7201788425445557,
      2.743622303009033,
      2.8156161308288574
   ],
   "batch_train_times": [],
   "val_accuracy": 0.2702702702702703,
   "val_loss": 3.041242786355921,
   "val_accuracy_per_label": [
      0.5,
      0.0,
      0.0,
      0.0,
      0.0,
      0.0,
      0.0,
      0.85,
      0.0,
      1.0,
      0.0,
      0.0,
      0.0,
      0.0,
      0.0,
      0.0,
      0.0,
      0.0,
      0.2,
      0.5517241379310345,
      0.46153846153846156,
      0.0,
      0.0,
      0.0,
      0.0,
      0.0,
      0.0,
      0.45,
      0.0,
      0.0,
      0.0,
      0.0,
      0.0,
      0.0,
      0.0,
      0.0,
      0.0,
      0.0,
      0.0,
      0.3,
      0.0,
      0.75,
      0.0
   ]
}