{
   "epoch": 53,
   "batch_train_accuracies": [
      1.0,
      1.0,
      1.0,
      1.0,
      1.0,
      1.0,
      1.0,
      1.0,
      1.0,
      1.0,
      1.0,
      1.0,
      1.0,
      1.0,
      1.0,
      1.0,
      1.0,
      1.0,
      1.0,
      1.0,
      1.0,
      1.0,
      1.0,
      1.0,
      1.0,
      1.0,
      1.0,
      1.0,
      1.0,
      1.0,
      1.0,
      1.0,
      1.0,
      1.0,
      1.0,
      1.0,
      1.0,
      1.0,
      1.0,
      1.0,
      1.0,
      1.0
   ],
   "batch_train_losses": [
      0.041056785732507706,
      0.0705476626753807,
      0.0639398917555809,
      0.04970844089984894,
      0.06719603389501572,
      0.08344332873821259,
      0.0980515405535698,
      0.060070913285017014,
      0.07872120290994644,
      0.09928137809038162,
      0.10704691708087921,
      0.09050805866718292,
      0.06461106240749359,
      0.10338568687438965,
      0.10399976372718811,
      0.06740429252386093,
      0.08894366025924683,
      0.07048918306827545,
      0.06339794397354126,
      0.0484238900244236,
      0.049120061099529266,
      0.06696239858865738,
      0.04944542050361633,
      0.06298861652612686,
      0.07513923943042755,
      0.05615273863077164,
      0.07713980972766876,
      0.09353728592395782,
      0.08440840244293213,
      0.08033129572868347,
      0.06893078982830048,
      0.07669279724359512,
      0.08481207489967346,
      0.0812598168849945,
      0.12448996305465698,
      0.05815904960036278,
      0.08942458033561707,
      0.055746667087078094,
      0.09013176709413528,
      0.0880020409822464,
      0.05551942065358162,
      0.12271817028522491
   ],
   "batch_train_times": [],
   "val_accuracy": 0.902027027027027,
   "val_loss": 0.5452838056796306,
   "val_accuracy_per_label": [
      1.0,
      1.0,
      0.8333333333333334,
      0.8,
      0.6,
      0.6,
      0.3333333333333333,
      1.0,
      0.0,
      1.0,
      0.0,
      1.0,
      0.6,
      0.6,
      1.0,
      0.0,
      0.8,
      1.0,
      0.6,
      1.0,
      1.0,
      1.0,
      0.8,
      0.8,
      0.0,
      0.6,
      0.0,
      1.0,
      0.6,
      1.0,
      1.0,
      1.0,
      0.8,
      0.0,
      0.5,
      1.0,
      0.8,
      0.6,
      1.0,
      1.0,
      1.0,
      1.0,
      1.0
   ]
}