{
   "epoch": 21,
   "batch_train_accuracies": [
      1.0,
      0.984375,
      1.0,
      1.0,
      1.0,
      1.0,
      0.984375,
      1.0,
      1.0,
      1.0,
      0.984375,
      1.0,
      1.0,
      0.984375,
      1.0,
      0.984375,
      1.0,
      1.0,
      0.984375,
      1.0,
      0.96875,
      0.984375,
      1.0,
      1.0,
      0.984375,
      0.984375,
      0.984375,
      0.984375,
      1.0,
      0.984375,
      1.0,
      1.0,
      0.984375,
      1.0,
      0.984375,
      1.0,
      1.0,
      1.0,
      1.0,
      0.953125,
      1.0,
      1.0
   ],
   "batch_train_losses": [
      0.23184406757354736,
      0.2521061599254608,
      0.19117163121700287,
      0.19831252098083496,
      0.19928325712680817,
      0.2740876376628876,
      0.22582963109016418,
      0.2300795465707779,
      0.23406347632408142,
      0.2305937111377716,
      0.22657425701618195,
      0.1911027878522873,
      0.21801404654979706,
      0.16929636895656586,
      0.19660009443759918,
      0.2171696275472641,
      0.22682902216911316,
      0.26874130964279175,
      0.2738244831562042,
      0.158352330327034,
      0.24849188327789307,
      0.22221344709396362,
      0.18940287828445435,
      0.19542694091796875,
      0.2865365743637085,
      0.2535786032676697,
      0.255985289812088,
      0.3223365247249603,
      0.23294603824615479,
      0.1974945366382599,
      0.20420628786087036,
      0.17588087916374207,
      0.19045783579349518,
      0.2857781648635864,
      0.25973695516586304,
      0.2507742643356323,
      0.33083489537239075,
      0.2563261091709137,
      0.2513696551322937,
      0.30299586057662964,
      0.27597880363464355,
      0.2676992416381836
   ],
   "batch_train_times": [],
   "val_accuracy": 0.8006756756756757,
   "val_loss": 0.7566811973984177,
   "val_accuracy_per_label": [
      1.0,
      0.8,
      1.0,
      0.8,
      0.2,
      0.0,
      0.0,
      0.95,
      0.0,
      0.2,
      0.0,
      1.0,
      0.4,
      0.8,
      0.8,
      0.0,
      0.0,
      0.6,
      0.6,
      1.0,
      1.0,
      0.8,
      0.8,
      0.6,
      0.0,
      0.5,
      0.0,
      0.8,
      0.0,
      1.0,
      1.0,
      1.0,
      0.8,
      0.0,
      0.5,
      1.0,
      1.0,
      0.6,
      0.8666666666666667,
      1.0,
      1.0,
      1.0,
      0.8
   ]
}