{
   "epoch": 3,
   "batch_train_accuracies": [
      0.9375,
      0.890625,
      0.953125,
      0.890625,
      0.90625,
      0.921875,
      0.90625,
      0.90625,
      0.9375,
      0.90625,
      0.921875,
      0.8125,
      0.84375,
      0.84375,
      0.890625,
      0.90625,
      0.921875,
      0.921875,
      0.90625,
      0.921875,
      0.9375,
      0.921875,
      0.9375,
      0.890625,
      0.953125,
      0.890625,
      0.859375,
      0.90625,
      0.9375,
      0.9375,
      0.9375,
      0.953125,
      0.875,
      0.921875,
      0.921875,
      0.921875,
      0.921875,
      0.953125,
      0.828125,
      0.859375,
      0.90625,
      0.875
   ],
   "batch_train_losses": [
      0.6334997415542603,
      0.639176607131958,
      0.6228606700897217,
      0.7034868001937866,
      0.7250320911407471,
      0.6465177536010742,
      0.6267854571342468,
      0.6640438437461853,
      0.5950716733932495,
      0.7048937678337097,
      0.741136372089386,
      0.7600812911987305,
      0.7780721187591553,
      0.6996511816978455,
      0.6904497742652893,
      0.6158227920532227,
      0.6378941535949707,
      0.6473796367645264,
      0.685880184173584,
      0.572350025177002,
      0.7653140425682068,
      0.6415286064147949,
      0.6254746317863464,
      0.6589972376823425,
      0.6149926781654358,
      0.7009732723236084,
      0.7242754101753235,
      0.7076762318611145,
      0.536796510219574,
      0.6484596133232117,
      0.6869809627532959,
      0.5687803626060486,
      0.644411027431488,
      0.6931456327438354,
      0.6480132937431335,
      0.7275858521461487,
      0.6173336505889893,
      0.6632594466209412,
      0.6929957270622253,
      0.6353715658187866,
      0.5883936882019043,
      0.770897626876831
   ],
   "batch_train_times": [],
   "val_accuracy": 0.6993243243243243,
   "val_loss": 1.1597497269913957,
   "val_accuracy_per_label": [
      1.0,
      0.8,
      1.0,
      0.8,
      0.0,
      0.0,
      0.0,
      0.95,
      0.0,
      0.0,
      0.0,
      0.8,
      0.2,
      1.0,
      0.8,
      0.0,
      0.0,
      0.0,
      0.8,
      1.0,
      1.0,
      0.0,
      0.0,
      0.4,
      0.0,
      0.2,
      0.0,
      0.7,
      0.0,
      1.0,
      0.6,
      1.0,
      0.8,
      0.0,
      0.25,
      1.0,
      0.6,
      0.6,
      0.8666666666666667,
      0.9,
      0.0,
      1.0,
      0.8
   ]
}