{
   "epoch": 48,
   "batch_train_accuracies": [
      1.0,
      1.0,
      1.0,
      1.0,
      0.96875,
      1.0,
      1.0,
      1.0,
      1.0,
      1.0,
      1.0,
      1.0,
      1.0,
      1.0,
      1.0,
      1.0,
      1.0,
      1.0,
      1.0,
      1.0,
      1.0,
      1.0,
      1.0,
      1.0,
      1.0,
      1.0,
      1.0,
      1.0,
      1.0,
      1.0,
      1.0,
      1.0,
      1.0,
      1.0,
      1.0,
      1.0,
      1.0,
      1.0,
      1.0,
      1.0,
      1.0,
      1.0
   ],
   "batch_train_losses": [
      0.08108115196228027,
      0.06920882314443588,
      0.11309636384248734,
      0.054131317883729935,
      0.17477239668369293,
      0.06406350433826447,
      0.09650266915559769,
      0.0656658485531807,
      0.07769634574651718,
      0.10925658047199249,
      0.06632019579410553,
      0.06879951804876328,
      0.10877184569835663,
      0.07261781394481659,
      0.10747752338647842,
      0.08359484374523163,
      0.08122164756059647,
      0.09485121071338654,
      0.07048961520195007,
      0.12411291897296906,
      0.06286708265542984,
      0.08881589025259018,
      0.11487632244825363,
      0.11084116995334625,
      0.05632476508617401,
      0.0908847376704216,
      0.09101095795631409,
      0.07358630001544952,
      0.12173835188150406,
      0.08511171489953995,
      0.08480578660964966,
      0.06859217584133148,
      0.06758694350719452,
      0.11566949635744095,
      0.08638317137956619,
      0.07628640532493591,
      0.07392154633998871,
      0.1234009861946106,
      0.08824842423200607,
      0.10502322018146515,
      0.11055345088243484,
      0.16110356152057648
   ],
   "batch_train_times": [],
   "val_accuracy": 0.8817567567567568,
   "val_loss": 0.5821770985384245,
   "val_accuracy_per_label": [
      1.0,
      1.0,
      0.8333333333333334,
      0.8,
      0.6,
      0.4,
      0.3333333333333333,
      0.95,
      0.0,
      0.6,
      0.0,
      1.0,
      0.4,
      0.6,
      0.8,
      0.0,
      0.8,
      1.0,
      0.6,
      1.0,
      1.0,
      1.0,
      0.8,
      0.8,
      0.0,
      0.5,
      0.0,
      1.0,
      0.6,
      1.0,
      1.0,
      1.0,
      0.8,
      0.0,
      0.5,
      1.0,
      1.0,
      0.6,
      1.0,
      1.0,
      1.0,
      1.0,
      1.0
   ]
}