{
   "epoch": 39,
   "batch_train_accuracies": [
      1.0,
      1.0,
      1.0,
      1.0,
      1.0,
      1.0,
      1.0,
      1.0,
      1.0,
      1.0,
      1.0,
      1.0,
      0.984375,
      1.0,
      1.0,
      1.0,
      1.0,
      1.0,
      1.0,
      1.0,
      1.0,
      1.0,
      1.0,
      1.0,
      1.0,
      1.0,
      1.0,
      0.96875,
      1.0,
      1.0,
      1.0,
      1.0,
      1.0,
      1.0,
      1.0,
      1.0,
      1.0,
      1.0,
      1.0,
      1.0,
      1.0,
      1.0
   ],
   "batch_train_losses": [
      0.148579940199852,
      0.11967036128044128,
      0.14355459809303284,
      0.1039818525314331,
      0.11291401088237762,
      0.07965170592069626,
      0.11581464111804962,
      0.15958227217197418,
      0.1220683678984642,
      0.11630049347877502,
      0.13767117261886597,
      0.13519169390201569,
      0.15248781442642212,
      0.10422378033399582,
      0.11883784085512161,
      0.11831005662679672,
      0.11917252838611603,
      0.1266666054725647,
      0.14986151456832886,
      0.13045527040958405,
      0.1271173357963562,
      0.1451677531003952,
      0.0960276797413826,
      0.14795516431331635,
      0.09163737297058105,
      0.0872621014714241,
      0.07118880748748779,
      0.16513389348983765,
      0.1063457578420639,
      0.09004340320825577,
      0.11805528402328491,
      0.11304459720849991,
      0.09078796207904816,
      0.09374219179153442,
      0.08761969208717346,
      0.10716480761766434,
      0.10417959094047546,
      0.14332668483257294,
      0.13951890170574188,
      0.12566135823726654,
      0.1170489713549614,
      0.10746453702449799
   ],
   "batch_train_times": [],
   "val_accuracy": 0.8614864864864865,
   "val_loss": 0.598489187053732,
   "val_accuracy_per_label": [
      1.0,
      1.0,
      1.0,
      0.8,
      0.6,
      0.4,
      0.0,
      0.95,
      0.0,
      0.6,
      0.0,
      1.0,
      0.4,
      0.6,
      0.8,
      0.0,
      0.6,
      1.0,
      0.6,
      1.0,
      1.0,
      1.0,
      0.8,
      0.8,
      0.0,
      0.5,
      0.0,
      0.8,
      0.4,
      1.0,
      1.0,
      1.0,
      0.8,
      0.0,
      0.5,
      1.0,
      1.0,
      0.6,
      1.0,
      1.0,
      1.0,
      1.0,
      1.0
   ]
}