{
   "epoch": 25,
   "batch_train_accuracies": [
      1.0,
      0.984375,
      0.984375,
      0.984375,
      1.0,
      1.0,
      1.0,
      1.0,
      0.984375,
      1.0,
      1.0,
      1.0,
      1.0,
      0.984375,
      1.0,
      1.0,
      0.984375,
      1.0,
      1.0,
      1.0,
      1.0,
      0.984375,
      1.0,
      1.0,
      1.0,
      1.0,
      0.96875,
      1.0,
      0.984375,
      1.0,
      1.0,
      1.0,
      1.0,
      1.0,
      1.0,
      1.0,
      0.984375,
      0.984375,
      0.96875,
      1.0,
      0.984375,
      0.9375
   ],
   "batch_train_losses": [
      0.16352008283138275,
      0.2616938352584839,
      0.19937512278556824,
      0.20461401343345642,
      0.20983800292015076,
      0.173441082239151,
      0.18628941476345062,
      0.22789861261844635,
      0.2373865395784378,
      0.23677071928977966,
      0.1541728675365448,
      0.1457875370979309,
      0.17375802993774414,
      0.27123522758483887,
      0.15997685492038727,
      0.13897499442100525,
      0.2133989930152893,
      0.2178366631269455,
      0.19344714283943176,
      0.2439413219690323,
      0.19510319828987122,
      0.23673515021800995,
      0.1827242225408554,
      0.14796370267868042,
      0.2252221405506134,
      0.14093749225139618,
      0.2143067717552185,
      0.16549885272979736,
      0.23949934542179108,
      0.23652607202529907,
      0.26628607511520386,
      0.15870705246925354,
      0.14286023378372192,
      0.22358931601047516,
      0.17811326682567596,
      0.2018747329711914,
      0.22628574073314667,
      0.2525028586387634,
      0.24654904007911682,
      0.24566780030727386,
      0.19006547331809998,
      0.3668113350868225
   ],
   "batch_train_times": [],
   "val_accuracy": 0.8175675675675675,
   "val_loss": 0.7055429026887223,
   "val_accuracy_per_label": [
      1.0,
      1.0,
      1.0,
      0.8,
      0.2,
      0.2,
      0.0,
      0.95,
      0.0,
      0.2,
      0.0,
      1.0,
      0.4,
      0.8,
      0.8,
      0.0,
      0.2,
      0.6,
      0.6,
      1.0,
      1.0,
      0.8,
      0.8,
      0.8,
      0.0,
      0.5,
      0.0,
      0.8,
      0.2,
      1.0,
      1.0,
      1.0,
      0.8,
      0.0,
      0.5,
      1.0,
      1.0,
      0.6,
      0.8666666666666667,
      1.0,
      1.0,
      1.0,
      0.8
   ]
}