{
   "epoch": 33,
   "batch_train_accuracies": [
      1.0,
      1.0,
      1.0,
      1.0,
      1.0,
      1.0,
      1.0,
      1.0,
      1.0,
      1.0,
      1.0,
      0.984375,
      1.0,
      1.0,
      1.0,
      1.0,
      1.0,
      1.0,
      1.0,
      1.0,
      1.0,
      1.0,
      1.0,
      1.0,
      1.0,
      1.0,
      1.0,
      1.0,
      1.0,
      1.0,
      1.0,
      1.0,
      1.0,
      1.0,
      1.0,
      1.0,
      1.0,
      1.0,
      0.984375,
      1.0,
      1.0,
      0.9375
   ],
   "batch_train_losses": [
      0.18472769856452942,
      0.10206092894077301,
      0.15460968017578125,
      0.109581358730793,
      0.13008375465869904,
      0.13115043938159943,
      0.14526359736919403,
      0.21124552190303802,
      0.1662512719631195,
      0.17228834331035614,
      0.11890575289726257,
      0.1961384117603302,
      0.1389535367488861,
      0.12349963188171387,
      0.15439927577972412,
      0.15597496926784515,
      0.14092496037483215,
      0.12537766993045807,
      0.2101801335811615,
      0.15251389145851135,
      0.15291453897953033,
      0.11751318722963333,
      0.12264145165681839,
      0.10493543744087219,
      0.10357142239809036,
      0.09549602121114731,
      0.11034129559993744,
      0.0908055528998375,
      0.17032131552696228,
      0.1340181678533554,
      0.12725701928138733,
      0.18699459731578827,
      0.0971524566411972,
      0.13227978348731995,
      0.15214839577674866,
      0.18104243278503418,
      0.1667424589395523,
      0.10906445980072021,
      0.17232628166675568,
      0.18330836296081543,
      0.13955432176589966,
      0.27944260835647583
   ],
   "batch_train_times": [],
   "val_accuracy": 0.8445945945945946,
   "val_loss": 0.659129038050368,
   "val_accuracy_per_label": [
      1.0,
      1.0,
      1.0,
      0.8,
      0.4,
      0.4,
      0.0,
      0.95,
      0.0,
      0.6,
      0.0,
      1.0,
      0.4,
      0.8,
      0.8,
      0.0,
      0.4,
      1.0,
      0.6,
      1.0,
      1.0,
      0.8,
      0.8,
      0.8,
      0.0,
      0.5,
      0.0,
      0.8,
      0.2,
      1.0,
      1.0,
      1.0,
      0.8,
      0.0,
      0.5,
      1.0,
      1.0,
      0.6,
      0.8666666666666667,
      1.0,
      1.0,
      1.0,
      1.0
   ]
}