{
   "epoch": 13,
   "batch_train_accuracies": [
      0.953125,
      0.984375,
      0.953125,
      0.984375,
      1.0,
      0.984375,
      0.96875,
      0.921875,
      0.96875,
      0.96875,
      0.96875,
      1.0,
      0.96875,
      0.984375,
      0.984375,
      0.96875,
      0.96875,
      1.0,
      0.96875,
      0.96875,
      0.984375,
      0.96875,
      0.921875,
      0.984375,
      0.984375,
      0.984375,
      0.984375,
      0.984375,
      0.921875,
      0.953125,
      1.0,
      0.96875,
      1.0,
      0.96875,
      0.9375,
      0.984375,
      0.984375,
      1.0,
      0.953125,
      0.984375,
      0.984375,
      1.0
   ],
   "batch_train_losses": [
      0.4203469753265381,
      0.3413579761981964,
      0.39288318157196045,
      0.3206983208656311,
      0.30404022336006165,
      0.34292322397232056,
      0.25389865040779114,
      0.3967479467391968,
      0.42901334166526794,
      0.3143467307090759,
      0.32296139001846313,
      0.33575940132141113,
      0.3382777273654938,
      0.35915032029151917,
      0.3103622794151306,
      0.31106218695640564,
      0.3037237226963043,
      0.2989831268787384,
      0.3659270107746124,
      0.38847625255584717,
      0.38342800736427307,
      0.30898118019104004,
      0.4288604259490967,
      0.3485783338546753,
      0.42653605341911316,
      0.35451290011405945,
      0.25941532850265503,
      0.3718821704387665,
      0.4316194951534271,
      0.31026792526245117,
      0.2981301248073578,
      0.2924394905567169,
      0.24672386050224304,
      0.3344709277153015,
      0.4378916919231415,
      0.3101992607116699,
      0.28998294472694397,
      0.3558632731437683,
      0.3437711000442505,
      0.3512547016143799,
      0.392887681722641,
      0.26578742265701294
   ],
   "batch_train_times": [],
   "val_accuracy": 0.777027027027027,
   "val_loss": 0.8710297458880657,
   "val_accuracy_per_label": [
      1.0,
      0.8,
      1.0,
      0.8,
      0.2,
      0.0,
      0.0,
      0.95,
      0.0,
      0.4,
      0.0,
      1.0,
      0.4,
      0.8,
      0.8,
      0.0,
      0.0,
      0.2,
      0.6,
      1.0,
      1.0,
      0.6,
      0.6,
      0.6,
      0.0,
      0.4,
      0.0,
      0.8,
      0.0,
      1.0,
      0.8,
      1.0,
      0.8,
      0.0,
      0.5,
      1.0,
      0.8,
      0.6,
      0.8666666666666667,
      0.9,
      1.0,
      1.0,
      0.8
   ]
}