{
   "epoch": 17,
   "batch_train_accuracies": [
      0.984375,
      0.96875,
      0.984375,
      0.953125,
      0.96875,
      1.0,
      0.96875,
      0.96875,
      0.96875,
      0.96875,
      0.984375,
      1.0,
      1.0,
      0.96875,
      1.0,
      0.96875,
      0.96875,
      0.984375,
      1.0,
      0.984375,
      1.0,
      1.0,
      0.96875,
      0.984375,
      1.0,
      0.96875,
      1.0,
      1.0,
      1.0,
      1.0,
      0.96875,
      0.984375,
      1.0,
      1.0,
      1.0,
      0.984375,
      0.984375,
      1.0,
      0.984375,
      0.984375,
      0.984375,
      1.0
   ],
   "batch_train_losses": [
      0.25992992520332336,
      0.35256528854370117,
      0.25850987434387207,
      0.2937072813510895,
      0.2354610562324524,
      0.2938128113746643,
      0.34312841296195984,
      0.2751253843307495,
      0.33975401520729065,
      0.35052698850631714,
      0.2493254840373993,
      0.24223342537879944,
      0.2813604772090912,
      0.2659265995025635,
      0.19483956694602966,
      0.34151849150657654,
      0.2798285484313965,
      0.30135199427604675,
      0.22995001077651978,
      0.2500039339065552,
      0.2600744366645813,
      0.25301098823547363,
      0.34216681122779846,
      0.2949496805667877,
      0.29789993166923523,
      0.35024943947792053,
      0.24812448024749756,
      0.24937444925308228,
      0.24191004037857056,
      0.3099435865879059,
      0.36466121673583984,
      0.30586475133895874,
      0.30023157596588135,
      0.2116968035697937,
      0.24812239408493042,
      0.3675605058670044,
      0.2379406839609146,
      0.23568367958068848,
      0.2769912779331207,
      0.2542493939399719,
      0.2909490168094635,
      0.41383758187294006
   ],
   "batch_train_times": [],
   "val_accuracy": 0.793918918918919,
   "val_loss": 0.8031537999977937,
   "val_accuracy_per_label": [
      0.9545454545454546,
      1.0,
      1.0,
      0.8,
      0.2,
      0.0,
      0.0,
      0.95,
      0.0,
      0.2,
      0.0,
      1.0,
      0.6,
      0.8,
      0.8,
      0.0,
      0.0,
      0.2,
      0.6,
      1.0,
      1.0,
      0.8,
      0.8,
      0.6,
      0.0,
      0.5,
      0.0,
      0.8,
      0.0,
      1.0,
      1.0,
      1.0,
      0.8,
      0.0,
      0.5,
      1.0,
      0.8,
      0.6,
      0.8666666666666667,
      1.0,
      1.0,
      1.0,
      0.8
   ]
}