{
   "epoch": 29,
   "batch_train_accuracies": [
      1.0,
      1.0,
      1.0,
      1.0,
      1.0,
      1.0,
      0.96875,
      1.0,
      1.0,
      1.0,
      1.0,
      1.0,
      0.984375,
      0.984375,
      1.0,
      1.0,
      1.0,
      1.0,
      0.984375,
      1.0,
      1.0,
      1.0,
      1.0,
      1.0,
      1.0,
      1.0,
      1.0,
      1.0,
      1.0,
      1.0,
      1.0,
      1.0,
      1.0,
      1.0,
      1.0,
      1.0,
      1.0,
      1.0,
      1.0,
      1.0,
      1.0,
      1.0
   ],
   "batch_train_losses": [
      0.1785154640674591,
      0.13503497838974,
      0.1100197285413742,
      0.1834157258272171,
      0.173129603266716,
      0.24028100073337555,
      0.18649905920028687,
      0.18759989738464355,
      0.13989362120628357,
      0.21428143978118896,
      0.16768807172775269,
      0.16838662326335907,
      0.20974890887737274,
      0.192866712808609,
      0.14268164336681366,
      0.1639162302017212,
      0.12951068580150604,
      0.21600733697414398,
      0.15544427931308746,
      0.19015055894851685,
      0.20326368510723114,
      0.1406938135623932,
      0.1370704621076584,
      0.14719374477863312,
      0.2079375833272934,
      0.16138680279254913,
      0.12130545824766159,
      0.18475031852722168,
      0.14517278969287872,
      0.19383355975151062,
      0.15672825276851654,
      0.2121557742357254,
      0.2184446007013321,
      0.148966446518898,
      0.12376910448074341,
      0.1697271168231964,
      0.12576529383659363,
      0.18981967866420746,
      0.1758141666650772,
      0.13728012144565582,
      0.21107712388038635,
      0.34666383266448975
   ],
   "batch_train_times": [],
   "val_accuracy": 0.831081081081081,
   "val_loss": 0.6863492179561306,
   "val_accuracy_per_label": [
      0.9545454545454546,
      1.0,
      0.8333333333333334,
      0.8,
      0.0,
      0.4,
      0.0,
      0.95,
      0.0,
      0.6,
      0.0,
      1.0,
      0.4,
      0.6,
      0.8,
      0.0,
      0.2,
      1.0,
      0.8,
      1.0,
      1.0,
      1.0,
      0.8,
      0.8,
      0.0,
      0.5,
      0.0,
      0.8,
      0.2,
      1.0,
      1.0,
      1.0,
      0.8,
      0.0,
      0.5,
      1.0,
      1.0,
      0.6,
      0.8666666666666667,
      1.0,
      1.0,
      1.0,
      1.0
   ]
}