{
   "epoch": 36,
   "batch_train_accuracies": [
      1.0,
      1.0,
      1.0,
      0.984375,
      1.0,
      1.0,
      1.0,
      1.0,
      1.0,
      1.0,
      1.0,
      1.0,
      1.0,
      0.984375,
      1.0,
      1.0,
      1.0,
      1.0,
      1.0,
      0.984375,
      1.0,
      1.0,
      1.0,
      1.0,
      1.0,
      1.0,
      0.984375,
      1.0,
      1.0,
      1.0,
      1.0,
      1.0,
      1.0,
      1.0,
      1.0,
      1.0,
      1.0,
      1.0,
      1.0,
      0.984375,
      1.0,
      1.0
   ],
   "batch_train_losses": [
      0.1430705040693283,
      0.11789073795080185,
      0.10871467739343643,
      0.08824938535690308,
      0.12957818806171417,
      0.12828142940998077,
      0.14861036837100983,
      0.1438572108745575,
      0.14622589945793152,
      0.14207394421100616,
      0.15468063950538635,
      0.13826526701450348,
      0.1554715633392334,
      0.20458652079105377,
      0.10821086168289185,
      0.16842500865459442,
      0.10844765603542328,
      0.10905043035745621,
      0.13285785913467407,
      0.1067914068698883,
      0.13309265673160553,
      0.15721233189105988,
      0.1736687868833542,
      0.13224807381629944,
      0.13133153319358826,
      0.14380711317062378,
      0.14403794705867767,
      0.15974053740501404,
      0.15652379393577576,
      0.10618551075458527,
      0.11566943675279617,
      0.12772466242313385,
      0.11752045154571533,
      0.0978391095995903,
      0.13220374286174774,
      0.11161523312330246,
      0.10488311201334,
      0.15579649806022644,
      0.1586952656507492,
      0.17675866186618805,
      0.10463980585336685,
      0.17523223161697388
   ],
   "batch_train_times": [],
   "val_accuracy": 0.8648648648648649,
   "val_loss": 0.6284374618852461,
   "val_accuracy_per_label": [
      1.0,
      1.0,
      1.0,
      0.8,
      0.4,
      0.2,
      0.0,
      0.95,
      0.0,
      0.6,
      0.0,
      1.0,
      0.6,
      0.8,
      0.8,
      0.0,
      0.4,
      1.0,
      0.6,
      1.0,
      1.0,
      1.0,
      0.8,
      0.8,
      0.0,
      0.5,
      0.0,
      0.9,
      0.6,
      1.0,
      1.0,
      1.0,
      0.8,
      0.0,
      0.5,
      1.0,
      1.0,
      0.6,
      1.0,
      1.0,
      1.0,
      1.0,
      0.8
   ]
}