{
   "epoch": 31,
   "batch_train_accuracies": [
      0.78125,
      0.84375,
      0.8125,
      0.890625,
      0.75,
      0.796875,
      0.8125,
      0.84375,
      0.828125,
      0.734375,
      0.78125,
      0.65625,
      0.765625,
      0.71875,
      0.671875,
      0.71875,
      0.65625,
      0.765625,
      0.828125,
      0.75,
      0.796875,
      0.75,
      0.8125,
      0.734375,
      0.75,
      0.734375,
      0.78125,
      0.765625,
      0.734375,
      0.765625,
      0.84375,
      0.765625,
      0.828125,
      0.78125,
      0.796875,
      0.71875,
      0.765625,
      0.75,
      0.6875,
      0.8125,
      0.75,
      0.8125
   ],
   "batch_train_losses": [
      1.2852412462234497,
      0.9837408661842346,
      0.9961598515510559,
      1.015749216079712,
      1.0986610651016235,
      1.121370553970337,
      1.1013753414154053,
      1.0505295991897583,
      1.05153489112854,
      1.1388323307037354,
      1.1410633325576782,
      1.317880392074585,
      1.0960391759872437,
      1.0632407665252686,
      1.218355655670166,
      1.0982004404067993,
      1.3070425987243652,
      1.11326265335083,
      1.0344914197921753,
      1.2390283346176147,
      1.0214576721191406,
      1.1195974349975586,
      1.0423500537872314,
      1.2574321031570435,
      1.1429994106292725,
      1.1176131963729858,
      1.103619933128357,
      1.0652940273284912,
      1.264447808265686,
      1.074407696723938,
      1.1103627681732178,
      1.1252714395523071,
      0.9537782669067383,
      1.1583219766616821,
      1.018648386001587,
      1.1778793334960938,
      1.0855917930603027,
      1.2414555549621582,
      1.32963228225708,
      0.9934612512588501,
      1.2461482286453247,
      1.1574623584747314
   ],
   "batch_train_times": [],
   "val_accuracy": 0.5,
   "val_loss": 2.0295599183520756,
   "val_accuracy_per_label": [
      0.5,
      0.0,
      0.16666666666666666,
      0.0,
      0.0,
      0.2,
      0.0,
      0.8,
      0.0,
      0.0,
      0.0,
      0.0,
      0.4,
      0.0,
      0.6,
      0.0,
      0.0,
      0.0,
      0.0,
      1.0,
      0.7307692307692307,
      0.2,
      0.8,
      0.2,
      0.0,
      0.6,
      0.0,
      0.75,
      0.0,
      0.0,
      0.0,
      0.6,
      1.0,
      0.0,
      0.0,
      0.0,
      0.2,
      0.0,
      1.0,
      0.8,
      0.0,
      0.625,
      0.4
   ]
}