{
   "epoch": 27,
   "batch_train_accuracies": [
      0.71875,
      0.71875,
      0.640625,
      0.8125,
      0.765625,
      0.796875,
      0.78125,
      0.75,
      0.78125,
      0.625,
      0.84375,
      0.734375,
      0.796875,
      0.796875,
      0.734375,
      0.703125,
      0.609375,
      0.734375,
      0.796875,
      0.765625,
      0.78125,
      0.71875,
      0.796875,
      0.796875,
      0.65625,
      0.75,
      0.796875,
      0.75,
      0.671875,
      0.734375,
      0.703125,
      0.75,
      0.765625,
      0.6875,
      0.765625,
      0.796875,
      0.734375,
      0.75,
      0.8125,
      0.734375,
      0.765625,
      0.75
   ],
   "batch_train_losses": [
      1.2609193325042725,
      1.2165484428405762,
      1.4848028421401978,
      1.0739006996154785,
      1.1257212162017822,
      1.2253597974777222,
      1.1051677465438843,
      1.0815762281417847,
      1.0128414630889893,
      1.3419702053070068,
      0.9894464612007141,
      1.186370849609375,
      1.0878944396972656,
      1.1222270727157593,
      1.3108370304107666,
      1.23362398147583,
      1.4049997329711914,
      1.1340529918670654,
      1.104490041732788,
      1.1236331462860107,
      1.2444454431533813,
      1.1541202068328857,
      1.0644681453704834,
      1.0811353921890259,
      1.3350034952163696,
      1.2156412601470947,
      1.0328614711761475,
      1.1676138639450073,
      1.307435393333435,
      1.2837162017822266,
      1.2660961151123047,
      1.2713162899017334,
      1.1721917390823364,
      1.264582872390747,
      1.1888811588287354,
      1.146097183227539,
      1.221552848815918,
      1.1736258268356323,
      1.0958056449890137,
      1.1675277948379517,
      1.1550195217132568,
      1.0186439752578735
   ],
   "batch_train_times": [],
   "val_accuracy": 0.5135135135135135,
   "val_loss": 1.9943971182848956,
   "val_accuracy_per_label": [
      0.6363636363636364,
      0.0,
      0.3333333333333333,
      0.0,
      1.0,
      1.0,
      0.0,
      0.75,
      0.0,
      0.0,
      0.0,
      0.0,
      0.2,
      0.4,
      0.6,
      0.0,
      0.0,
      0.0,
      0.0,
      0.9655172413793104,
      1.0,
      0.0,
      0.6,
      0.8,
      0.0,
      0.6,
      0.0,
      0.6,
      0.0,
      0.0,
      0.0,
      0.0,
      1.0,
      0.0,
      0.0,
      0.0,
      0.0,
      0.0,
      0.4,
      0.7,
      0.0,
      0.625,
      0.6
   ]
}