{
   "epoch": 47,
   "batch_train_accuracies": [
      0.875,
      0.78125,
      0.8125,
      0.828125,
      0.859375,
      0.859375,
      0.765625,
      0.8125,
      0.78125,
      0.921875,
      0.734375,
      0.8125,
      0.828125,
      0.78125,
      0.765625,
      0.8125,
      0.859375,
      0.78125,
      0.890625,
      0.875,
      0.828125,
      0.875,
      0.890625,
      0.78125,
      0.84375,
      0.796875,
      0.703125,
      0.8125,
      0.84375,
      0.859375,
      0.8125,
      0.921875,
      0.84375,
      0.828125,
      0.84375,
      0.78125,
      0.78125,
      0.796875,
      0.78125,
      0.796875,
      0.859375,
      0.6875
   ],
   "batch_train_losses": [
      0.8937535285949707,
      1.0539600849151611,
      0.7804275751113892,
      0.962012767791748,
      1.013214349746704,
      0.8669365644454956,
      1.2823892831802368,
      0.9668430685997009,
      1.2126519680023193,
      0.8625946044921875,
      1.161941409111023,
      1.0783522129058838,
      0.9650542140007019,
      1.0316637754440308,
      1.000986099243164,
      1.0997133255004883,
      0.9121173024177551,
      1.122496485710144,
      0.8648616671562195,
      0.9545851349830627,
      0.9820466637611389,
      0.8717011213302612,
      0.9331288933753967,
      1.0425207614898682,
      0.8763028979301453,
      1.0135478973388672,
      1.1431872844696045,
      1.1045318841934204,
      0.8465920090675354,
      0.9294605255126953,
      1.0344526767730713,
      0.8005334734916687,
      0.9127990007400513,
      0.9361457824707031,
      0.8908389210700989,
      1.057257056236267,
      1.1800414323806763,
      1.0362272262573242,
      1.1437345743179321,
      1.0313458442687988,
      0.9143158793449402,
      1.3896286487579346
   ],
   "batch_train_times": [],
   "val_accuracy": 0.5,
   "val_loss": 1.8885614098729313,
   "val_accuracy_per_label": [
      0.6818181818181818,
      0.0,
      0.6666666666666666,
      0.2,
      1.0,
      0.2,
      0.0,
      0.8,
      0.0,
      0.0,
      0.0,
      0.0,
      0.2,
      0.2,
      0.6,
      0.0,
      0.0,
      0.0,
      0.0,
      0.9655172413793104,
      1.0,
      0.0,
      0.0,
      0.8,
      0.0,
      0.7,
      0.0,
      0.45,
      0.0,
      0.0,
      0.0,
      1.0,
      0.8,
      0.0,
      0.0,
      0.0,
      0.0,
      0.0,
      0.4666666666666667,
      0.7,
      0.0,
      0.5,
      0.0
   ]
}