{
   "epoch": 30,
   "batch_train_accuracies": [
      0.828125,
      0.71875,
      0.8125,
      0.734375,
      0.78125,
      0.8125,
      0.765625,
      0.71875,
      0.734375,
      0.8125,
      0.796875,
      0.78125,
      0.765625,
      0.84375,
      0.625,
      0.84375,
      0.765625,
      0.78125,
      0.765625,
      0.75,
      0.6875,
      0.703125,
      0.78125,
      0.703125,
      0.796875,
      0.796875,
      0.671875,
      0.78125,
      0.734375,
      0.71875,
      0.796875,
      0.765625,
      0.828125,
      0.75,
      0.703125,
      0.78125,
      0.84375,
      0.75,
      0.78125,
      0.734375,
      0.6875,
      0.75
   ],
   "batch_train_losses": [
      0.9932414889335632,
      1.2619160413742065,
      0.9771652817726135,
      1.1995552778244019,
      1.1533626317977905,
      1.0387084484100342,
      1.2402541637420654,
      1.2387784719467163,
      1.313620924949646,
      1.1321191787719727,
      1.1089736223220825,
      1.070777177810669,
      1.1504168510437012,
      1.0489857196807861,
      1.3569563627243042,
      1.1562106609344482,
      1.1819921731948853,
      1.0640963315963745,
      1.1584670543670654,
      1.036873698234558,
      1.30605149269104,
      1.260145664215088,
      1.1919686794281006,
      1.2546223402023315,
      1.0928735733032227,
      1.0661406517028809,
      1.4854644536972046,
      1.0317473411560059,
      1.0775935649871826,
      1.17452871799469,
      1.1437650918960571,
      1.0732316970825195,
      0.9933842420578003,
      1.1877987384796143,
      1.1617449522018433,
      1.177276372909546,
      1.0128971338272095,
      1.0868337154388428,
      1.2561395168304443,
      1.1274683475494385,
      1.2380778789520264,
      1.2153979539871216
   ],
   "batch_train_times": [],
   "val_accuracy": 0.43243243243243246,
   "val_loss": 2.1676278178756303,
   "val_accuracy_per_label": [
      0.5909090909090909,
      0.0,
      0.16666666666666666,
      0.0,
      0.0,
      0.2,
      0.0,
      0.75,
      0.0,
      0.0,
      0.0,
      0.0,
      0.2,
      0.2,
      0.2,
      0.0,
      0.0,
      0.0,
      0.0,
      0.9310344827586207,
      1.0,
      0.2,
      0.0,
      0.6,
      0.0,
      0.2,
      0.0,
      0.15,
      0.0,
      0.0,
      0.0,
      0.0,
      1.0,
      0.0,
      0.0,
      0.0,
      0.2,
      0.0,
      0.8666666666666667,
      0.7,
      0.0,
      0.625,
      0.4
   ]
}