{
   "epoch": 34,
   "batch_train_accuracies": [
      0.8125,
      0.84375,
      0.703125,
      0.703125,
      0.890625,
      0.78125,
      0.71875,
      0.78125,
      0.703125,
      0.796875,
      0.78125,
      0.796875,
      0.828125,
      0.796875,
      0.84375,
      0.828125,
      0.765625,
      0.796875,
      0.78125,
      0.75,
      0.734375,
      0.78125,
      0.78125,
      0.78125,
      0.796875,
      0.84375,
      0.796875,
      0.890625,
      0.796875,
      0.78125,
      0.734375,
      0.75,
      0.78125,
      0.765625,
      0.78125,
      0.84375,
      0.796875,
      0.734375,
      0.734375,
      0.796875,
      0.859375,
      0.6875
   ],
   "batch_train_losses": [
      1.0754132270812988,
      1.0290660858154297,
      1.286089539527893,
      1.1654751300811768,
      0.9974228143692017,
      1.146994948387146,
      1.2524124383926392,
      1.178749918937683,
      1.3176923990249634,
      1.001792311668396,
      1.1028414964675903,
      1.0363609790802002,
      0.9879443645477295,
      1.1173659563064575,
      0.8714982271194458,
      0.9864518642425537,
      1.0834897756576538,
      1.0419948101043701,
      1.1655635833740234,
      1.1326597929000854,
      1.2189370393753052,
      1.2223930358886719,
      0.9909014105796814,
      1.142660140991211,
      1.1794453859329224,
      0.9910484552383423,
      1.1137815713882446,
      0.9696709513664246,
      1.0597954988479614,
      0.9957524538040161,
      1.0831128358840942,
      1.0040324926376343,
      1.1227978467941284,
      1.081573486328125,
      1.1181631088256836,
      0.9804370403289795,
      1.0463727712631226,
      1.1392781734466553,
      1.1902382373809814,
      1.0481377840042114,
      0.9724562764167786,
      1.2524324655532837
   ],
   "batch_train_times": [],
   "val_accuracy": 0.5506756756756757,
   "val_loss": 1.8699681243380986,
   "val_accuracy_per_label": [
      0.7272727272727273,
      0.0,
      0.3333333333333333,
      0.0,
      0.6,
      0.4,
      0.0,
      0.85,
      0.0,
      0.0,
      0.0,
      0.0,
      0.2,
      0.6,
      0.6,
      0.0,
      0.0,
      0.0,
      0.2,
      1.0,
      0.9615384615384616,
      0.4,
      0.2,
      0.2,
      0.0,
      0.7,
      0.0,
      0.9,
      0.0,
      0.0,
      0.0,
      0.8,
      0.8,
      0.0,
      0.0,
      0.0,
      0.2,
      0.0,
      0.6666666666666666,
      0.7,
      0.0,
      0.625,
      0.2
   ]
}