{
   "epoch": 8,
   "batch_train_accuracies": [
      0.59375,
      0.4375,
      0.53125,
      0.40625,
      0.5625,
      0.421875,
      0.578125,
      0.578125,
      0.65625,
      0.546875,
      0.5,
      0.578125,
      0.453125,
      0.421875,
      0.546875,
      0.578125,
      0.53125,
      0.53125,
      0.59375,
      0.53125,
      0.4375,
      0.453125,
      0.46875,
      0.515625,
      0.53125,
      0.59375,
      0.546875,
      0.484375,
      0.453125,
      0.5625,
      0.5,
      0.625,
      0.578125,
      0.5,
      0.4375,
      0.609375,
      0.484375,
      0.546875,
      0.453125,
      0.609375,
      0.40625,
      0.5625
   ],
   "batch_train_losses": [
      1.8986687660217285,
      2.0407724380493164,
      1.9593263864517212,
      2.1086668968200684,
      1.8794240951538086,
      2.1759939193725586,
      1.8677947521209717,
      1.8629711866378784,
      1.8091017007827759,
      1.7309035062789917,
      2.0482518672943115,
      1.7737681865692139,
      2.075972080230713,
      2.0203492641448975,
      1.869046688079834,
      1.8332748413085938,
      1.9558039903640747,
      1.8201634883880615,
      1.7570844888687134,
      1.980806589126587,
      2.030618667602539,
      2.0008862018585205,
      2.108811140060425,
      1.9128330945968628,
      1.890250325202942,
      1.7928601503372192,
      1.8477132320404053,
      2.0423970222473145,
      2.0305285453796387,
      1.8923273086547852,
      2.0328729152679443,
      1.7932060956954956,
      1.956735372543335,
      2.022423505783081,
      2.0322790145874023,
      1.8922398090362549,
      2.009143590927124,
      1.8317430019378662,
      2.099905252456665,
      1.8013815879821777,
      2.0199389457702637,
      1.9935177564620972
   ],
   "batch_train_times": [],
   "val_accuracy": 0.3310810810810811,
   "val_loss": 2.5705237324173384,
   "val_accuracy_per_label": [
      0.6363636363636364,
      0.0,
      0.0,
      0.0,
      0.4,
      0.0,
      0.0,
      0.8,
      0.0,
      0.0,
      0.0,
      0.0,
      0.0,
      0.6,
      0.0,
      0.0,
      0.0,
      0.0,
      0.0,
      0.06896551724137931,
      0.7307692307692307,
      0.0,
      0.0,
      0.2,
      0.0,
      0.0,
      0.0,
      0.75,
      0.0,
      0.0,
      0.0,
      0.0,
      0.8,
      0.0,
      0.0,
      0.0,
      0.0,
      0.0,
      0.6666666666666666,
      0.5,
      0.0,
      0.875,
      0.0
   ]
}