{
   "epoch": 15,
   "batch_train_accuracies": [
      0.59375,
      0.5625,
      0.625,
      0.703125,
      0.78125,
      0.53125,
      0.59375,
      0.75,
      0.65625,
      0.6875,
      0.578125,
      0.609375,
      0.6875,
      0.5625,
      0.609375,
      0.5625,
      0.703125,
      0.796875,
      0.640625,
      0.46875,
      0.65625,
      0.640625,
      0.578125,
      0.671875,
      0.65625,
      0.734375,
      0.609375,
      0.5625,
      0.625,
      0.625,
      0.765625,
      0.71875,
      0.59375,
      0.6875,
      0.609375,
      0.703125,
      0.71875,
      0.671875,
      0.734375,
      0.734375,
      0.546875,
      0.5
   ],
   "batch_train_losses": [
      1.6564691066741943,
      1.6027010679244995,
      1.6042109727859497,
      1.3989113569259644,
      1.3408982753753662,
      1.7448627948760986,
      1.612911581993103,
      1.3692787885665894,
      1.5548456907272339,
      1.277456283569336,
      1.5875139236450195,
      1.5037517547607422,
      1.432140588760376,
      1.6610171794891357,
      1.4914056062698364,
      1.5877718925476074,
      1.3844273090362549,
      1.1992788314819336,
      1.4943379163742065,
      1.905153512954712,
      1.5684460401535034,
      1.539588451385498,
      1.5182501077651978,
      1.4845669269561768,
      1.5191915035247803,
      1.3268543481826782,
      1.573740005493164,
      1.6697947978973389,
      1.5748865604400635,
      1.5685502290725708,
      1.3037691116333008,
      1.4324740171432495,
      1.6957193613052368,
      1.4407997131347656,
      1.4715445041656494,
      1.4420490264892578,
      1.3861961364746094,
      1.4343429803848267,
      1.3990026712417603,
      1.2860006093978882,
      1.5950372219085693,
      1.695085883140564
   ],
   "batch_train_times": [],
   "val_accuracy": 0.4797297297297297,
   "val_loss": 2.1491058517146753,
   "val_accuracy_per_label": [
      0.6818181818181818,
      0.0,
      0.0,
      0.0,
      0.8,
      0.2,
      0.0,
      0.85,
      0.0,
      0.0,
      0.0,
      0.0,
      0.0,
      0.6,
      0.0,
      0.0,
      0.0,
      0.0,
      0.2,
      0.8275862068965517,
      0.8846153846153846,
      0.0,
      0.0,
      0.2,
      0.0,
      0.4,
      0.0,
      0.8,
      0.0,
      0.0,
      0.0,
      0.8,
      0.8,
      0.0,
      0.0,
      0.0,
      0.0,
      0.0,
      0.6,
      0.8,
      0.0,
      0.875,
      0.2
   ]
}