{
   "epoch": 36,
   "batch_train_accuracies": [
      0.890625,
      0.796875,
      0.84375,
      0.765625,
      0.796875,
      0.796875,
      0.765625,
      0.6875,
      0.640625,
      0.8125,
      0.734375,
      0.78125,
      0.796875,
      0.796875,
      0.78125,
      0.8125,
      0.84375,
      0.78125,
      0.8125,
      0.765625,
      0.765625,
      0.71875,
      0.796875,
      0.8125,
      0.78125,
      0.8125,
      0.6875,
      0.8125,
      0.828125,
      0.84375,
      0.765625,
      0.8125,
      0.859375,
      0.75,
      0.828125,
      0.796875,
      0.8125,
      0.8125,
      0.765625,
      0.75,
      0.828125,
      0.8125
   ],
   "batch_train_losses": [
      0.942679762840271,
      1.0610404014587402,
      1.012607455253601,
      1.1165881156921387,
      1.1000583171844482,
      0.9777670502662659,
      1.2243859767913818,
      1.16923189163208,
      1.284085750579834,
      0.9928082823753357,
      1.2555382251739502,
      1.1538515090942383,
      1.0391567945480347,
      1.0653129816055298,
      1.1206406354904175,
      1.024248719215393,
      1.0250545740127563,
      1.0548145771026611,
      1.0205551385879517,
      1.0840257406234741,
      1.0388295650482178,
      1.234110951423645,
      1.0026559829711914,
      1.0732836723327637,
      1.0807300806045532,
      0.9614874124526978,
      1.3304132223129272,
      1.0826746225357056,
      1.0589252710342407,
      1.0718660354614258,
      1.0587222576141357,
      1.0307730436325073,
      1.0133509635925293,
      1.175100564956665,
      0.9437690377235413,
      1.056289553642273,
      0.8976512551307678,
      1.0599380731582642,
      1.094673752784729,
      1.102458119392395,
      1.0257155895233154,
      1.1096593141555786
   ],
   "batch_train_times": [],
   "val_accuracy": 0.5033783783783784,
   "val_loss": 1.8757408889564309,
   "val_accuracy_per_label": [
      0.6818181818181818,
      0.0,
      0.0,
      0.0,
      1.0,
      0.2,
      0.0,
      0.8,
      0.0,
      0.0,
      0.0,
      0.0,
      0.2,
      0.6,
      0.8,
      0.0,
      0.0,
      0.0,
      0.0,
      1.0,
      0.9230769230769231,
      0.2,
      0.4,
      0.0,
      0.0,
      0.7,
      0.0,
      0.75,
      0.0,
      0.0,
      0.0,
      0.8,
      0.8,
      0.0,
      0.0,
      0.0,
      0.0,
      0.0,
      0.4666666666666667,
      0.5,
      0.0,
      0.625,
      0.2
   ]
}