{
   "epoch": 22,
   "batch_train_accuracies": [
      0.65625,
      0.65625,
      0.65625,
      0.75,
      0.65625,
      0.640625,
      0.71875,
      0.734375,
      0.71875,
      0.8125,
      0.703125,
      0.703125,
      0.65625,
      0.765625,
      0.6875,
      0.78125,
      0.734375,
      0.703125,
      0.75,
      0.796875,
      0.6875,
      0.75,
      0.734375,
      0.734375,
      0.796875,
      0.71875,
      0.703125,
      0.75,
      0.71875,
      0.75,
      0.671875,
      0.703125,
      0.765625,
      0.6875,
      0.734375,
      0.78125,
      0.71875,
      0.6875,
      0.609375,
      0.71875,
      0.8125,
      0.625
   ],
   "batch_train_losses": [
      1.4734790325164795,
      1.4115614891052246,
      1.4080551862716675,
      1.2438478469848633,
      1.2842952013015747,
      1.4103055000305176,
      1.269524097442627,
      1.1789659261703491,
      1.2392033338546753,
      1.2509046792984009,
      1.2721333503723145,
      1.3469414710998535,
      1.378300428390503,
      1.1846399307250977,
      1.2859171628952026,
      1.1469203233718872,
      1.2666884660720825,
      1.3665953874588013,
      1.1557079553604126,
      1.101647138595581,
      1.3794527053833008,
      1.1896861791610718,
      1.3588303327560425,
      1.2485642433166504,
      1.2790470123291016,
      1.2735300064086914,
      1.1614817380905151,
      1.2212104797363281,
      1.269988775253296,
      1.1666682958602905,
      1.3052480220794678,
      1.254320740699768,
      1.1847200393676758,
      1.179062008857727,
      1.1586366891860962,
      1.305923342704773,
      1.268404245376587,
      1.264128565788269,
      1.4272042512893677,
      1.3524078130722046,
      1.1294478178024292,
      1.5878227949142456
   ],
   "batch_train_times": [],
   "val_accuracy": 0.44932432432432434,
   "val_loss": 2.095767085616653,
   "val_accuracy_per_label": [
      0.5909090909090909,
      0.0,
      0.16666666666666666,
      0.0,
      1.0,
      0.4,
      0.0,
      0.85,
      0.0,
      0.0,
      0.0,
      0.0,
      0.2,
      0.2,
      0.8,
      0.0,
      0.0,
      0.0,
      0.0,
      0.9655172413793104,
      0.8076923076923077,
      0.0,
      0.0,
      0.0,
      0.0,
      0.5,
      0.0,
      0.8,
      0.0,
      0.0,
      0.0,
      0.4,
      0.8,
      0.0,
      0.0,
      0.0,
      0.2,
      0.0,
      0.0,
      0.7,
      0.0,
      0.625,
      0.0
   ]
}