{
   "epoch": 43,
   "batch_train_accuracies": [
      0.796875,
      0.828125,
      0.765625,
      0.875,
      0.8125,
      0.828125,
      0.8125,
      0.859375,
      0.859375,
      0.8125,
      0.84375,
      0.890625,
      0.8125,
      0.84375,
      0.828125,
      0.75,
      0.75,
      0.796875,
      0.828125,
      0.765625,
      0.8125,
      0.734375,
      0.78125,
      0.765625,
      0.78125,
      0.828125,
      0.8125,
      0.84375,
      0.703125,
      0.859375,
      0.84375,
      0.84375,
      0.875,
      0.8125,
      0.8125,
      0.8125,
      0.859375,
      0.875,
      0.8125,
      0.828125,
      0.828125,
      0.75
   ],
   "batch_train_losses": [
      1.0796797275543213,
      1.0680510997772217,
      1.047540545463562,
      0.8350302577018738,
      1.004244327545166,
      0.9899152517318726,
      1.0204176902770996,
      1.031203031539917,
      1.079426646232605,
      1.025519847869873,
      0.9703178405761719,
      0.8912375569343567,
      1.0964421033859253,
      0.9088241457939148,
      0.9822458624839783,
      1.0996110439300537,
      1.16443932056427,
      1.071079134941101,
      1.1356885433197021,
      1.053917407989502,
      1.1531836986541748,
      1.163599967956543,
      1.0903023481369019,
      1.0888394117355347,
      1.1993799209594727,
      0.9128960967063904,
      0.9161515235900879,
      0.9732640385627747,
      1.253496527671814,
      1.0550158023834229,
      1.0623770952224731,
      0.9503331184387207,
      0.8009049296379089,
      1.0728802680969238,
      1.1211658716201782,
      0.9516071081161499,
      1.0007493495941162,
      0.9208422303199768,
      0.9865783452987671,
      0.9089130163192749,
      0.9412859082221985,
      1.2813019752502441
   ],
   "batch_train_times": [],
   "val_accuracy": 0.5033783783783784,
   "val_loss": 1.929027544485556,
   "val_accuracy_per_label": [
      0.6818181818181818,
      0.0,
      0.3333333333333333,
      0.0,
      1.0,
      0.0,
      0.0,
      0.85,
      0.0,
      0.2,
      0.0,
      0.0,
      0.2,
      0.4,
      0.4,
      0.0,
      0.0,
      0.0,
      0.0,
      1.0,
      1.0,
      0.2,
      0.8,
      0.4,
      0.0,
      0.7,
      0.0,
      0.3,
      0.0,
      0.0,
      0.0,
      1.0,
      1.0,
      0.0,
      0.0,
      0.0,
      0.0,
      0.0,
      0.6,
      0.5,
      0.0,
      0.5,
      0.2
   ]
}