{
   "epoch": 44,
   "batch_train_accuracies": [
      0.796875,
      0.859375,
      0.765625,
      0.78125,
      0.8125,
      0.734375,
      0.765625,
      0.75,
      0.796875,
      0.75,
      0.765625,
      0.703125,
      0.703125,
      0.78125,
      0.765625,
      0.78125,
      0.75,
      0.78125,
      0.8125,
      0.875,
      0.8125,
      0.734375,
      0.765625,
      0.703125,
      0.796875,
      0.765625,
      0.765625,
      0.8125,
      0.796875,
      0.734375,
      0.75,
      0.796875,
      0.8125,
      0.734375,
      0.875,
      0.71875,
      0.8125,
      0.859375,
      0.796875,
      0.78125,
      0.84375,
      0.75
   ],
   "batch_train_losses": [
      1.0165191888809204,
      0.9671644568443298,
      1.2872728109359741,
      1.1823354959487915,
      1.1259742975234985,
      1.2026593685150146,
      1.1234458684921265,
      1.261502742767334,
      1.0494157075881958,
      1.310445785522461,
      1.0611804723739624,
      1.1802358627319336,
      1.1459670066833496,
      1.1088439226150513,
      1.115357518196106,
      1.206076741218567,
      1.215604305267334,
      1.1166493892669678,
      1.035497784614563,
      0.9591562151908875,
      1.1220723390579224,
      1.3460322618484497,
      1.1088242530822754,
      1.2994002103805542,
      1.1584302186965942,
      1.2371631860733032,
      1.0570921897888184,
      1.0001261234283447,
      1.089245319366455,
      1.2199618816375732,
      1.3452963829040527,
      1.2093160152435303,
      1.174252986907959,
      1.1297236680984497,
      0.9646459817886353,
      1.3011951446533203,
      1.189491629600525,
      1.0556102991104126,
      1.1085143089294434,
      1.0943001508712769,
      0.9087214469909668,
      1.4012973308563232
   ],
   "batch_train_times": [],
   "val_accuracy": 0.5101351351351351,
   "val_loss": 1.9341011820612728,
   "val_accuracy_per_label": [
      0.6363636363636364,
      0.0,
      0.3333333333333333,
      0.0,
      0.0,
      1.0,
      0.0,
      0.75,
      0.0,
      0.2,
      0.0,
      0.0,
      0.4,
      0.6,
      0.6,
      0.0,
      0.0,
      0.0,
      0.2,
      1.0,
      1.0,
      0.0,
      0.0,
      0.2,
      0.0,
      0.5,
      0.0,
      0.55,
      0.0,
      0.0,
      0.0,
      1.0,
      0.8,
      0.0,
      0.0,
      0.0,
      0.2,
      0.0,
      0.6,
      0.7,
      0.0,
      0.625,
      0.4
   ]
}