{
   "epoch": 33,
   "batch_train_accuracies": [
      0.734375,
      0.75,
      0.75,
      0.78125,
      0.859375,
      0.78125,
      0.78125,
      0.734375,
      0.59375,
      0.890625,
      0.65625,
      0.78125,
      0.765625,
      0.765625,
      0.8125,
      0.703125,
      0.71875,
      0.765625,
      0.84375,
      0.71875,
      0.65625,
      0.625,
      0.78125,
      0.65625,
      0.703125,
      0.734375,
      0.71875,
      0.6875,
      0.71875,
      0.8125,
      0.796875,
      0.78125,
      0.828125,
      0.765625,
      0.71875,
      0.765625,
      0.6875,
      0.6875,
      0.859375,
      0.84375,
      0.765625,
      0.4375
   ],
   "batch_train_losses": [
      1.1566473245620728,
      1.1226619482040405,
      1.2228093147277832,
      1.1618561744689941,
      1.1391044855117798,
      1.1935570240020752,
      1.2920773029327393,
      1.2848520278930664,
      1.5512481927871704,
      0.9408679604530334,
      1.389277458190918,
      1.1905131340026855,
      1.278995156288147,
      1.2579342126846313,
      1.1549274921417236,
      1.3277322053909302,
      1.351731538772583,
      1.1908944845199585,
      1.123908519744873,
      1.3378732204437256,
      1.3450987339019775,
      1.4195598363876343,
      1.114962100982666,
      1.4324082136154175,
      1.2979426383972168,
      1.2879668474197388,
      1.4138623476028442,
      1.4366023540496826,
      1.3333274126052856,
      1.0440744161605835,
      1.231860637664795,
      1.2102582454681396,
      1.0841001272201538,
      1.1747183799743652,
      1.2673532962799072,
      1.1336138248443604,
      1.3227763175964355,
      1.3925164937973022,
      0.8612874746322632,
      0.98322594165802,
      1.127113699913025,
      1.6008931398391724
   ],
   "batch_train_times": [],
   "val_accuracy": 0.4831081081081081,
   "val_loss": 1.9836463863785203,
   "val_accuracy_per_label": [
      0.7272727272727273,
      0.0,
      0.16666666666666666,
      0.0,
      0.8,
      0.6,
      0.0,
      0.8,
      0.0,
      0.0,
      0.0,
      0.0,
      0.0,
      0.4,
      0.8,
      0.0,
      0.0,
      0.0,
      0.2,
      1.0,
      0.8461538461538461,
      0.0,
      0.0,
      0.2,
      0.0,
      0.7,
      0.0,
      0.65,
      0.0,
      0.0,
      0.0,
      0.2,
      0.6,
      0.0,
      0.0,
      0.0,
      0.2,
      0.0,
      0.4666666666666667,
      0.8,
      0.0,
      0.5,
      0.0
   ]
}