{
   "epoch": 10,
   "batch_train_accuracies": [
      0.46875,
      0.546875,
      0.515625,
      0.53125,
      0.46875,
      0.609375,
      0.515625,
      0.5625,
      0.578125,
      0.578125,
      0.5,
      0.609375,
      0.65625,
      0.546875,
      0.578125,
      0.515625,
      0.546875,
      0.5625,
      0.484375,
      0.59375,
      0.5,
      0.515625,
      0.484375,
      0.484375,
      0.59375,
      0.4375,
      0.515625,
      0.40625,
      0.46875,
      0.578125,
      0.4375,
      0.515625,
      0.515625,
      0.5625,
      0.546875,
      0.609375,
      0.453125,
      0.609375,
      0.421875,
      0.484375,
      0.515625,
      0.625
   ],
   "batch_train_losses": [
      2.127185106277466,
      1.8855661153793335,
      2.0596611499786377,
      1.9100780487060547,
      2.0244297981262207,
      1.9342135190963745,
      2.000509023666382,
      1.9359045028686523,
      1.8856040239334106,
      1.7792272567749023,
      2.0022172927856445,
      1.7864947319030762,
      1.6385189294815063,
      1.9208908081054688,
      1.8857684135437012,
      1.8935670852661133,
      1.8930995464324951,
      2.0171632766723633,
      1.9455307722091675,
      1.6471397876739502,
      1.9482150077819824,
      1.9085841178894043,
      2.0057876110076904,
      1.881826400756836,
      1.87481689453125,
      2.05375337600708,
      2.2249951362609863,
      2.1459622383117676,
      1.939955234527588,
      1.810806393623352,
      1.935565710067749,
      1.884812355041504,
      1.951619267463684,
      1.8527601957321167,
      1.8703800439834595,
      1.7766914367675781,
      1.9793922901153564,
      1.7700684070587158,
      2.010223150253296,
      1.8855441808700562,
      1.9341682195663452,
      1.8406041860580444
   ],
   "batch_train_times": [],
   "val_accuracy": 0.3783783783783784,
   "val_loss": 2.4515240450163147,
   "val_accuracy_per_label": [
      0.7272727272727273,
      0.0,
      0.0,
      0.0,
      0.0,
      0.6,
      0.0,
      0.85,
      0.0,
      0.0,
      0.0,
      0.0,
      0.0,
      0.4,
      0.2,
      0.0,
      0.0,
      0.0,
      0.0,
      0.7586206896551724,
      0.8846153846153846,
      0.0,
      0.0,
      0.0,
      0.0,
      0.0,
      0.0,
      0.5,
      0.0,
      0.0,
      0.0,
      0.6,
      0.0,
      0.0,
      0.0,
      0.0,
      0.0,
      0.0,
      0.4666666666666667,
      0.3,
      0.0,
      0.625,
      0.0
   ]
}