{
   "epoch": 35,
   "batch_train_accuracies": [
      0.828125,
      0.765625,
      0.78125,
      0.6875,
      0.75,
      0.765625,
      0.703125,
      0.796875,
      0.828125,
      0.671875,
      0.6875,
      0.828125,
      0.71875,
      0.71875,
      0.75,
      0.703125,
      0.71875,
      0.796875,
      0.671875,
      0.75,
      0.765625,
      0.796875,
      0.84375,
      0.734375,
      0.6875,
      0.796875,
      0.71875,
      0.75,
      0.78125,
      0.75,
      0.8125,
      0.796875,
      0.71875,
      0.875,
      0.796875,
      0.84375,
      0.796875,
      0.71875,
      0.6875,
      0.8125,
      0.734375,
      0.6875
   ],
   "batch_train_losses": [
      1.1447722911834717,
      1.2805397510528564,
      1.231309413909912,
      1.2964942455291748,
      1.2563194036483765,
      1.218280553817749,
      1.4424612522125244,
      1.0570685863494873,
      1.1735799312591553,
      1.472044825553894,
      1.3575103282928467,
      0.9197602272033691,
      1.305637240409851,
      1.2279064655303955,
      1.2590628862380981,
      1.3222981691360474,
      1.2036032676696777,
      1.1037135124206543,
      1.3218284845352173,
      1.2198947668075562,
      1.1229807138442993,
      1.1746509075164795,
      1.025323510169983,
      1.2519351243972778,
      1.3231852054595947,
      1.0633025169372559,
      1.1223934888839722,
      1.1425870656967163,
      1.1431732177734375,
      1.175906777381897,
      1.0724560022354126,
      1.120813250541687,
      1.3798493146896362,
      1.1422194242477417,
      1.1382232904434204,
      1.0523924827575684,
      1.1362015008926392,
      1.3382072448730469,
      1.2443212270736694,
      1.1936110258102417,
      1.2099226713180542,
      1.331710696220398
   ],
   "batch_train_times": [],
   "val_accuracy": 0.527027027027027,
   "val_loss": 1.8977829765629124,
   "val_accuracy_per_label": [
      0.6818181818181818,
      0.4,
      0.6666666666666666,
      0.0,
      0.8,
      0.8,
      0.0,
      0.85,
      0.0,
      0.2,
      0.0,
      0.0,
      0.0,
      0.2,
      0.6,
      0.0,
      0.0,
      0.0,
      0.0,
      1.0,
      1.0,
      0.0,
      0.0,
      0.4,
      0.0,
      0.7,
      0.0,
      0.35,
      0.0,
      0.0,
      0.0,
      1.0,
      0.8,
      0.0,
      0.0,
      0.0,
      0.2,
      0.0,
      0.8666666666666667,
      0.7,
      0.0,
      0.5,
      0.0
   ]
}