{
   "epoch": 16,
   "batch_train_accuracies": [
      0.625,
      0.640625,
      0.640625,
      0.703125,
      0.546875,
      0.578125,
      0.734375,
      0.609375,
      0.71875,
      0.5625,
      0.546875,
      0.578125,
      0.640625,
      0.59375,
      0.5,
      0.6875,
      0.65625,
      0.59375,
      0.578125,
      0.609375,
      0.640625,
      0.609375,
      0.640625,
      0.546875,
      0.625,
      0.671875,
      0.59375,
      0.5625,
      0.5625,
      0.609375,
      0.53125,
      0.5625,
      0.625,
      0.59375,
      0.71875,
      0.640625,
      0.59375,
      0.640625,
      0.640625,
      0.65625,
      0.703125,
      0.6875
   ],
   "batch_train_losses": [
      1.6122714281082153,
      1.7036387920379639,
      1.630456566810608,
      1.47064208984375,
      1.6821558475494385,
      1.6199619770050049,
      1.334813117980957,
      1.7135837078094482,
      1.3981308937072754,
      1.6821821928024292,
      1.6928229331970215,
      1.5601338148117065,
      1.661612629890442,
      1.6164612770080566,
      1.6716324090957642,
      1.5179493427276611,
      1.5495617389678955,
      1.6353596448898315,
      1.7219889163970947,
      1.5299817323684692,
      1.5333656072616577,
      1.7727344036102295,
      1.518047571182251,
      1.8018690347671509,
      1.5871639251708984,
      1.5208903551101685,
      1.5992286205291748,
      1.6091216802597046,
      1.7660191059112549,
      1.5894896984100342,
      1.7641552686691284,
      1.7720496654510498,
      1.5381836891174316,
      1.5439164638519287,
      1.452453374862671,
      1.6294513940811157,
      1.6126779317855835,
      1.5663985013961792,
      1.655152678489685,
      1.492587924003601,
      1.5422779321670532,
      1.7243961095809937
   ],
   "batch_train_times": [],
   "val_accuracy": 0.40202702702702703,
   "val_loss": 2.3134377002716064,
   "val_accuracy_per_label": [
      0.7272727272727273,
      0.0,
      0.0,
      0.0,
      0.0,
      0.6,
      0.0,
      0.75,
      0.0,
      0.0,
      0.0,
      0.0,
      0.0,
      0.6,
      0.6,
      0.0,
      0.0,
      0.0,
      0.0,
      0.5862068965517241,
      0.9615384615384616,
      0.0,
      0.0,
      0.2,
      0.0,
      0.0,
      0.0,
      0.7,
      0.0,
      0.0,
      0.0,
      0.2,
      0.8,
      0.0,
      0.0,
      0.0,
      0.0,
      0.0,
      0.6666666666666666,
      0.2,
      0.0,
      0.625,
      0.0
   ]
}