{
   "epoch": 25,
   "batch_train_accuracies": [
      0.765625,
      0.71875,
      0.75,
      0.578125,
      0.59375,
      0.6875,
      0.640625,
      0.6875,
      0.75,
      0.65625,
      0.8125,
      0.71875,
      0.75,
      0.71875,
      0.703125,
      0.703125,
      0.703125,
      0.8125,
      0.765625,
      0.703125,
      0.6875,
      0.75,
      0.734375,
      0.640625,
      0.734375,
      0.671875,
      0.65625,
      0.640625,
      0.671875,
      0.6875,
      0.75,
      0.703125,
      0.65625,
      0.59375,
      0.6875,
      0.65625,
      0.71875,
      0.703125,
      0.84375,
      0.75,
      0.703125,
      0.875
   ],
   "batch_train_losses": [
      1.2063878774642944,
      1.3491365909576416,
      1.3353029489517212,
      1.6439440250396729,
      1.5600032806396484,
      1.353814721107483,
      1.4461870193481445,
      1.254764199256897,
      1.248253345489502,
      1.5203272104263306,
      1.1501333713531494,
      1.3374888896942139,
      1.2855043411254883,
      1.3266905546188354,
      1.4460744857788086,
      1.1669243574142456,
      1.4015133380889893,
      1.2119417190551758,
      1.2535390853881836,
      1.3926730155944824,
      1.3508857488632202,
      1.2381908893585205,
      1.2749217748641968,
      1.6144626140594482,
      1.3411277532577515,
      1.3981742858886719,
      1.3697874546051025,
      1.4962698221206665,
      1.370581865310669,
      1.3987483978271484,
      1.2123782634735107,
      1.402849793434143,
      1.2910363674163818,
      1.4929546117782593,
      1.3044260740280151,
      1.4084168672561646,
      1.3490979671478271,
      1.479483723640442,
      1.1377208232879639,
      1.3812419176101685,
      1.4578691720962524,
      1.1134356260299683
   ],
   "batch_train_times": [],
   "val_accuracy": 0.46621621621621623,
   "val_loss": 2.1128929370158427,
   "val_accuracy_per_label": [
      0.6818181818181818,
      0.0,
      0.0,
      0.0,
      0.8,
      0.6,
      0.0,
      0.8,
      0.0,
      0.0,
      0.0,
      0.0,
      0.6,
      0.2,
      0.8,
      0.0,
      0.0,
      0.0,
      0.2,
      0.8275862068965517,
      0.8461538461538461,
      0.0,
      0.2,
      0.2,
      0.0,
      0.4,
      0.0,
      0.7,
      0.0,
      0.0,
      0.0,
      0.2,
      0.8,
      0.0,
      0.0,
      0.0,
      0.4,
      0.0,
      0.6666666666666666,
      0.4,
      0.0,
      0.5,
      0.0
   ]
}