{
   "epoch": 34,
   "batch_train_accuracies": [
      0.65625,
      0.8125,
      0.65625,
      0.859375,
      0.8125,
      0.8125,
      0.75,
      0.75,
      0.703125,
      0.75,
      0.8125,
      0.78125,
      0.71875,
      0.765625,
      0.734375,
      0.78125,
      0.6875,
      0.84375,
      0.6875,
      0.796875,
      0.828125,
      0.75,
      0.75,
      0.765625,
      0.71875,
      0.734375,
      0.75,
      0.671875,
      0.71875,
      0.734375,
      0.734375,
      0.765625,
      0.640625,
      0.671875,
      0.765625,
      0.75,
      0.8125,
      0.828125,
      0.75,
      0.796875,
      0.796875,
      0.8125
   ],
   "batch_train_losses": [
      1.4191417694091797,
      1.0292811393737793,
      1.3997706174850464,
      1.080642580986023,
      1.2593131065368652,
      1.1831493377685547,
      1.2911384105682373,
      1.144638180732727,
      1.2812232971191406,
      1.218577265739441,
      1.1109522581100464,
      1.1874065399169922,
      1.2425779104232788,
      1.1542868614196777,
      1.2500081062316895,
      1.1712971925735474,
      1.3188953399658203,
      0.9695998430252075,
      1.3371845483779907,
      1.2191956043243408,
      1.2429029941558838,
      1.2435053586959839,
      1.1419130563735962,
      1.1905922889709473,
      1.2554007768630981,
      1.2252558469772339,
      1.3150389194488525,
      1.2804895639419556,
      1.3205543756484985,
      1.2365590333938599,
      1.2202279567718506,
      1.3095403909683228,
      1.3160531520843506,
      1.2699990272521973,
      1.169319748878479,
      1.1455137729644775,
      1.0914398431777954,
      1.1152756214141846,
      1.245010495185852,
      1.0846396684646606,
      1.1863799095153809,
      1.0252963304519653
   ],
   "batch_train_times": [],
   "val_accuracy": 0.5337837837837838,
   "val_loss": 1.9655233363847475,
   "val_accuracy_per_label": [
      0.7727272727272727,
      0.0,
      0.0,
      0.2,
      0.8,
      0.6,
      0.0,
      0.85,
      0.0,
      0.0,
      0.0,
      0.0,
      0.6,
      1.0,
      0.8,
      0.0,
      0.0,
      0.0,
      0.0,
      1.0,
      0.9230769230769231,
      0.4,
      0.0,
      0.4,
      0.0,
      0.5,
      0.0,
      0.35,
      0.0,
      0.0,
      0.0,
      0.6,
      1.0,
      0.0,
      0.0,
      0.0,
      0.4,
      0.0,
      1.0,
      0.6,
      0.0,
      0.5,
      0.0
   ]
}