{
   "epoch": 27,
   "batch_train_accuracies": [
      0.796875,
      0.703125,
      0.6875,
      0.734375,
      0.734375,
      0.796875,
      0.71875,
      0.65625,
      0.796875,
      0.8125,
      0.734375,
      0.671875,
      0.71875,
      0.765625,
      0.734375,
      0.75,
      0.734375,
      0.65625,
      0.75,
      0.703125,
      0.828125,
      0.765625,
      0.71875,
      0.71875,
      0.640625,
      0.65625,
      0.734375,
      0.765625,
      0.828125,
      0.71875,
      0.6875,
      0.703125,
      0.71875,
      0.765625,
      0.6875,
      0.671875,
      0.625,
      0.625,
      0.75,
      0.734375,
      0.75,
      0.6875
   ],
   "batch_train_losses": [
      1.2132141590118408,
      1.4796934127807617,
      1.3332440853118896,
      1.1535272598266602,
      1.2345941066741943,
      1.1282942295074463,
      1.4162797927856445,
      1.4455677270889282,
      1.2547744512557983,
      1.237550139427185,
      1.2795283794403076,
      1.3252767324447632,
      1.4239444732666016,
      1.2984719276428223,
      1.2181283235549927,
      1.3389304876327515,
      1.2570348978042603,
      1.4729539155960083,
      1.2600586414337158,
      1.3003252744674683,
      1.2207785844802856,
      1.2818435430526733,
      1.2263916730880737,
      1.2614524364471436,
      1.4930468797683716,
      1.3769277334213257,
      1.2776919603347778,
      1.1933828592300415,
      1.0170048475265503,
      1.3724968433380127,
      1.3402283191680908,
      1.5035920143127441,
      1.277541160583496,
      1.1066237688064575,
      1.4223634004592896,
      1.345442771911621,
      1.3961870670318604,
      1.4696592092514038,
      1.3181989192962646,
      1.2473515272140503,
      1.2286782264709473,
      1.513559103012085
   ],
   "batch_train_times": [],
   "val_accuracy": 0.543918918918919,
   "val_loss": 1.9808959477656596,
   "val_accuracy_per_label": [
      0.7272727272727273,
      0.0,
      0.6666666666666666,
      0.0,
      1.0,
      0.8,
      0.0,
      0.85,
      0.0,
      0.0,
      0.0,
      0.0,
      0.0,
      0.6,
      1.0,
      0.0,
      0.0,
      0.0,
      0.0,
      0.9655172413793104,
      0.9230769230769231,
      0.2,
      0.2,
      0.2,
      0.0,
      0.8,
      0.0,
      0.6,
      0.0,
      0.0,
      0.0,
      0.2,
      0.6,
      0.0,
      0.0,
      0.0,
      0.2,
      0.0,
      1.0,
      0.8,
      0.0,
      0.5,
      0.0
   ]
}