{
   "epoch": 42,
   "batch_train_accuracies": [
      0.796875,
      0.796875,
      0.734375,
      0.859375,
      0.75,
      0.71875,
      0.65625,
      0.875,
      0.71875,
      0.734375,
      0.703125,
      0.75,
      0.765625,
      0.828125,
      0.8125,
      0.609375,
      0.734375,
      0.734375,
      0.765625,
      0.796875,
      0.734375,
      0.828125,
      0.734375,
      0.78125,
      0.765625,
      0.84375,
      0.828125,
      0.734375,
      0.65625,
      0.671875,
      0.765625,
      0.859375,
      0.78125,
      0.875,
      0.828125,
      0.71875,
      0.78125,
      0.828125,
      0.8125,
      0.796875,
      0.71875,
      0.75
   ],
   "batch_train_losses": [
      0.9497014880180359,
      1.2259944677352905,
      1.2764126062393188,
      1.0987229347229004,
      1.2005964517593384,
      1.1680158376693726,
      1.347580909729004,
      0.9133702516555786,
      1.2032219171524048,
      1.2466392517089844,
      1.2498046159744263,
      1.243935227394104,
      1.168314814567566,
      1.0472257137298584,
      1.159635305404663,
      1.318246841430664,
      1.252805471420288,
      1.2167589664459229,
      1.1323118209838867,
      1.1193515062332153,
      1.3735177516937256,
      1.103323221206665,
      1.2250069379806519,
      1.107399821281433,
      1.1317521333694458,
      1.0126510858535767,
      1.0568333864212036,
      1.1721549034118652,
      1.4172841310501099,
      1.3024420738220215,
      1.2299540042877197,
      1.0294190645217896,
      1.129504919052124,
      0.8805903792381287,
      0.9966517686843872,
      1.233759880065918,
      1.0136122703552246,
      0.977820098400116,
      1.1021792888641357,
      1.1942676305770874,
      1.2085683345794678,
      1.5504363775253296
   ],
   "batch_train_times": [],
   "val_accuracy": 0.5709459459459459,
   "val_loss": 1.8784284881643347,
   "val_accuracy_per_label": [
      0.6363636363636364,
      0.0,
      0.3333333333333333,
      0.2,
      1.0,
      0.8,
      0.0,
      0.85,
      0.0,
      0.0,
      0.0,
      0.0,
      0.6,
      0.8,
      0.8,
      0.0,
      0.0,
      0.0,
      0.2,
      1.0,
      0.8846153846153846,
      0.8,
      0.6,
      0.2,
      0.0,
      0.8,
      0.0,
      0.55,
      0.0,
      0.0,
      0.0,
      1.0,
      1.0,
      0.0,
      0.0,
      0.0,
      0.0,
      0.0,
      0.9333333333333333,
      0.7,
      0.0,
      0.5,
      0.0
   ]
}