{
   "epoch": 32,
   "batch_train_accuracies": [
      0.78125,
      0.734375,
      0.75,
      0.515625,
      0.625,
      0.75,
      0.828125,
      0.765625,
      0.859375,
      0.71875,
      0.703125,
      0.671875,
      0.703125,
      0.78125,
      0.71875,
      0.734375,
      0.84375,
      0.71875,
      0.765625,
      0.75,
      0.6875,
      0.84375,
      0.703125,
      0.75,
      0.703125,
      0.671875,
      0.765625,
      0.796875,
      0.640625,
      0.640625,
      0.828125,
      0.78125,
      0.703125,
      0.734375,
      0.78125,
      0.765625,
      0.71875,
      0.765625,
      0.796875,
      0.78125,
      0.734375,
      0.6875
   ],
   "batch_train_losses": [
      1.1441373825073242,
      1.3403946161270142,
      1.2412172555923462,
      1.8053094148635864,
      1.5864008665084839,
      1.4340736865997314,
      1.12747323513031,
      1.2446949481964111,
      1.0454025268554688,
      1.2135379314422607,
      1.3509721755981445,
      1.3371670246124268,
      1.314178705215454,
      1.2401090860366821,
      1.3366039991378784,
      1.1946706771850586,
      1.0327564477920532,
      1.2664401531219482,
      1.3031249046325684,
      1.3566688299179077,
      1.354933500289917,
      1.1395217180252075,
      1.2615970373153687,
      1.2624971866607666,
      1.3362218141555786,
      1.3350088596343994,
      1.123829960823059,
      1.1366456747055054,
      1.4980826377868652,
      1.3929126262664795,
      1.1231839656829834,
      1.2438569068908691,
      1.4195860624313354,
      1.2730191946029663,
      1.1810390949249268,
      1.2053848505020142,
      1.2122522592544556,
      1.0725277662277222,
      1.0909245014190674,
      1.082738995552063,
      1.1044695377349854,
      1.4592242240905762
   ],
   "batch_train_times": [],
   "val_accuracy": 0.5067567567567568,
   "val_loss": 1.9385886353415411,
   "val_accuracy_per_label": [
      0.6818181818181818,
      0.0,
      0.5,
      0.0,
      0.4,
      0.8,
      0.0,
      0.8,
      0.0,
      0.2,
      0.0,
      0.0,
      0.4,
      0.2,
      0.8,
      0.0,
      0.0,
      0.0,
      0.2,
      1.0,
      1.0,
      0.0,
      0.0,
      0.4,
      0.0,
      0.4,
      0.0,
      0.6,
      0.0,
      0.0,
      0.0,
      0.4,
      0.8,
      0.0,
      0.0,
      0.0,
      0.0,
      0.0,
      0.8,
      0.6,
      0.0,
      0.5,
      0.0
   ]
}