{
   "epoch": 37,
   "batch_train_accuracies": [
      0.703125,
      0.6875,
      0.78125,
      0.765625,
      0.703125,
      0.765625,
      0.8125,
      0.8125,
      0.8125,
      0.671875,
      0.765625,
      0.765625,
      0.734375,
      0.6875,
      0.765625,
      0.734375,
      0.84375,
      0.734375,
      0.71875,
      0.890625,
      0.703125,
      0.875,
      0.84375,
      0.8125,
      0.796875,
      0.734375,
      0.796875,
      0.78125,
      0.765625,
      0.859375,
      0.75,
      0.6875,
      0.828125,
      0.6875,
      0.84375,
      0.828125,
      0.84375,
      0.734375,
      0.75,
      0.65625,
      0.71875,
      0.8125
   ],
   "batch_train_losses": [
      1.2102419137954712,
      1.3254179954528809,
      1.2432578802108765,
      1.1642597913742065,
      1.5127573013305664,
      1.3329827785491943,
      0.9815686941146851,
      1.133425235748291,
      1.1431105136871338,
      1.3626741170883179,
      1.1852710247039795,
      1.2186741828918457,
      1.2194993495941162,
      1.4125537872314453,
      1.0727684497833252,
      1.0934574604034424,
      0.9870467782020569,
      1.2013779878616333,
      1.2586921453475952,
      1.0230298042297363,
      1.2424514293670654,
      1.0450876951217651,
      1.0662320852279663,
      1.2190133333206177,
      1.2175453901290894,
      1.1959753036499023,
      1.0639946460723877,
      1.1179765462875366,
      1.2647619247436523,
      1.0420427322387695,
      1.143994688987732,
      1.3335978984832764,
      1.0575964450836182,
      1.273935317993164,
      0.931061327457428,
      0.9716434478759766,
      1.0706881284713745,
      1.2419254779815674,
      1.2005724906921387,
      1.413567066192627,
      1.3502312898635864,
      1.2462222576141357
   ],
   "batch_train_times": [],
   "val_accuracy": 0.5675675675675675,
   "val_loss": 1.90785191832362,
   "val_accuracy_per_label": [
      0.6818181818181818,
      0.2,
      0.16666666666666666,
      0.0,
      0.8,
      1.0,
      0.0,
      0.8,
      0.0,
      0.6,
      0.0,
      0.0,
      0.4,
      0.8,
      1.0,
      0.0,
      0.0,
      0.0,
      0.0,
      1.0,
      0.9615384615384616,
      0.6,
      0.4,
      0.4,
      0.0,
      0.6,
      0.0,
      0.6,
      0.0,
      0.0,
      0.0,
      0.2,
      1.0,
      0.0,
      0.0,
      0.0,
      0.2,
      0.0,
      0.9333333333333333,
      0.7,
      0.0,
      0.5,
      0.2
   ]
}