{
   "epoch": 31,
   "batch_train_accuracies": [
      0.734375,
      0.71875,
      0.703125,
      0.734375,
      0.75,
      0.703125,
      0.546875,
      0.703125,
      0.703125,
      0.765625,
      0.640625,
      0.765625,
      0.765625,
      0.765625,
      0.78125,
      0.859375,
      0.78125,
      0.734375,
      0.8125,
      0.828125,
      0.78125,
      0.8125,
      0.734375,
      0.75,
      0.671875,
      0.703125,
      0.6875,
      0.625,
      0.75,
      0.71875,
      0.796875,
      0.78125,
      0.703125,
      0.640625,
      0.765625,
      0.71875,
      0.796875,
      0.75,
      0.71875,
      0.828125,
      0.6875,
      0.6875
   ],
   "batch_train_losses": [
      1.2423547506332397,
      1.2934366464614868,
      1.4433876276016235,
      1.2694411277770996,
      1.2147605419158936,
      1.3640590906143188,
      1.7195607423782349,
      1.3321013450622559,
      1.23893404006958,
      1.1947877407073975,
      1.4364595413208008,
      1.2132830619812012,
      1.2636204957962036,
      1.1745269298553467,
      1.1278599500656128,
      1.0434010028839111,
      1.1808617115020752,
      1.2138597965240479,
      1.2423280477523804,
      1.0431021451950073,
      1.2327271699905396,
      1.120511531829834,
      1.3448702096939087,
      1.3322772979736328,
      1.3188296556472778,
      1.3919159173965454,
      1.3570955991744995,
      1.3895106315612793,
      1.2066417932510376,
      1.3481497764587402,
      1.2234017848968506,
      1.143707036972046,
      1.2729617357254028,
      1.51788330078125,
      1.2543487548828125,
      1.1662938594818115,
      1.1990375518798828,
      1.225982666015625,
      1.3593508005142212,
      1.192728042602539,
      1.3679873943328857,
      1.2946442365646362
   ],
   "batch_train_times": [],
   "val_accuracy": 0.47635135135135137,
   "val_loss": 1.972354405635112,
   "val_accuracy_per_label": [
      0.7272727272727273,
      0.0,
      0.16666666666666666,
      0.0,
      1.0,
      0.4,
      0.0,
      0.8,
      0.0,
      0.2,
      0.0,
      0.0,
      0.2,
      0.6,
      0.6,
      0.0,
      0.0,
      0.0,
      0.0,
      1.0,
      0.7307692307692307,
      0.0,
      0.0,
      0.2,
      0.0,
      0.6,
      0.0,
      0.55,
      0.0,
      0.0,
      0.0,
      0.2,
      0.8,
      0.0,
      0.0,
      0.0,
      0.2,
      0.0,
      0.6,
      0.8,
      0.0,
      0.5,
      0.0
   ]
}