{
   "epoch": 21,
   "batch_train_accuracies": [
      0.765625,
      0.609375,
      0.6875,
      0.640625,
      0.59375,
      0.71875,
      0.625,
      0.703125,
      0.671875,
      0.765625,
      0.609375,
      0.65625,
      0.609375,
      0.703125,
      0.6875,
      0.578125,
      0.6875,
      0.625,
      0.796875,
      0.75,
      0.59375,
      0.6875,
      0.640625,
      0.734375,
      0.609375,
      0.59375,
      0.671875,
      0.703125,
      0.796875,
      0.734375,
      0.609375,
      0.71875,
      0.703125,
      0.625,
      0.671875,
      0.65625,
      0.734375,
      0.671875,
      0.65625,
      0.71875,
      0.6875,
      0.6875
   ],
   "batch_train_losses": [
      1.301599144935608,
      1.768351435661316,
      1.479449987411499,
      1.5498613119125366,
      1.4782788753509521,
      1.3608232736587524,
      1.4559458494186401,
      1.3458120822906494,
      1.5505045652389526,
      1.28486168384552,
      1.5945289134979248,
      1.3793296813964844,
      1.5632615089416504,
      1.290544033050537,
      1.4937108755111694,
      1.5676053762435913,
      1.5437359809875488,
      1.520167589187622,
      1.2750247716903687,
      1.3785353899002075,
      1.6848113536834717,
      1.3803168535232544,
      1.537908911705017,
      1.2788364887237549,
      1.5580796003341675,
      1.6076023578643799,
      1.3532911539077759,
      1.3675825595855713,
      1.2136150598526,
      1.3920925855636597,
      1.5795520544052124,
      1.3432923555374146,
      1.399826169013977,
      1.5659546852111816,
      1.4047149419784546,
      1.5407131910324097,
      1.3252148628234863,
      1.3702398538589478,
      1.4111559391021729,
      1.3962589502334595,
      1.4299789667129517,
      1.5454909801483154
   ],
   "batch_train_times": [],
   "val_accuracy": 0.44594594594594594,
   "val_loss": 2.1092794746965975,
   "val_accuracy_per_label": [
      0.6818181818181818,
      0.0,
      0.16666666666666666,
      0.0,
      0.0,
      0.8,
      0.0,
      0.8,
      0.0,
      0.0,
      0.0,
      0.0,
      0.4,
      0.6,
      0.8,
      0.0,
      0.0,
      0.0,
      0.0,
      0.896551724137931,
      0.6923076923076923,
      0.0,
      0.0,
      0.0,
      0.0,
      0.6,
      0.0,
      0.6,
      0.0,
      0.0,
      0.0,
      0.2,
      0.8,
      0.0,
      0.0,
      0.0,
      0.0,
      0.0,
      0.6666666666666666,
      0.7,
      0.0,
      0.375,
      0.0
   ]
}