{
   "epoch": 11,
   "batch_train_accuracies": [
      0.578125,
      0.625,
      0.515625,
      0.515625,
      0.640625,
      0.640625,
      0.5625,
      0.5625,
      0.59375,
      0.515625,
      0.5,
      0.65625,
      0.515625,
      0.5625,
      0.5,
      0.53125,
      0.515625,
      0.578125,
      0.421875,
      0.515625,
      0.5625,
      0.640625,
      0.59375,
      0.546875,
      0.546875,
      0.609375,
      0.484375,
      0.515625,
      0.4375,
      0.546875,
      0.5625,
      0.453125,
      0.4375,
      0.578125,
      0.546875,
      0.640625,
      0.53125,
      0.53125,
      0.5625,
      0.53125,
      0.59375,
      0.5
   ],
   "batch_train_losses": [
      1.7813166379928589,
      1.6761568784713745,
      1.970686674118042,
      2.0771491527557373,
      1.7324957847595215,
      1.8057808876037598,
      1.860693335533142,
      1.8676838874816895,
      1.8282493352890015,
      1.9068876504898071,
      1.8806208372116089,
      1.7730621099472046,
      1.8739283084869385,
      1.703316330909729,
      2.0470900535583496,
      1.6996567249298096,
      1.8531606197357178,
      1.8841558694839478,
      2.015132427215576,
      1.9397794008255005,
      1.8071925640106201,
      1.7663121223449707,
      1.8915141820907593,
      1.8223514556884766,
      1.8549871444702148,
      1.6564955711364746,
      1.816882610321045,
      1.9383784532546997,
      2.0836243629455566,
      1.853020191192627,
      1.863471508026123,
      1.9716676473617554,
      2.0582027435302734,
      1.7917824983596802,
      1.8625777959823608,
      1.6999025344848633,
      1.931117057800293,
      1.81032395362854,
      1.7099266052246094,
      1.848581314086914,
      1.8344718217849731,
      1.8918042182922363
   ],
   "batch_train_times": [],
   "val_accuracy": 0.36486486486486486,
   "val_loss": 2.498779651280996,
   "val_accuracy_per_label": [
      0.8636363636363636,
      0.0,
      0.0,
      0.0,
      0.8,
      0.0,
      0.0,
      0.85,
      0.0,
      0.6,
      0.0,
      0.0,
      0.0,
      0.6,
      0.0,
      0.0,
      0.0,
      0.0,
      0.0,
      0.4482758620689655,
      0.8076923076923077,
      0.0,
      0.0,
      0.0,
      0.0,
      0.0,
      0.0,
      0.45,
      0.0,
      0.0,
      0.0,
      0.0,
      0.6,
      0.0,
      0.0,
      0.0,
      0.0,
      0.0,
      0.4666666666666667,
      0.4,
      0.0,
      0.625,
      0.0
   ]
}