{
   "epoch": 29,
   "batch_train_accuracies": [
      0.78125,
      0.578125,
      0.65625,
      0.75,
      0.75,
      0.734375,
      0.734375,
      0.828125,
      0.8125,
      0.8125,
      0.78125,
      0.703125,
      0.734375,
      0.828125,
      0.703125,
      0.703125,
      0.765625,
      0.75,
      0.78125,
      0.796875,
      0.65625,
      0.734375,
      0.78125,
      0.78125,
      0.828125,
      0.625,
      0.71875,
      0.65625,
      0.703125,
      0.75,
      0.71875,
      0.65625,
      0.71875,
      0.75,
      0.625,
      0.765625,
      0.796875,
      0.796875,
      0.640625,
      0.734375,
      0.765625,
      0.6875
   ],
   "batch_train_losses": [
      1.1924623250961304,
      1.6228463649749756,
      1.4388619661331177,
      1.312501311302185,
      1.3124092817306519,
      1.2214540243148804,
      1.3486520051956177,
      1.0951015949249268,
      1.0577430725097656,
      1.126164197921753,
      1.1052886247634888,
      1.322892665863037,
      1.2373566627502441,
      0.9977754354476929,
      1.3870328664779663,
      1.375211477279663,
      1.1434041261672974,
      1.2453031539916992,
      1.2380294799804688,
      1.1908735036849976,
      1.3087780475616455,
      1.4216097593307495,
      1.1886404752731323,
      1.1510288715362549,
      1.1813076734542847,
      1.363745927810669,
      1.3480528593063354,
      1.4384151697158813,
      1.3624935150146484,
      1.2781555652618408,
      1.2541621923446655,
      1.411706566810608,
      1.423722505569458,
      1.2597429752349854,
      1.4165374040603638,
      1.1627506017684937,
      1.2228670120239258,
      1.1561436653137207,
      1.4145668745040894,
      1.3308545351028442,
      1.2441741228103638,
      1.4374191761016846
   ],
   "batch_train_times": [],
   "val_accuracy": 0.5067567567567568,
   "val_loss": 1.9110350479950775,
   "val_accuracy_per_label": [
      0.6818181818181818,
      0.0,
      0.6666666666666666,
      0.0,
      0.0,
      0.8,
      0.0,
      0.8,
      0.0,
      0.0,
      0.0,
      0.0,
      0.4,
      0.6,
      0.6,
      0.0,
      0.0,
      0.0,
      0.0,
      0.9655172413793104,
      0.9230769230769231,
      0.0,
      0.0,
      0.2,
      0.0,
      0.3,
      0.0,
      0.8,
      0.0,
      0.0,
      0.0,
      0.8,
      0.6,
      0.0,
      0.0,
      0.0,
      0.2,
      0.0,
      0.8666666666666667,
      0.7,
      0.0,
      0.375,
      0.0
   ]
}