{
   "epoch": 43,
   "batch_train_accuracies": [
      0.8125,
      0.75,
      0.875,
      0.875,
      0.78125,
      0.796875,
      0.796875,
      0.703125,
      0.78125,
      0.734375,
      0.71875,
      0.8125,
      0.890625,
      0.8125,
      0.765625,
      0.78125,
      0.8125,
      0.6875,
      0.78125,
      0.6875,
      0.828125,
      0.84375,
      0.765625,
      0.734375,
      0.734375,
      0.78125,
      0.8125,
      0.765625,
      0.8125,
      0.8125,
      0.8125,
      0.78125,
      0.6875,
      0.734375,
      0.75,
      0.796875,
      0.828125,
      0.765625,
      0.796875,
      0.796875,
      0.703125,
      0.5625
   ],
   "batch_train_losses": [
      1.0094149112701416,
      1.1053136587142944,
      1.0180062055587769,
      1.0168083906173706,
      1.1292012929916382,
      0.9900636076927185,
      1.0868085622787476,
      1.2339298725128174,
      1.0955278873443604,
      1.132696270942688,
      1.193130373954773,
      1.107269048690796,
      1.0405255556106567,
      1.057320475578308,
      1.101552963256836,
      1.0845704078674316,
      1.125454068183899,
      1.1480706930160522,
      0.974248468875885,
      1.2433149814605713,
      1.1838353872299194,
      1.086122751235962,
      1.0999284982681274,
      1.1445826292037964,
      1.1333541870117188,
      1.241816520690918,
      1.0585567951202393,
      1.194880485534668,
      1.0739375352859497,
      1.0356240272521973,
      1.0748286247253418,
      1.1296204328536987,
      1.2316902875900269,
      1.210184097290039,
      1.1920634508132935,
      1.156028389930725,
      1.0433052778244019,
      1.2674683332443237,
      1.0004470348358154,
      1.0940901041030884,
      1.2995057106018066,
      1.7049601078033447
   ],
   "batch_train_times": [],
   "val_accuracy": 0.5405405405405406,
   "val_loss": 1.794715030773266,
   "val_accuracy_per_label": [
      0.7272727272727273,
      0.0,
      0.6666666666666666,
      0.0,
      1.0,
      0.8,
      0.0,
      0.8,
      0.0,
      0.0,
      0.0,
      0.0,
      0.4,
      0.8,
      0.8,
      0.0,
      0.0,
      0.0,
      0.2,
      1.0,
      1.0,
      0.0,
      0.0,
      1.0,
      0.0,
      0.5,
      0.0,
      0.55,
      0.0,
      0.0,
      0.0,
      0.6,
      0.8,
      0.0,
      0.0,
      0.0,
      0.0,
      0.0,
      0.7333333333333333,
      0.5,
      0.0,
      0.5,
      0.2
   ]
}