{
   "epoch": 17,
   "batch_train_accuracies": [
      0.671875,
      0.578125,
      0.578125,
      0.546875,
      0.625,
      0.546875,
      0.734375,
      0.6875,
      0.484375,
      0.765625,
      0.625,
      0.59375,
      0.484375,
      0.59375,
      0.5625,
      0.53125,
      0.65625,
      0.625,
      0.609375,
      0.625,
      0.578125,
      0.625,
      0.640625,
      0.640625,
      0.78125,
      0.640625,
      0.609375,
      0.671875,
      0.625,
      0.734375,
      0.625,
      0.640625,
      0.5625,
      0.625,
      0.71875,
      0.5625,
      0.6875,
      0.515625,
      0.640625,
      0.640625,
      0.609375,
      0.5
   ],
   "batch_train_losses": [
      1.3769404888153076,
      1.5262788534164429,
      1.6503143310546875,
      1.610467791557312,
      1.7479729652404785,
      1.751350998878479,
      1.4131639003753662,
      1.4469939470291138,
      1.9546102285385132,
      1.3359450101852417,
      1.5455480813980103,
      1.6232326030731201,
      1.8080501556396484,
      1.688477635383606,
      1.5745660066604614,
      1.6909689903259277,
      1.5456573963165283,
      1.6983569860458374,
      1.6470508575439453,
      1.3889350891113281,
      1.6542253494262695,
      1.5643231868743896,
      1.534859538078308,
      1.4266387224197388,
      1.5619933605194092,
      1.4418705701828003,
      1.6601983308792114,
      1.5898425579071045,
      1.5975472927093506,
      1.534280776977539,
      1.5985931158065796,
      1.5702491998672485,
      1.5644065141677856,
      1.4786899089813232,
      1.430431604385376,
      1.61825692653656,
      1.441503882408142,
      1.6685227155685425,
      1.585253357887268,
      1.4473603963851929,
      1.6278043985366821,
      1.8582854270935059
   ],
   "batch_train_times": [],
   "val_accuracy": 0.4189189189189189,
   "val_loss": 2.3031520972380766,
   "val_accuracy_per_label": [
      0.7272727272727273,
      0.0,
      0.0,
      0.0,
      0.0,
      0.6,
      0.0,
      0.8,
      0.0,
      0.0,
      0.0,
      0.0,
      0.0,
      0.6,
      0.8,
      0.0,
      0.0,
      0.0,
      0.6,
      0.7241379310344828,
      0.8461538461538461,
      0.0,
      0.0,
      0.4,
      0.0,
      0.0,
      0.0,
      0.55,
      0.0,
      0.0,
      0.0,
      0.8,
      0.8,
      0.0,
      0.0,
      0.0,
      0.0,
      0.0,
      0.13333333333333333,
      0.8,
      0.0,
      0.625,
      0.0
   ]
}