{
   "epoch": 39,
   "batch_train_accuracies": [
      1.0,
      0.9375,
      0.96875,
      0.953125,
      0.96875,
      0.984375,
      0.953125,
      0.9375,
      0.9375,
      0.984375,
      0.984375,
      0.90625,
      0.90625,
      0.984375,
      0.96875,
      0.984375,
      0.9375,
      0.96875,
      0.953125,
      0.984375,
      0.953125,
      0.9375,
      0.984375,
      0.984375,
      0.953125,
      1.0,
      1.0,
      0.96875,
      0.984375,
      0.96875,
      1.0,
      0.96875,
      1.0,
      0.984375,
      0.984375,
      0.984375,
      0.96875,
      0.984375,
      1.0,
      1.0,
      0.984375,
      0.875
   ],
   "batch_train_losses": [
      0.1764208823442459,
      0.42192313075065613,
      0.2809627950191498,
      0.27832555770874023,
      0.32001015543937683,
      0.2511739730834961,
      0.23376703262329102,
      0.31493934988975525,
      0.27573293447494507,
      0.23232218623161316,
      0.17009492218494415,
      0.3200586438179016,
      0.32161957025527954,
      0.2473876178264618,
      0.31350913643836975,
      0.19527781009674072,
      0.2967306673526764,
      0.2415764033794403,
      0.22847838699817657,
      0.17807915806770325,
      0.2703148424625397,
      0.2931489646434784,
      0.2836935222148895,
      0.22590115666389465,
      0.2743108570575714,
      0.2594621777534485,
      0.2036433070898056,
      0.18207260966300964,
      0.17974916100502014,
      0.2322760671377182,
      0.20629246532917023,
      0.29698091745376587,
      0.21025492250919342,
      0.20049019157886505,
      0.20778974890708923,
      0.2172349989414215,
      0.18622376024723053,
      0.18969841301441193,
      0.1628483682870865,
      0.12714527547359467,
      0.19620127975940704,
      0.46777188777923584
   ],
   "batch_train_times": [],
   "val_accuracy": 0.527027027027027,
   "val_loss": 1.613992462287078,
   "val_accuracy_per_label": [
      0.4090909090909091,
      0.0,
      0.6666666666666666,
      1.0,
      1.0,
      0.2,
      0.3333333333333333,
      0.75,
      0.0,
      0.0,
      0.0,
      0.0,
      0.0,
      1.0,
      0.8,
      0.0,
      0.2,
      0.6,
      0.0,
      0.7241379310344828,
      0.9615384615384616,
      0.6,
      0.8,
      0.6,
      0.0,
      0.3,
      0.0,
      0.55,
      0.0,
      0.5,
      0.8,
      0.0,
      0.4,
      0.0,
      0.0,
      1.0,
      0.0,
      0.4,
      0.7333333333333333,
      0.4,
      0.0,
      0.375,
      0.2
   ]
}