{
   "epoch": 16,
   "batch_train_accuracies": [
      0.84375,
      0.78125,
      0.875,
      0.828125,
      0.8125,
      0.84375,
      0.8125,
      0.875,
      0.8125,
      0.78125,
      0.8125,
      0.890625,
      0.703125,
      0.796875,
      0.78125,
      0.78125,
      0.828125,
      0.828125,
      0.734375,
      0.8125,
      0.796875,
      0.8125,
      0.6875,
      0.796875,
      0.796875,
      0.875,
      0.890625,
      0.828125,
      0.84375,
      0.75,
      0.8125,
      0.796875,
      0.796875,
      0.8125,
      0.671875,
      0.8125,
      0.859375,
      0.78125,
      0.71875,
      0.8125,
      0.859375,
      0.625
   ],
   "batch_train_losses": [
      0.8484824895858765,
      0.907898485660553,
      0.8842242360115051,
      1.0117125511169434,
      0.818432092666626,
      0.8882763385772705,
      0.9762577414512634,
      0.859745442867279,
      0.9413051605224609,
      0.9539539813995361,
      0.8659347295761108,
      0.8578100204467773,
      1.1533677577972412,
      1.0252054929733276,
      0.9427496194839478,
      0.9105715155601501,
      0.9027161598205566,
      0.8607905507087708,
      1.0046675205230713,
      0.9600812196731567,
      0.954651951789856,
      0.8593600392341614,
      1.1624150276184082,
      0.9434438347816467,
      0.9091288447380066,
      0.8434363007545471,
      0.709561824798584,
      0.9271842241287231,
      0.8317795991897583,
      1.1021028757095337,
      0.990827739238739,
      1.0036472082138062,
      0.9419869780540466,
      0.9434340596199036,
      1.062085509300232,
      0.9458602666854858,
      0.836691677570343,
      1.0209815502166748,
      0.9864192008972168,
      0.835336446762085,
      0.8635867834091187,
      1.2420660257339478
   ],
   "batch_train_times": [],
   "val_accuracy": 0.46283783783783783,
   "val_loss": 1.6804326514940005,
   "val_accuracy_per_label": [
      0.8636363636363636,
      0.0,
      0.3333333333333333,
      0.2,
      0.8,
      0.8,
      0.3333333333333333,
      0.85,
      0.0,
      0.0,
      0.0,
      0.0,
      0.0,
      0.6,
      0.6,
      0.0,
      0.2,
      0.2,
      0.0,
      0.8620689655172413,
      0.7307692307692307,
      0.0,
      0.6,
      0.2,
      0.0,
      0.2,
      0.0,
      0.4,
      0.0,
      0.0,
      0.0,
      0.2,
      0.4,
      0.0,
      0.0,
      0.5,
      0.0,
      0.0,
      0.8,
      0.2,
      0.0,
      0.375,
      0.2
   ]
}