{
   "epoch": 43,
   "batch_train_accuracies": [
      1.0,
      0.96875,
      1.0,
      0.984375,
      0.9375,
      1.0,
      1.0,
      1.0,
      0.953125,
      0.984375,
      0.96875,
      1.0,
      0.984375,
      1.0,
      0.984375,
      0.96875,
      1.0,
      1.0,
      0.984375,
      0.953125,
      0.96875,
      1.0,
      1.0,
      0.96875,
      0.96875,
      0.984375,
      0.96875,
      0.96875,
      1.0,
      0.984375,
      0.984375,
      0.953125,
      1.0,
      0.953125,
      0.96875,
      0.984375,
      1.0,
      1.0,
      0.984375,
      0.96875,
      0.953125,
      0.875
   ],
   "batch_train_losses": [
      0.1549023985862732,
      0.17335668206214905,
      0.15346534550189972,
      0.27482685446739197,
      0.21888044476509094,
      0.1497972309589386,
      0.20744876563549042,
      0.13964875042438507,
      0.2570628821849823,
      0.2677256464958191,
      0.16919119656085968,
      0.1836266666650772,
      0.16698168218135834,
      0.1430450677871704,
      0.16345344483852386,
      0.21572467684745789,
      0.10190287232398987,
      0.13736668229103088,
      0.21847549080848694,
      0.22104820609092712,
      0.17069844901561737,
      0.17260491847991943,
      0.15193355083465576,
      0.223392516374588,
      0.22328920662403107,
      0.15193267166614532,
      0.18168240785598755,
      0.18119606375694275,
      0.12299159914255142,
      0.17440684139728546,
      0.16840511560440063,
      0.2118687629699707,
      0.1413082331418991,
      0.2011953890323639,
      0.20892110466957092,
      0.2239566296339035,
      0.1882222294807434,
      0.11993484199047089,
      0.190373957157135,
      0.18261168897151947,
      0.1741025596857071,
      0.599083662033081
   ],
   "batch_train_times": [],
   "val_accuracy": 0.5405405405405406,
   "val_loss": 1.6526830228599343,
   "val_accuracy_per_label": [
      0.5,
      0.0,
      0.3333333333333333,
      0.4,
      1.0,
      0.4,
      0.3333333333333333,
      0.75,
      0.0,
      0.0,
      0.0,
      0.2,
      0.0,
      0.4,
      1.0,
      0.0,
      0.2,
      1.0,
      0.0,
      0.9310344827586207,
      0.7692307692307693,
      0.8,
      1.0,
      0.4,
      0.0,
      0.6,
      0.0,
      0.2,
      0.2,
      0.75,
      0.0,
      0.6,
      0.8,
      0.0,
      0.0,
      1.0,
      0.0,
      0.4,
      0.7333333333333333,
      0.6,
      0.0,
      0.375,
      0.6
   ]
}