{
   "epoch": 14,
   "batch_train_accuracies": [
      0.765625,
      0.859375,
      0.84375,
      0.8125,
      0.90625,
      0.75,
      0.75,
      0.6875,
      0.6875,
      0.78125,
      0.796875,
      0.703125,
      0.734375,
      0.75,
      0.78125,
      0.71875,
      0.78125,
      0.765625,
      0.84375,
      0.734375,
      0.609375,
      0.78125,
      0.828125,
      0.78125,
      0.84375,
      0.734375,
      0.6875,
      0.765625,
      0.84375,
      0.78125,
      0.8125,
      0.703125,
      0.640625,
      0.84375,
      0.859375,
      0.828125,
      0.765625,
      0.765625,
      0.8125,
      0.796875,
      0.8125,
      0.625
   ],
   "batch_train_losses": [
      1.1370071172714233,
      0.9468807578086853,
      0.9372201561927795,
      1.0283102989196777,
      1.022611379623413,
      1.0568407773971558,
      1.081298828125,
      1.0992487668991089,
      1.2298747301101685,
      1.077316403388977,
      1.073452115058899,
      1.2176755666732788,
      1.025830626487732,
      1.1407549381256104,
      1.0225778818130493,
      1.1336945295333862,
      1.0220357179641724,
      1.0838146209716797,
      0.9148659110069275,
      1.1181470155715942,
      1.342067837715149,
      1.0150381326675415,
      0.99822998046875,
      0.9769288897514343,
      0.9639479517936707,
      1.042108178138733,
      1.2783135175704956,
      1.065495252609253,
      0.9199888706207275,
      0.9587947130203247,
      0.9286860823631287,
      1.114608883857727,
      1.26810884475708,
      1.0696967840194702,
      0.9589182734489441,
      1.0058907270431519,
      1.1227043867111206,
      1.0889345407485962,
      1.04228937625885,
      1.0109763145446777,
      0.9481396079063416,
      1.2352979183197021
   ],
   "batch_train_times": [],
   "val_accuracy": 0.46621621621621623,
   "val_loss": 1.858827984010851,
   "val_accuracy_per_label": [
      0.7272727272727273,
      0.0,
      0.5,
      0.0,
      0.4,
      1.0,
      0.0,
      0.7,
      0.0,
      0.0,
      0.0,
      0.0,
      0.0,
      0.6,
      0.8,
      0.0,
      0.0,
      0.0,
      0.2,
      0.9310344827586207,
      0.7692307692307693,
      0.0,
      0.8,
      0.4,
      0.0,
      0.4,
      0.0,
      0.65,
      0.0,
      0.0,
      0.0,
      0.2,
      0.6,
      0.0,
      0.0,
      0.0,
      0.0,
      0.0,
      0.7333333333333333,
      0.1,
      0.0,
      0.375,
      0.2
   ]
}