{
   "epoch": 40,
   "batch_train_accuracies": [
      0.96875,
      0.953125,
      0.984375,
      0.953125,
      0.9375,
      0.984375,
      0.96875,
      0.984375,
      0.96875,
      0.984375,
      0.984375,
      0.9375,
      1.0,
      0.96875,
      0.96875,
      1.0,
      1.0,
      0.984375,
      0.984375,
      1.0,
      0.96875,
      0.984375,
      0.984375,
      0.953125,
      0.96875,
      0.984375,
      1.0,
      1.0,
      0.953125,
      0.984375,
      0.984375,
      0.984375,
      1.0,
      1.0,
      1.0,
      1.0,
      0.96875,
      0.984375,
      0.953125,
      0.984375,
      0.984375,
      0.875
   ],
   "batch_train_losses": [
      0.19305120408535004,
      0.24329639971256256,
      0.2160598784685135,
      0.34933292865753174,
      0.3065353035926819,
      0.19830678403377533,
      0.24982258677482605,
      0.18752090632915497,
      0.20650185644626617,
      0.19840538501739502,
      0.2842964828014374,
      0.3029307425022125,
      0.18663854897022247,
      0.25510716438293457,
      0.23353031277656555,
      0.1805652230978012,
      0.1879982054233551,
      0.23382295668125153,
      0.22231021523475647,
      0.1646147519350052,
      0.20785343647003174,
      0.15151263773441315,
      0.201902374625206,
      0.21087977290153503,
      0.17462338507175446,
      0.19401434063911438,
      0.14972789585590363,
      0.19083134829998016,
      0.22530893981456757,
      0.2754761874675751,
      0.22077390551567078,
      0.18830987811088562,
      0.23903033137321472,
      0.13546250760555267,
      0.16072048246860504,
      0.18523722887039185,
      0.17992600798606873,
      0.21327370405197144,
      0.19139151275157928,
      0.15567122399806976,
      0.17792481184005737,
      0.4819926619529724
   ],
   "batch_train_times": [],
   "val_accuracy": 0.4966216216216216,
   "val_loss": 1.7247448418591473,
   "val_accuracy_per_label": [
      0.2727272727272727,
      0.0,
      0.16666666666666666,
      0.0,
      1.0,
      0.2,
      0.0,
      0.75,
      0.0,
      0.0,
      0.0,
      0.0,
      0.2,
      0.8,
      0.8,
      0.0,
      0.2,
      0.8,
      0.0,
      0.9310344827586207,
      0.7692307692307693,
      0.4,
      1.0,
      0.6,
      0.0,
      0.5,
      0.0,
      0.35,
      0.0,
      0.75,
      0.6,
      0.0,
      0.4,
      0.0,
      0.0,
      0.75,
      0.0,
      0.2,
      0.6,
      0.8,
      0.6,
      0.375,
      0.2
   ]
}