{
   "epoch": 34,
   "batch_train_accuracies": [
      1.0,
      0.96875,
      0.921875,
      0.96875,
      0.96875,
      0.953125,
      0.90625,
      0.984375,
      0.953125,
      0.9375,
      0.953125,
      0.953125,
      0.96875,
      0.953125,
      0.984375,
      0.953125,
      0.984375,
      0.953125,
      0.96875,
      0.96875,
      0.953125,
      0.96875,
      0.96875,
      0.984375,
      0.96875,
      0.90625,
      0.9375,
      0.96875,
      0.984375,
      0.9375,
      0.9375,
      1.0,
      0.984375,
      0.9375,
      0.90625,
      0.984375,
      0.90625,
      0.9375,
      0.953125,
      0.96875,
      0.953125,
      0.875
   ],
   "batch_train_losses": [
      0.2603719234466553,
      0.34425169229507446,
      0.33278700709342957,
      0.3048359453678131,
      0.2860415577888489,
      0.31926363706588745,
      0.3330080211162567,
      0.3161351978778839,
      0.28645190596580505,
      0.32667455077171326,
      0.30086565017700195,
      0.33865997195243835,
      0.27617013454437256,
      0.34231722354888916,
      0.25242820382118225,
      0.31750327348709106,
      0.28060999512672424,
      0.2793019115924835,
      0.3406451940536499,
      0.23154500126838684,
      0.3836200535297394,
      0.304386168718338,
      0.20772604644298553,
      0.33006513118743896,
      0.31335219740867615,
      0.4867232143878937,
      0.3758000433444977,
      0.2634778320789337,
      0.24668771028518677,
      0.33344897627830505,
      0.32241740822792053,
      0.20362156629562378,
      0.3307059705257416,
      0.35639482736587524,
      0.29754137992858887,
      0.25936219096183777,
      0.43641573190689087,
      0.3002219498157501,
      0.33178621530532837,
      0.3034326136112213,
      0.34330567717552185,
      0.5191915035247803
   ],
   "batch_train_times": [],
   "val_accuracy": 0.5033783783783784,
   "val_loss": 1.6132589224222544,
   "val_accuracy_per_label": [
      0.6363636363636364,
      0.0,
      0.6666666666666666,
      0.4,
      1.0,
      0.4,
      0.3333333333333333,
      0.75,
      0.0,
      0.0,
      0.0,
      0.2,
      0.0,
      0.4,
      1.0,
      0.0,
      0.2,
      0.6,
      0.0,
      0.8275862068965517,
      0.6538461538461539,
      0.4,
      0.8,
      0.2,
      0.0,
      0.7,
      0.0,
      0.55,
      0.0,
      0.0,
      0.0,
      0.6,
      0.4,
      0.0,
      0.0,
      1.0,
      0.0,
      0.0,
      0.7333333333333333,
      0.4,
      0.0,
      0.375,
      0.2
   ]
}