{
   "epoch": 29,
   "batch_train_accuracies": [
      0.953125,
      0.921875,
      0.96875,
      0.984375,
      0.859375,
      0.90625,
      0.953125,
      0.96875,
      0.921875,
      0.921875,
      0.984375,
      0.9375,
      0.984375,
      0.9375,
      0.9375,
      0.96875,
      0.9375,
      0.921875,
      0.90625,
      0.890625,
      0.890625,
      0.921875,
      0.984375,
      0.953125,
      0.9375,
      0.953125,
      0.984375,
      0.953125,
      0.9375,
      0.9375,
      0.90625,
      0.859375,
      0.890625,
      0.953125,
      0.921875,
      0.90625,
      0.953125,
      0.9375,
      0.90625,
      0.9375,
      0.90625,
      0.875
   ],
   "batch_train_losses": [
      0.49392616748809814,
      0.36948445439338684,
      0.3025209307670593,
      0.3473115861415863,
      0.4947548508644104,
      0.4192827343940735,
      0.3595319390296936,
      0.3784458637237549,
      0.44560685753822327,
      0.4694271683692932,
      0.28487345576286316,
      0.48648715019226074,
      0.3635142147541046,
      0.36412936449050903,
      0.4510086476802826,
      0.41427186131477356,
      0.35679706931114197,
      0.3555578291416168,
      0.50237637758255,
      0.5257945656776428,
      0.5602042078971863,
      0.4657399356365204,
      0.2924598753452301,
      0.38935407996177673,
      0.3561756908893585,
      0.33060306310653687,
      0.32706978917121887,
      0.4271562099456787,
      0.41916584968566895,
      0.49779340624809265,
      0.4075224697589874,
      0.4426092803478241,
      0.461001992225647,
      0.408325731754303,
      0.4833802282810211,
      0.44256293773651123,
      0.38639122247695923,
      0.4623544216156006,
      0.4795764684677124,
      0.38812780380249023,
      0.3726934790611267,
      0.6340647339820862
   ],
   "batch_train_times": [],
   "val_accuracy": 0.5304054054054054,
   "val_loss": 1.5871348960979565,
   "val_accuracy_per_label": [
      0.6363636363636364,
      0.0,
      0.6666666666666666,
      0.2,
      1.0,
      0.4,
      0.3333333333333333,
      0.75,
      0.0,
      0.0,
      0.0,
      0.0,
      0.2,
      0.8,
      1.0,
      0.0,
      0.2,
      0.4,
      0.0,
      0.8620689655172413,
      0.6923076923076923,
      0.8,
      1.0,
      0.2,
      0.0,
      0.9,
      0.0,
      0.45,
      0.0,
      0.0,
      0.0,
      0.8,
      1.0,
      0.0,
      0.0,
      0.75,
      0.0,
      0.0,
      0.6,
      0.6,
      0.0,
      0.375,
      0.2
   ]
}