{
   "epoch": 20,
   "batch_train_accuracies": [
      0.875,
      0.921875,
      0.875,
      0.859375,
      0.875,
      0.8125,
      0.75,
      0.890625,
      0.921875,
      0.8125,
      0.875,
      0.890625,
      0.859375,
      0.8125,
      0.90625,
      0.84375,
      0.90625,
      0.859375,
      0.9375,
      0.828125,
      0.828125,
      0.828125,
      0.859375,
      0.828125,
      0.875,
      0.890625,
      0.875,
      0.84375,
      0.78125,
      0.921875,
      0.875,
      0.859375,
      0.875,
      0.859375,
      0.765625,
      0.890625,
      0.828125,
      0.84375,
      0.921875,
      0.875,
      0.890625,
      0.8125
   ],
   "batch_train_losses": [
      0.6552888751029968,
      0.5790882110595703,
      0.808830976486206,
      0.6342209577560425,
      0.7599866986274719,
      0.8183668255805969,
      0.8906845450401306,
      0.6518014073371887,
      0.6873196959495544,
      0.7626723647117615,
      0.7249535918235779,
      0.6867719292640686,
      0.7318230867385864,
      0.7792526483535767,
      0.609700083732605,
      0.7379376888275146,
      0.6173075437545776,
      0.7091794013977051,
      0.58637535572052,
      0.7132585048675537,
      0.749434769153595,
      0.8111233115196228,
      0.8003809452056885,
      0.8785092234611511,
      0.6881625652313232,
      0.7287662625312805,
      0.6942160129547119,
      0.7511190176010132,
      0.9143298268318176,
      0.6088523268699646,
      0.7378689050674438,
      0.7059886455535889,
      0.6254794001579285,
      0.7122467756271362,
      0.9854676723480225,
      0.6404430866241455,
      0.8090624809265137,
      0.7748822569847107,
      0.5892409682273865,
      0.7713366746902466,
      0.6227965354919434,
      1.0166488885879517
   ],
   "batch_train_times": [],
   "val_accuracy": 0.5033783783783784,
   "val_loss": 1.621062845797152,
   "val_accuracy_per_label": [
      0.7727272727272727,
      0.0,
      0.16666666666666666,
      0.0,
      1.0,
      0.8,
      0.0,
      0.65,
      0.0,
      0.0,
      0.0,
      0.0,
      0.0,
      1.0,
      0.6,
      0.0,
      0.0,
      0.8,
      0.0,
      0.9655172413793104,
      0.7692307692307693,
      0.0,
      1.0,
      0.2,
      0.0,
      0.3,
      0.0,
      0.45,
      0.0,
      0.0,
      1.0,
      0.2,
      0.4,
      0.0,
      0.0,
      0.75,
      0.0,
      0.4,
      0.7333333333333333,
      0.3,
      0.0,
      0.375,
      0.2
   ]
}