{
   "epoch": 28,
   "batch_train_accuracies": [
      0.84375,
      0.953125,
      0.921875,
      0.96875,
      0.890625,
      0.90625,
      0.9375,
      0.953125,
      0.9375,
      0.9375,
      0.890625,
      0.984375,
      0.96875,
      0.953125,
      0.953125,
      0.953125,
      0.90625,
      0.90625,
      0.9375,
      0.9375,
      0.890625,
      0.921875,
      0.890625,
      0.953125,
      0.9375,
      0.9375,
      0.90625,
      0.9375,
      0.953125,
      0.921875,
      0.953125,
      0.9375,
      0.96875,
      0.84375,
      0.9375,
      0.9375,
      0.953125,
      0.828125,
      0.84375,
      0.90625,
      0.921875,
      1.0
   ],
   "batch_train_losses": [
      0.4685608744621277,
      0.4207805395126343,
      0.5113537311553955,
      0.4193476140499115,
      0.5818673968315125,
      0.564784586429596,
      0.43131589889526367,
      0.43994948267936707,
      0.4099237024784088,
      0.4277498126029968,
      0.5245885252952576,
      0.39149752259254456,
      0.3504069447517395,
      0.3871236741542816,
      0.4436071217060089,
      0.33610931038856506,
      0.4136933386325836,
      0.470941424369812,
      0.37089502811431885,
      0.4401363432407379,
      0.501033365726471,
      0.4639644920825958,
      0.4946495294570923,
      0.4315418601036072,
      0.4016155004501343,
      0.38424307107925415,
      0.4423217475414276,
      0.40677374601364136,
      0.3752719461917877,
      0.5003265142440796,
      0.4231047034263611,
      0.4324969947338104,
      0.31608647108078003,
      0.6253162622451782,
      0.3479899764060974,
      0.4393087923526764,
      0.33355510234832764,
      0.612057626247406,
      0.5412562489509583,
      0.4282296895980835,
      0.3435003161430359,
      0.3092852234840393
   ],
   "batch_train_times": [],
   "val_accuracy": 0.5,
   "val_loss": 1.629804578987328,
   "val_accuracy_per_label": [
      0.5909090909090909,
      0.0,
      0.0,
      0.4,
      1.0,
      0.2,
      0.3333333333333333,
      0.75,
      0.0,
      0.0,
      0.0,
      0.0,
      0.0,
      0.8,
      0.6,
      0.0,
      0.0,
      0.4,
      0.0,
      0.9655172413793104,
      0.8461538461538461,
      0.8,
      0.8,
      0.2,
      0.0,
      0.3,
      0.0,
      0.45,
      0.0,
      0.25,
      0.8,
      0.2,
      0.6,
      0.0,
      0.0,
      0.75,
      0.0,
      0.2,
      0.6,
      0.5,
      0.0,
      0.375,
      0.2
   ]
}