{
   "epoch": 5,
   "batch_train_accuracies": [
      0.46875,
      0.4375,
      0.5,
      0.46875,
      0.609375,
      0.421875,
      0.59375,
      0.421875,
      0.53125,
      0.484375,
      0.4375,
      0.375,
      0.546875,
      0.5,
      0.515625,
      0.59375,
      0.5,
      0.59375,
      0.484375,
      0.5625,
      0.515625,
      0.53125,
      0.46875,
      0.578125,
      0.546875,
      0.515625,
      0.5625,
      0.4375,
      0.546875,
      0.40625,
      0.5625,
      0.40625,
      0.546875,
      0.53125,
      0.453125,
      0.5,
      0.609375,
      0.5,
      0.515625,
      0.40625,
      0.453125,
      0.5625
   ],
   "batch_train_losses": [
      2.158076047897339,
      2.1111247539520264,
      2.0754995346069336,
      2.0669946670532227,
      1.9907886981964111,
      2.2117326259613037,
      1.9906901121139526,
      2.048011064529419,
      1.9894789457321167,
      2.0204036235809326,
      2.0897231101989746,
      2.2669920921325684,
      1.8088371753692627,
      1.9563634395599365,
      1.9756873846054077,
      1.889788031578064,
      1.9907126426696777,
      1.79085111618042,
      2.08569073677063,
      2.004028558731079,
      1.8496756553649902,
      1.9547288417816162,
      1.9444314241409302,
      1.9207580089569092,
      2.038891315460205,
      1.905446171760559,
      1.9188792705535889,
      1.926336407661438,
      1.9063122272491455,
      2.136890411376953,
      1.9637305736541748,
      1.9578518867492676,
      1.9953179359436035,
      2.108764410018921,
      2.0899910926818848,
      2.04194974899292,
      1.7516024112701416,
      2.0199170112609863,
      1.9287890195846558,
      2.112179756164551,
      1.9679912328720093,
      1.9296308755874634
   ],
   "batch_train_times": [],
   "val_accuracy": 0.31756756756756754,
   "val_loss": 2.426256830627854,
   "val_accuracy_per_label": [
      0.6818181818181818,
      0.0,
      0.0,
      0.0,
      1.0,
      0.4,
      0.0,
      1.0,
      0.0,
      0.0,
      0.0,
      0.0,
      0.0,
      0.0,
      0.0,
      0.0,
      0.0,
      0.0,
      0.0,
      0.7931034482758621,
      0.6153846153846154,
      0.0,
      0.0,
      0.0,
      0.0,
      0.0,
      0.0,
      0.2,
      0.0,
      0.0,
      0.0,
      0.0,
      0.0,
      0.0,
      0.0,
      0.0,
      0.0,
      0.0,
      0.3333333333333333,
      0.1,
      0.0,
      0.25,
      0.2
   ]
}