{
   "epoch": 35,
   "batch_train_accuracies": [
      0.96875,
      0.953125,
      0.953125,
      0.96875,
      1.0,
      0.96875,
      0.984375,
      0.96875,
      0.984375,
      0.96875,
      0.96875,
      0.953125,
      0.984375,
      0.96875,
      0.984375,
      0.984375,
      0.96875,
      0.984375,
      0.96875,
      0.921875,
      0.984375,
      1.0,
      1.0,
      0.953125,
      0.953125,
      0.984375,
      0.953125,
      0.953125,
      1.0,
      0.96875,
      0.921875,
      0.9375,
      0.9375,
      0.953125,
      0.984375,
      0.921875,
      0.953125,
      0.984375,
      0.96875,
      0.953125,
      0.96875,
      0.9375
   ],
   "batch_train_losses": [
      0.2828814685344696,
      0.27837100625038147,
      0.38499900698661804,
      0.29884713888168335,
      0.27588117122650146,
      0.2666274607181549,
      0.2164180874824524,
      0.3341836929321289,
      0.26655587553977966,
      0.30318230390548706,
      0.34387558698654175,
      0.3211292624473572,
      0.2836999297142029,
      0.3411535322666168,
      0.2652602195739746,
      0.2782106399536133,
      0.2526364326477051,
      0.31829437613487244,
      0.2653905153274536,
      0.3233869969844818,
      0.27757373452186584,
      0.22532352805137634,
      0.21720756590366364,
      0.2373400628566742,
      0.2864128649234772,
      0.2600955367088318,
      0.3490886390209198,
      0.2897490859031677,
      0.19163237512111664,
      0.32320669293403625,
      0.3300594091415405,
      0.35038119554519653,
      0.393146276473999,
      0.3203871548175812,
      0.33874624967575073,
      0.3461754322052002,
      0.26763150095939636,
      0.2436397820711136,
      0.2497171014547348,
      0.3401995599269867,
      0.25464361906051636,
      0.5520365238189697
   ],
   "batch_train_times": [],
   "val_accuracy": 0.527027027027027,
   "val_loss": 1.6390641186688397,
   "val_accuracy_per_label": [
      0.5454545454545454,
      0.0,
      0.3333333333333333,
      0.8,
      1.0,
      0.2,
      0.3333333333333333,
      0.75,
      0.0,
      0.0,
      0.0,
      0.2,
      0.0,
      0.2,
      0.6,
      0.0,
      0.2,
      0.6,
      0.0,
      0.896551724137931,
      0.8461538461538461,
      0.6,
      0.8,
      0.6,
      0.0,
      0.7,
      0.0,
      0.3,
      0.0,
      0.75,
      0.4,
      0.8,
      0.8,
      0.0,
      0.0,
      0.75,
      0.0,
      0.0,
      0.4666666666666667,
      0.7,
      0.0,
      0.375,
      0.6
   ]
}