{
   "epoch": 38,
   "batch_train_accuracies": [
      0.96875,
      0.984375,
      0.984375,
      0.96875,
      0.984375,
      0.984375,
      0.9375,
      1.0,
      0.96875,
      0.9375,
      0.984375,
      0.984375,
      0.984375,
      0.96875,
      0.96875,
      0.984375,
      0.96875,
      0.984375,
      1.0,
      0.96875,
      1.0,
      0.984375,
      0.96875,
      1.0,
      0.984375,
      0.984375,
      0.96875,
      0.96875,
      0.96875,
      1.0,
      0.96875,
      0.96875,
      0.890625,
      0.96875,
      0.96875,
      0.953125,
      0.96875,
      0.953125,
      0.96875,
      0.953125,
      0.96875,
      0.9375
   ],
   "batch_train_losses": [
      0.24655811488628387,
      0.29212242364883423,
      0.30080080032348633,
      0.29972267150878906,
      0.1980249285697937,
      0.20582734048366547,
      0.33009687066078186,
      0.21005448698997498,
      0.25413018465042114,
      0.2927878201007843,
      0.2545280456542969,
      0.22670885920524597,
      0.19656069576740265,
      0.17222537100315094,
      0.2729220986366272,
      0.22565793991088867,
      0.26466917991638184,
      0.22542394697666168,
      0.1334468573331833,
      0.29739195108413696,
      0.23089979588985443,
      0.2284095585346222,
      0.28030911087989807,
      0.2399303913116455,
      0.19164295494556427,
      0.23128168284893036,
      0.19661620259284973,
      0.2302415817975998,
      0.2635234594345093,
      0.23239950835704803,
      0.25765669345855713,
      0.2402457296848297,
      0.36484482884407043,
      0.2585596740245819,
      0.3246441185474396,
      0.3913297653198242,
      0.2619325816631317,
      0.20918574929237366,
      0.1954948902130127,
      0.2669324278831482,
      0.24992789328098297,
      0.34504443407058716
   ],
   "batch_train_times": [],
   "val_accuracy": 0.4560810810810811,
   "val_loss": 1.8638879028526512,
   "val_accuracy_per_label": [
      0.4090909090909091,
      0.0,
      0.3333333333333333,
      0.2,
      1.0,
      0.4,
      0.6666666666666666,
      0.8,
      0.0,
      0.0,
      0.0,
      0.0,
      0.0,
      0.8,
      0.6,
      0.0,
      0.2,
      0.2,
      0.0,
      0.9310344827586207,
      0.9230769230769231,
      0.0,
      0.6,
      0.6,
      0.0,
      0.1,
      0.0,
      0.35,
      0.0,
      0.25,
      0.4,
      0.0,
      0.0,
      0.0,
      0.0,
      0.75,
      0.0,
      0.6,
      0.6,
      0.2,
      0.0,
      0.375,
      0.2
   ]
}