{
   "epoch": 6,
   "batch_train_accuracies": [
      0.515625,
      0.53125,
      0.515625,
      0.53125,
      0.546875,
      0.484375,
      0.53125,
      0.515625,
      0.625,
      0.484375,
      0.4375,
      0.390625,
      0.5625,
      0.5,
      0.4375,
      0.640625,
      0.546875,
      0.640625,
      0.640625,
      0.515625,
      0.625,
      0.53125,
      0.46875,
      0.46875,
      0.453125,
      0.421875,
      0.53125,
      0.578125,
      0.515625,
      0.5625,
      0.578125,
      0.546875,
      0.453125,
      0.5,
      0.546875,
      0.640625,
      0.578125,
      0.640625,
      0.546875,
      0.53125,
      0.40625,
      0.5
   ],
   "batch_train_losses": [
      1.9684480428695679,
      1.8841779232025146,
      1.869327187538147,
      1.849260687828064,
      1.808342456817627,
      1.901062250137329,
      1.8648171424865723,
      2.0063424110412598,
      1.7608188390731812,
      1.9173970222473145,
      2.012376308441162,
      2.09592866897583,
      1.8261295557022095,
      1.8871715068817139,
      1.8999409675598145,
      1.7310686111450195,
      1.9208183288574219,
      1.7147209644317627,
      1.6420665979385376,
      1.897238850593567,
      1.7311934232711792,
      1.8580840826034546,
      2.0254411697387695,
      1.948945164680481,
      1.9356480836868286,
      2.0286805629730225,
      1.803473949432373,
      1.7529610395431519,
      1.8463020324707031,
      1.7263998985290527,
      1.7180402278900146,
      1.7626869678497314,
      1.8485594987869263,
      1.8977477550506592,
      1.8113797903060913,
      1.7266405820846558,
      1.7192243337631226,
      1.9523215293884277,
      1.7750496864318848,
      1.7291102409362793,
      2.047952651977539,
      1.9276318550109863
   ],
   "batch_train_times": [],
   "val_accuracy": 0.36486486486486486,
   "val_loss": 2.2583008456874536,
   "val_accuracy_per_label": [
      0.8636363636363636,
      0.0,
      0.0,
      0.0,
      0.4,
      0.0,
      0.0,
      0.7,
      0.0,
      0.0,
      0.0,
      0.0,
      0.0,
      0.2,
      0.0,
      0.0,
      0.0,
      0.0,
      0.8,
      0.7931034482758621,
      0.8076923076923077,
      0.0,
      0.0,
      0.0,
      0.0,
      0.0,
      0.0,
      0.5,
      0.0,
      0.0,
      0.0,
      0.0,
      0.0,
      0.0,
      0.0,
      0.0,
      0.0,
      0.0,
      0.4666666666666667,
      0.1,
      0.0,
      0.5,
      0.4
   ]
}