{
   "epoch": 8,
   "batch_train_accuracies": [
      0.5625,
      0.515625,
      0.671875,
      0.65625,
      0.625,
      0.640625,
      0.671875,
      0.609375,
      0.75,
      0.671875,
      0.625,
      0.65625,
      0.65625,
      0.609375,
      0.546875,
      0.5,
      0.609375,
      0.578125,
      0.625,
      0.6875,
      0.625,
      0.625,
      0.578125,
      0.5625,
      0.640625,
      0.515625,
      0.65625,
      0.609375,
      0.5,
      0.5,
      0.578125,
      0.546875,
      0.546875,
      0.625,
      0.6875,
      0.609375,
      0.71875,
      0.53125,
      0.515625,
      0.765625,
      0.625,
      0.5625
   ],
   "batch_train_losses": [
      1.646884799003601,
      1.5842928886413574,
      1.5045216083526611,
      1.4922215938568115,
      1.56846022605896,
      1.7484639883041382,
      1.535514235496521,
      1.5880393981933594,
      1.451379656791687,
      1.5489856004714966,
      1.722287654876709,
      1.5821431875228882,
      1.4413496255874634,
      1.532505750656128,
      1.619999885559082,
      1.7943669557571411,
      1.4785411357879639,
      1.6361254453659058,
      1.4634361267089844,
      1.446705937385559,
      1.4282824993133545,
      1.5657280683517456,
      1.6083440780639648,
      1.6310522556304932,
      1.6446369886398315,
      1.6942130327224731,
      1.479645848274231,
      1.5489020347595215,
      1.6061875820159912,
      1.7177661657333374,
      1.6692686080932617,
      1.750181794166565,
      1.7066340446472168,
      1.645552396774292,
      1.4146010875701904,
      1.5384268760681152,
      1.3878446817398071,
      1.6847599744796753,
      1.6829993724822998,
      1.2588554620742798,
      1.516273021697998,
      1.8556936979293823
   ],
   "batch_train_times": [],
   "val_accuracy": 0.41216216216216217,
   "val_loss": 2.1268416417611613,
   "val_accuracy_per_label": [
      0.7272727272727273,
      0.0,
      0.16666666666666666,
      0.0,
      0.4,
      0.8,
      0.0,
      0.8,
      0.0,
      0.0,
      0.0,
      0.0,
      0.0,
      0.2,
      0.2,
      0.0,
      0.0,
      0.0,
      1.0,
      0.8620689655172413,
      0.7692307692307693,
      0.0,
      0.0,
      0.2,
      0.0,
      0.2,
      0.0,
      0.5,
      0.0,
      0.25,
      0.0,
      0.0,
      0.4,
      0.0,
      0.0,
      0.0,
      0.0,
      0.0,
      0.3333333333333333,
      0.5,
      0.0,
      0.625,
      0.0
   ]
}