{
   "epoch": 13,
   "batch_train_accuracies": [
      0.703125,
      0.71875,
      0.671875,
      0.703125,
      0.734375,
      0.703125,
      0.8125,
      0.671875,
      0.84375,
      0.703125,
      0.75,
      0.71875,
      0.734375,
      0.734375,
      0.71875,
      0.71875,
      0.640625,
      0.71875,
      0.78125,
      0.703125,
      0.765625,
      0.875,
      0.828125,
      0.671875,
      0.765625,
      0.78125,
      0.75,
      0.765625,
      0.78125,
      0.6875,
      0.765625,
      0.796875,
      0.828125,
      0.71875,
      0.765625,
      0.765625,
      0.8125,
      0.828125,
      0.828125,
      0.6875,
      0.6875,
      0.8125
   ],
   "batch_train_losses": [
      1.0871899127960205,
      1.0649409294128418,
      1.3073534965515137,
      1.1460453271865845,
      1.1298002004623413,
      1.1867361068725586,
      1.078803300857544,
      1.329695224761963,
      1.0065513849258423,
      1.185983419418335,
      1.2368919849395752,
      1.197790265083313,
      1.221791386604309,
      1.1114656925201416,
      1.2385823726654053,
      1.1342698335647583,
      1.2482165098190308,
      1.0491937398910522,
      1.0455118417739868,
      1.1781659126281738,
      1.0512592792510986,
      0.9860610961914062,
      0.9473345279693604,
      1.2498478889465332,
      1.0453072786331177,
      1.031921625137329,
      1.0991569757461548,
      1.1173051595687866,
      1.0371198654174805,
      1.0999860763549805,
      1.069914698600769,
      0.9996817708015442,
      0.9059476852416992,
      1.1117278337478638,
      1.1283726692199707,
      0.9867716431617737,
      1.0662508010864258,
      1.0329276323318481,
      0.9793940782546997,
      1.1599643230438232,
      1.1728875637054443,
      0.9284377098083496
   ],
   "batch_train_times": [],
   "val_accuracy": 0.4594594594594595,
   "val_loss": 1.9491140036969572,
   "val_accuracy_per_label": [
      0.5909090909090909,
      0.0,
      0.3333333333333333,
      0.4,
      1.0,
      1.0,
      0.3333333333333333,
      0.85,
      0.0,
      0.0,
      0.0,
      0.0,
      0.6,
      0.0,
      0.8,
      0.0,
      0.0,
      0.0,
      0.0,
      0.6206896551724138,
      0.9615384615384616,
      0.0,
      0.2,
      0.2,
      0.0,
      0.3,
      0.0,
      0.5,
      0.0,
      0.25,
      0.0,
      0.4,
      0.6,
      0.0,
      0.0,
      0.25,
      0.0,
      0.0,
      0.6666666666666666,
      0.4,
      0.0,
      0.375,
      0.4
   ]
}