{
   "epoch": 32,
   "batch_train_accuracies": [
      0.953125,
      0.921875,
      0.953125,
      1.0,
      0.9375,
      0.90625,
      0.953125,
      0.953125,
      0.984375,
      0.90625,
      0.984375,
      0.90625,
      0.921875,
      0.953125,
      0.953125,
      0.96875,
      0.953125,
      0.9375,
      0.96875,
      0.953125,
      1.0,
      0.9375,
      0.921875,
      0.96875,
      0.96875,
      0.953125,
      0.953125,
      0.953125,
      0.96875,
      0.96875,
      0.890625,
      0.9375,
      0.9375,
      0.953125,
      0.9375,
      0.953125,
      0.984375,
      0.921875,
      0.953125,
      0.953125,
      0.953125,
      0.875
   ],
   "batch_train_losses": [
      0.3566361367702484,
      0.4135361909866333,
      0.31596246361732483,
      0.23715050518512726,
      0.395524263381958,
      0.35703712701797485,
      0.27074265480041504,
      0.4165898859500885,
      0.28241273760795593,
      0.37230783700942993,
      0.2944171130657196,
      0.38384300470352173,
      0.3808598220348358,
      0.3444612920284271,
      0.36355316638946533,
      0.3390021026134491,
      0.4007945954799652,
      0.3709932565689087,
      0.35534754395484924,
      0.3287375569343567,
      0.2870679497718811,
      0.32434046268463135,
      0.4036755859851837,
      0.387516587972641,
      0.3394290506839752,
      0.3504639267921448,
      0.3238936960697174,
      0.3272237777709961,
      0.2721320688724518,
      0.291860431432724,
      0.4646977484226227,
      0.4156877100467682,
      0.3642333745956421,
      0.32845261693000793,
      0.36069756746292114,
      0.3049473166465759,
      0.2843383550643921,
      0.3815661072731018,
      0.3388839364051819,
      0.336978942155838,
      0.3464201092720032,
      0.4650951027870178
   ],
   "batch_train_times": [],
   "val_accuracy": 0.5675675675675675,
   "val_loss": 1.534130824578775,
   "val_accuracy_per_label": [
      0.7727272727272727,
      0.0,
      0.5,
      0.6,
      1.0,
      0.4,
      0.3333333333333333,
      0.75,
      0.0,
      0.0,
      0.0,
      0.0,
      0.0,
      0.8,
      0.6,
      0.0,
      0.2,
      0.8,
      0.0,
      0.896551724137931,
      0.8846153846153846,
      0.8,
      1.0,
      0.6,
      0.0,
      0.5,
      0.0,
      0.4,
      0.0,
      0.5,
      0.8,
      0.0,
      0.4,
      0.0,
      0.0,
      1.0,
      0.0,
      0.4,
      0.8,
      0.5,
      0.0,
      0.375,
      0.4
   ]
}