{
   "epoch": 2,
   "batch_train_accuracies": [
      0.328125,
      0.28125,
      0.359375,
      0.390625,
      0.375,
      0.46875,
      0.3125,
      0.4375,
      0.28125,
      0.28125,
      0.390625,
      0.328125,
      0.421875,
      0.390625,
      0.421875,
      0.515625,
      0.375,
      0.390625,
      0.46875,
      0.34375,
      0.5,
      0.265625,
      0.484375,
      0.328125,
      0.421875,
      0.359375,
      0.34375,
      0.40625,
      0.265625,
      0.328125,
      0.4375,
      0.515625,
      0.4375,
      0.328125,
      0.46875,
      0.421875,
      0.3125,
      0.453125,
      0.421875,
      0.484375,
      0.390625,
      0.4375
   ],
   "batch_train_losses": [
      2.979771852493286,
      2.9263789653778076,
      2.902651309967041,
      2.803652286529541,
      2.870034694671631,
      2.729702949523926,
      2.938493490219116,
      2.782928943634033,
      2.94853138923645,
      2.9805150032043457,
      2.822016954421997,
      2.814152956008911,
      2.6761844158172607,
      2.7800252437591553,
      2.8412129878997803,
      2.5789382457733154,
      2.7414445877075195,
      2.7102746963500977,
      2.710346221923828,
      2.720594644546509,
      2.6371912956237793,
      2.8292503356933594,
      2.650550127029419,
      2.828735589981079,
      2.5942606925964355,
      2.633842945098877,
      2.6676814556121826,
      2.6370127201080322,
      2.798156976699829,
      2.7646119594573975,
      2.544066905975342,
      2.5286905765533447,
      2.5912630558013916,
      2.6666152477264404,
      2.633885145187378,
      2.722864866256714,
      2.7351114749908447,
      2.608639717102051,
      2.642442464828491,
      2.4263052940368652,
      2.575650930404663,
      2.524057388305664
   ],
   "batch_train_times": [],
   "val_accuracy": 0.2939189189189189,
   "val_loss": 2.820394735078554,
   "val_accuracy_per_label": [
      0.6818181818181818,
      0.0,
      0.0,
      0.0,
      0.0,
      0.0,
      0.0,
      0.85,
      0.0,
      0.0,
      0.0,
      0.0,
      0.0,
      0.0,
      0.0,
      0.0,
      0.0,
      0.0,
      0.6,
      0.3448275862068966,
      0.5769230769230769,
      0.0,
      0.0,
      0.0,
      0.0,
      0.0,
      0.0,
      1.0,
      0.0,
      0.0,
      0.0,
      0.0,
      0.0,
      0.0,
      0.0,
      0.0,
      0.0,
      0.0,
      0.13333333333333333,
      0.0,
      0.0,
      0.625,
      0.0
   ]
}