{
   "epoch": 33,
   "batch_train_accuracies": [
      0.796875,
      0.8046875,
      0.7734375,
      0.7578125,
      0.7578125,
      0.765625,
      0.828125,
      0.7421875,
      0.7890625,
      0.8125,
      0.7421875,
      0.796875,
      0.765625,
      0.6875,
      0.8203125,
      0.7265625,
      0.7578125,
      0.84375,
      0.84375,
      0.8359375,
      0.75
   ],
   "batch_train_losses": [
      1.05658757686615,
      1.0356991291046143,
      1.0312985181808472,
      1.167251706123352,
      1.0683016777038574,
      1.1540149450302124,
      1.0273247957229614,
      1.1809237003326416,
      1.038680911064148,
      1.0193506479263306,
      1.0912317037582397,
      1.149633765220642,
      1.136285662651062,
      1.137745976448059,
      0.9292882680892944,
      1.211219310760498,
      1.1667115688323975,
      1.0199079513549805,
      0.9721534252166748,
      0.9827494025230408,
      1.165183424949646
   ],
   "batch_train_times": [],
   "val_accuracy": 0.4864864864864865,
   "val_loss": 1.9968938537546106,
   "val_accuracy_per_label": [
      0.5909090909090909,
      0.0,
      0.3333333333333333,
      0.4,
      0.8,
      0.6,
      0.0,
      0.85,
      0.0,
      0.0,
      0.0,
      0.0,
      0.0,
      0.0,
      0.0,
      0.0,
      0.0,
      0.0,
      0.0,
      0.9655172413793104,
      0.6923076923076923,
      0.0,
      0.0,
      0.4,
      0.0,
      0.3,
      0.0,
      0.8,
      0.0,
      0.0,
      0.0,
      0.6,
      0.2,
      0.0,
      0.0,
      0.75,
      0.0,
      0.0,
      1.0,
      0.9,
      0.0,
      0.375,
      0.4
   ]
}