{
   "epoch": 11,
   "batch_train_accuracies": [
      0.5390625,
      0.53125,
      0.609375,
      0.609375,
      0.546875,
      0.578125,
      0.5390625,
      0.4765625,
      0.5859375,
      0.4921875,
      0.6484375,
      0.5703125,
      0.6171875,
      0.578125,
      0.5859375,
      0.6171875,
      0.578125,
      0.578125,
      0.6015625,
      0.609375,
      0.5375
   ],
   "batch_train_losses": [
      1.9592883586883545,
      1.9671663045883179,
      1.8921527862548828,
      1.821118950843811,
      1.9091849327087402,
      1.9001952409744263,
      1.934399127960205,
      2.0580835342407227,
      1.8576993942260742,
      2.0028815269470215,
      1.7816696166992188,
      1.8487311601638794,
      1.7941995859146118,
      1.854575276374817,
      1.8906168937683105,
      1.7605111598968506,
      1.7479162216186523,
      1.8402704000473022,
      1.8526616096496582,
      1.7864314317703247,
      1.9216318130493164
   ],
   "batch_train_times": [],
   "val_accuracy": 0.4560810810810811,
   "val_loss": 2.3885553076460555,
   "val_accuracy_per_label": [
      0.9545454545454546,
      0.0,
      0.3333333333333333,
      0.0,
      0.4,
      0.0,
      0.0,
      0.9,
      0.0,
      0.0,
      0.0,
      0.0,
      0.2,
      0.2,
      0.0,
      0.0,
      0.0,
      0.0,
      0.0,
      1.0,
      0.6923076923076923,
      0.0,
      0.0,
      0.4,
      0.0,
      0.0,
      0.0,
      0.65,
      0.0,
      0.0,
      0.0,
      0.6,
      0.0,
      0.0,
      0.0,
      0.0,
      0.0,
      0.0,
      0.9333333333333333,
      0.5,
      0.0,
      0.75,
      0.0
   ]
}