{
   "epoch": 46,
   "batch_train_accuracies": [
      0.8203125,
      0.875,
      0.8359375,
      0.8671875,
      0.8828125,
      0.90625,
      0.8359375,
      0.84375,
      0.859375,
      0.828125,
      0.8359375,
      0.828125,
      0.8984375,
      0.84375,
      0.8828125,
      0.84375,
      0.84375,
      0.875,
      0.875,
      0.828125,
      0.875
   ],
   "batch_train_losses": [
      0.904729962348938,
      0.8318456411361694,
      1.0113905668258667,
      0.8999378085136414,
      0.8531426787376404,
      0.8972317576408386,
      0.9762832522392273,
      0.8605304956436157,
      0.9048011898994446,
      0.9163362383842468,
      0.8946099877357483,
      1.026423454284668,
      0.7549986243247986,
      0.9662488698959351,
      0.881891667842865,
      0.872460663318634,
      0.8958036303520203,
      0.8037464022636414,
      0.8091080188751221,
      0.9453479051589966,
      0.9127362966537476
   ],
   "batch_train_times": [],
   "val_accuracy": 0.527027027027027,
   "val_loss": 1.9625610886393368,
   "val_accuracy_per_label": [
      0.5909090909090909,
      0.0,
      0.6666666666666666,
      0.0,
      0.8,
      0.8,
      0.0,
      0.75,
      0.0,
      0.0,
      0.0,
      0.2,
      0.6,
      0.0,
      0.2,
      0.0,
      0.2,
      0.0,
      0.0,
      1.0,
      0.8846153846153846,
      0.4,
      0.6,
      0.4,
      0.0,
      0.0,
      0.0,
      0.55,
      0.0,
      0.25,
      0.4,
      0.6,
      1.0,
      0.0,
      0.0,
      0.0,
      0.4,
      0.0,
      0.8,
      0.8,
      0.0,
      0.5,
      0.6
   ]
}