{
   "epoch": 47,
   "batch_train_accuracies": [
      0.8359375,
      0.8515625,
      0.8828125,
      0.8515625,
      0.796875,
      0.890625,
      0.8359375,
      0.8515625,
      0.828125,
      0.8671875,
      0.8515625,
      0.84375,
      0.8203125,
      0.8671875,
      0.890625,
      0.875,
      0.8046875,
      0.84375,
      0.875,
      0.796875,
      0.825
   ],
   "batch_train_losses": [
      0.9180917739868164,
      0.939346432685852,
      0.7723073959350586,
      0.8446298241615295,
      0.8611892461776733,
      0.8058294653892517,
      0.8608866333961487,
      0.8167747855186462,
      0.9028717875480652,
      0.9198710322380066,
      0.9483008980751038,
      0.9346641898155212,
      0.9085344672203064,
      0.8847566246986389,
      0.7797879576683044,
      0.8310645222663879,
      1.0333839654922485,
      0.9081646203994751,
      0.8760148286819458,
      1.0441869497299194,
      0.9252070188522339
   ],
   "batch_train_times": [],
   "val_accuracy": 0.527027027027027,
   "val_loss": 1.9210719095694053,
   "val_accuracy_per_label": [
      0.7272727272727273,
      0.0,
      0.3333333333333333,
      0.0,
      1.0,
      0.0,
      0.0,
      0.8,
      0.0,
      0.0,
      0.0,
      0.0,
      0.8,
      0.6,
      0.2,
      0.0,
      0.0,
      0.0,
      0.0,
      0.896551724137931,
      1.0,
      0.0,
      0.0,
      0.8,
      0.0,
      0.0,
      0.0,
      0.75,
      0.0,
      0.0,
      0.2,
      0.8,
      0.4,
      0.0,
      0.0,
      0.5,
      0.2,
      0.0,
      0.8,
      0.8,
      0.0,
      0.625,
      0.6
   ]
}