{
   "epoch": 31,
   "batch_train_accuracies": [
      0.78125,
      0.6484375,
      0.8203125,
      0.7265625,
      0.84375,
      0.765625,
      0.7734375,
      0.734375,
      0.703125,
      0.7734375,
      0.71875,
      0.8046875,
      0.8046875,
      0.7578125,
      0.7578125,
      0.78125,
      0.7734375,
      0.8203125,
      0.75,
      0.7265625,
      0.7625
   ],
   "batch_train_losses": [
      1.0301564931869507,
      1.244889497756958,
      1.0403263568878174,
      1.1283607482910156,
      0.9623439311981201,
      1.182741641998291,
      1.1510194540023804,
      1.098723292350769,
      1.265662431716919,
      1.1553945541381836,
      1.2219184637069702,
      1.1386921405792236,
      1.0146152973175049,
      1.089330792427063,
      1.1325894594192505,
      1.0323723554611206,
      1.1625146865844727,
      1.0902870893478394,
      1.2125062942504883,
      1.1637171506881714,
      1.1512600183486938
   ],
   "batch_train_times": [],
   "val_accuracy": 0.5067567567567568,
   "val_loss": 1.9328419195639122,
   "val_accuracy_per_label": [
      0.8181818181818182,
      0.0,
      0.5,
      0.2,
      1.0,
      0.2,
      0.0,
      0.7,
      0.0,
      0.0,
      0.0,
      0.0,
      0.8,
      0.6,
      0.0,
      0.0,
      0.0,
      0.0,
      0.0,
      0.9655172413793104,
      0.8846153846153846,
      0.0,
      0.0,
      0.6,
      0.0,
      0.0,
      0.0,
      0.85,
      0.0,
      0.0,
      0.0,
      0.6,
      0.2,
      0.0,
      0.0,
      0.0,
      0.0,
      0.0,
      0.9333333333333333,
      0.8,
      0.0,
      0.375,
      0.2
   ]
}