{
   "epoch": 26,
   "batch_train_accuracies": [
      0.6953125,
      0.734375,
      0.65625,
      0.734375,
      0.7578125,
      0.71875,
      0.75,
      0.6640625,
      0.765625,
      0.7109375,
      0.7109375,
      0.6875,
      0.7265625,
      0.6796875,
      0.671875,
      0.7421875,
      0.7421875,
      0.7109375,
      0.703125,
      0.7421875,
      0.7
   ],
   "batch_train_losses": [
      1.184342861175537,
      1.2050062417984009,
      1.2997453212738037,
      1.2453081607818604,
      1.0709558725357056,
      1.1785801649093628,
      1.2368175983428955,
      1.321856141090393,
      1.2504712343215942,
      1.2450339794158936,
      1.3182854652404785,
      1.2763257026672363,
      1.206554889678955,
      1.3485524654388428,
      1.3372844457626343,
      1.2489385604858398,
      1.1890795230865479,
      1.2518393993377686,
      1.2615841627120972,
      1.2388956546783447,
      1.2805655002593994
   ],
   "batch_train_times": [],
   "val_accuracy": 0.49324324324324326,
   "val_loss": 2.104563584198823,
   "val_accuracy_per_label": [
      0.7272727272727273,
      0.0,
      0.6666666666666666,
      0.0,
      1.0,
      0.2,
      0.0,
      0.8,
      0.0,
      0.0,
      0.0,
      0.0,
      0.4,
      0.0,
      0.0,
      0.0,
      0.0,
      0.0,
      0.0,
      0.9310344827586207,
      1.0,
      0.0,
      0.0,
      0.4,
      0.0,
      0.0,
      0.0,
      0.75,
      0.0,
      0.25,
      0.0,
      0.8,
      0.2,
      0.0,
      0.0,
      0.0,
      0.0,
      0.0,
      0.8,
      0.9,
      0.0,
      0.375,
      0.4
   ]
}