{
   "epoch": 17,
   "batch_train_accuracies": [
      0.59375,
      0.609375,
      0.6015625,
      0.65625,
      0.609375,
      0.6875,
      0.65625,
      0.5546875,
      0.6015625,
      0.6484375,
      0.5859375,
      0.671875,
      0.6953125,
      0.609375,
      0.640625,
      0.65625,
      0.6328125,
      0.640625,
      0.6640625,
      0.609375,
      0.6375
   ],
   "batch_train_losses": [
      1.560340166091919,
      1.5972070693969727,
      1.6069971323013306,
      1.4416871070861816,
      1.553935170173645,
      1.437187671661377,
      1.473455548286438,
      1.6313729286193848,
      1.5892229080200195,
      1.6033281087875366,
      1.645184874534607,
      1.4613415002822876,
      1.4404072761535645,
      1.5453104972839355,
      1.530932068824768,
      1.4815306663513184,
      1.4859881401062012,
      1.469665288925171,
      1.5334705114364624,
      1.5093568563461304,
      1.4682868719100952
   ],
   "batch_train_times": [],
   "val_accuracy": 0.4560810810810811,
   "val_loss": 2.17775293620857,
   "val_accuracy_per_label": [
      0.7272727272727273,
      0.0,
      0.0,
      0.0,
      0.8,
      0.6,
      0.0,
      0.9,
      0.0,
      0.0,
      0.0,
      0.0,
      0.0,
      0.0,
      0.0,
      0.0,
      0.0,
      0.0,
      0.0,
      0.9655172413793104,
      0.7307692307692307,
      0.0,
      0.0,
      0.6,
      0.0,
      0.0,
      0.0,
      0.8,
      0.0,
      0.0,
      0.0,
      0.4,
      0.0,
      0.0,
      0.0,
      0.0,
      0.0,
      0.0,
      0.8666666666666667,
      0.7,
      0.0,
      0.75,
      0.0
   ]
}