{
   "epoch": 20,
   "batch_train_accuracies": [
      0.65625,
      0.5859375,
      0.703125,
      0.7265625,
      0.78125,
      0.6953125,
      0.6328125,
      0.6484375,
      0.734375,
      0.6328125,
      0.625,
      0.6640625,
      0.625,
      0.6875,
      0.609375,
      0.5859375,
      0.6015625,
      0.6640625,
      0.7265625,
      0.6015625,
      0.6125
   ],
   "batch_train_losses": [
      1.3844952583312988,
      1.5831797122955322,
      1.3101391792297363,
      1.2988663911819458,
      1.282141089439392,
      1.394486665725708,
      1.3977633714675903,
      1.394838571548462,
      1.3899537324905396,
      1.5004115104675293,
      1.4747060537338257,
      1.3763551712036133,
      1.520701289176941,
      1.340200424194336,
      1.5657157897949219,
      1.543150782585144,
      1.5847551822662354,
      1.3939151763916016,
      1.3852994441986084,
      1.5491464138031006,
      1.5129824876785278
   ],
   "batch_train_times": [],
   "val_accuracy": 0.4831081081081081,
   "val_loss": 2.1564335146465816,
   "val_accuracy_per_label": [
      0.8181818181818182,
      0.0,
      0.0,
      0.2,
      1.0,
      0.0,
      0.0,
      0.85,
      0.0,
      0.0,
      0.0,
      0.0,
      0.2,
      0.4,
      0.0,
      0.0,
      0.0,
      0.0,
      0.0,
      0.9310344827586207,
      0.8846153846153846,
      0.0,
      0.0,
      1.0,
      0.0,
      0.1,
      0.0,
      0.8,
      0.0,
      0.0,
      0.0,
      0.4,
      0.0,
      0.0,
      0.0,
      0.0,
      0.0,
      0.0,
      0.9333333333333333,
      0.7,
      0.0,
      0.375,
      0.2
   ]
}