{
   "epoch": 19,
   "batch_train_accuracies": [
      0.5703125,
      0.609375,
      0.6171875,
      0.6796875,
      0.7109375,
      0.6640625,
      0.6015625,
      0.609375,
      0.7265625,
      0.6328125,
      0.6328125,
      0.6484375,
      0.65625,
      0.734375,
      0.71875,
      0.65625,
      0.6484375,
      0.671875,
      0.609375,
      0.609375,
      0.575
   ],
   "batch_train_losses": [
      1.6207218170166016,
      1.5080167055130005,
      1.5024778842926025,
      1.4028849601745605,
      1.3087388277053833,
      1.4591257572174072,
      1.4774911403656006,
      1.6269856691360474,
      1.3603695631027222,
      1.4451119899749756,
      1.4463629722595215,
      1.460420846939087,
      1.5360902547836304,
      1.3854855298995972,
      1.339152455329895,
      1.4348609447479248,
      1.3945618867874146,
      1.332266092300415,
      1.505832314491272,
      1.5718756914138794,
      1.6434762477874756
   ],
   "batch_train_times": [],
   "val_accuracy": 0.46959459459459457,
   "val_loss": 2.1424346131247445,
   "val_accuracy_per_label": [
      0.7272727272727273,
      0.0,
      0.0,
      0.0,
      1.0,
      0.0,
      0.0,
      0.8,
      0.0,
      0.0,
      0.0,
      0.0,
      0.4,
      0.4,
      0.0,
      0.0,
      0.0,
      0.0,
      0.0,
      0.8275862068965517,
      0.8076923076923077,
      0.0,
      0.0,
      0.8,
      0.0,
      0.0,
      0.0,
      0.95,
      0.0,
      0.0,
      0.0,
      0.6,
      0.2,
      0.0,
      0.0,
      0.0,
      0.0,
      0.0,
      0.8,
      0.9,
      0.0,
      0.5,
      0.2
   ]
}