{
   "epoch": 5,
   "batch_train_accuracies": [
      0.3984375,
      0.40625,
      0.3984375,
      0.4375,
      0.421875,
      0.359375,
      0.421875,
      0.4140625,
      0.5234375,
      0.3984375,
      0.453125,
      0.5,
      0.4609375,
      0.453125,
      0.390625,
      0.4140625,
      0.4921875,
      0.421875,
      0.4765625,
      0.46875,
      0.3875
   ],
   "batch_train_losses": [
      2.651139974594116,
      2.6582090854644775,
      2.534728527069092,
      2.5626444816589355,
      2.54923415184021,
      2.6751444339752197,
      2.5652570724487305,
      2.5266361236572266,
      2.3427374362945557,
      2.549266815185547,
      2.4876158237457275,
      2.426727294921875,
      2.501986265182495,
      2.472360372543335,
      2.5255074501037598,
      2.5533578395843506,
      2.446587324142456,
      2.5365848541259766,
      2.443530559539795,
      2.508270263671875,
      2.51719331741333
   ],
   "batch_train_times": [],
   "val_accuracy": 0.30743243243243246,
   "val_loss": 2.8428563749468005,
   "val_accuracy_per_label": [
      0.5909090909090909,
      0.0,
      0.0,
      0.0,
      0.0,
      0.0,
      0.0,
      0.9,
      0.0,
      0.0,
      0.0,
      0.0,
      0.0,
      0.0,
      0.0,
      0.0,
      0.0,
      0.0,
      0.2,
      0.5517241379310345,
      0.46153846153846156,
      0.0,
      0.0,
      0.0,
      0.0,
      0.0,
      0.0,
      1.0,
      0.0,
      0.0,
      0.0,
      0.2,
      0.0,
      0.0,
      0.0,
      0.0,
      0.0,
      0.0,
      0.2,
      0.1,
      0.0,
      0.75,
      0.0
   ]
}