{
   "epoch": 3,
   "batch_train_accuracies": [
      0.3828125,
      0.359375,
      0.390625,
      0.3125,
      0.3828125,
      0.2421875,
      0.265625,
      0.3828125,
      0.3671875,
      0.46875,
      0.4609375,
      0.421875,
      0.3515625,
      0.359375,
      0.4453125,
      0.40625,
      0.4140625,
      0.3671875,
      0.3671875,
      0.5,
      0.3875
   ],
   "batch_train_losses": [
      2.993206739425659,
      2.91402268409729,
      2.8602218627929688,
      3.014657735824585,
      2.887420892715454,
      3.071719169616699,
      2.983828544616699,
      2.8560068607330322,
      2.8280224800109863,
      2.8497841358184814,
      2.7754127979278564,
      2.836181879043579,
      2.9482903480529785,
      2.858280897140503,
      2.6895220279693604,
      2.8168210983276367,
      2.745365619659424,
      2.822133779525757,
      2.781654119491577,
      2.697646379470825,
      2.757664203643799
   ],
   "batch_train_times": [],
   "val_accuracy": 0.24662162162162163,
   "val_loss": 3.216177747056291,
   "val_accuracy_per_label": [
      0.5909090909090909,
      0.0,
      0.0,
      0.0,
      0.0,
      0.0,
      0.0,
      0.9,
      0.0,
      0.0,
      0.0,
      0.0,
      0.0,
      0.0,
      0.0,
      0.0,
      0.0,
      0.0,
      0.4,
      0.3103448275862069,
      0.15384615384615385,
      0.0,
      0.0,
      0.0,
      0.0,
      0.0,
      0.0,
      0.75,
      0.0,
      0.0,
      0.0,
      0.0,
      0.0,
      0.0,
      0.0,
      0.0,
      0.0,
      0.0,
      0.0,
      0.7,
      0.0,
      0.625,
      0.0
   ]
}