{
   "epoch": 41,
   "batch_train_accuracies": [
      0.8671875,
      0.84375,
      0.7734375,
      0.84375,
      0.8828125,
      0.8203125,
      0.859375,
      0.8203125,
      0.8359375,
      0.8046875,
      0.84375,
      0.875,
      0.8515625,
      0.7734375,
      0.8515625,
      0.875,
      0.8125,
      0.7890625,
      0.8359375,
      0.8203125,
      0.825
   ],
   "batch_train_losses": [
      0.9197068810462952,
      0.9923813939094543,
      1.0798754692077637,
      0.9052619338035583,
      0.8835787773132324,
      0.9789734482765198,
      0.8621835708618164,
      0.9917182326316833,
      0.9105603098869324,
      0.9968287348747253,
      0.9572842717170715,
      0.8227759599685669,
      0.9038072824478149,
      1.047692894935608,
      0.8886943459510803,
      0.8925675749778748,
      1.1223047971725464,
      1.0592576265335083,
      0.9518243670463562,
      0.9745532870292664,
      0.9143320918083191
   ],
   "batch_train_times": [],
   "val_accuracy": 0.48986486486486486,
   "val_loss": 1.942150760341335,
   "val_accuracy_per_label": [
      0.6818181818181818,
      0.0,
      0.5,
      0.4,
      1.0,
      0.4,
      0.0,
      0.85,
      0.0,
      0.0,
      0.0,
      0.0,
      0.2,
      0.6,
      0.2,
      0.0,
      0.2,
      0.0,
      0.0,
      0.9310344827586207,
      0.7692307692307693,
      0.0,
      0.0,
      0.4,
      0.0,
      0.1,
      0.0,
      0.55,
      0.0,
      0.25,
      0.0,
      0.2,
      1.0,
      0.0,
      0.0,
      0.0,
      0.2,
      0.0,
      0.6,
      0.9,
      0.0,
      0.625,
      0.6
   ]
}