{
   "epoch": 25,
   "batch_train_accuracies": [
      0.6796875,
      0.6484375,
      0.6953125,
      0.6484375,
      0.6796875,
      0.6640625,
      0.7421875,
      0.7109375,
      0.6796875,
      0.71875,
      0.765625,
      0.6953125,
      0.75,
      0.71875,
      0.765625,
      0.7109375,
      0.7109375,
      0.6875,
      0.6796875,
      0.8125,
      0.775
   ],
   "batch_train_losses": [
      1.3709512948989868,
      1.3292937278747559,
      1.3334628343582153,
      1.388566017150879,
      1.4017305374145508,
      1.3112335205078125,
      1.2169959545135498,
      1.2790087461471558,
      1.2912952899932861,
      1.2734088897705078,
      1.1894009113311768,
      1.3532490730285645,
      1.2191697359085083,
      1.3079389333724976,
      1.1712534427642822,
      1.2507655620574951,
      1.1944044828414917,
      1.3071918487548828,
      1.3106073141098022,
      1.1635723114013672,
      1.1588304042816162
   ],
   "batch_train_times": [],
   "val_accuracy": 0.46621621621621623,
   "val_loss": 2.1069327753943368,
   "val_accuracy_per_label": [
      0.6363636363636364,
      0.0,
      0.0,
      0.0,
      0.8,
      0.0,
      0.0,
      0.75,
      0.0,
      0.0,
      0.0,
      0.0,
      0.6,
      0.6,
      0.0,
      0.0,
      0.0,
      0.0,
      0.0,
      0.9655172413793104,
      0.8461538461538461,
      0.0,
      0.0,
      1.0,
      0.0,
      0.0,
      0.0,
      0.65,
      0.0,
      0.0,
      0.0,
      0.4,
      0.4,
      0.0,
      0.0,
      0.0,
      0.0,
      0.0,
      0.9333333333333333,
      0.7,
      0.0,
      0.625,
      0.2
   ]
}