{
   "epoch": 21,
   "batch_train_accuracies": [
      0.640625,
      0.703125,
      0.6796875,
      0.65625,
      0.6953125,
      0.609375,
      0.671875,
      0.7109375,
      0.703125,
      0.734375,
      0.6875,
      0.59375,
      0.6953125,
      0.6171875,
      0.6640625,
      0.671875,
      0.6875,
      0.6953125,
      0.703125,
      0.7265625,
      0.6375
   ],
   "batch_train_losses": [
      1.3749624490737915,
      1.3215641975402832,
      1.392476201057434,
      1.3876125812530518,
      1.4227633476257324,
      1.4685128927230835,
      1.417629361152649,
      1.3102768659591675,
      1.2762820720672607,
      1.274720549583435,
      1.403106689453125,
      1.577248454093933,
      1.2941291332244873,
      1.436305046081543,
      1.4324146509170532,
      1.4036645889282227,
      1.351996660232544,
      1.3736156225204468,
      1.341416835784912,
      1.365725040435791,
      1.519623875617981
   ],
   "batch_train_times": [],
   "val_accuracy": 0.4864864864864865,
   "val_loss": 2.177104872626227,
   "val_accuracy_per_label": [
      0.8636363636363636,
      0.0,
      0.0,
      0.4,
      1.0,
      0.0,
      0.0,
      0.75,
      0.0,
      0.0,
      0.0,
      0.0,
      0.6,
      0.0,
      0.0,
      0.0,
      0.2,
      0.0,
      0.0,
      0.9310344827586207,
      1.0,
      0.0,
      0.0,
      0.8,
      0.0,
      0.0,
      0.0,
      0.4,
      0.0,
      0.0,
      0.0,
      1.0,
      0.2,
      0.0,
      0.0,
      0.0,
      0.0,
      0.0,
      0.8666666666666667,
      0.9,
      0.0,
      0.625,
      0.2
   ]
}