{
   "epoch": 9,
   "batch_train_accuracies": [
      0.4921875,
      0.5,
      0.515625,
      0.4296875,
      0.6328125,
      0.5546875,
      0.625,
      0.484375,
      0.5390625,
      0.515625,
      0.5546875,
      0.5859375,
      0.5234375,
      0.4921875,
      0.484375,
      0.65625,
      0.5390625,
      0.5546875,
      0.59375,
      0.484375,
      0.6375
   ],
   "batch_train_losses": [
      2.1914432048797607,
      2.1219778060913086,
      2.108168363571167,
      2.24202823638916,
      1.9198030233383179,
      1.944722056388855,
      1.939231038093567,
      2.12853741645813,
      2.09716796875,
      2.0959153175354004,
      1.9989315271377563,
      1.9972302913665771,
      2.0129969120025635,
      2.1167376041412354,
      2.1660306453704834,
      1.7744081020355225,
      1.9833263158798218,
      1.9739059209823608,
      1.942948341369629,
      2.09997820854187,
      1.8528019189834595
   ],
   "batch_train_times": [],
   "val_accuracy": 0.3547297297297297,
   "val_loss": 2.573432709719684,
   "val_accuracy_per_label": [
      0.5,
      0.0,
      0.0,
      0.0,
      1.0,
      0.0,
      0.0,
      0.9,
      0.0,
      0.0,
      0.0,
      0.0,
      0.0,
      0.4,
      0.0,
      0.0,
      0.0,
      0.0,
      0.0,
      0.8275862068965517,
      0.46153846153846156,
      0.0,
      0.0,
      0.4,
      0.0,
      0.0,
      0.0,
      0.6,
      0.0,
      0.0,
      0.0,
      0.2,
      0.0,
      0.0,
      0.0,
      0.0,
      0.0,
      0.0,
      0.8,
      0.1,
      0.0,
      0.625,
      0.0
   ]
}