{
   "epoch": 14,
   "batch_train_accuracies": [
      0.6015625,
      0.5703125,
      0.59375,
      0.5859375,
      0.609375,
      0.609375,
      0.59375,
      0.5546875,
      0.5859375,
      0.6015625,
      0.609375,
      0.6640625,
      0.5390625,
      0.6171875,
      0.5546875,
      0.5625,
      0.59375,
      0.515625,
      0.671875,
      0.625,
      0.6125
   ],
   "batch_train_losses": [
      1.6602977514266968,
      1.7526590824127197,
      1.6171576976776123,
      1.7536375522613525,
      1.697845220565796,
      1.669029712677002,
      1.6750869750976562,
      1.6974241733551025,
      1.7105196714401245,
      1.7686182260513306,
      1.6854393482208252,
      1.5225061178207397,
      1.7732305526733398,
      1.5749086141586304,
      1.716544270515442,
      1.7010743618011475,
      1.704141616821289,
      1.824181079864502,
      1.5740611553192139,
      1.6061058044433594,
      1.5837676525115967
   ],
   "batch_train_times": [],
   "val_accuracy": 0.4155405405405405,
   "val_loss": 2.362277198482204,
   "val_accuracy_per_label": [
      0.6363636363636364,
      0.0,
      0.0,
      0.2,
      0.4,
      0.0,
      0.0,
      0.9,
      0.0,
      0.0,
      0.0,
      0.0,
      0.4,
      0.2,
      0.0,
      0.0,
      0.0,
      0.0,
      0.0,
      0.8275862068965517,
      0.9615384615384616,
      0.0,
      0.0,
      0.2,
      0.0,
      0.0,
      0.0,
      0.45,
      0.0,
      0.0,
      0.0,
      1.0,
      0.0,
      0.0,
      0.0,
      0.0,
      0.0,
      0.0,
      0.8,
      0.5,
      0.0,
      0.5,
      0.0
   ]
}