{
   "epoch": 24,
   "batch_train_accuracies": [
      0.65625,
      0.640625,
      0.59375,
      0.65625,
      0.59375,
      0.765625,
      0.6875,
      0.625,
      0.625,
      0.5625,
      0.703125,
      0.71875,
      0.625,
      0.75,
      0.703125,
      0.6875,
      0.703125,
      0.59375,
      0.625,
      0.640625,
      0.75,
      0.71875,
      0.71875,
      0.703125,
      0.65625,
      0.609375,
      0.515625,
      0.765625,
      0.6875,
      0.71875,
      0.734375,
      0.671875,
      0.6875,
      0.671875,
      0.75,
      0.703125,
      0.609375,
      0.65625,
      0.703125,
      0.5625,
      0.625,
      0.8125
   ],
   "batch_train_losses": [
      1.3910722732543945,
      1.3357703685760498,
      1.6294050216674805,
      1.317013144493103,
      1.489585518836975,
      1.1209204196929932,
      1.3284573554992676,
      1.523100733757019,
      1.3169370889663696,
      1.4269263744354248,
      1.4367130994796753,
      1.2250605821609497,
      1.5053935050964355,
      1.2901620864868164,
      1.3917224407196045,
      1.268113613128662,
      1.2626895904541016,
      1.497071623802185,
      1.4751644134521484,
      1.4480777978897095,
      1.2368998527526855,
      1.2779004573822021,
      1.1781229972839355,
      1.2712844610214233,
      1.4016929864883423,
      1.5536973476409912,
      1.616553544998169,
      1.1648820638656616,
      1.4262149333953857,
      1.249351978302002,
      1.3681392669677734,
      1.4136574268341064,
      1.2999979257583618,
      1.2250632047653198,
      1.1660637855529785,
      1.307664155960083,
      1.4863139390945435,
      1.3683687448501587,
      1.2977126836776733,
      1.5302908420562744,
      1.3872698545455933,
      1.0118156671524048
   ],
   "batch_train_times": [],
   "val_accuracy": 0.44256756756756754,
   "val_loss": 2.1647719595883346,
   "val_accuracy_per_label": [
      0.8181818181818182,
      0.0,
      0.0,
      0.0,
      0.8,
      0.8,
      0.0,
      0.85,
      0.0,
      0.0,
      0.0,
      0.0,
      0.0,
      0.4,
      0.0,
      0.0,
      0.0,
      0.0,
      0.0,
      0.8275862068965517,
      1.0,
      0.0,
      0.0,
      0.2,
      0.0,
      0.0,
      0.0,
      0.4,
      0.0,
      0.0,
      0.0,
      0.4,
      0.2,
      0.0,
      0.0,
      0.0,
      0.2,
      0.0,
      0.8,
      0.3,
      0.0,
      1.0,
      0.0
   ]
}