{
   "epoch": 2,
   "batch_train_accuracies": [
      0.234375,
      0.359375,
      0.234375,
      0.28125,
      0.1875,
      0.25,
      0.34375,
      0.390625,
      0.375,
      0.203125,
      0.3125,
      0.296875,
      0.28125,
      0.359375,
      0.390625,
      0.40625,
      0.328125,
      0.265625,
      0.328125,
      0.203125,
      0.328125,
      0.3125,
      0.359375,
      0.390625,
      0.34375,
      0.234375,
      0.28125,
      0.359375,
      0.296875,
      0.40625,
      0.359375,
      0.296875,
      0.328125,
      0.40625,
      0.453125,
      0.296875,
      0.328125,
      0.4375,
      0.3125,
      0.484375,
      0.40625,
      0.1875
   ],
   "batch_train_losses": [
      3.151254415512085,
      3.15004825592041,
      3.16806960105896,
      3.2168514728546143,
      3.177175521850586,
      3.201413631439209,
      3.066234827041626,
      3.040442705154419,
      2.974163055419922,
      3.132371664047241,
      3.0496408939361572,
      3.039003610610962,
      3.0519137382507324,
      3.023663282394409,
      2.988982677459717,
      3.0560989379882812,
      2.9624369144439697,
      3.1001601219177246,
      3.0808026790618896,
      3.2286183834075928,
      2.97885799407959,
      2.962165355682373,
      2.957071542739868,
      2.988537311553955,
      2.970701217651367,
      3.011615037918091,
      3.08654522895813,
      2.9193904399871826,
      2.906096935272217,
      2.854268789291382,
      2.9357879161834717,
      3.0341885089874268,
      2.9146909713745117,
      2.849130868911743,
      2.868514060974121,
      2.9330525398254395,
      2.964902400970459,
      2.7456274032592773,
      2.959641933441162,
      2.662774085998535,
      2.8336503505706787,
      3.26289963722229
   ],
   "batch_train_times": [],
   "val_accuracy": 0.2668918918918919,
   "val_loss": 3.130938162674775,
   "val_accuracy_per_label": [
      0.6363636363636364,
      0.0,
      0.0,
      0.0,
      0.0,
      0.0,
      0.0,
      0.6,
      0.0,
      0.0,
      0.0,
      0.0,
      0.0,
      0.6,
      0.0,
      0.0,
      0.0,
      0.0,
      1.0,
      0.034482758620689655,
      0.9230769230769231,
      0.0,
      0.0,
      0.0,
      0.0,
      0.0,
      0.0,
      0.05,
      0.0,
      0.0,
      0.0,
      0.0,
      0.0,
      0.0,
      0.0,
      0.0,
      0.0,
      0.0,
      0.0,
      0.8,
      0.0,
      1.0,
      0.6
   ]
}