{
   "epoch": 28,
   "batch_train_accuracies": [
      0.625,
      0.65625,
      0.6875,
      0.71875,
      0.625,
      0.609375,
      0.734375,
      0.75,
      0.671875,
      0.78125,
      0.75,
      0.828125,
      0.6875,
      0.765625,
      0.671875,
      0.703125,
      0.703125,
      0.703125,
      0.75,
      0.703125,
      0.703125,
      0.734375,
      0.65625,
      0.71875,
      0.796875,
      0.6875,
      0.734375,
      0.734375,
      0.6875,
      0.75,
      0.625,
      0.765625,
      0.625,
      0.609375,
      0.71875,
      0.6875,
      0.578125,
      0.578125,
      0.71875,
      0.625,
      0.796875,
      0.8125
   ],
   "batch_train_losses": [
      1.4229509830474854,
      1.2327980995178223,
      1.324379563331604,
      1.3346071243286133,
      1.4184097051620483,
      1.4278384447097778,
      1.2404828071594238,
      1.2284857034683228,
      1.3595927953720093,
      1.132231593132019,
      1.057896375656128,
      1.1073012351989746,
      1.288184642791748,
      1.2362784147262573,
      1.1850415468215942,
      1.1630933284759521,
      1.4224743843078613,
      1.196305751800537,
      1.243809461593628,
      1.2513256072998047,
      1.2395799160003662,
      1.189966082572937,
      1.4402542114257812,
      1.1845626831054688,
      1.1839181184768677,
      1.3106023073196411,
      1.2581775188446045,
      1.177838921546936,
      1.3288664817810059,
      1.1352804899215698,
      1.4018206596374512,
      1.1854888200759888,
      1.3912667036056519,
      1.3696974515914917,
      1.2861835956573486,
      1.1746662855148315,
      1.5233924388885498,
      1.476648211479187,
      1.2424969673156738,
      1.3817907571792603,
      1.0557128190994263,
      1.3850994110107422
   ],
   "batch_train_times": [],
   "val_accuracy": 0.43243243243243246,
   "val_loss": 2.0697453537502803,
   "val_accuracy_per_label": [
      0.6818181818181818,
      0.0,
      0.5,
      0.0,
      1.0,
      0.8,
      0.0,
      0.85,
      0.0,
      0.0,
      0.0,
      0.0,
      0.0,
      0.4,
      0.0,
      0.0,
      0.0,
      0.0,
      0.0,
      0.9655172413793104,
      0.6153846153846154,
      0.0,
      0.0,
      0.2,
      0.0,
      0.3,
      0.0,
      0.2,
      0.0,
      0.0,
      0.0,
      1.0,
      0.6,
      0.0,
      0.0,
      0.0,
      0.0,
      0.0,
      0.6666666666666666,
      0.6,
      0.0,
      0.75,
      0.0
   ]
}