{
   "epoch": 36,
   "batch_train_accuracies": [
      0.8125,
      0.859375,
      0.8125,
      0.703125,
      0.828125,
      0.71875,
      0.671875,
      0.65625,
      0.671875,
      0.75,
      0.8125,
      0.78125,
      0.8125,
      0.78125,
      0.65625,
      0.765625,
      0.796875,
      0.828125,
      0.75,
      0.703125,
      0.75,
      0.78125,
      0.640625,
      0.734375,
      0.75,
      0.703125,
      0.71875,
      0.640625,
      0.78125,
      0.75,
      0.8125,
      0.78125,
      0.8125,
      0.734375,
      0.734375,
      0.78125,
      0.765625,
      0.84375,
      0.796875,
      0.8125,
      0.765625,
      0.875
   ],
   "batch_train_losses": [
      1.041683554649353,
      1.0402839183807373,
      1.189929723739624,
      1.2728773355484009,
      1.0584726333618164,
      1.1835588216781616,
      1.2478607892990112,
      1.3971997499465942,
      1.3974509239196777,
      1.1225252151489258,
      1.0233769416809082,
      1.1363085508346558,
      1.0613558292388916,
      1.2399914264678955,
      1.2988694906234741,
      1.1417611837387085,
      1.0846834182739258,
      1.0086220502853394,
      1.1663440465927124,
      1.201743245124817,
      1.206541895866394,
      1.115918517112732,
      1.3804936408996582,
      1.1636462211608887,
      1.0694804191589355,
      1.2093740701675415,
      1.2462472915649414,
      1.3281865119934082,
      1.1784279346466064,
      1.142879843711853,
      1.1283198595046997,
      1.1010661125183105,
      1.0673656463623047,
      1.2338210344314575,
      1.209293246269226,
      1.184539556503296,
      1.0567290782928467,
      0.9443903565406799,
      1.1072840690612793,
      1.003277063369751,
      1.1330569982528687,
      1.012057900428772
   ],
   "batch_train_times": [],
   "val_accuracy": 0.5168918918918919,
   "val_loss": 1.932343975917713,
   "val_accuracy_per_label": [
      0.7272727272727273,
      0.0,
      0.16666666666666666,
      0.0,
      1.0,
      0.4,
      0.0,
      0.8,
      0.0,
      0.0,
      0.0,
      0.0,
      0.0,
      1.0,
      0.0,
      0.0,
      0.0,
      0.0,
      0.0,
      0.896551724137931,
      0.7307692307692307,
      0.0,
      0.8,
      0.6,
      0.0,
      0.7,
      0.0,
      0.9,
      0.0,
      0.0,
      0.0,
      0.6,
      0.6,
      0.0,
      0.0,
      0.0,
      0.0,
      0.0,
      0.7333333333333333,
      0.9,
      0.0,
      0.625,
      0.0
   ]
}