{
   "epoch": 46,
   "batch_train_accuracies": [
      0.84375,
      0.796875,
      0.796875,
      0.703125,
      0.828125,
      0.859375,
      0.828125,
      0.796875,
      0.8125,
      0.84375,
      0.78125,
      0.8125,
      0.8125,
      0.84375,
      0.828125,
      0.71875,
      0.828125,
      0.859375,
      0.796875,
      0.75,
      0.75,
      0.78125,
      0.84375,
      0.703125,
      0.875,
      0.828125,
      0.765625,
      0.8125,
      0.765625,
      0.796875,
      0.765625,
      0.765625,
      0.796875,
      0.828125,
      0.75,
      0.734375,
      0.75,
      0.8125,
      0.796875,
      0.796875,
      0.734375,
      0.875
   ],
   "batch_train_losses": [
      0.8969411849975586,
      0.9101904034614563,
      1.117969274520874,
      1.1850171089172363,
      0.8554667234420776,
      0.9964028000831604,
      0.927122175693512,
      1.0184580087661743,
      0.9404512643814087,
      0.9683680534362793,
      1.0111781358718872,
      1.0303455591201782,
      1.0653581619262695,
      0.9977731108665466,
      0.9149026870727539,
      1.2295230627059937,
      1.0093626976013184,
      1.0743213891983032,
      0.988223135471344,
      1.1048215627670288,
      1.2110135555267334,
      1.1089526414871216,
      0.9947184324264526,
      1.2133382558822632,
      0.9198032021522522,
      1.0390946865081787,
      1.0576717853546143,
      1.1064988374710083,
      1.1046720743179321,
      1.0351104736328125,
      1.23667573928833,
      1.1129001379013062,
      0.9996930956840515,
      1.070963740348816,
      1.1984611749649048,
      1.0548166036605835,
      0.9801410436630249,
      0.9132787585258484,
      1.1207090616226196,
      0.9833561778068542,
      1.2849326133728027,
      1.0930157899856567
   ],
   "batch_train_times": [],
   "val_accuracy": 0.5168918918918919,
   "val_loss": 1.9010618892875877,
   "val_accuracy_per_label": [
      0.6363636363636364,
      0.0,
      0.5,
      0.0,
      1.0,
      0.2,
      0.0,
      0.8,
      0.0,
      0.0,
      0.0,
      0.0,
      0.4,
      0.6,
      0.8,
      0.0,
      0.0,
      0.0,
      0.0,
      0.9310344827586207,
      0.7692307692307693,
      0.0,
      0.8,
      0.2,
      0.0,
      0.9,
      0.0,
      0.85,
      0.0,
      0.0,
      0.0,
      0.4,
      0.6,
      0.0,
      0.0,
      0.0,
      0.4,
      0.0,
      0.4666666666666667,
      0.9,
      0.0,
      0.5,
      0.0
   ]
}