{
   "epoch": 37,
   "batch_train_accuracies": [
      0.734375,
      0.734375,
      0.703125,
      0.78125,
      0.78125,
      0.71875,
      0.796875,
      0.671875,
      0.671875,
      0.765625,
      0.796875,
      0.75,
      0.78125,
      0.8125,
      0.71875,
      0.859375,
      0.828125,
      0.6875,
      0.796875,
      0.765625,
      0.703125,
      0.828125,
      0.703125,
      0.75,
      0.796875,
      0.8125,
      0.734375,
      0.703125,
      0.734375,
      0.734375,
      0.6875,
      0.84375,
      0.640625,
      0.640625,
      0.859375,
      0.765625,
      0.765625,
      0.78125,
      0.828125,
      0.875,
      0.75,
      0.4375
   ],
   "batch_train_losses": [
      0.9997864365577698,
      1.2085528373718262,
      1.2544211149215698,
      1.2026176452636719,
      1.021880030632019,
      1.2150369882583618,
      1.0738039016723633,
      1.278143048286438,
      1.280691146850586,
      1.0170828104019165,
      1.1937588453292847,
      1.0383509397506714,
      1.0626816749572754,
      1.1883212327957153,
      1.1503033638000488,
      0.95855712890625,
      1.052825927734375,
      1.3811933994293213,
      1.033478856086731,
      1.1118882894515991,
      1.2018647193908691,
      0.9421603083610535,
      1.198146939277649,
      1.2647755146026611,
      1.1593725681304932,
      0.9823030829429626,
      1.2122187614440918,
      1.1875901222229004,
      1.168880581855774,
      1.0673032999038696,
      1.1991819143295288,
      1.0829570293426514,
      1.2842870950698853,
      1.357298731803894,
      0.9177643656730652,
      1.0946284532546997,
      1.1345961093902588,
      1.1800060272216797,
      1.0916109085083008,
      0.9012711048126221,
      1.0618526935577393,
      1.8545467853546143
   ],
   "batch_train_times": [],
   "val_accuracy": 0.5371621621621622,
   "val_loss": 1.9150667641613934,
   "val_accuracy_per_label": [
      0.8636363636363636,
      0.0,
      0.16666666666666666,
      0.0,
      1.0,
      0.8,
      0.0,
      0.8,
      0.0,
      0.0,
      0.0,
      0.0,
      0.0,
      0.8,
      0.0,
      0.0,
      0.0,
      0.0,
      0.2,
      1.0,
      0.7692307692307693,
      0.0,
      0.6,
      0.4,
      0.0,
      0.4,
      0.0,
      0.8,
      0.0,
      0.0,
      0.0,
      1.0,
      0.6,
      0.0,
      0.0,
      0.0,
      0.4,
      0.0,
      0.9333333333333333,
      0.5,
      0.0,
      0.75,
      0.0
   ]
}