{
   "epoch": 48,
   "batch_train_accuracies": [
      0.828125,
      0.796875,
      0.84375,
      0.765625,
      0.765625,
      0.765625,
      0.828125,
      0.8125,
      0.765625,
      0.84375,
      0.796875,
      0.796875,
      0.828125,
      0.765625,
      0.78125,
      0.84375,
      0.75,
      0.765625,
      0.78125,
      0.84375,
      0.75,
      0.796875,
      0.765625,
      0.734375,
      0.828125,
      0.8125,
      0.796875,
      0.828125,
      0.890625,
      0.8125,
      0.78125,
      0.71875,
      0.796875,
      0.859375,
      0.75,
      0.8125,
      0.71875,
      0.828125,
      0.734375,
      0.765625,
      0.796875,
      0.6875
   ],
   "batch_train_losses": [
      0.9790182709693909,
      1.1054697036743164,
      0.958750307559967,
      1.1808804273605347,
      1.1135878562927246,
      1.186898946762085,
      0.9833479523658752,
      1.0506786108016968,
      1.2901426553726196,
      0.9102237224578857,
      0.9422369599342346,
      0.9738053679466248,
      0.9305306077003479,
      1.2249308824539185,
      1.034312129020691,
      0.9745467901229858,
      1.0875420570373535,
      1.0964411497116089,
      1.0515334606170654,
      0.9714789986610413,
      1.1017109155654907,
      1.0783030986785889,
      1.1277433633804321,
      1.160723328590393,
      1.023368239402771,
      0.9684237837791443,
      0.9924145936965942,
      0.871598482131958,
      0.9738801121711731,
      1.0850390195846558,
      1.0252357721328735,
      1.290727138519287,
      1.029218316078186,
      0.8985702991485596,
      1.0744785070419312,
      1.1080390214920044,
      1.1161177158355713,
      1.007163405418396,
      1.0524202585220337,
      1.1110039949417114,
      1.1459462642669678,
      0.9243414402008057
   ],
   "batch_train_times": [],
   "val_accuracy": 0.5101351351351351,
   "val_loss": 1.9448739966830693,
   "val_accuracy_per_label": [
      0.7727272727272727,
      0.0,
      0.5,
      0.0,
      1.0,
      0.4,
      0.0,
      0.85,
      0.0,
      0.0,
      0.0,
      0.0,
      0.0,
      0.6,
      0.4,
      0.0,
      0.0,
      0.2,
      0.0,
      0.9655172413793104,
      0.7307692307692307,
      0.0,
      0.8,
      0.4,
      0.0,
      0.7,
      0.0,
      0.4,
      0.0,
      0.0,
      0.0,
      1.0,
      0.6,
      0.0,
      0.0,
      0.0,
      0.2,
      0.0,
      0.8666666666666667,
      0.7,
      0.0,
      0.5,
      0.0
   ]
}