{
   "epoch": 33,
   "batch_train_accuracies": [
      0.78125,
      0.78125,
      0.609375,
      0.703125,
      0.640625,
      0.640625,
      0.8125,
      0.734375,
      0.8125,
      0.65625,
      0.765625,
      0.78125,
      0.703125,
      0.6875,
      0.765625,
      0.75,
      0.734375,
      0.71875,
      0.75,
      0.78125,
      0.859375,
      0.796875,
      0.71875,
      0.75,
      0.65625,
      0.71875,
      0.859375,
      0.6875,
      0.734375,
      0.640625,
      0.734375,
      0.84375,
      0.84375,
      0.75,
      0.765625,
      0.703125,
      0.734375,
      0.71875,
      0.734375,
      0.796875,
      0.765625,
      0.5
   ],
   "batch_train_losses": [
      1.2696917057037354,
      1.1114088296890259,
      1.5795352458953857,
      1.306378722190857,
      1.3372236490249634,
      1.3524752855300903,
      1.0624656677246094,
      1.268356442451477,
      1.0936260223388672,
      1.359957218170166,
      1.1363197565078735,
      1.0159143209457397,
      1.1349341869354248,
      1.238271713256836,
      1.1656830310821533,
      1.1439917087554932,
      1.256670355796814,
      1.3360406160354614,
      1.2346131801605225,
      1.0908857583999634,
      1.046059012413025,
      0.9898366332054138,
      1.230994701385498,
      1.1552201509475708,
      1.3099933862686157,
      1.1717292070388794,
      0.9113686680793762,
      1.297614336013794,
      1.2111971378326416,
      1.3764547109603882,
      1.09416925907135,
      1.0181034803390503,
      0.9591198563575745,
      1.2449244260787964,
      1.1393277645111084,
      1.2094205617904663,
      1.2057294845581055,
      1.183497667312622,
      1.137975811958313,
      1.231399655342102,
      1.18620765209198,
      1.7076319456100464
   ],
   "batch_train_times": [],
   "val_accuracy": 0.5,
   "val_loss": 2.057652015943785,
   "val_accuracy_per_label": [
      0.7272727272727273,
      0.0,
      0.16666666666666666,
      0.0,
      1.0,
      0.6,
      0.0,
      0.85,
      0.0,
      0.0,
      0.0,
      0.0,
      0.2,
      0.6,
      0.0,
      0.0,
      0.0,
      0.0,
      0.0,
      0.5862068965517241,
      1.0,
      0.0,
      0.8,
      0.4,
      0.0,
      0.5,
      0.0,
      0.7,
      0.0,
      0.0,
      0.0,
      0.8,
      0.6,
      0.0,
      0.0,
      0.0,
      0.4,
      0.0,
      0.7333333333333333,
      0.9,
      0.0,
      0.625,
      0.0
   ]
}