{
   "epoch": 14,
   "batch_train_accuracies": [
      0.5625,
      0.421875,
      0.5625,
      0.609375,
      0.5,
      0.59375,
      0.515625,
      0.640625,
      0.59375,
      0.59375,
      0.546875,
      0.625,
      0.5625,
      0.578125,
      0.65625,
      0.546875,
      0.59375,
      0.625,
      0.53125,
      0.53125,
      0.609375,
      0.640625,
      0.640625,
      0.59375,
      0.53125,
      0.640625,
      0.671875,
      0.59375,
      0.625,
      0.515625,
      0.578125,
      0.578125,
      0.546875,
      0.609375,
      0.515625,
      0.671875,
      0.53125,
      0.46875,
      0.671875,
      0.53125,
      0.625,
      0.4375
   ],
   "batch_train_losses": [
      1.7658554315567017,
      1.949410319328308,
      1.6763375997543335,
      1.7342712879180908,
      1.9174267053604126,
      1.686674952507019,
      1.8616398572921753,
      1.6203362941741943,
      1.7410749197006226,
      1.6341826915740967,
      1.6816508769989014,
      1.6557540893554688,
      1.7630316019058228,
      1.6566901206970215,
      1.5515943765640259,
      1.6845759153366089,
      1.638646125793457,
      1.6734325885772705,
      1.751121997833252,
      1.8261299133300781,
      1.6640653610229492,
      1.7388677597045898,
      1.5947962999343872,
      1.6410305500030518,
      1.7975164651870728,
      1.6877543926239014,
      1.4961397647857666,
      1.6598631143569946,
      1.6224534511566162,
      1.7893517017364502,
      1.585210919380188,
      1.7027302980422974,
      1.7007184028625488,
      1.5583664178848267,
      1.640462875366211,
      1.5641649961471558,
      1.8826756477355957,
      1.8618265390396118,
      1.4852207899093628,
      1.8188520669937134,
      1.7664425373077393,
      1.9294040203094482
   ],
   "batch_train_times": [],
   "val_accuracy": 0.38175675675675674,
   "val_loss": 2.369730820526948,
   "val_accuracy_per_label": [
      0.9545454545454546,
      0.0,
      0.0,
      0.0,
      0.4,
      0.2,
      0.0,
      0.85,
      0.0,
      0.0,
      0.0,
      0.0,
      0.0,
      0.0,
      0.0,
      0.0,
      0.0,
      0.0,
      0.2,
      0.5172413793103449,
      0.9230769230769231,
      0.0,
      0.0,
      0.6,
      0.0,
      0.0,
      0.0,
      0.25,
      0.0,
      0.0,
      0.0,
      0.2,
      0.0,
      0.0,
      0.0,
      0.0,
      0.0,
      0.0,
      0.9333333333333333,
      0.1,
      0.0,
      1.0,
      0.0
   ]
}