{
   "epoch": 25,
   "batch_train_accuracies": [
      0.734375,
      0.828125,
      0.59375,
      0.65625,
      0.671875,
      0.75,
      0.71875,
      0.671875,
      0.59375,
      0.65625,
      0.609375,
      0.625,
      0.65625,
      0.71875,
      0.75,
      0.734375,
      0.734375,
      0.671875,
      0.6875,
      0.71875,
      0.65625,
      0.625,
      0.65625,
      0.734375,
      0.703125,
      0.765625,
      0.671875,
      0.53125,
      0.65625,
      0.65625,
      0.671875,
      0.703125,
      0.6875,
      0.75,
      0.6875,
      0.765625,
      0.65625,
      0.609375,
      0.65625,
      0.734375,
      0.765625,
      0.6875
   ],
   "batch_train_losses": [
      1.2010183334350586,
      1.0716782808303833,
      1.5497548580169678,
      1.343063473701477,
      1.3163375854492188,
      1.2325787544250488,
      1.3154451847076416,
      1.3593939542770386,
      1.372135877609253,
      1.4555175304412842,
      1.339517593383789,
      1.3754196166992188,
      1.2507636547088623,
      1.1635501384735107,
      1.261932373046875,
      1.277351975440979,
      1.314191222190857,
      1.4134849309921265,
      1.3903601169586182,
      1.127361536026001,
      1.374798059463501,
      1.2943196296691895,
      1.4089229106903076,
      1.271684169769287,
      1.2152942419052124,
      1.2654516696929932,
      1.2404931783676147,
      1.5991915464401245,
      1.4145103693008423,
      1.3949084281921387,
      1.295620083808899,
      1.3472572565078735,
      1.3688520193099976,
      1.339576005935669,
      1.2971497774124146,
      1.123794436454773,
      1.412287712097168,
      1.4680486917495728,
      1.350153923034668,
      1.2781994342803955,
      1.2998636960983276,
      1.3026987314224243
   ],
   "batch_train_times": [],
   "val_accuracy": 0.46621621621621623,
   "val_loss": 2.056110098555281,
   "val_accuracy_per_label": [
      0.8181818181818182,
      0.0,
      0.0,
      0.0,
      0.4,
      0.4,
      0.0,
      0.85,
      0.0,
      0.0,
      0.0,
      0.0,
      0.0,
      0.2,
      0.0,
      0.0,
      0.0,
      0.0,
      0.0,
      0.9310344827586207,
      0.8846153846153846,
      0.0,
      0.2,
      0.4,
      0.0,
      0.0,
      0.0,
      0.9,
      0.0,
      0.0,
      0.0,
      0.6,
      0.2,
      0.0,
      0.0,
      0.0,
      0.0,
      0.0,
      1.0,
      0.2,
      0.0,
      0.75,
      0.0
   ]
}