{
   "epoch": 13,
   "batch_train_accuracies": [
      0.59375,
      0.5625,
      0.5625,
      0.484375,
      0.546875,
      0.578125,
      0.484375,
      0.625,
      0.484375,
      0.578125,
      0.59375,
      0.671875,
      0.46875,
      0.5,
      0.453125,
      0.609375,
      0.625,
      0.546875,
      0.625,
      0.59375,
      0.578125,
      0.421875,
      0.53125,
      0.4375,
      0.59375,
      0.515625,
      0.453125,
      0.578125,
      0.5,
      0.625,
      0.546875,
      0.5625,
      0.65625,
      0.5625,
      0.59375,
      0.578125,
      0.5,
      0.640625,
      0.59375,
      0.609375,
      0.6875,
      0.375
   ],
   "batch_train_losses": [
      1.7650065422058105,
      1.6976451873779297,
      1.6966876983642578,
      1.8297719955444336,
      1.7184125185012817,
      1.6600967645645142,
      1.9518191814422607,
      1.740858554840088,
      1.816358208656311,
      1.7983942031860352,
      1.6391984224319458,
      1.468725562095642,
      1.894294261932373,
      1.8457460403442383,
      1.9692325592041016,
      1.8348742723464966,
      1.6410887241363525,
      1.8598324060440063,
      1.6512436866760254,
      1.7039875984191895,
      1.7225797176361084,
      1.9813381433486938,
      1.7228457927703857,
      1.9840666055679321,
      1.7165008783340454,
      1.815328598022461,
      1.9876519441604614,
      1.7252991199493408,
      1.8717138767242432,
      1.6920818090438843,
      1.7791028022766113,
      1.7704925537109375,
      1.5400211811065674,
      1.7211400270462036,
      1.7573721408843994,
      1.6578415632247925,
      1.7905819416046143,
      1.6679496765136719,
      1.6683927774429321,
      1.687965750694275,
      1.5162369012832642,
      2.0409367084503174
   ],
   "batch_train_times": [],
   "val_accuracy": 0.34797297297297297,
   "val_loss": 2.328042868021372,
   "val_accuracy_per_label": [
      0.9545454545454546,
      0.0,
      0.0,
      0.0,
      0.4,
      0.4,
      0.0,
      0.75,
      0.0,
      0.0,
      0.0,
      0.0,
      0.0,
      0.0,
      0.0,
      0.0,
      0.0,
      0.0,
      0.2,
      0.8275862068965517,
      0.5769230769230769,
      0.0,
      0.0,
      0.0,
      0.0,
      0.0,
      0.0,
      0.2,
      0.0,
      0.0,
      0.0,
      0.4,
      0.0,
      0.0,
      0.0,
      0.0,
      0.0,
      0.0,
      0.6,
      0.1,
      0.0,
      0.875,
      0.0
   ]
}