{
   "epoch": 26,
   "batch_train_accuracies": [
      0.671875,
      0.734375,
      0.71875,
      0.65625,
      0.671875,
      0.640625,
      0.6875,
      0.765625,
      0.734375,
      0.65625,
      0.625,
      0.6875,
      0.78125,
      0.703125,
      0.6875,
      0.75,
      0.703125,
      0.734375,
      0.671875,
      0.75,
      0.734375,
      0.625,
      0.6875,
      0.796875,
      0.734375,
      0.734375,
      0.65625,
      0.71875,
      0.625,
      0.640625,
      0.5625,
      0.703125,
      0.703125,
      0.609375,
      0.6875,
      0.78125,
      0.734375,
      0.734375,
      0.640625,
      0.703125,
      0.8125,
      0.75
   ],
   "batch_train_losses": [
      1.4134743213653564,
      1.2280356884002686,
      1.3108532428741455,
      1.4012953042984009,
      1.3305318355560303,
      1.37138032913208,
      1.3324425220489502,
      1.1868689060211182,
      1.1966991424560547,
      1.4762834310531616,
      1.3913655281066895,
      1.2072274684906006,
      1.1325868368148804,
      1.2869713306427002,
      1.3628079891204834,
      1.2185226678848267,
      1.2950650453567505,
      1.1700332164764404,
      1.2807661294937134,
      1.1540086269378662,
      1.2889766693115234,
      1.4712594747543335,
      1.3499034643173218,
      1.149196982383728,
      1.1635663509368896,
      1.2443594932556152,
      1.3344208002090454,
      1.1503751277923584,
      1.5275152921676636,
      1.3339773416519165,
      1.6336860656738281,
      1.2692461013793945,
      1.3365586996078491,
      1.503325343132019,
      1.3573834896087646,
      1.0803420543670654,
      1.2287284135818481,
      1.2008752822875977,
      1.4133355617523193,
      1.321617841720581,
      1.0457183122634888,
      1.286506175994873
   ],
   "batch_train_times": [],
   "val_accuracy": 0.42567567567567566,
   "val_loss": 2.1096600326331885,
   "val_accuracy_per_label": [
      0.8636363636363636,
      0.0,
      0.0,
      0.0,
      1.0,
      0.6,
      0.0,
      0.8,
      0.0,
      0.0,
      0.0,
      0.0,
      0.0,
      0.6,
      0.0,
      0.0,
      0.0,
      0.2,
      0.2,
      0.7241379310344828,
      1.0,
      0.0,
      0.0,
      0.2,
      0.0,
      0.0,
      0.0,
      0.35,
      0.0,
      0.0,
      0.0,
      0.4,
      0.2,
      0.0,
      0.0,
      0.0,
      0.0,
      0.0,
      0.8,
      0.4,
      0.0,
      0.5,
      0.0
   ]
}