{
   "epoch": 23,
   "batch_train_accuracies": [
      0.546875,
      0.6875,
      0.65625,
      0.65625,
      0.734375,
      0.75,
      0.59375,
      0.640625,
      0.6875,
      0.796875,
      0.6875,
      0.609375,
      0.578125,
      0.640625,
      0.6875,
      0.515625,
      0.671875,
      0.75,
      0.734375,
      0.609375,
      0.609375,
      0.75,
      0.625,
      0.625,
      0.75,
      0.640625,
      0.734375,
      0.640625,
      0.75,
      0.71875,
      0.65625,
      0.75,
      0.640625,
      0.6875,
      0.640625,
      0.6875,
      0.609375,
      0.703125,
      0.65625,
      0.703125,
      0.71875,
      0.5625
   ],
   "batch_train_losses": [
      1.5656707286834717,
      1.2541757822036743,
      1.3499590158462524,
      1.38168466091156,
      1.249647617340088,
      1.2088758945465088,
      1.5761747360229492,
      1.3785450458526611,
      1.3737032413482666,
      1.2377314567565918,
      1.318195104598999,
      1.390438199043274,
      1.6228537559509277,
      1.284672737121582,
      1.4832615852355957,
      1.7128249406814575,
      1.3622381687164307,
      1.261268138885498,
      1.1321861743927002,
      1.554282307624817,
      1.519300937652588,
      1.1353505849838257,
      1.6424827575683594,
      1.4449750185012817,
      1.2255736589431763,
      1.5193952322006226,
      1.2753698825836182,
      1.5750221014022827,
      1.1783174276351929,
      1.1977956295013428,
      1.384417176246643,
      1.2458873987197876,
      1.4102259874343872,
      1.2843513488769531,
      1.4121259450912476,
      1.332506775856018,
      1.4100974798202515,
      1.3328657150268555,
      1.3634097576141357,
      1.2366619110107422,
      1.1791157722473145,
      1.5769621133804321
   ],
   "batch_train_times": [],
   "val_accuracy": 0.4797297297297297,
   "val_loss": 2.0486006865630277,
   "val_accuracy_per_label": [
      0.8181818181818182,
      0.0,
      0.16666666666666666,
      0.0,
      1.0,
      1.0,
      0.0,
      0.85,
      0.0,
      0.0,
      0.0,
      0.0,
      0.0,
      0.2,
      0.0,
      0.0,
      0.0,
      0.0,
      0.0,
      0.9310344827586207,
      0.8076923076923077,
      0.0,
      0.6,
      0.6,
      0.0,
      0.0,
      0.0,
      0.75,
      0.0,
      0.0,
      0.0,
      0.8,
      0.2,
      0.0,
      0.0,
      0.0,
      0.0,
      0.0,
      0.8,
      0.3,
      0.0,
      0.75,
      0.0
   ]
}