{
   "epoch": 22,
   "batch_train_accuracies": [
      0.609375,
      0.6875,
      0.59375,
      0.625,
      0.78125,
      0.75,
      0.6875,
      0.65625,
      0.6875,
      0.640625,
      0.671875,
      0.625,
      0.6875,
      0.6875,
      0.671875,
      0.609375,
      0.65625,
      0.640625,
      0.6875,
      0.609375,
      0.65625,
      0.6875,
      0.671875,
      0.65625,
      0.65625,
      0.65625,
      0.65625,
      0.75,
      0.703125,
      0.65625,
      0.703125,
      0.578125,
      0.6875,
      0.609375,
      0.640625,
      0.671875,
      0.59375,
      0.703125,
      0.53125,
      0.65625,
      0.546875,
      0.75
   ],
   "batch_train_losses": [
      1.5923417806625366,
      1.3694453239440918,
      1.5105656385421753,
      1.4393482208251953,
      1.2240790128707886,
      1.2063058614730835,
      1.4110918045043945,
      1.5157431364059448,
      1.4186707735061646,
      1.4615741968154907,
      1.3669559955596924,
      1.6357824802398682,
      1.293721318244934,
      1.3374615907669067,
      1.315822958946228,
      1.4599206447601318,
      1.3416889905929565,
      1.3840330839157104,
      1.3833614587783813,
      1.465359091758728,
      1.45085608959198,
      1.340038776397705,
      1.407608151435852,
      1.3901448249816895,
      1.4871692657470703,
      1.396351933479309,
      1.3929427862167358,
      1.362292766571045,
      1.3188258409500122,
      1.3468267917633057,
      1.1656478643417358,
      1.570309042930603,
      1.3737754821777344,
      1.4574342966079712,
      1.4048932790756226,
      1.372611165046692,
      1.5075291395187378,
      1.3164803981781006,
      1.666696548461914,
      1.4340159893035889,
      1.5548018217086792,
      1.1006172895431519
   ],
   "batch_train_times": [],
   "val_accuracy": 0.4527027027027027,
   "val_loss": 2.057042076780989,
   "val_accuracy_per_label": [
      0.8181818181818182,
      0.0,
      0.0,
      0.0,
      1.0,
      0.0,
      0.0,
      0.85,
      0.0,
      0.0,
      0.0,
      0.0,
      0.0,
      0.4,
      0.0,
      0.0,
      0.0,
      0.0,
      0.4,
      0.8620689655172413,
      0.8846153846153846,
      0.0,
      0.4,
      0.2,
      0.0,
      0.1,
      0.0,
      0.5,
      0.0,
      0.0,
      0.0,
      0.6,
      0.2,
      0.0,
      0.0,
      0.0,
      0.0,
      0.0,
      0.8,
      0.6,
      0.0,
      0.75,
      0.0
   ]
}