{
   "epoch": 40,
   "batch_train_accuracies": [
      0.828125,
      0.828125,
      0.78125,
      0.578125,
      0.75,
      0.71875,
      0.75,
      0.703125,
      0.875,
      0.71875,
      0.84375,
      0.796875,
      0.75,
      0.78125,
      0.765625,
      0.828125,
      0.765625,
      0.875,
      0.8125,
      0.84375,
      0.78125,
      0.71875,
      0.78125,
      0.75,
      0.75,
      0.796875,
      0.765625,
      0.671875,
      0.78125,
      0.828125,
      0.734375,
      0.78125,
      0.6875,
      0.78125,
      0.765625,
      0.71875,
      0.90625,
      0.875,
      0.71875,
      0.671875,
      0.84375,
      0.375
   ],
   "batch_train_losses": [
      1.0099928379058838,
      1.0389187335968018,
      1.019681692123413,
      1.4707311391830444,
      1.1302963495254517,
      1.1367084980010986,
      1.2358524799346924,
      1.1994832754135132,
      0.9455311298370361,
      1.2210239171981812,
      0.9587963223457336,
      1.0507662296295166,
      1.205960988998413,
      1.1370079517364502,
      1.1320908069610596,
      1.0388349294662476,
      1.1402572393417358,
      0.9788647890090942,
      0.9939731359481812,
      1.0827679634094238,
      1.1043226718902588,
      1.1939359903335571,
      0.9358356595039368,
      1.1596177816390991,
      1.1809828281402588,
      0.9806782007217407,
      1.0704275369644165,
      1.285183310508728,
      1.098717212677002,
      1.0226552486419678,
      1.1973791122436523,
      1.1391669511795044,
      1.1982921361923218,
      1.0589176416397095,
      0.9762663245201111,
      1.186874508857727,
      0.8179091215133667,
      0.9262725114822388,
      1.2681305408477783,
      1.272803544998169,
      1.0086451768875122,
      2.1084635257720947
   ],
   "batch_train_times": [],
   "val_accuracy": 0.4864864864864865,
   "val_loss": 1.954698920249939,
   "val_accuracy_per_label": [
      0.6818181818181818,
      0.0,
      0.16666666666666666,
      0.0,
      1.0,
      0.8,
      0.0,
      0.85,
      0.0,
      0.4,
      0.0,
      0.0,
      0.6,
      0.2,
      0.2,
      0.0,
      0.0,
      0.0,
      0.0,
      0.9310344827586207,
      0.9615384615384616,
      0.0,
      0.2,
      0.0,
      0.0,
      0.6,
      0.0,
      0.3,
      0.0,
      0.0,
      0.0,
      1.0,
      0.8,
      0.0,
      0.0,
      0.0,
      0.0,
      0.0,
      0.8,
      0.4,
      0.0,
      0.625,
      0.0
   ]
}