{
   "epoch": 27,
   "batch_train_accuracies": [
      0.671875,
      0.671875,
      0.703125,
      0.609375,
      0.765625,
      0.6875,
      0.6875,
      0.6875,
      0.71875,
      0.71875,
      0.796875,
      0.59375,
      0.703125,
      0.734375,
      0.703125,
      0.71875,
      0.734375,
      0.75,
      0.640625,
      0.65625,
      0.828125,
      0.71875,
      0.671875,
      0.640625,
      0.65625,
      0.71875,
      0.765625,
      0.65625,
      0.609375,
      0.625,
      0.703125,
      0.84375,
      0.734375,
      0.703125,
      0.609375,
      0.703125,
      0.734375,
      0.71875,
      0.765625,
      0.796875,
      0.609375,
      0.625
   ],
   "batch_train_losses": [
      1.3978816270828247,
      1.4994888305664062,
      1.274515986442566,
      1.437964916229248,
      1.0759165287017822,
      1.2211540937423706,
      1.3470662832260132,
      1.362830400466919,
      1.2858343124389648,
      1.1553630828857422,
      1.1158992052078247,
      1.360111951828003,
      1.2434043884277344,
      1.1746488809585571,
      1.2117851972579956,
      1.3279356956481934,
      1.2918003797531128,
      1.3103322982788086,
      1.3733959197998047,
      1.4110106229782104,
      1.1368248462677002,
      1.3428875207901,
      1.2553328275680542,
      1.4261229038238525,
      1.38992440700531,
      1.2448577880859375,
      1.0010749101638794,
      1.3313937187194824,
      1.4722000360488892,
      1.2978659868240356,
      1.2919541597366333,
      1.0722572803497314,
      1.285187840461731,
      1.3299938440322876,
      1.5222808122634888,
      1.2505121231079102,
      1.3365159034729004,
      1.2858757972717285,
      1.1356083154678345,
      1.1267940998077393,
      1.4448965787887573,
      1.3529328107833862
   ],
   "batch_train_times": [],
   "val_accuracy": 0.44256756756756754,
   "val_loss": 2.104308237900605,
   "val_accuracy_per_label": [
      0.8181818181818182,
      0.0,
      0.0,
      0.0,
      1.0,
      1.0,
      0.0,
      0.85,
      0.0,
      0.0,
      0.0,
      0.0,
      0.0,
      0.2,
      0.0,
      0.0,
      0.0,
      0.0,
      0.0,
      0.896551724137931,
      1.0,
      0.0,
      0.4,
      0.4,
      0.0,
      0.0,
      0.0,
      0.55,
      0.0,
      0.0,
      0.0,
      0.4,
      0.4,
      0.0,
      0.0,
      0.0,
      0.0,
      0.0,
      0.5333333333333333,
      0.2,
      0.0,
      0.5,
      0.0
   ]
}