{
   "epoch": 17,
   "batch_train_accuracies": [
      0.734375,
      0.484375,
      0.484375,
      0.5,
      0.578125,
      0.46875,
      0.609375,
      0.703125,
      0.578125,
      0.546875,
      0.40625,
      0.625,
      0.640625,
      0.65625,
      0.65625,
      0.640625,
      0.53125,
      0.671875,
      0.578125,
      0.65625,
      0.75,
      0.609375,
      0.5625,
      0.640625,
      0.640625,
      0.578125,
      0.640625,
      0.625,
      0.609375,
      0.53125,
      0.5625,
      0.671875,
      0.640625,
      0.546875,
      0.546875,
      0.59375,
      0.671875,
      0.53125,
      0.671875,
      0.609375,
      0.671875,
      0.5
   ],
   "batch_train_losses": [
      1.341690182685852,
      1.6997935771942139,
      1.7747098207473755,
      1.8519041538238525,
      1.6676607131958008,
      1.9157291650772095,
      1.6823071241378784,
      1.3657742738723755,
      1.708021640777588,
      1.6620723009109497,
      1.818105936050415,
      1.606817364692688,
      1.5839308500289917,
      1.5794683694839478,
      1.4399021863937378,
      1.5638865232467651,
      1.7137962579727173,
      1.5635625123977661,
      1.6380829811096191,
      1.4131258726119995,
      1.3954988718032837,
      1.643493890762329,
      1.6984050273895264,
      1.516207218170166,
      1.6012765169143677,
      1.717151165008545,
      1.4759886264801025,
      1.4476325511932373,
      1.612438440322876,
      1.719364047050476,
      1.7411211729049683,
      1.3855054378509521,
      1.5087928771972656,
      1.5992661714553833,
      1.5550951957702637,
      1.6487621068954468,
      1.4169254302978516,
      1.612520456314087,
      1.4344513416290283,
      1.5916709899902344,
      1.506356954574585,
      2.0893797874450684
   ],
   "batch_train_times": [],
   "val_accuracy": 0.42567567567567566,
   "val_loss": 2.1569796059582687,
   "val_accuracy_per_label": [
      0.9545454545454546,
      0.0,
      0.16666666666666666,
      0.0,
      1.0,
      0.2,
      0.0,
      0.85,
      0.0,
      0.0,
      0.0,
      0.0,
      0.0,
      0.4,
      0.0,
      0.0,
      0.0,
      0.0,
      0.0,
      0.9310344827586207,
      0.8076923076923077,
      0.0,
      0.0,
      0.0,
      0.0,
      0.0,
      0.0,
      0.3,
      0.0,
      0.0,
      0.0,
      0.2,
      0.0,
      0.0,
      0.0,
      0.0,
      0.0,
      0.0,
      0.9333333333333333,
      0.2,
      0.0,
      1.0,
      0.0
   ]
}