{
   "epoch": 47,
   "batch_train_accuracies": [
      0.890625,
      0.859375,
      0.765625,
      0.71875,
      0.8125,
      0.78125,
      0.703125,
      0.859375,
      0.859375,
      0.734375,
      0.875,
      0.796875,
      0.765625,
      0.796875,
      0.796875,
      0.84375,
      0.78125,
      0.78125,
      0.78125,
      0.828125,
      0.890625,
      0.796875,
      0.84375,
      0.71875,
      0.859375,
      0.796875,
      0.78125,
      0.75,
      0.796875,
      0.828125,
      0.8125,
      0.734375,
      0.8125,
      0.875,
      0.78125,
      0.828125,
      0.84375,
      0.71875,
      0.75,
      0.65625,
      0.8125,
      0.75
   ],
   "batch_train_losses": [
      0.90817791223526,
      0.9455994367599487,
      1.1601886749267578,
      1.2672080993652344,
      1.0833070278167725,
      1.1764620542526245,
      1.1936426162719727,
      0.9340534806251526,
      0.9943453669548035,
      1.1111183166503906,
      0.9224215745925903,
      1.0157442092895508,
      1.0242630243301392,
      1.0478276014328003,
      1.0365657806396484,
      0.8671380877494812,
      1.1694741249084473,
      1.0972154140472412,
      1.047723412513733,
      0.9013931751251221,
      0.8860249519348145,
      0.9745652079582214,
      0.9668112993240356,
      1.237151026725769,
      0.8648867011070251,
      1.021254539489746,
      1.0475441217422485,
      1.1058104038238525,
      0.939606249332428,
      1.0916733741760254,
      0.9583359956741333,
      0.9877504706382751,
      1.03375244140625,
      0.978026807308197,
      1.044063687324524,
      0.9322112798690796,
      0.8899130821228027,
      1.236649751663208,
      1.061997413635254,
      1.2943675518035889,
      1.2173590660095215,
      1.2214971780776978
   ],
   "batch_train_times": [],
   "val_accuracy": 0.44594594594594594,
   "val_loss": 1.977031559557528,
   "val_accuracy_per_label": [
      0.5909090909090909,
      0.0,
      0.0,
      0.0,
      1.0,
      0.0,
      0.0,
      0.85,
      0.0,
      0.0,
      0.0,
      0.0,
      0.2,
      0.4,
      0.2,
      0.0,
      0.0,
      0.0,
      0.0,
      0.9310344827586207,
      0.9615384615384616,
      0.0,
      0.4,
      0.6,
      0.0,
      0.4,
      0.0,
      0.4,
      0.0,
      0.0,
      0.0,
      0.8,
      1.0,
      0.0,
      0.0,
      0.0,
      0.0,
      0.0,
      0.6666666666666666,
      0.1,
      0.0,
      0.5,
      0.0
   ]
}