{
   "epoch": 4,
   "batch_train_accuracies": [
      0.328125,
      0.453125,
      0.515625,
      0.3125,
      0.40625,
      0.296875,
      0.40625,
      0.40625,
      0.5625,
      0.4375,
      0.46875,
      0.421875,
      0.390625,
      0.453125,
      0.578125,
      0.296875,
      0.4375,
      0.4375,
      0.484375,
      0.484375,
      0.375,
      0.453125,
      0.40625,
      0.359375,
      0.40625,
      0.53125,
      0.265625,
      0.453125,
      0.484375,
      0.5,
      0.53125,
      0.40625,
      0.328125,
      0.390625,
      0.40625,
      0.4375,
      0.546875,
      0.4375,
      0.34375,
      0.390625,
      0.421875,
      0.3125
   ],
   "batch_train_losses": [
      2.6382803916931152,
      2.6326262950897217,
      2.6003658771514893,
      2.736114978790283,
      2.562354803085327,
      2.8889501094818115,
      2.5600194931030273,
      2.582688093185425,
      2.380380630493164,
      2.5140247344970703,
      2.5436551570892334,
      2.648740530014038,
      2.721271514892578,
      2.494534730911255,
      2.4711084365844727,
      2.7503859996795654,
      2.5135605335235596,
      2.6185050010681152,
      2.5127694606781006,
      2.511025905609131,
      2.7171742916107178,
      2.4989798069000244,
      2.5686099529266357,
      2.6675760746002197,
      2.578216791152954,
      2.468353271484375,
      2.848860740661621,
      2.5674595832824707,
      2.442553758621216,
      2.395629405975342,
      2.4068963527679443,
      2.4777188301086426,
      2.6199519634246826,
      2.691152572631836,
      2.5717265605926514,
      2.479020357131958,
      2.45918345451355,
      2.48104190826416,
      2.5384881496429443,
      2.545764923095703,
      2.445342540740967,
      2.7855963706970215
   ],
   "batch_train_times": [],
   "val_accuracy": 0.26013513513513514,
   "val_loss": 2.8182491482915104,
   "val_accuracy_per_label": [
      0.7727272727272727,
      0.0,
      0.0,
      0.0,
      0.2,
      0.2,
      0.0,
      0.7,
      0.0,
      0.0,
      0.0,
      0.0,
      0.0,
      0.0,
      0.0,
      0.0,
      0.0,
      0.0,
      0.8,
      0.13793103448275862,
      0.7692307692307693,
      0.0,
      0.0,
      0.0,
      0.0,
      0.0,
      0.0,
      0.25,
      0.0,
      0.0,
      0.0,
      0.0,
      0.0,
      0.0,
      0.0,
      0.0,
      0.0,
      0.0,
      0.2,
      0.3,
      0.0,
      0.625,
      0.0
   ]
}