{
   "epoch": 50,
   "batch_train_accuracies": [
      0.78125,
      0.8125,
      0.9375,
      0.828125,
      0.8125,
      0.859375,
      0.796875,
      0.8125,
      0.8125,
      0.828125,
      0.90625,
      0.828125,
      0.625,
      0.828125,
      0.875,
      0.859375,
      0.796875,
      0.78125,
      0.84375,
      0.875,
      0.859375,
      0.796875,
      0.65625,
      0.828125,
      0.75,
      0.734375,
      0.875,
      0.8125,
      0.75,
      0.703125,
      0.78125,
      0.796875,
      0.796875,
      0.703125,
      0.828125,
      0.703125,
      0.78125,
      0.796875,
      0.8125,
      0.71875,
      0.75,
      0.6875
   ],
   "batch_train_losses": [
      1.0119729042053223,
      1.0282284021377563,
      0.7434040904045105,
      1.0187877416610718,
      1.1605722904205322,
      0.9372873902320862,
      0.9923862814903259,
      1.0989965200424194,
      1.055086374282837,
      0.9407140016555786,
      0.8849664330482483,
      1.0294820070266724,
      1.2676221132278442,
      1.0097694396972656,
      0.9598965048789978,
      1.0543956756591797,
      1.0751510858535767,
      1.1271330118179321,
      0.9044921398162842,
      0.8567536473274231,
      0.9495655298233032,
      0.9919993877410889,
      1.1970723867416382,
      0.9168392419815063,
      1.0961130857467651,
      1.0490727424621582,
      0.9347420930862427,
      0.9578459858894348,
      1.0796700716018677,
      1.224485158920288,
      1.0410878658294678,
      1.0542997121810913,
      1.0471233129501343,
      1.2302981615066528,
      0.9611048698425293,
      1.2743850946426392,
      1.0033224821090698,
      1.1415133476257324,
      1.0332236289978027,
      1.1416184902191162,
      1.212000846862793,
      1.330254316329956
   ],
   "batch_train_times": [],
   "val_accuracy": 0.5574324324324325,
   "val_loss": 1.9797729608174917,
   "val_accuracy_per_label": [
      0.6363636363636364,
      0.2,
      0.5,
      0.0,
      1.0,
      1.0,
      0.0,
      0.8,
      0.0,
      0.0,
      0.0,
      0.0,
      0.0,
      1.0,
      0.6,
      0.0,
      0.0,
      0.0,
      0.0,
      0.9310344827586207,
      0.7692307692307693,
      0.0,
      0.8,
      0.4,
      0.0,
      0.9,
      0.0,
      0.75,
      0.0,
      0.25,
      0.0,
      0.2,
      1.0,
      0.0,
      0.0,
      0.0,
      0.4,
      0.0,
      1.0,
      0.8,
      0.0,
      0.5,
      0.0
   ]
}