{
   "epoch": 34,
   "batch_train_accuracies": [
      0.703125,
      0.84375,
      0.796875,
      0.703125,
      0.765625,
      0.765625,
      0.703125,
      0.65625,
      0.71875,
      0.765625,
      0.734375,
      0.703125,
      0.765625,
      0.78125,
      0.703125,
      0.75,
      0.78125,
      0.734375,
      0.765625,
      0.78125,
      0.796875,
      0.796875,
      0.765625,
      0.78125,
      0.703125,
      0.828125,
      0.75,
      0.796875,
      0.734375,
      0.71875,
      0.65625,
      0.78125,
      0.671875,
      0.765625,
      0.75,
      0.671875,
      0.734375,
      0.6875,
      0.75,
      0.78125,
      0.796875,
      0.5
   ],
   "batch_train_losses": [
      1.3528574705123901,
      0.9771398901939392,
      1.1388673782348633,
      1.2579816579818726,
      1.110378623008728,
      1.1478865146636963,
      1.1789822578430176,
      1.333384394645691,
      1.2871037721633911,
      1.2200981378555298,
      1.1023143529891968,
      1.174477219581604,
      1.0471652746200562,
      1.1604130268096924,
      1.1721162796020508,
      1.1883174180984497,
      1.2214215993881226,
      1.2411935329437256,
      1.1026463508605957,
      1.0297831296920776,
      1.1519889831542969,
      0.9900417923927307,
      1.0189131498336792,
      1.2104918956756592,
      1.2920539379119873,
      0.9940011501312256,
      1.192204236984253,
      1.1492458581924438,
      1.2773547172546387,
      1.1541608572006226,
      1.299046277999878,
      1.1220345497131348,
      1.215402603149414,
      1.0974669456481934,
      1.1065229177474976,
      1.2486525774002075,
      1.13703191280365,
      1.3387819528579712,
      1.0528674125671387,
      1.202750563621521,
      1.1311887502670288,
      2.1077280044555664
   ],
   "batch_train_times": [],
   "val_accuracy": 0.5101351351351351,
   "val_loss": 1.9484530590675972,
   "val_accuracy_per_label": [
      0.7272727272727273,
      0.0,
      0.16666666666666666,
      0.0,
      1.0,
      0.8,
      0.0,
      0.75,
      0.0,
      0.4,
      0.0,
      0.0,
      0.4,
      0.6,
      0.0,
      0.0,
      0.0,
      0.0,
      0.0,
      0.9310344827586207,
      0.9615384615384616,
      0.0,
      0.8,
      0.2,
      0.0,
      0.2,
      0.0,
      0.65,
      0.0,
      0.0,
      0.0,
      0.8,
      1.0,
      0.0,
      0.0,
      0.0,
      0.2,
      0.0,
      1.0,
      0.1,
      0.0,
      0.5,
      0.2
   ]
}