{
   "epoch": 46,
   "batch_train_accuracies": [
      0.8359375,
      0.890625,
      0.828125,
      0.90625,
      0.828125,
      0.796875,
      0.8203125,
      0.8515625,
      0.8046875,
      0.8046875,
      0.8515625,
      0.8671875,
      0.8671875,
      0.875,
      0.8984375,
      0.859375,
      0.828125,
      0.859375,
      0.828125,
      0.8671875,
      0.85
   ],
   "batch_train_losses": [
      1.0392848253250122,
      0.8321470022201538,
      0.8727600574493408,
      0.7415885329246521,
      0.9843398928642273,
      1.017320156097412,
      0.9266344904899597,
      0.9289315342903137,
      0.9415944218635559,
      0.9778022170066833,
      0.9257761836051941,
      0.9182446599006653,
      0.819040060043335,
      1.0765926837921143,
      0.8023201823234558,
      0.9578202366828918,
      0.9184395670890808,
      0.9469417333602905,
      0.9056313633918762,
      0.9124132394790649,
      0.9329712986946106
   ],
   "batch_train_times": [],
   "val_accuracy": 0.4864864864864865,
   "val_loss": 1.8999299036489952,
   "val_accuracy_per_label": [
      0.6818181818181818,
      0.2,
      0.0,
      0.0,
      0.4,
      0.2,
      0.0,
      0.85,
      0.0,
      0.0,
      0.0,
      0.0,
      0.0,
      0.8,
      0.6,
      0.0,
      0.0,
      0.0,
      0.0,
      0.9655172413793104,
      0.7692307692307693,
      0.0,
      0.6,
      0.2,
      0.0,
      0.5,
      0.0,
      0.6,
      0.0,
      0.0,
      0.0,
      0.4,
      0.8,
      0.0,
      0.0,
      0.0,
      0.2,
      0.0,
      0.8,
      0.8,
      0.0,
      0.5,
      0.2
   ]
}