{
   "epoch": 29,
   "batch_train_accuracies": [
      0.7265625,
      0.78125,
      0.734375,
      0.703125,
      0.7734375,
      0.7265625,
      0.8046875,
      0.78125,
      0.6953125,
      0.71875,
      0.7734375,
      0.7421875,
      0.75,
      0.7578125,
      0.7265625,
      0.78125,
      0.7265625,
      0.7578125,
      0.7734375,
      0.734375,
      0.7375
   ],
   "batch_train_losses": [
      1.2650254964828491,
      1.1223571300506592,
      1.2018660306930542,
      1.1658040285110474,
      1.135114312171936,
      1.1301047801971436,
      0.9847270250320435,
      1.1083441972732544,
      1.2567492723464966,
      1.2862555980682373,
      1.1233395338058472,
      1.2963851690292358,
      1.1421937942504883,
      1.190018892288208,
      1.1927036046981812,
      1.0581817626953125,
      1.233005166053772,
      1.2205179929733276,
      1.1997957229614258,
      1.1391264200210571,
      1.2168725728988647
   ],
   "batch_train_times": [],
   "val_accuracy": 0.44932432432432434,
   "val_loss": 2.1613496574195654,
   "val_accuracy_per_label": [
      0.6818181818181818,
      0.0,
      0.5,
      0.0,
      0.8,
      0.6,
      0.0,
      0.8,
      0.0,
      0.4,
      0.0,
      0.0,
      0.0,
      0.8,
      0.2,
      0.0,
      0.0,
      0.0,
      0.0,
      0.9310344827586207,
      0.9615384615384616,
      0.0,
      0.2,
      0.2,
      0.0,
      0.1,
      0.0,
      0.2,
      0.0,
      0.0,
      0.0,
      0.2,
      0.8,
      0.0,
      0.0,
      0.0,
      0.0,
      0.0,
      0.7333333333333333,
      0.7,
      0.0,
      0.25,
      0.2
   ]
}