{
   "epoch": 33,
   "batch_train_accuracies": [
      0.7109375,
      0.8125,
      0.734375,
      0.7890625,
      0.78125,
      0.734375,
      0.7578125,
      0.8125,
      0.8046875,
      0.78125,
      0.78125,
      0.8203125,
      0.6953125,
      0.8203125,
      0.84375,
      0.828125,
      0.71875,
      0.7734375,
      0.75,
      0.8515625,
      0.7625
   ],
   "batch_train_losses": [
      1.1663707494735718,
      1.1348023414611816,
      1.1671135425567627,
      1.1390501260757446,
      1.1280428171157837,
      1.144830584526062,
      1.1604362726211548,
      1.074077844619751,
      1.0567491054534912,
      1.1022008657455444,
      1.1601340770721436,
      0.9677492380142212,
      1.2764008045196533,
      1.048488736152649,
      0.9478316903114319,
      0.9833832383155823,
      1.1703368425369263,
      1.0230002403259277,
      1.141202688217163,
      0.9474951028823853,
      1.1228141784667969
   ],
   "batch_train_times": [],
   "val_accuracy": 0.49324324324324326,
   "val_loss": 2.015756713377463,
   "val_accuracy_per_label": [
      0.7272727272727273,
      0.0,
      0.0,
      0.2,
      0.0,
      0.6,
      0.0,
      0.85,
      0.0,
      0.0,
      0.0,
      0.0,
      0.6,
      0.8,
      0.4,
      0.0,
      0.0,
      0.0,
      0.0,
      0.9655172413793104,
      0.7692307692307693,
      0.0,
      0.8,
      0.2,
      0.0,
      0.3,
      0.0,
      0.65,
      0.0,
      0.0,
      0.0,
      0.4,
      1.0,
      0.0,
      0.0,
      0.0,
      0.0,
      0.0,
      0.7333333333333333,
      0.8,
      0.0,
      0.5,
      0.2
   ]
}