{
   "epoch": 31,
   "batch_train_accuracies": [
      0.6953125,
      0.796875,
      0.78125,
      0.7734375,
      0.65625,
      0.78125,
      0.6640625,
      0.7890625,
      0.78125,
      0.703125,
      0.7421875,
      0.765625,
      0.7734375,
      0.796875,
      0.7734375,
      0.7265625,
      0.78125,
      0.6875,
      0.8125,
      0.703125,
      0.775
   ],
   "batch_train_losses": [
      1.253207802772522,
      0.9922796487808228,
      1.0758349895477295,
      1.1525804996490479,
      1.2724531888961792,
      1.1999876499176025,
      1.2536447048187256,
      1.106366753578186,
      1.0591191053390503,
      1.2264231443405151,
      1.1799839735031128,
      1.1301079988479614,
      1.0684303045272827,
      1.143343210220337,
      1.1511778831481934,
      1.1126536130905151,
      1.1403775215148926,
      1.2368203401565552,
      1.0419621467590332,
      1.2426412105560303,
      1.084030270576477
   ],
   "batch_train_times": [],
   "val_accuracy": 0.4864864864864865,
   "val_loss": 1.9570835860999856,
   "val_accuracy_per_label": [
      0.8636363636363636,
      0.0,
      0.3333333333333333,
      0.0,
      0.8,
      0.4,
      0.0,
      0.8,
      0.0,
      0.0,
      0.0,
      0.0,
      0.0,
      0.8,
      0.4,
      0.0,
      0.0,
      0.0,
      0.0,
      0.9655172413793104,
      0.7307692307692307,
      0.0,
      0.2,
      0.2,
      0.0,
      0.3,
      0.0,
      0.8,
      0.0,
      0.0,
      0.2,
      0.0,
      1.0,
      0.0,
      0.0,
      0.0,
      0.0,
      0.0,
      0.7333333333333333,
      0.6,
      0.0,
      0.375,
      0.2
   ]
}