{
   "epoch": 5,
   "batch_train_accuracies": [
      0.4140625,
      0.4375,
      0.4609375,
      0.4296875,
      0.4296875,
      0.40625,
      0.4453125,
      0.390625,
      0.34375,
      0.4296875,
      0.4296875,
      0.421875,
      0.3359375,
      0.359375,
      0.453125,
      0.4765625,
      0.375,
      0.34375,
      0.5078125,
      0.5,
      0.4625
   ],
   "batch_train_losses": [
      2.576322317123413,
      2.5006697177886963,
      2.4662575721740723,
      2.5177087783813477,
      2.4770283699035645,
      2.4785590171813965,
      2.455591917037964,
      2.5335495471954346,
      2.6176857948303223,
      2.4939770698547363,
      2.416403293609619,
      2.4271349906921387,
      2.548936605453491,
      2.5376973152160645,
      2.4117636680603027,
      2.3959078788757324,
      2.4892778396606445,
      2.541769504547119,
      2.2474708557128906,
      2.4240052700042725,
      2.366788387298584
   ],
   "batch_train_times": [],
   "val_accuracy": 0.27364864864864863,
   "val_loss": 2.889844984621615,
   "val_accuracy_per_label": [
      0.7272727272727273,
      0.0,
      0.0,
      0.0,
      0.0,
      0.0,
      0.0,
      0.9,
      0.0,
      0.0,
      0.0,
      0.0,
      0.0,
      0.2,
      0.2,
      0.0,
      0.0,
      0.0,
      0.2,
      0.13793103448275862,
      0.5769230769230769,
      0.0,
      0.0,
      0.0,
      0.0,
      0.0,
      0.0,
      0.9,
      0.0,
      0.0,
      0.0,
      0.0,
      0.0,
      0.0,
      0.0,
      0.0,
      0.0,
      0.0,
      0.0,
      0.2,
      0.0,
      0.625,
      0.0
   ]
}