{
   "epoch": 20,
   "batch_train_accuracies": [
      0.671875,
      0.59375,
      0.78125,
      0.65625,
      0.6640625,
      0.65625,
      0.671875,
      0.6328125,
      0.640625,
      0.703125,
      0.65625,
      0.7578125,
      0.6796875,
      0.6328125,
      0.6484375,
      0.671875,
      0.59375,
      0.6953125,
      0.7109375,
      0.6875,
      0.525
   ],
   "batch_train_losses": [
      1.445517659187317,
      1.5436580181121826,
      1.1805680990219116,
      1.4764735698699951,
      1.4762769937515259,
      1.479339361190796,
      1.4779765605926514,
      1.4771006107330322,
      1.4821583032608032,
      1.3633265495300293,
      1.4061939716339111,
      1.3156172037124634,
      1.3830132484436035,
      1.5083200931549072,
      1.4682483673095703,
      1.4168318510055542,
      1.5607632398605347,
      1.3918850421905518,
      1.2820441722869873,
      1.4904893636703491,
      1.7324138879776
   ],
   "batch_train_times": [],
   "val_accuracy": 0.4358108108108108,
   "val_loss": 2.2424520737416036,
   "val_accuracy_per_label": [
      0.8636363636363636,
      0.0,
      0.0,
      0.4,
      0.4,
      1.0,
      0.0,
      0.85,
      0.0,
      0.0,
      0.0,
      0.0,
      0.2,
      0.6,
      0.0,
      0.0,
      0.0,
      0.0,
      0.0,
      0.9310344827586207,
      0.9230769230769231,
      0.0,
      0.0,
      0.2,
      0.0,
      0.1,
      0.0,
      0.15,
      0.0,
      0.0,
      0.0,
      0.2,
      0.4,
      0.0,
      0.0,
      0.0,
      0.0,
      0.0,
      0.6666666666666666,
      0.6,
      0.0,
      0.5,
      0.2
   ]
}