{
   "epoch": 23,
   "batch_train_accuracies": [
      0.7109375,
      0.7265625,
      0.71875,
      0.703125,
      0.703125,
      0.7265625,
      0.734375,
      0.65625,
      0.6796875,
      0.6953125,
      0.6953125,
      0.6484375,
      0.7421875,
      0.7265625,
      0.71875,
      0.6875,
      0.671875,
      0.671875,
      0.6640625,
      0.6328125,
      0.6125
   ],
   "batch_train_losses": [
      1.317732810974121,
      1.2950098514556885,
      1.349363923072815,
      1.289707064628601,
      1.3623872995376587,
      1.2591496706008911,
      1.2733540534973145,
      1.4433434009552002,
      1.3827840089797974,
      1.2948105335235596,
      1.2877376079559326,
      1.3318085670471191,
      1.284092664718628,
      1.2370336055755615,
      1.3631103038787842,
      1.4467297792434692,
      1.3173168897628784,
      1.389296531677246,
      1.3871212005615234,
      1.4440290927886963,
      1.3909413814544678
   ],
   "batch_train_times": [],
   "val_accuracy": 0.40540540540540543,
   "val_loss": 2.2926878800263277,
   "val_accuracy_per_label": [
      0.8181818181818182,
      0.0,
      0.0,
      0.2,
      1.0,
      0.2,
      0.0,
      0.85,
      0.0,
      0.2,
      0.0,
      0.0,
      0.2,
      0.8,
      0.0,
      0.0,
      0.0,
      0.0,
      0.0,
      0.6551724137931034,
      0.8076923076923077,
      0.0,
      0.0,
      0.2,
      0.0,
      0.0,
      0.0,
      0.7,
      0.0,
      0.0,
      0.0,
      0.0,
      0.8,
      0.0,
      0.0,
      0.0,
      0.0,
      0.0,
      0.13333333333333333,
      0.6,
      0.0,
      0.375,
      0.4
   ]
}