{
   "epoch": 8,
   "batch_train_accuracies": [
      0.5,
      0.5390625,
      0.515625,
      0.453125,
      0.5703125,
      0.453125,
      0.46875,
      0.4765625,
      0.421875,
      0.5390625,
      0.53125,
      0.5,
      0.5546875,
      0.53125,
      0.5703125,
      0.4296875,
      0.4296875,
      0.5625,
      0.5390625,
      0.5390625,
      0.6125
   ],
   "batch_train_losses": [
      2.1494152545928955,
      2.1215713024139404,
      2.205625534057617,
      2.26011323928833,
      2.052333354949951,
      2.231598377227783,
      2.254239797592163,
      2.168485641479492,
      2.231903314590454,
      2.1548585891723633,
      2.1732475757598877,
      2.2079505920410156,
      2.1494011878967285,
      2.049182415008545,
      2.0368402004241943,
      2.2248873710632324,
      2.198000192642212,
      2.0243632793426514,
      2.102112293243408,
      2.0982494354248047,
      1.943326711654663
   ],
   "batch_train_times": [],
   "val_accuracy": 0.30743243243243246,
   "val_loss": 2.6853458365878544,
   "val_accuracy_per_label": [
      0.5909090909090909,
      0.0,
      0.0,
      0.0,
      0.0,
      0.4,
      0.0,
      0.85,
      0.0,
      0.0,
      0.0,
      0.0,
      0.0,
      0.2,
      0.0,
      0.0,
      0.0,
      0.0,
      0.0,
      0.5862068965517241,
      0.7307692307692307,
      0.0,
      0.0,
      0.0,
      0.0,
      0.0,
      0.0,
      0.5,
      0.0,
      0.0,
      0.0,
      0.0,
      0.0,
      0.0,
      0.0,
      0.0,
      0.0,
      0.0,
      0.13333333333333333,
      0.5,
      0.0,
      0.625,
      0.0
   ]
}