{
   "epoch": 28,
   "batch_train_accuracies": [
      0.734375,
      0.71875,
      0.75,
      0.7421875,
      0.6640625,
      0.78125,
      0.59375,
      0.703125,
      0.796875,
      0.71875,
      0.7734375,
      0.765625,
      0.71875,
      0.703125,
      0.8203125,
      0.7109375,
      0.7734375,
      0.6796875,
      0.7890625,
      0.6640625,
      0.825
   ],
   "batch_train_losses": [
      1.2717214822769165,
      1.305397391319275,
      1.223926305770874,
      1.244333267211914,
      1.424184799194336,
      1.10877525806427,
      1.5466231107711792,
      1.2012275457382202,
      1.1138406991958618,
      1.2467007637023926,
      1.1577268838882446,
      1.2003141641616821,
      1.2065887451171875,
      1.2381055355072021,
      1.0580183267593384,
      1.258366584777832,
      1.1643569469451904,
      1.3454701900482178,
      1.0957186222076416,
      1.249820590019226,
      1.0226939916610718
   ],
   "batch_train_times": [],
   "val_accuracy": 0.4560810810810811,
   "val_loss": 2.155150838800379,
   "val_accuracy_per_label": [
      0.7272727272727273,
      0.0,
      0.0,
      0.4,
      0.4,
      0.8,
      0.0,
      0.85,
      0.0,
      0.0,
      0.0,
      0.0,
      0.2,
      0.8,
      0.6,
      0.0,
      0.0,
      0.0,
      0.0,
      0.9310344827586207,
      0.7307692307692307,
      0.0,
      0.2,
      0.0,
      0.0,
      0.0,
      0.0,
      0.55,
      0.0,
      0.0,
      0.0,
      0.2,
      1.0,
      0.0,
      0.0,
      0.0,
      0.0,
      0.0,
      0.6666666666666666,
      0.8,
      0.0,
      0.5,
      0.0
   ]
}