{
   "epoch": 16,
   "batch_train_accuracies": [
      0.640625,
      0.6328125,
      0.640625,
      0.5703125,
      0.6875,
      0.5390625,
      0.609375,
      0.6328125,
      0.6484375,
      0.6484375,
      0.7734375,
      0.5234375,
      0.5625,
      0.6484375,
      0.5625,
      0.6171875,
      0.53125,
      0.734375,
      0.609375,
      0.6171875,
      0.6125
   ],
   "batch_train_losses": [
      1.587146520614624,
      1.5481623411178589,
      1.533769965171814,
      1.766571044921875,
      1.4343987703323364,
      1.747866153717041,
      1.6873167753219604,
      1.5002474784851074,
      1.607081413269043,
      1.5976617336273193,
      1.464552402496338,
      1.7681872844696045,
      1.73403799533844,
      1.4841079711914062,
      1.6810823678970337,
      1.5690478086471558,
      1.7751710414886475,
      1.4209492206573486,
      1.5844292640686035,
      1.6387813091278076,
      1.5752754211425781
   ],
   "batch_train_times": [],
   "val_accuracy": 0.43243243243243246,
   "val_loss": 2.3302826816971236,
   "val_accuracy_per_label": [
      0.9545454545454546,
      0.0,
      0.0,
      0.0,
      0.2,
      0.6,
      0.0,
      0.7,
      0.0,
      0.0,
      0.0,
      0.0,
      0.0,
      0.8,
      0.0,
      0.0,
      0.0,
      0.0,
      0.0,
      0.7241379310344828,
      0.8076923076923077,
      0.0,
      0.0,
      0.0,
      0.0,
      0.0,
      0.0,
      0.85,
      0.0,
      0.0,
      0.0,
      0.0,
      0.6,
      0.0,
      0.0,
      0.0,
      0.0,
      0.0,
      1.0,
      0.6,
      0.0,
      0.25,
      0.0
   ]
}