{
   "epoch": 40,
   "batch_train_accuracies": [
      0.8203125,
      0.8359375,
      0.7890625,
      0.84375,
      0.828125,
      0.765625,
      0.78125,
      0.875,
      0.7734375,
      0.875,
      0.8046875,
      0.7890625,
      0.875,
      0.8046875,
      0.859375,
      0.7734375,
      0.84375,
      0.8046875,
      0.7890625,
      0.84375,
      0.7625
   ],
   "batch_train_losses": [
      0.989215612411499,
      0.9220439791679382,
      1.095954179763794,
      0.9188045859336853,
      0.9138109683990479,
      1.047848105430603,
      1.0200847387313843,
      0.8823364973068237,
      1.147145390510559,
      0.8518950343132019,
      0.9563459753990173,
      0.970024049282074,
      0.8425396680831909,
      1.0298407077789307,
      0.9384437799453735,
      1.1544554233551025,
      0.9333693385124207,
      1.0645813941955566,
      1.0028311014175415,
      1.045873999595642,
      1.1390228271484375
   ],
   "batch_train_times": [],
   "val_accuracy": 0.5371621621621622,
   "val_loss": 2.0316383387591386,
   "val_accuracy_per_label": [
      0.6818181818181818,
      0.0,
      0.5,
      0.2,
      0.8,
      0.6,
      0.0,
      0.85,
      0.0,
      0.0,
      0.0,
      0.0,
      1.0,
      1.0,
      0.8,
      0.0,
      0.0,
      0.0,
      0.0,
      0.9310344827586207,
      0.7692307692307693,
      0.0,
      0.8,
      0.0,
      0.0,
      0.3,
      0.0,
      0.8,
      0.0,
      0.0,
      0.4,
      0.2,
      1.0,
      0.0,
      0.0,
      0.0,
      0.0,
      0.0,
      0.8,
      0.8,
      0.0,
      0.375,
      0.2
   ]
}