{
   "epoch": 30,
   "batch_train_accuracies": [
      0.7890625,
      0.71875,
      0.6875,
      0.78125,
      0.6953125,
      0.7890625,
      0.7109375,
      0.765625,
      0.7421875,
      0.7109375,
      0.7421875,
      0.8046875,
      0.8359375,
      0.625,
      0.796875,
      0.8359375,
      0.765625,
      0.75,
      0.7890625,
      0.7578125,
      0.7875
   ],
   "batch_train_losses": [
      1.0845675468444824,
      1.168363094329834,
      1.2888625860214233,
      1.0312682390213013,
      1.271179437637329,
      1.0596106052398682,
      1.1817653179168701,
      1.0946625471115112,
      1.1741453409194946,
      1.2467807531356812,
      1.1875481605529785,
      1.0879921913146973,
      1.0858795642852783,
      1.3924407958984375,
      1.0424376726150513,
      1.0352225303649902,
      1.0871102809906006,
      1.1494914293289185,
      1.1016407012939453,
      1.1048336029052734,
      1.081405520439148
   ],
   "batch_train_times": [],
   "val_accuracy": 0.4527027027027027,
   "val_loss": 2.1011715386364913,
   "val_accuracy_per_label": [
      0.5909090909090909,
      0.0,
      0.3333333333333333,
      0.0,
      0.6,
      0.4,
      0.0,
      0.85,
      0.0,
      0.0,
      0.0,
      0.0,
      0.4,
      0.8,
      0.2,
      0.0,
      0.0,
      0.0,
      0.0,
      0.896551724137931,
      0.6538461538461539,
      0.0,
      0.6,
      0.0,
      0.0,
      0.3,
      0.0,
      0.6,
      0.0,
      0.0,
      0.0,
      0.2,
      1.0,
      0.0,
      0.0,
      0.0,
      0.0,
      0.0,
      0.8,
      0.7,
      0.0,
      0.375,
      0.2
   ]
}