{
   "epoch": 34,
   "batch_train_accuracies": [
      0.7734375,
      0.7421875,
      0.828125,
      0.8125,
      0.7734375,
      0.828125,
      0.8046875,
      0.796875,
      0.7421875,
      0.7890625,
      0.6953125,
      0.7421875,
      0.8046875,
      0.796875,
      0.8359375,
      0.796875,
      0.8359375,
      0.734375,
      0.703125,
      0.84375,
      0.7625
   ],
   "batch_train_losses": [
      1.076596975326538,
      1.1863861083984375,
      1.002023458480835,
      1.0330727100372314,
      1.1413333415985107,
      1.0373706817626953,
      0.9794722199440002,
      1.1557129621505737,
      1.1623704433441162,
      1.1057122945785522,
      1.1914433240890503,
      1.113236904144287,
      1.112847924232483,
      1.0758522748947144,
      1.0036835670471191,
      1.0135483741760254,
      0.8647344708442688,
      1.1122188568115234,
      1.1708608865737915,
      1.0281065702438354,
      0.9987715482711792
   ],
   "batch_train_times": [],
   "val_accuracy": 0.5,
   "val_loss": 2.017958164215088,
   "val_accuracy_per_label": [
      0.9090909090909091,
      0.0,
      0.3333333333333333,
      0.2,
      1.0,
      0.6,
      0.0,
      0.85,
      0.0,
      0.0,
      0.0,
      0.0,
      0.4,
      0.8,
      0.8,
      0.0,
      0.0,
      0.0,
      0.0,
      0.9310344827586207,
      0.6153846153846154,
      0.0,
      0.2,
      0.0,
      0.0,
      0.2,
      0.0,
      0.85,
      0.0,
      0.0,
      0.4,
      0.0,
      1.0,
      0.0,
      0.0,
      0.0,
      0.0,
      0.0,
      0.6666666666666666,
      0.7,
      0.0,
      0.25,
      0.2
   ]
}