{
   "epoch": 39,
   "batch_train_accuracies": [
      0.8125,
      0.75,
      0.875,
      0.8125,
      0.84375,
      0.8359375,
      0.875,
      0.8515625,
      0.78125,
      0.7734375,
      0.7421875,
      0.8671875,
      0.828125,
      0.8828125,
      0.828125,
      0.78125,
      0.8671875,
      0.7890625,
      0.7578125,
      0.71875,
      0.85
   ],
   "batch_train_losses": [
      1.0350650548934937,
      1.1502882242202759,
      0.8992230296134949,
      1.0307106971740723,
      0.9089096188545227,
      0.9764175415039062,
      0.9230659604072571,
      0.9272673726081848,
      1.1019343137741089,
      1.1255772113800049,
      1.1354438066482544,
      0.9153749346733093,
      0.9415374398231506,
      0.8839138746261597,
      0.9873856902122498,
      1.0316373109817505,
      0.9378057718276978,
      1.0139098167419434,
      1.1227004528045654,
      1.1335023641586304,
      1.0022873878479004
   ],
   "batch_train_times": [],
   "val_accuracy": 0.5304054054054054,
   "val_loss": 1.948149478113329,
   "val_accuracy_per_label": [
      0.5909090909090909,
      0.2,
      0.16666666666666666,
      0.4,
      0.8,
      0.8,
      0.0,
      0.85,
      0.0,
      0.0,
      0.0,
      0.0,
      0.4,
      0.8,
      0.8,
      0.0,
      0.0,
      0.0,
      0.0,
      0.9655172413793104,
      0.6923076923076923,
      0.0,
      0.8,
      0.6,
      0.0,
      0.7,
      0.0,
      0.85,
      0.0,
      0.0,
      0.0,
      0.8,
      0.8,
      0.0,
      0.0,
      0.0,
      0.0,
      0.0,
      0.5333333333333333,
      0.8,
      0.0,
      0.5,
      0.0
   ]
}