{
   "epoch": 32,
   "batch_train_accuracies": [
      0.8125,
      0.8359375,
      0.75,
      0.7890625,
      0.8046875,
      0.671875,
      0.84375,
      0.7421875,
      0.75,
      0.7734375,
      0.6640625,
      0.7109375,
      0.7109375,
      0.828125,
      0.8125,
      0.7734375,
      0.7421875,
      0.796875,
      0.7421875,
      0.78125,
      0.75
   ],
   "batch_train_losses": [
      1.0743566751480103,
      1.0474693775177002,
      1.1498091220855713,
      1.0737673044204712,
      1.0840365886688232,
      1.2358319759368896,
      0.9390391707420349,
      1.2125024795532227,
      1.210627555847168,
      1.0468063354492188,
      1.264302134513855,
      1.251530408859253,
      1.1939685344696045,
      1.0345875024795532,
      1.0960094928741455,
      1.120173454284668,
      1.1024672985076904,
      1.0110799074172974,
      1.1399763822555542,
      1.1176894903182983,
      1.309003233909607
   ],
   "batch_train_times": [],
   "val_accuracy": 0.4864864864864865,
   "val_loss": 2.022109282983316,
   "val_accuracy_per_label": [
      0.8181818181818182,
      0.0,
      0.0,
      0.2,
      0.6,
      0.2,
      0.0,
      0.8,
      0.0,
      0.0,
      0.0,
      0.0,
      0.0,
      1.0,
      0.6,
      0.0,
      0.0,
      0.0,
      0.0,
      0.896551724137931,
      0.9230769230769231,
      0.0,
      0.4,
      0.2,
      0.0,
      0.1,
      0.0,
      0.75,
      0.0,
      0.0,
      0.2,
      0.0,
      1.0,
      0.0,
      0.0,
      0.0,
      0.0,
      0.0,
      0.7333333333333333,
      0.7,
      0.0,
      0.375,
      0.2
   ]
}