{
   "epoch": 18,
   "batch_train_accuracies": [
      0.6484375,
      0.6484375,
      0.65625,
      0.6328125,
      0.6953125,
      0.6875,
      0.6484375,
      0.625,
      0.6640625,
      0.6171875,
      0.7109375,
      0.6640625,
      0.5390625,
      0.6953125,
      0.6875,
      0.6171875,
      0.671875,
      0.640625,
      0.640625,
      0.5859375,
      0.7625
   ],
   "batch_train_losses": [
      1.5979489088058472,
      1.546338677406311,
      1.5587804317474365,
      1.5594669580459595,
      1.4629137516021729,
      1.4935801029205322,
      1.575024127960205,
      1.5154805183410645,
      1.4865773916244507,
      1.5649491548538208,
      1.3647798299789429,
      1.4925569295883179,
      1.683426856994629,
      1.4726824760437012,
      1.3887755870819092,
      1.5636060237884521,
      1.4827898740768433,
      1.42852783203125,
      1.5382648706436157,
      1.6042178869247437,
      1.2866668701171875
   ],
   "batch_train_times": [],
   "val_accuracy": 0.40540540540540543,
   "val_loss": 2.3492814656850456,
   "val_accuracy_per_label": [
      0.6363636363636364,
      0.0,
      0.0,
      0.2,
      0.0,
      0.6,
      0.0,
      0.85,
      0.0,
      0.0,
      0.0,
      0.0,
      0.0,
      0.6,
      0.2,
      0.0,
      0.0,
      0.0,
      0.0,
      0.9310344827586207,
      0.4230769230769231,
      0.0,
      0.0,
      0.0,
      0.0,
      0.2,
      0.0,
      0.9,
      0.0,
      0.0,
      0.0,
      0.0,
      0.8,
      0.0,
      0.0,
      0.0,
      0.0,
      0.0,
      0.6666666666666666,
      0.5,
      0.0,
      0.5,
      0.0
   ]
}