{
   "epoch": 41,
   "batch_train_accuracies": [
      0.8671875,
      0.734375,
      0.875,
      0.8125,
      0.859375,
      0.8828125,
      0.796875,
      0.8046875,
      0.8203125,
      0.890625,
      0.8125,
      0.875,
      0.8203125,
      0.859375,
      0.8046875,
      0.8359375,
      0.8515625,
      0.8125,
      0.8359375,
      0.796875,
      0.875
   ],
   "batch_train_losses": [
      0.877779483795166,
      1.111513376235962,
      0.8811047673225403,
      1.0571112632751465,
      0.9275689721107483,
      0.8651578426361084,
      1.0597511529922485,
      0.9448680877685547,
      1.0011147260665894,
      0.8523215055465698,
      0.9646413326263428,
      0.8789989352226257,
      0.9394420981407166,
      0.9526762962341309,
      0.9710201025009155,
      0.9146572351455688,
      0.923581063747406,
      0.9830283522605896,
      0.9466760754585266,
      1.0651228427886963,
      0.9317394495010376
   ],
   "batch_train_times": [],
   "val_accuracy": 0.5135135135135135,
   "val_loss": 2.0058121294588656,
   "val_accuracy_per_label": [
      0.6818181818181818,
      0.0,
      0.16666666666666666,
      0.2,
      1.0,
      0.2,
      0.0,
      0.8,
      0.0,
      0.0,
      0.0,
      0.0,
      1.0,
      1.0,
      0.8,
      0.0,
      0.0,
      0.0,
      0.0,
      0.9310344827586207,
      0.6538461538461539,
      0.0,
      0.8,
      0.0,
      0.0,
      0.5,
      0.0,
      0.65,
      0.0,
      0.0,
      0.4,
      0.2,
      1.0,
      0.0,
      0.0,
      0.0,
      0.0,
      0.0,
      0.8,
      0.8,
      0.0,
      0.5,
      0.2
   ]
}