{
   "epoch": 12,
   "batch_train_accuracies": [
      0.546875,
      0.5703125,
      0.546875,
      0.59375,
      0.53125,
      0.5625,
      0.5390625,
      0.546875,
      0.6328125,
      0.578125,
      0.5703125,
      0.5625,
      0.546875,
      0.5703125,
      0.5703125,
      0.59375,
      0.6328125,
      0.5390625,
      0.5703125,
      0.5859375,
      0.5125
   ],
   "batch_train_losses": [
      1.8344119787216187,
      1.8089183568954468,
      1.8583260774612427,
      1.7728767395019531,
      1.8718194961547852,
      1.8659422397613525,
      1.8321467638015747,
      1.9272900819778442,
      1.7710829973220825,
      1.867292881011963,
      1.8448846340179443,
      1.8118538856506348,
      1.8160524368286133,
      1.8509241342544556,
      1.7940192222595215,
      1.7450679540634155,
      1.7936794757843018,
      1.857987642288208,
      1.7439043521881104,
      1.7828080654144287,
      1.9511902332305908
   ],
   "batch_train_times": [],
   "val_accuracy": 0.3141891891891892,
   "val_loss": 2.5862558596842997,
   "val_accuracy_per_label": [
      0.8181818181818182,
      0.0,
      0.0,
      0.0,
      0.6,
      0.0,
      0.0,
      0.75,
      0.0,
      0.0,
      0.0,
      0.0,
      0.0,
      0.2,
      0.0,
      0.0,
      0.0,
      0.0,
      0.0,
      0.4827586206896552,
      0.6538461538461539,
      0.0,
      0.0,
      0.2,
      0.0,
      0.1,
      0.0,
      0.55,
      0.0,
      0.0,
      0.0,
      0.0,
      0.0,
      0.0,
      0.0,
      0.0,
      0.0,
      0.0,
      0.4666666666666667,
      0.2,
      0.0,
      0.375,
      0.0
   ]
}