{
   "epoch": 42,
   "batch_train_accuracies": [
      0.8828125,
      0.8515625,
      0.8515625,
      0.796875,
      0.8515625,
      0.859375,
      0.78125,
      0.8046875,
      0.828125,
      0.890625,
      0.875,
      0.8671875,
      0.8671875,
      0.7890625,
      0.8671875,
      0.828125,
      0.8671875,
      0.8046875,
      0.7890625,
      0.8515625,
      0.8
   ],
   "batch_train_losses": [
      0.8523319959640503,
      0.9389402270317078,
      0.8624829053878784,
      1.0487505197525024,
      1.0061850547790527,
      0.8600305318832397,
      1.0116515159606934,
      0.9775163531303406,
      1.0042046308517456,
      0.8372013568878174,
      0.8728657960891724,
      0.9347627758979797,
      0.8376714587211609,
      1.0886077880859375,
      0.9218473434448242,
      0.8875026106834412,
      0.9614880084991455,
      1.0545681715011597,
      1.119850754737854,
      0.8573894500732422,
      0.9708341360092163
   ],
   "batch_train_times": [],
   "val_accuracy": 0.4831081081081081,
   "val_loss": 2.1141126800227807,
   "val_accuracy_per_label": [
      0.2727272727272727,
      0.2,
      0.3333333333333333,
      0.2,
      1.0,
      0.6,
      0.0,
      0.85,
      0.0,
      0.0,
      0.0,
      0.0,
      0.8,
      0.4,
      0.8,
      0.0,
      0.0,
      0.0,
      0.0,
      0.9655172413793104,
      0.9230769230769231,
      0.2,
      0.4,
      0.0,
      0.0,
      0.1,
      0.0,
      0.55,
      0.0,
      0.0,
      0.0,
      0.8,
      1.0,
      0.0,
      0.0,
      0.0,
      0.2,
      0.0,
      0.4666666666666667,
      0.8,
      0.0,
      0.5,
      0.4
   ]
}