{
   "epoch": 36,
   "batch_train_accuracies": [
      0.859375,
      0.828125,
      0.71875,
      0.71875,
      0.828125,
      0.796875,
      0.8046875,
      0.796875,
      0.78125,
      0.84375,
      0.765625,
      0.8125,
      0.8046875,
      0.71875,
      0.8359375,
      0.8671875,
      0.75,
      0.796875,
      0.8046875,
      0.8359375,
      0.8
   ],
   "batch_train_losses": [
      1.0168287754058838,
      1.01021409034729,
      1.0949488878250122,
      1.2002172470092773,
      1.0344966650009155,
      1.1419800519943237,
      1.0205284357070923,
      1.1271075010299683,
      1.0107293128967285,
      0.9554933905601501,
      1.068554162979126,
      0.9672960042953491,
      1.080275297164917,
      1.1931135654449463,
      1.036865472793579,
      0.9794291853904724,
      1.1626660823822021,
      1.0225826501846313,
      1.018577218055725,
      0.9060419201850891,
      1.019181489944458
   ],
   "batch_train_times": [],
   "val_accuracy": 0.5135135135135135,
   "val_loss": 1.929461434080794,
   "val_accuracy_per_label": [
      0.8636363636363636,
      0.0,
      0.0,
      0.0,
      1.0,
      0.4,
      0.0,
      0.85,
      0.0,
      0.4,
      0.0,
      0.0,
      0.4,
      1.0,
      0.6,
      0.0,
      0.0,
      0.0,
      0.0,
      0.896551724137931,
      0.8076923076923077,
      0.0,
      0.0,
      0.0,
      0.0,
      0.1,
      0.0,
      0.9,
      0.0,
      0.0,
      0.4,
      0.4,
      1.0,
      0.0,
      0.0,
      0.0,
      0.0,
      0.0,
      0.6,
      0.8,
      0.0,
      0.5,
      0.2
   ]
}