{
   "epoch": 28,
   "batch_train_accuracies": [
      0.125,
      0.125,
      0.0625,
      0.046875,
      0.109375,
      0.140625,
      0.09375,
      0.15625,
      0.0625,
      0.0625,
      0.046875,
      0.140625,
      0.140625,
      0.015625,
      0.09375,
      0.125,
      0.09375,
      0.0625,
      0.09375,
      0.109375,
      0.046875,
      0.0625,
      0.171875,
      0.078125,
      0.078125,
      0.140625,
      0.140625,
      0.125,
      0.0625,
      0.078125,
      0.15625,
      0.046875,
      0.125,
      0.03125,
      0.046875,
      0.078125,
      0.03125,
      0.125,
      0.046875,
      0.140625,
      0.09375,
      0.1875
   ],
   "batch_train_losses": [
      3.7160534858703613,
      3.699659585952759,
      3.724334955215454,
      3.7111010551452637,
      3.7096269130706787,
      3.717371702194214,
      3.705399990081787,
      3.70804762840271,
      3.7215988636016846,
      3.7112832069396973,
      3.710878849029541,
      3.7161333560943604,
      3.7049167156219482,
      3.717179298400879,
      3.721536874771118,
      3.704882860183716,
      3.708228349685669,
      3.7245686054229736,
      3.7051913738250732,
      3.7101869583129883,
      3.729088306427002,
      3.714054822921753,
      3.7018845081329346,
      3.6988701820373535,
      3.7057924270629883,
      3.715927839279175,
      3.6955416202545166,
      3.7114439010620117,
      3.707659959793091,
      3.7236387729644775,
      3.7106943130493164,
      3.7206082344055176,
      3.7017276287078857,
      3.727100133895874,
      3.712563991546631,
      3.7137789726257324,
      3.707993745803833,
      3.721298933029175,
      3.711636543273926,
      3.71232533454895,
      3.6929051876068115,
      3.6911659240722656
   ],
   "batch_train_times": [],
   "val_accuracy": 0.09797297297297297,
   "val_loss": 3.7209770743911332,
   "val_accuracy_per_label": [
      0.0,
      0.0,
      0.0,
      0.0,
      0.0,
      0.0,
      0.0,
      0.0,
      0.0,
      0.0,
      0.0,
      0.0,
      0.0,
      0.0,
      0.0,
      0.0,
      0.0,
      0.0,
      0.0,
      1.0,
      0.0,
      0.0,
      0.0,
      0.0,
      0.0,
      0.0,
      0.0,
      0.0,
      0.0,
      0.0,
      0.0,
      0.0,
      0.0,
      0.0,
      0.0,
      0.0,
      0.0,
      0.0,
      0.0,
      0.0,
      0.0,
      0.0,
      0.0
   ]
}