{
   "epoch": 49,
   "batch_train_accuracies": [
      0.109375,
      0.09375,
      0.140625,
      0.03125,
      0.078125,
      0.09375,
      0.0625,
      0.09375,
      0.078125,
      0.09375,
      0.125,
      0.078125,
      0.078125,
      0.09375,
      0.0625,
      0.09375,
      0.0625,
      0.109375,
      0.125,
      0.140625,
      0.046875,
      0.0625,
      0.109375,
      0.09375,
      0.0625,
      0.078125,
      0.0625,
      0.109375,
      0.15625,
      0.125,
      0.140625,
      0.078125,
      0.125,
      0.109375,
      0.078125,
      0.078125,
      0.109375,
      0.0625,
      0.0625,
      0.15625,
      0.078125,
      0.125
   ],
   "batch_train_losses": [
      3.7013282775878906,
      3.6878297328948975,
      3.681043863296509,
      3.7081408500671387,
      3.716219902038574,
      3.693556547164917,
      3.679443836212158,
      3.6904568672180176,
      3.688455104827881,
      3.676192045211792,
      3.6890761852264404,
      3.688520669937134,
      3.6811254024505615,
      3.6942601203918457,
      3.691762924194336,
      3.7163445949554443,
      3.681809902191162,
      3.6870644092559814,
      3.6787331104278564,
      3.6808149814605713,
      3.701601266860962,
      3.698991298675537,
      3.672349691390991,
      3.703933000564575,
      3.6785764694213867,
      3.691516876220703,
      3.698098659515381,
      3.6772940158843994,
      3.6658177375793457,
      3.691391706466675,
      3.6767773628234863,
      3.6902859210968018,
      3.673999309539795,
      3.698383331298828,
      3.710725784301758,
      3.6945135593414307,
      3.7019994258880615,
      3.6932528018951416,
      3.699345588684082,
      3.652965784072876,
      3.692913770675659,
      3.7341349124908447
   ],
   "batch_train_times": [],
   "val_accuracy": 0.09797297297297297,
   "val_loss": 3.7012383293461157,
   "val_accuracy_per_label": [
      0.0,
      0.0,
      0.0,
      0.0,
      0.0,
      0.0,
      0.0,
      0.0,
      0.0,
      0.0,
      0.0,
      0.0,
      0.0,
      0.0,
      0.0,
      0.0,
      0.0,
      0.0,
      0.0,
      1.0,
      0.0,
      0.0,
      0.0,
      0.0,
      0.0,
      0.0,
      0.0,
      0.0,
      0.0,
      0.0,
      0.0,
      0.0,
      0.0,
      0.0,
      0.0,
      0.0,
      0.0,
      0.0,
      0.0,
      0.0,
      0.0,
      0.0,
      0.0
   ]
}