{
   "epoch": 16,
   "batch_train_accuracies": [
      0.125,
      0.09375,
      0.0625,
      0.09375,
      0.046875,
      0.03125,
      0.078125,
      0.078125,
      0.046875,
      0.125,
      0.078125,
      0.109375,
      0.15625,
      0.0625,
      0.109375,
      0.109375,
      0.109375,
      0.140625,
      0.09375,
      0.09375,
      0.0625,
      0.109375,
      0.09375,
      0.046875,
      0.078125,
      0.0625,
      0.109375,
      0.125,
      0.109375,
      0.0625,
      0.109375,
      0.0625,
      0.046875,
      0.125,
      0.078125,
      0.09375,
      0.0625,
      0.125,
      0.15625,
      0.140625,
      0.109375,
      0.1875
   ],
   "batch_train_losses": [
      3.7131245136260986,
      3.7292983531951904,
      3.7230474948883057,
      3.7246556282043457,
      3.7227981090545654,
      3.7212350368499756,
      3.7209601402282715,
      3.722569465637207,
      3.7295827865600586,
      3.7142410278320312,
      3.724301338195801,
      3.7182276248931885,
      3.727926254272461,
      3.7221171855926514,
      3.7343339920043945,
      3.7224740982055664,
      3.7275497913360596,
      3.721127510070801,
      3.7261321544647217,
      3.7212891578674316,
      3.721531629562378,
      3.720172166824341,
      3.743290662765503,
      3.723278045654297,
      3.7206618785858154,
      3.72428822517395,
      3.7158448696136475,
      3.7148008346557617,
      3.719803810119629,
      3.717589855194092,
      3.726686954498291,
      3.7255735397338867,
      3.7267775535583496,
      3.7147443294525146,
      3.729233741760254,
      3.7177839279174805,
      3.731976270675659,
      3.7369680404663086,
      3.7227213382720947,
      3.7213826179504395,
      3.7142233848571777,
      3.72261905670166
   ],
   "batch_train_times": [],
   "val_accuracy": 0.09797297297297297,
   "val_loss": 3.7316067798717603,
   "val_accuracy_per_label": [
      0.0,
      0.0,
      0.0,
      0.0,
      0.0,
      0.0,
      0.0,
      0.0,
      0.0,
      0.0,
      0.0,
      0.0,
      0.0,
      0.0,
      0.0,
      0.0,
      0.0,
      0.0,
      0.0,
      1.0,
      0.0,
      0.0,
      0.0,
      0.0,
      0.0,
      0.0,
      0.0,
      0.0,
      0.0,
      0.0,
      0.0,
      0.0,
      0.0,
      0.0,
      0.0,
      0.0,
      0.0,
      0.0,
      0.0,
      0.0,
      0.0,
      0.0,
      0.0
   ]
}