{
   "epoch": 29,
   "batch_train_accuracies": [
      0.046875,
      0.09375,
      0.0625,
      0.171875,
      0.09375,
      0.140625,
      0.09375,
      0.078125,
      0.0625,
      0.078125,
      0.078125,
      0.015625,
      0.125,
      0.109375,
      0.046875,
      0.03125,
      0.078125,
      0.109375,
      0.015625,
      0.09375,
      0.0625,
      0.03125,
      0.09375,
      0.140625,
      0.140625,
      0.078125,
      0.140625,
      0.171875,
      0.09375,
      0.078125,
      0.21875,
      0.09375,
      0.0625,
      0.109375,
      0.0625,
      0.140625,
      0.125,
      0.078125,
      0.0625,
      0.140625,
      0.09375,
      0.0625
   ],
   "batch_train_losses": [
      3.733140468597412,
      3.70556902885437,
      3.7100956439971924,
      3.7003564834594727,
      3.7125978469848633,
      3.7160913944244385,
      3.702693223953247,
      3.707537889480591,
      3.7201333045959473,
      3.7143514156341553,
      3.7056076526641846,
      3.7107505798339844,
      3.7104129791259766,
      3.698371410369873,
      3.7132315635681152,
      3.718390464782715,
      3.712934970855713,
      3.7072408199310303,
      3.727081775665283,
      3.7073559761047363,
      3.723478317260742,
      3.7293286323547363,
      3.7053589820861816,
      3.6977663040161133,
      3.7053701877593994,
      3.7047643661499023,
      3.698495626449585,
      3.7105777263641357,
      3.70283579826355,
      3.72550106048584,
      3.701110601425171,
      3.6979925632476807,
      3.7153565883636475,
      3.714615821838379,
      3.7157082557678223,
      3.7133445739746094,
      3.6980059146881104,
      3.7191388607025146,
      3.729715347290039,
      3.6882638931274414,
      3.7082936763763428,
      3.7110137939453125
   ],
   "batch_train_times": [],
   "val_accuracy": 0.09797297297297297,
   "val_loss": 3.7200751820126094,
   "val_accuracy_per_label": [
      0.0,
      0.0,
      0.0,
      0.0,
      0.0,
      0.0,
      0.0,
      0.0,
      0.0,
      0.0,
      0.0,
      0.0,
      0.0,
      0.0,
      0.0,
      0.0,
      0.0,
      0.0,
      0.0,
      1.0,
      0.0,
      0.0,
      0.0,
      0.0,
      0.0,
      0.0,
      0.0,
      0.0,
      0.0,
      0.0,
      0.0,
      0.0,
      0.0,
      0.0,
      0.0,
      0.0,
      0.0,
      0.0,
      0.0,
      0.0,
      0.0,
      0.0,
      0.0
   ]
}