{
   "epoch": 9,
   "batch_train_accuracies": [
      0.046875,
      0.125,
      0.0625,
      0.125,
      0.0,
      0.015625,
      0.046875,
      0.125,
      0.0625,
      0.03125,
      0.046875,
      0.0625,
      0.09375,
      0.046875,
      0.140625,
      0.125,
      0.0625,
      0.046875,
      0.03125,
      0.046875,
      0.03125,
      0.046875,
      0.078125,
      0.03125,
      0.0625,
      0.09375,
      0.046875,
      0.078125,
      0.078125,
      0.0,
      0.09375,
      0.03125,
      0.078125,
      0.015625,
      0.046875,
      0.015625,
      0.03125,
      0.046875,
      0.0,
      0.03125,
      0.09375,
      0.0625
   ],
   "batch_train_losses": [
      3.736598491668701,
      3.7330446243286133,
      3.72304630279541,
      3.7349584102630615,
      3.732435464859009,
      3.736337423324585,
      3.7377681732177734,
      3.7262794971466064,
      3.7381038665771484,
      3.7313361167907715,
      3.729541540145874,
      3.7271413803100586,
      3.73009991645813,
      3.731637716293335,
      3.7253732681274414,
      3.7337090969085693,
      3.7388534545898438,
      3.7398321628570557,
      3.7399706840515137,
      3.7411301136016846,
      3.7467544078826904,
      3.7299604415893555,
      3.7409815788269043,
      3.746798276901245,
      3.727799654006958,
      3.7182228565216064,
      3.7329623699188232,
      3.7324626445770264,
      3.728811740875244,
      3.7423083782196045,
      3.7387278079986572,
      3.732691764831543,
      3.7388062477111816,
      3.7364273071289062,
      3.732558488845825,
      3.728199005126953,
      3.735558271408081,
      3.7318108081817627,
      3.725086212158203,
      3.736693859100342,
      3.7228596210479736,
      3.7250242233276367
   ],
   "batch_train_times": [],
   "val_accuracy": 0.02702702702702703,
   "val_loss": 3.740422487258911,
   "val_accuracy_per_label": [
      0.0,
      0.0,
      0.0,
      0.0,
      0.0,
      0.0,
      0.0,
      0.0,
      0.0,
      0.0,
      0.0,
      0.0,
      0.0,
      0.0,
      0.0,
      0.0,
      0.0,
      0.0,
      0.0,
      0.0,
      0.0,
      0.0,
      0.0,
      0.0,
      0.0,
      0.0,
      0.0,
      0.0,
      0.0,
      0.0,
      0.0,
      0.0,
      0.0,
      0.0,
      0.0,
      0.0,
      0.0,
      0.0,
      0.0,
      0.0,
      0.0,
      1.0,
      0.0
   ]
}