{
   "epoch": 50,
   "batch_train_accuracies": [
      0.09375,
      0.125,
      0.109375,
      0.140625,
      0.109375,
      0.03125,
      0.0625,
      0.015625,
      0.0625,
      0.109375,
      0.109375,
      0.0625,
      0.046875,
      0.140625,
      0.0625,
      0.125,
      0.078125,
      0.078125,
      0.078125,
      0.09375,
      0.140625,
      0.09375,
      0.078125,
      0.109375,
      0.03125,
      0.140625,
      0.109375,
      0.140625,
      0.09375,
      0.140625,
      0.109375,
      0.109375,
      0.09375,
      0.09375,
      0.078125,
      0.078125,
      0.109375,
      0.0625,
      0.125,
      0.046875,
      0.09375,
      0.1875
   ],
   "batch_train_losses": [
      3.7045583724975586,
      3.6879656314849854,
      3.688607931137085,
      3.6878955364227295,
      3.667661666870117,
      3.707448720932007,
      3.6859688758850098,
      3.703934669494629,
      3.6938602924346924,
      3.6810193061828613,
      3.688631057739258,
      3.6880154609680176,
      3.7034921646118164,
      3.6726858615875244,
      3.714106798171997,
      3.6873598098754883,
      3.6937978267669678,
      3.6977078914642334,
      3.667968988418579,
      3.672940731048584,
      3.6810834407806396,
      3.7040748596191406,
      3.7028958797454834,
      3.6757328510284424,
      3.689453125,
      3.690639019012451,
      3.6898422241210938,
      3.671954393386841,
      3.6934542655944824,
      3.6872336864471436,
      3.6821024417877197,
      3.6959989070892334,
      3.6906893253326416,
      3.685415267944336,
      3.6769371032714844,
      3.685502052307129,
      3.683321237564087,
      3.6825976371765137,
      3.669044256210327,
      3.716797113418579,
      3.6970670223236084,
      3.6870367527008057
   ],
   "batch_train_times": [],
   "val_accuracy": 0.09797297297297297,
   "val_loss": 3.700332628714072,
   "val_accuracy_per_label": [
      0.0,
      0.0,
      0.0,
      0.0,
      0.0,
      0.0,
      0.0,
      0.0,
      0.0,
      0.0,
      0.0,
      0.0,
      0.0,
      0.0,
      0.0,
      0.0,
      0.0,
      0.0,
      0.0,
      1.0,
      0.0,
      0.0,
      0.0,
      0.0,
      0.0,
      0.0,
      0.0,
      0.0,
      0.0,
      0.0,
      0.0,
      0.0,
      0.0,
      0.0,
      0.0,
      0.0,
      0.0,
      0.0,
      0.0,
      0.0,
      0.0,
      0.0,
      0.0
   ]
}