{
   "epoch": 21,
   "batch_train_accuracies": [
      0.109375,
      0.09375,
      0.125,
      0.078125,
      0.109375,
      0.078125,
      0.0625,
      0.140625,
      0.109375,
      0.171875,
      0.125,
      0.125,
      0.0625,
      0.109375,
      0.078125,
      0.078125,
      0.09375,
      0.09375,
      0.078125,
      0.0625,
      0.0625,
      0.109375,
      0.09375,
      0.09375,
      0.09375,
      0.109375,
      0.109375,
      0.015625,
      0.0625,
      0.09375,
      0.0625,
      0.109375,
      0.078125,
      0.0625,
      0.15625,
      0.03125,
      0.125,
      0.125,
      0.0625,
      0.125,
      0.078125,
      0.0625
   ],
   "batch_train_losses": [
      3.7075579166412354,
      3.7195677757263184,
      3.718453884124756,
      3.7117066383361816,
      3.7169647216796875,
      3.7147462368011475,
      3.7225427627563477,
      3.6963658332824707,
      3.714123487472534,
      3.7118308544158936,
      3.7121317386627197,
      3.7106947898864746,
      3.733577013015747,
      3.7136850357055664,
      3.7187325954437256,
      3.7258360385894775,
      3.717637538909912,
      3.716068744659424,
      3.719587564468384,
      3.7297232151031494,
      3.7212202548980713,
      3.7132349014282227,
      3.71854829788208,
      3.7207953929901123,
      3.711033582687378,
      3.7212066650390625,
      3.719390392303467,
      3.7208900451660156,
      3.728813648223877,
      3.726282835006714,
      3.7276551723480225,
      3.7150275707244873,
      3.7266600131988525,
      3.7242319583892822,
      3.7146830558776855,
      3.7366721630096436,
      3.718433380126953,
      3.701979875564575,
      3.713672399520874,
      3.7127535343170166,
      3.724823236465454,
      3.735985517501831
   ],
   "batch_train_times": [],
   "val_accuracy": 0.09797297297297297,
   "val_loss": 3.7271573221361316,
   "val_accuracy_per_label": [
      0.0,
      0.0,
      0.0,
      0.0,
      0.0,
      0.0,
      0.0,
      0.0,
      0.0,
      0.0,
      0.0,
      0.0,
      0.0,
      0.0,
      0.0,
      0.0,
      0.0,
      0.0,
      0.0,
      1.0,
      0.0,
      0.0,
      0.0,
      0.0,
      0.0,
      0.0,
      0.0,
      0.0,
      0.0,
      0.0,
      0.0,
      0.0,
      0.0,
      0.0,
      0.0,
      0.0,
      0.0,
      0.0,
      0.0,
      0.0,
      0.0,
      0.0,
      0.0
   ]
}