{
   "epoch": 19,
   "batch_train_accuracies": [
      0.109375,
      0.109375,
      0.078125,
      0.125,
      0.0625,
      0.09375,
      0.078125,
      0.046875,
      0.046875,
      0.078125,
      0.109375,
      0.109375,
      0.125,
      0.09375,
      0.03125,
      0.109375,
      0.0625,
      0.125,
      0.109375,
      0.0625,
      0.046875,
      0.0625,
      0.0625,
      0.078125,
      0.15625,
      0.125,
      0.03125,
      0.140625,
      0.125,
      0.109375,
      0.078125,
      0.09375,
      0.125,
      0.078125,
      0.046875,
      0.09375,
      0.03125,
      0.140625,
      0.09375,
      0.171875,
      0.15625,
      0.1875
   ],
   "batch_train_losses": [
      3.722317695617676,
      3.7253217697143555,
      3.712517499923706,
      3.717406749725342,
      3.723220109939575,
      3.7252628803253174,
      3.7324912548065186,
      3.710625648498535,
      3.724431037902832,
      3.7334158420562744,
      3.709848403930664,
      3.7246835231781006,
      3.7250893115997314,
      3.7196292877197266,
      3.735525369644165,
      3.717400550842285,
      3.7336373329162598,
      3.724385976791382,
      3.712214231491089,
      3.712871551513672,
      3.722402811050415,
      3.7184345722198486,
      3.711221933364868,
      3.7163143157958984,
      3.7079851627349854,
      3.731590509414673,
      3.721395969390869,
      3.713259220123291,
      3.718071460723877,
      3.718172073364258,
      3.719653606414795,
      3.7263171672821045,
      3.717413902282715,
      3.709947109222412,
      3.712507963180542,
      3.72414231300354,
      3.7314276695251465,
      3.717977523803711,
      3.723931312561035,
      3.7094345092773438,
      3.7213900089263916,
      3.719165325164795
   ],
   "batch_train_times": [],
   "val_accuracy": 0.09797297297297297,
   "val_loss": 3.7288803538760624,
   "val_accuracy_per_label": [
      0.0,
      0.0,
      0.0,
      0.0,
      0.0,
      0.0,
      0.0,
      0.0,
      0.0,
      0.0,
      0.0,
      0.0,
      0.0,
      0.0,
      0.0,
      0.0,
      0.0,
      0.0,
      0.0,
      1.0,
      0.0,
      0.0,
      0.0,
      0.0,
      0.0,
      0.0,
      0.0,
      0.0,
      0.0,
      0.0,
      0.0,
      0.0,
      0.0,
      0.0,
      0.0,
      0.0,
      0.0,
      0.0,
      0.0,
      0.0,
      0.0,
      0.0,
      0.0
   ]
}