{
   "epoch": 25,
   "batch_train_accuracies": [
      0.125,
      0.078125,
      0.0625,
      0.046875,
      0.046875,
      0.09375,
      0.125,
      0.109375,
      0.140625,
      0.078125,
      0.109375,
      0.15625,
      0.09375,
      0.125,
      0.109375,
      0.140625,
      0.078125,
      0.078125,
      0.0,
      0.078125,
      0.0625,
      0.078125,
      0.09375,
      0.0625,
      0.078125,
      0.109375,
      0.109375,
      0.109375,
      0.0625,
      0.140625,
      0.140625,
      0.078125,
      0.109375,
      0.078125,
      0.09375,
      0.109375,
      0.0625,
      0.09375,
      0.125,
      0.09375,
      0.078125,
      0.0625
   ],
   "batch_train_losses": [
      3.7128374576568604,
      3.717641830444336,
      3.7270560264587402,
      3.727206230163574,
      3.717939853668213,
      3.714704751968384,
      3.7185018062591553,
      3.713840961456299,
      3.7161014080047607,
      3.710836887359619,
      3.7115049362182617,
      3.7129199504852295,
      3.7126967906951904,
      3.713019609451294,
      3.712183713912964,
      3.718730926513672,
      3.7123148441314697,
      3.7130768299102783,
      3.720595598220825,
      3.7241768836975098,
      3.7088723182678223,
      3.7097480297088623,
      3.714425563812256,
      3.716620683670044,
      3.7154736518859863,
      3.701077699661255,
      3.716036319732666,
      3.7116127014160156,
      3.7153162956237793,
      3.7042882442474365,
      3.6939332485198975,
      3.7322797775268555,
      3.717398166656494,
      3.7151741981506348,
      3.7095682621002197,
      3.723876953125,
      3.718039035797119,
      3.7104384899139404,
      3.6967296600341797,
      3.717724323272705,
      3.7266616821289062,
      3.7220473289489746
   ],
   "batch_train_times": [],
   "val_accuracy": 0.09797297297297297,
   "val_loss": 3.7237962129953743,
   "val_accuracy_per_label": [
      0.0,
      0.0,
      0.0,
      0.0,
      0.0,
      0.0,
      0.0,
      0.0,
      0.0,
      0.0,
      0.0,
      0.0,
      0.0,
      0.0,
      0.0,
      0.0,
      0.0,
      0.0,
      0.0,
      1.0,
      0.0,
      0.0,
      0.0,
      0.0,
      0.0,
      0.0,
      0.0,
      0.0,
      0.0,
      0.0,
      0.0,
      0.0,
      0.0,
      0.0,
      0.0,
      0.0,
      0.0,
      0.0,
      0.0,
      0.0,
      0.0,
      0.0,
      0.0
   ]
}