{
   "epoch": 12,
   "batch_train_accuracies": [
      0.09375,
      0.09375,
      0.078125,
      0.078125,
      0.078125,
      0.125,
      0.140625,
      0.15625,
      0.09375,
      0.109375,
      0.03125,
      0.140625,
      0.09375,
      0.09375,
      0.046875,
      0.09375,
      0.03125,
      0.078125,
      0.109375,
      0.15625,
      0.109375,
      0.078125,
      0.0625,
      0.140625,
      0.125,
      0.03125,
      0.140625,
      0.0625,
      0.15625,
      0.09375,
      0.046875,
      0.078125,
      0.09375,
      0.09375,
      0.09375,
      0.046875,
      0.15625,
      0.078125,
      0.125,
      0.046875,
      0.0625,
      0.1875
   ],
   "batch_train_losses": [
      3.7267448902130127,
      3.731736183166504,
      3.727403402328491,
      3.7343661785125732,
      3.7252585887908936,
      3.7387657165527344,
      3.73844575881958,
      3.731679677963257,
      3.723710298538208,
      3.7364702224731445,
      3.727339029312134,
      3.7265632152557373,
      3.7285234928131104,
      3.7337772846221924,
      3.7313859462738037,
      3.7116739749908447,
      3.7317278385162354,
      3.7348241806030273,
      3.722919225692749,
      3.72481107711792,
      3.7331671714782715,
      3.731285333633423,
      3.73276424407959,
      3.734541416168213,
      3.720003128051758,
      3.7298412322998047,
      3.726625442504883,
      3.726123809814453,
      3.7200253009796143,
      3.7247071266174316,
      3.729187250137329,
      3.7296276092529297,
      3.726472854614258,
      3.7081422805786133,
      3.729898452758789,
      3.733102321624756,
      3.7221615314483643,
      3.727388620376587,
      3.7262022495269775,
      3.7328059673309326,
      3.7288010120391846,
      3.7197511196136475
   ],
   "batch_train_times": [],
   "val_accuracy": 0.09797297297297297,
   "val_loss": 3.735950328208305,
   "val_accuracy_per_label": [
      0.0,
      0.0,
      0.0,
      0.0,
      0.0,
      0.0,
      0.0,
      0.0,
      0.0,
      0.0,
      0.0,
      0.0,
      0.0,
      0.0,
      0.0,
      0.0,
      0.0,
      0.0,
      0.0,
      1.0,
      0.0,
      0.0,
      0.0,
      0.0,
      0.0,
      0.0,
      0.0,
      0.0,
      0.0,
      0.0,
      0.0,
      0.0,
      0.0,
      0.0,
      0.0,
      0.0,
      0.0,
      0.0,
      0.0,
      0.0,
      0.0,
      0.0,
      0.0
   ]
}