{
   "epoch": 24,
   "batch_train_accuracies": [
      0.09375,
      0.03125,
      0.03125,
      0.0625,
      0.109375,
      0.078125,
      0.078125,
      0.0625,
      0.046875,
      0.03125,
      0.0625,
      0.09375,
      0.125,
      0.109375,
      0.1875,
      0.015625,
      0.09375,
      0.09375,
      0.078125,
      0.078125,
      0.109375,
      0.09375,
      0.140625,
      0.140625,
      0.09375,
      0.078125,
      0.09375,
      0.078125,
      0.125,
      0.140625,
      0.109375,
      0.078125,
      0.171875,
      0.078125,
      0.109375,
      0.109375,
      0.0625,
      0.109375,
      0.09375,
      0.109375,
      0.15625,
      0.0625
   ],
   "batch_train_losses": [
      3.7023539543151855,
      3.7227096557617188,
      3.725114583969116,
      3.7228317260742188,
      3.706766366958618,
      3.725865125656128,
      3.7180025577545166,
      3.7156450748443604,
      3.7198386192321777,
      3.7253165245056152,
      3.7142062187194824,
      3.727393388748169,
      3.7104275226593018,
      3.7136645317077637,
      3.70320200920105,
      3.728715181350708,
      3.7149136066436768,
      3.710751533508301,
      3.7251999378204346,
      3.7180120944976807,
      3.7214226722717285,
      3.722277879714966,
      3.707453489303589,
      3.7102599143981934,
      3.713520050048828,
      3.7223596572875977,
      3.7163116931915283,
      3.7263505458831787,
      3.7067837715148926,
      3.71342134475708,
      3.7081918716430664,
      3.717355489730835,
      3.6956939697265625,
      3.7135701179504395,
      3.7112627029418945,
      3.723341464996338,
      3.7188527584075928,
      3.710143804550171,
      3.7162282466888428,
      3.7147083282470703,
      3.7020046710968018,
      3.7221977710723877
   ],
   "batch_train_times": [],
   "val_accuracy": 0.09797297297297297,
   "val_loss": 3.724658289471188,
   "val_accuracy_per_label": [
      0.0,
      0.0,
      0.0,
      0.0,
      0.0,
      0.0,
      0.0,
      0.0,
      0.0,
      0.0,
      0.0,
      0.0,
      0.0,
      0.0,
      0.0,
      0.0,
      0.0,
      0.0,
      0.0,
      1.0,
      0.0,
      0.0,
      0.0,
      0.0,
      0.0,
      0.0,
      0.0,
      0.0,
      0.0,
      0.0,
      0.0,
      0.0,
      0.0,
      0.0,
      0.0,
      0.0,
      0.0,
      0.0,
      0.0,
      0.0,
      0.0,
      0.0,
      0.0
   ]
}