{
   "epoch": 7,
   "batch_train_accuracies": [
      0.015625,
      0.078125,
      0.078125,
      0.0625,
      0.046875,
      0.046875,
      0.09375,
      0.015625,
      0.03125,
      0.046875,
      0.046875,
      0.09375,
      0.015625,
      0.09375,
      0.03125,
      0.0625,
      0.015625,
      0.125,
      0.078125,
      0.0625,
      0.046875,
      0.03125,
      0.015625,
      0.03125,
      0.046875,
      0.03125,
      0.078125,
      0.109375,
      0.015625,
      0.03125,
      0.046875,
      0.015625,
      0.03125,
      0.046875,
      0.046875,
      0.0625,
      0.015625,
      0.015625,
      0.046875,
      0.0625,
      0.0,
      0.0
   ],
   "batch_train_losses": [
      3.74072003364563,
      3.7463581562042236,
      3.744947910308838,
      3.732619285583496,
      3.739917039871216,
      3.739947557449341,
      3.7497124671936035,
      3.743863344192505,
      3.7386527061462402,
      3.7453532218933105,
      3.745157241821289,
      3.74027156829834,
      3.740083932876587,
      3.733964681625366,
      3.73046612739563,
      3.745215654373169,
      3.7345709800720215,
      3.73443603515625,
      3.7373201847076416,
      3.7333385944366455,
      3.725247621536255,
      3.738189935684204,
      3.741969108581543,
      3.7343530654907227,
      3.732957124710083,
      3.7357163429260254,
      3.7389771938323975,
      3.732912302017212,
      3.737510919570923,
      3.7445907592773438,
      3.7371227741241455,
      3.7426743507385254,
      3.7377498149871826,
      3.7281711101531982,
      3.741832733154297,
      3.7236804962158203,
      3.7490856647491455,
      3.7412288188934326,
      3.7359399795532227,
      3.7373690605163574,
      3.7319724559783936,
      3.744619369506836
   ],
   "batch_train_times": [],
   "val_accuracy": 0.02702702702702703,
   "val_loss": 3.744433067940377,
   "val_accuracy_per_label": [
      0.0,
      0.0,
      0.0,
      0.0,
      0.0,
      0.0,
      0.0,
      0.0,
      0.0,
      0.0,
      0.0,
      0.0,
      0.0,
      0.0,
      0.0,
      0.0,
      0.0,
      0.0,
      0.0,
      0.0,
      0.0,
      0.0,
      0.0,
      0.0,
      0.0,
      0.0,
      0.0,
      0.0,
      0.0,
      0.0,
      0.0,
      0.0,
      0.0,
      0.0,
      0.0,
      0.0,
      0.0,
      0.0,
      0.0,
      0.0,
      0.0,
      1.0,
      0.0
   ]
}