{
   "epoch": 15,
   "batch_train_accuracies": [
      0.140625,
      0.125,
      0.078125,
      0.03125,
      0.03125,
      0.03125,
      0.046875,
      0.109375,
      0.046875,
      0.0625,
      0.125,
      0.109375,
      0.09375,
      0.109375,
      0.109375,
      0.15625,
      0.09375,
      0.078125,
      0.109375,
      0.09375,
      0.078125,
      0.09375,
      0.109375,
      0.09375,
      0.09375,
      0.078125,
      0.046875,
      0.125,
      0.078125,
      0.0625,
      0.109375,
      0.0625,
      0.078125,
      0.0625,
      0.078125,
      0.09375,
      0.171875,
      0.15625,
      0.125,
      0.09375,
      0.140625,
      0.1875
   ],
   "batch_train_losses": [
      3.723388433456421,
      3.718977451324463,
      3.7227418422698975,
      3.744781494140625,
      3.72611665725708,
      3.7381186485290527,
      3.7358219623565674,
      3.7155582904815674,
      3.728545665740967,
      3.716963291168213,
      3.714745044708252,
      3.723466396331787,
      3.7236011028289795,
      3.7151734828948975,
      3.716265916824341,
      3.721290111541748,
      3.7322490215301514,
      3.72188401222229,
      3.722036123275757,
      3.721876859664917,
      3.7249064445495605,
      3.722731590270996,
      3.7222847938537598,
      3.7336719036102295,
      3.716845750808716,
      3.7302041053771973,
      3.727691888809204,
      3.7228076457977295,
      3.731527805328369,
      3.7283995151519775,
      3.735814332962036,
      3.7354185581207275,
      3.730963706970215,
      3.729710102081299,
      3.722395896911621,
      3.7214012145996094,
      3.708494186401367,
      3.7153356075286865,
      3.717182159423828,
      3.723037004470825,
      3.7169125080108643,
      3.725252389907837
   ],
   "batch_train_times": [],
   "val_accuracy": 0.09797297297297297,
   "val_loss": 3.732650344436233,
   "val_accuracy_per_label": [
      0.0,
      0.0,
      0.0,
      0.0,
      0.0,
      0.0,
      0.0,
      0.0,
      0.0,
      0.0,
      0.0,
      0.0,
      0.0,
      0.0,
      0.0,
      0.0,
      0.0,
      0.0,
      0.0,
      1.0,
      0.0,
      0.0,
      0.0,
      0.0,
      0.0,
      0.0,
      0.0,
      0.0,
      0.0,
      0.0,
      0.0,
      0.0,
      0.0,
      0.0,
      0.0,
      0.0,
      0.0,
      0.0,
      0.0,
      0.0,
      0.0,
      0.0,
      0.0
   ]
}