{
   "epoch": 6,
   "batch_train_accuracies": [
      0.015625,
      0.09375,
      0.015625,
      0.0625,
      0.0625,
      0.0625,
      0.078125,
      0.03125,
      0.046875,
      0.0625,
      0.03125,
      0.03125,
      0.0625,
      0.03125,
      0.03125,
      0.09375,
      0.046875,
      0.015625,
      0.046875,
      0.03125,
      0.03125,
      0.0625,
      0.0625,
      0.0625,
      0.046875,
      0.0625,
      0.03125,
      0.015625,
      0.140625,
      0.0625,
      0.0625,
      0.03125,
      0.03125,
      0.0625,
      0.09375,
      0.046875,
      0.03125,
      0.03125,
      0.03125,
      0.046875,
      0.03125,
      0.0
   ],
   "batch_train_losses": [
      3.7464752197265625,
      3.7367515563964844,
      3.7411727905273438,
      3.7442047595977783,
      3.744598865509033,
      3.7389771938323975,
      3.741206169128418,
      3.7386057376861572,
      3.739194393157959,
      3.745256185531616,
      3.7453665733337402,
      3.751164197921753,
      3.737205982208252,
      3.7454237937927246,
      3.739513635635376,
      3.7311716079711914,
      3.741539716720581,
      3.73587703704834,
      3.741072416305542,
      3.753969669342041,
      3.7387032508850098,
      3.7377710342407227,
      3.7428958415985107,
      3.748602867126465,
      3.7384188175201416,
      3.744732618331909,
      3.743021249771118,
      3.7452216148376465,
      3.7309257984161377,
      3.743206739425659,
      3.7387895584106445,
      3.7362139225006104,
      3.740649700164795,
      3.7369630336761475,
      3.736133575439453,
      3.7411844730377197,
      3.7361390590667725,
      3.744520664215088,
      3.7436535358428955,
      3.732922315597534,
      3.7485828399658203,
      3.7364814281463623
   ],
   "batch_train_times": [],
   "val_accuracy": 0.02702702702702703,
   "val_loss": 3.74694545204575,
   "val_accuracy_per_label": [
      0.0,
      0.0,
      0.0,
      0.0,
      0.0,
      0.0,
      0.0,
      0.0,
      0.0,
      0.0,
      0.0,
      0.0,
      0.0,
      0.0,
      0.0,
      0.0,
      0.0,
      0.0,
      0.0,
      0.0,
      0.0,
      0.0,
      0.0,
      0.0,
      0.0,
      0.0,
      0.0,
      0.0,
      0.0,
      0.0,
      0.0,
      0.0,
      0.0,
      0.0,
      0.0,
      0.0,
      0.0,
      0.0,
      0.0,
      0.0,
      0.0,
      1.0,
      0.0
   ]
}