{
   "epoch": 31,
   "batch_train_accuracies": [
      0.109375,
      0.078125,
      0.140625,
      0.046875,
      0.1875,
      0.078125,
      0.09375,
      0.140625,
      0.09375,
      0.09375,
      0.109375,
      0.046875,
      0.0625,
      0.09375,
      0.0625,
      0.078125,
      0.0625,
      0.09375,
      0.09375,
      0.109375,
      0.125,
      0.0625,
      0.046875,
      0.078125,
      0.125,
      0.125,
      0.125,
      0.109375,
      0.109375,
      0.046875,
      0.140625,
      0.15625,
      0.09375,
      0.09375,
      0.0625,
      0.078125,
      0.046875,
      0.078125,
      0.078125,
      0.171875,
      0.015625,
      0.0625
   ],
   "batch_train_losses": [
      3.7161290645599365,
      3.7149627208709717,
      3.7123520374298096,
      3.7101516723632812,
      3.6937472820281982,
      3.7030928134918213,
      3.7152812480926514,
      3.6975507736206055,
      3.6972947120666504,
      3.696645975112915,
      3.7105307579040527,
      3.7141921520233154,
      3.726912260055542,
      3.705195665359497,
      3.704014301300049,
      3.711749315261841,
      3.7242114543914795,
      3.7107887268066406,
      3.710785388946533,
      3.7141666412353516,
      3.706602096557617,
      3.7158401012420654,
      3.697868585586548,
      3.7190752029418945,
      3.702692985534668,
      3.70634126663208,
      3.7141237258911133,
      3.712514877319336,
      3.7107393741607666,
      3.710862159729004,
      3.696007490158081,
      3.694345235824585,
      3.6970832347869873,
      3.6980514526367188,
      3.7052314281463623,
      3.7198963165283203,
      3.7039966583251953,
      3.7158305644989014,
      3.7012367248535156,
      3.7056524753570557,
      3.730034112930298,
      3.7166309356689453
   ],
   "batch_train_times": [],
   "val_accuracy": 0.09797297297297297,
   "val_loss": 3.7182225923280456,
   "val_accuracy_per_label": [
      0.0,
      0.0,
      0.0,
      0.0,
      0.0,
      0.0,
      0.0,
      0.0,
      0.0,
      0.0,
      0.0,
      0.0,
      0.0,
      0.0,
      0.0,
      0.0,
      0.0,
      0.0,
      0.0,
      1.0,
      0.0,
      0.0,
      0.0,
      0.0,
      0.0,
      0.0,
      0.0,
      0.0,
      0.0,
      0.0,
      0.0,
      0.0,
      0.0,
      0.0,
      0.0,
      0.0,
      0.0,
      0.0,
      0.0,
      0.0,
      0.0,
      0.0,
      0.0
   ]
}