{
   "epoch": 5,
   "batch_train_accuracies": [
      0.453125,
      0.453125,
      0.46875,
      0.4375,
      0.515625,
      0.453125,
      0.53125,
      0.5,
      0.453125,
      0.46875,
      0.4375,
      0.46875,
      0.4375,
      0.59375,
      0.421875,
      0.515625,
      0.546875,
      0.546875,
      0.484375,
      0.46875,
      0.453125,
      0.59375,
      0.515625,
      0.59375,
      0.5625,
      0.46875,
      0.5625,
      0.46875,
      0.515625,
      0.46875,
      0.53125,
      0.421875,
      0.46875,
      0.5,
      0.515625,
      0.40625,
      0.5,
      0.578125,
      0.5625,
      0.4375,
      0.453125,
      0.5
   ],
   "batch_train_losses": [
      2.0858383178710938,
      2.179147481918335,
      2.1541953086853027,
      2.2382354736328125,
      2.023670196533203,
      2.161900758743286,
      2.1085193157196045,
      2.2149970531463623,
      2.0525546073913574,
      2.201432228088379,
      2.3418753147125244,
      2.0942962169647217,
      2.167440176010132,
      2.022470474243164,
      2.2218539714813232,
      2.020127534866333,
      1.8933279514312744,
      1.8818013668060303,
      2.088026762008667,
      2.0375828742980957,
      2.0734620094299316,
      1.9102822542190552,
      2.0952365398406982,
      1.88969087600708,
      1.9007638692855835,
      2.171637535095215,
      1.9401038885116577,
      1.945092797279358,
      2.0055577754974365,
      2.150885581970215,
      1.9969850778579712,
      2.081451892852783,
      2.052091360092163,
      1.9382346868515015,
      2.0425801277160645,
      2.1858370304107666,
      2.051694393157959,
      1.8780909776687622,
      1.8825339078903198,
      2.1528940200805664,
      2.011559009552002,
      1.8157720565795898
   ],
   "batch_train_times": [],
   "val_accuracy": 0.38175675675675674,
   "val_loss": 2.3631815459277177,
   "val_accuracy_per_label": [
      0.5909090909090909,
      0.0,
      0.0,
      0.0,
      0.8,
      1.0,
      0.0,
      0.9,
      0.0,
      0.0,
      0.0,
      0.0,
      0.0,
      0.2,
      0.0,
      0.0,
      0.0,
      0.0,
      0.0,
      0.7931034482758621,
      0.5769230769230769,
      0.0,
      0.0,
      0.2,
      0.0,
      0.0,
      0.0,
      0.75,
      0.0,
      0.0,
      0.0,
      0.2,
      0.0,
      0.0,
      0.0,
      0.0,
      0.0,
      0.0,
      0.6666666666666666,
      0.3,
      0.0,
      0.5,
      0.0
   ]
}