{
   "epoch": 1,
   "batch_train_accuracies": [
      0.03125,
      0.046875,
      0.0,
      0.046875,
      0.03125,
      0.078125,
      0.125,
      0.078125,
      0.09375,
      0.125,
      0.171875,
      0.1875,
      0.109375,
      0.1875,
      0.125,
      0.25,
      0.125,
      0.296875,
      0.1875,
      0.21875,
      0.171875,
      0.21875,
      0.15625,
      0.265625,
      0.21875,
      0.1875,
      0.171875,
      0.28125,
      0.203125,
      0.1875,
      0.25,
      0.234375,
      0.25,
      0.21875,
      0.40625,
      0.3125,
      0.34375,
      0.296875,
      0.421875,
      0.25,
      0.34375,
      0.25
   ],
   "batch_train_losses": [
      3.9268832206726074,
      3.794598340988159,
      3.799858570098877,
      3.7180397510528564,
      3.724553108215332,
      3.6022493839263916,
      3.5972235202789307,
      3.6246869564056396,
      3.527919292449951,
      3.5587544441223145,
      3.4976019859313965,
      3.430537223815918,
      3.460928440093994,
      3.370515823364258,
      3.390753746032715,
      3.2830402851104736,
      3.4744110107421875,
      3.2860026359558105,
      3.3562567234039307,
      3.254783868789673,
      3.3695950508117676,
      3.305671453475952,
      3.326749086380005,
      3.220898151397705,
      3.25738263130188,
      3.2956013679504395,
      3.2736072540283203,
      3.200895071029663,
      3.2949132919311523,
      3.25726056098938,
      3.1135141849517822,
      3.145979404449463,
      3.096054792404175,
      3.1758182048797607,
      2.976881980895996,
      3.0621042251586914,
      3.062764883041382,
      3.138629674911499,
      3.034550666809082,
      3.1858561038970947,
      3.0546607971191406,
      3.0539751052856445
   ],
   "batch_train_times": [],
   "val_accuracy": 0.10810810810810811,
   "val_loss": 3.5310094549849227,
   "val_accuracy_per_label": [
      0.045454545454545456,
      0.0,
      0.0,
      0.0,
      0.0,
      0.0,
      0.0,
      0.85,
      0.0,
      0.0,
      0.0,
      0.0,
      0.0,
      0.0,
      0.0,
      0.0,
      1.0,
      0.0,
      0.0,
      0.0,
      0.0,
      0.0,
      0.0,
      0.0,
      0.0,
      0.0,
      0.0,
      0.1,
      0.0,
      0.0,
      0.0,
      0.0,
      0.0,
      0.0,
      0.0,
      0.0,
      0.0,
      0.0,
      0.0,
      0.3,
      0.0,
      0.5,
      0.0
   ]
}