{
   "epoch": 50,
   "batch_train_accuracies": [
      0.984375,
      1.0,
      1.0,
      1.0,
      1.0,
      0.984375,
      1.0,
      1.0,
      1.0,
      1.0,
      1.0,
      0.984375,
      1.0,
      0.984375,
      1.0,
      1.0,
      0.984375,
      1.0,
      1.0,
      0.984375,
      0.984375,
      0.984375,
      1.0,
      0.984375,
      1.0,
      1.0,
      1.0,
      1.0,
      1.0,
      0.96875,
      0.984375,
      0.96875,
      1.0,
      1.0,
      0.984375,
      1.0,
      0.953125,
      0.984375,
      1.0,
      1.0,
      0.984375,
      1.0
   ],
   "batch_train_losses": [
      0.10476353764533997,
      0.09679830074310303,
      0.09361996501684189,
      0.12309049069881439,
      0.11264273524284363,
      0.13242778182029724,
      0.12247334420681,
      0.07212501019239426,
      0.136022686958313,
      0.11594920605421066,
      0.09711131453514099,
      0.15954692661762238,
      0.09847099334001541,
      0.16942283511161804,
      0.09290063381195068,
      0.07256807386875153,
      0.09093169867992401,
      0.09138356149196625,
      0.10313478857278824,
      0.10566607862710953,
      0.1345118284225464,
      0.11981181800365448,
      0.09539628773927689,
      0.1623087227344513,
      0.10466624051332474,
      0.09733537584543228,
      0.109305739402771,
      0.08739474415779114,
      0.07583042234182358,
      0.15571950376033783,
      0.10489985346794128,
      0.15082496404647827,
      0.11976145952939987,
      0.06748980283737183,
      0.11209231615066528,
      0.12205523252487183,
      0.19184647500514984,
      0.11573504656553268,
      0.09073217213153839,
      0.08940346539020538,
      0.1153004840016365,
      0.0999690368771553
   ],
   "batch_train_times": [],
   "val_accuracy": 0.5743243243243243,
   "val_loss": 1.700130330549704,
   "val_accuracy_per_label": [
      0.5909090909090909,
      0.0,
      0.5,
      0.6,
      1.0,
      0.0,
      0.0,
      0.85,
      0.0,
      0.0,
      0.0,
      0.0,
      0.6,
      0.8,
      0.8,
      0.0,
      0.0,
      0.4,
      0.0,
      0.8275862068965517,
      0.9615384615384616,
      0.4,
      1.0,
      0.4,
      0.0,
      0.4,
      0.0,
      0.75,
      0.2,
      0.5,
      0.4,
      0.4,
      1.0,
      0.0,
      0.0,
      1.0,
      0.2,
      0.2,
      0.6666666666666666,
      0.6,
      0.0,
      0.375,
      0.4
   ]
}