{
   "epoch": 15,
   "batch_train_accuracies": [
      0.90625,
      0.703125,
      0.78125,
      0.71875,
      0.75,
      0.8125,
      0.828125,
      0.6875,
      0.78125,
      0.796875,
      0.8125,
      0.828125,
      0.8125,
      0.890625,
      0.703125,
      0.765625,
      0.796875,
      0.71875,
      0.765625,
      0.84375,
      0.796875,
      0.75,
      0.703125,
      0.78125,
      0.828125,
      0.796875,
      0.78125,
      0.78125,
      0.78125,
      0.78125,
      0.796875,
      0.84375,
      0.765625,
      0.859375,
      0.796875,
      0.71875,
      0.78125,
      0.78125,
      0.765625,
      0.796875,
      0.734375,
      0.625
   ],
   "batch_train_losses": [
      0.9226902723312378,
      1.0903511047363281,
      0.9687738418579102,
      1.0952619314193726,
      1.0851538181304932,
      1.0083379745483398,
      0.9208795428276062,
      0.9938465356826782,
      1.142321228981018,
      0.9780011773109436,
      1.0616859197616577,
      0.9652286767959595,
      0.9551894068717957,
      0.8745690584182739,
      1.1250081062316895,
      0.9017727971076965,
      0.9852373600006104,
      0.9869856834411621,
      1.0677626132965088,
      0.8714250922203064,
      1.005964994430542,
      1.174195647239685,
      1.0978174209594727,
      1.0482814311981201,
      0.9933954477310181,
      0.9737670421600342,
      0.9324521422386169,
      0.9789310097694397,
      0.9231707453727722,
      1.0219594240188599,
      1.1025707721710205,
      0.9741265773773193,
      1.0486783981323242,
      0.9091272950172424,
      0.9532322287559509,
      1.092974066734314,
      1.0109455585479736,
      1.0475505590438843,
      0.9645252823829651,
      1.0011017322540283,
      1.11958909034729,
      1.4333221912384033
   ],
   "batch_train_times": [],
   "val_accuracy": 0.5168918918918919,
   "val_loss": 1.8282062395198926,
   "val_accuracy_per_label": [
      0.6818181818181818,
      0.0,
      0.5,
      0.4,
      0.8,
      0.6,
      0.0,
      0.85,
      0.0,
      0.0,
      0.0,
      0.0,
      0.2,
      0.6,
      0.8,
      0.0,
      0.0,
      0.0,
      0.0,
      0.9310344827586207,
      0.8846153846153846,
      0.0,
      0.8,
      0.0,
      0.0,
      0.1,
      0.0,
      0.45,
      0.0,
      0.0,
      0.4,
      1.0,
      1.0,
      0.0,
      0.0,
      1.0,
      0.0,
      0.0,
      0.6666666666666666,
      0.7,
      0.0,
      0.125,
      0.6
   ]
}