{
   "epoch": 6,
   "batch_train_accuracies": [
      0.578125,
      0.4375,
      0.46875,
      0.328125,
      0.578125,
      0.609375,
      0.6875,
      0.640625,
      0.515625,
      0.484375,
      0.640625,
      0.421875,
      0.5,
      0.609375,
      0.59375,
      0.5625,
      0.484375,
      0.53125,
      0.46875,
      0.484375,
      0.5,
      0.609375,
      0.640625,
      0.46875,
      0.53125,
      0.625,
      0.53125,
      0.53125,
      0.5625,
      0.46875,
      0.546875,
      0.5625,
      0.546875,
      0.46875,
      0.59375,
      0.546875,
      0.546875,
      0.546875,
      0.515625,
      0.578125,
      0.53125,
      0.5625
   ],
   "batch_train_losses": [
      1.8736242055892944,
      2.0770881175994873,
      2.0676238536834717,
      2.17760968208313,
      1.8458240032196045,
      1.76582670211792,
      1.7804533243179321,
      1.7192133665084839,
      1.9361542463302612,
      1.974266529083252,
      1.7784372568130493,
      2.1100990772247314,
      1.8077749013900757,
      1.777230143547058,
      1.814424991607666,
      1.9487463235855103,
      2.059749126434326,
      1.8786585330963135,
      2.045201539993286,
      1.9599838256835938,
      2.0096421241760254,
      1.8015550374984741,
      1.6720764636993408,
      1.9424443244934082,
      1.7813246250152588,
      1.699449896812439,
      1.8842620849609375,
      1.8048537969589233,
      1.7590059041976929,
      2.003911018371582,
      1.8070775270462036,
      1.9520519971847534,
      1.833875060081482,
      1.9005601406097412,
      1.7434808015823364,
      1.738779067993164,
      1.780261754989624,
      1.8217133283615112,
      1.861449956893921,
      1.8058899641036987,
      1.834781527519226,
      2.1122190952301025
   ],
   "batch_train_times": [],
   "val_accuracy": 0.3547297297297297,
   "val_loss": 2.267510272361137,
   "val_accuracy_per_label": [
      0.6818181818181818,
      0.0,
      0.0,
      0.0,
      0.6,
      0.4,
      0.0,
      0.9,
      0.0,
      0.0,
      0.0,
      0.0,
      0.0,
      0.0,
      0.0,
      0.0,
      0.0,
      0.0,
      0.0,
      0.8620689655172413,
      0.7307692307692307,
      0.0,
      0.0,
      0.0,
      0.0,
      0.0,
      0.0,
      0.4,
      0.0,
      0.0,
      0.0,
      0.4,
      0.0,
      0.0,
      0.0,
      0.5,
      0.0,
      0.0,
      0.4666666666666667,
      0.1,
      0.0,
      0.375,
      0.0
   ]
}