{
   "epoch": 44,
   "batch_train_accuracies": [
      1.0,
      1.0,
      0.953125,
      0.953125,
      0.921875,
      0.9375,
      0.984375,
      0.953125,
      0.96875,
      0.96875,
      1.0,
      0.984375,
      0.984375,
      1.0,
      0.9375,
      0.984375,
      1.0,
      0.984375,
      0.984375,
      0.984375,
      0.96875,
      0.984375,
      0.921875,
      0.984375,
      1.0,
      0.96875,
      0.984375,
      0.984375,
      0.96875,
      1.0,
      0.984375,
      0.953125,
      1.0,
      0.984375,
      0.984375,
      0.984375,
      1.0,
      1.0,
      1.0,
      0.984375,
      0.984375,
      1.0
   ],
   "batch_train_losses": [
      0.10965201258659363,
      0.17602498829364777,
      0.24870571494102478,
      0.25711435079574585,
      0.344004362821579,
      0.295772522687912,
      0.16603600978851318,
      0.2157708704471588,
      0.26219236850738525,
      0.21568235754966736,
      0.186491921544075,
      0.21933990716934204,
      0.18154217302799225,
      0.18160155415534973,
      0.29473191499710083,
      0.17374877631664276,
      0.17950551211833954,
      0.19460386037826538,
      0.16604752838611603,
      0.17331106960773468,
      0.2020706981420517,
      0.16384419798851013,
      0.3147364854812622,
      0.1757536679506302,
      0.13623078167438507,
      0.20107349753379822,
      0.16668814420700073,
      0.14943990111351013,
      0.2144976407289505,
      0.13702549040317535,
      0.1362706571817398,
      0.2252025157213211,
      0.2031450867652893,
      0.15196473896503448,
      0.19289737939834595,
      0.12138815224170685,
      0.21141839027404785,
      0.1048591285943985,
      0.12542705237865448,
      0.13568055629730225,
      0.16953854262828827,
      0.4235806465148926
   ],
   "batch_train_times": [],
   "val_accuracy": 0.6114864864864865,
   "val_loss": 1.454683803223275,
   "val_accuracy_per_label": [
      0.6363636363636364,
      0.0,
      0.6666666666666666,
      0.4,
      1.0,
      0.0,
      0.3333333333333333,
      0.85,
      0.0,
      0.0,
      0.0,
      0.0,
      0.4,
      0.4,
      0.8,
      0.0,
      0.2,
      0.8,
      0.0,
      0.9655172413793104,
      0.8846153846153846,
      0.4,
      0.4,
      0.8,
      0.0,
      0.4,
      0.0,
      0.75,
      0.2,
      0.5,
      0.4,
      1.0,
      1.0,
      0.0,
      0.0,
      1.0,
      0.2,
      0.0,
      0.8666666666666667,
      0.8,
      0.0,
      0.5,
      0.4
   ]
}