{
   "epoch": 10,
   "batch_train_accuracies": [
      0.640625,
      0.640625,
      0.625,
      0.53125,
      0.5625,
      0.65625,
      0.6875,
      0.609375,
      0.625,
      0.703125,
      0.671875,
      0.625,
      0.5,
      0.703125,
      0.703125,
      0.671875,
      0.640625,
      0.671875,
      0.671875,
      0.703125,
      0.609375,
      0.546875,
      0.734375,
      0.765625,
      0.578125,
      0.578125,
      0.671875,
      0.609375,
      0.734375,
      0.6875,
      0.609375,
      0.609375,
      0.671875,
      0.65625,
      0.65625,
      0.75,
      0.578125,
      0.6875,
      0.734375,
      0.703125,
      0.734375,
      0.5625
   ],
   "batch_train_losses": [
      1.5691416263580322,
      1.4691822528839111,
      1.3668196201324463,
      1.5099207162857056,
      1.6323226690292358,
      1.4100161790847778,
      1.3973630666732788,
      1.6367921829223633,
      1.4556163549423218,
      1.264492154121399,
      1.5027835369110107,
      1.4803016185760498,
      1.604755163192749,
      1.4100089073181152,
      1.2758911848068237,
      1.3913248777389526,
      1.3075790405273438,
      1.4706376791000366,
      1.3423993587493896,
      1.408834457397461,
      1.502578616142273,
      1.7594956159591675,
      1.3241899013519287,
      1.1601827144622803,
      1.4520071744918823,
      1.5667575597763062,
      1.335932731628418,
      1.517974853515625,
      1.4367752075195312,
      1.2985312938690186,
      1.522733449935913,
      1.485619306564331,
      1.4251747131347656,
      1.3176484107971191,
      1.2287936210632324,
      1.271905541419983,
      1.3889087438583374,
      1.3131239414215088,
      1.1748132705688477,
      1.2775769233703613,
      1.2072969675064087,
      1.514178991317749
   ],
   "batch_train_times": [],
   "val_accuracy": 0.4831081081081081,
   "val_loss": 2.008854302200111,
   "val_accuracy_per_label": [
      0.7727272727272727,
      0.0,
      0.0,
      0.0,
      1.0,
      0.0,
      0.0,
      0.85,
      0.0,
      0.0,
      0.0,
      0.0,
      0.0,
      0.4,
      0.0,
      0.0,
      0.0,
      0.0,
      0.0,
      0.8275862068965517,
      1.0,
      0.0,
      0.0,
      0.2,
      0.0,
      0.0,
      0.0,
      0.6,
      0.0,
      0.0,
      0.0,
      0.8,
      1.0,
      0.0,
      0.0,
      0.25,
      0.0,
      0.0,
      0.8,
      0.9,
      0.0,
      0.875,
      0.2
   ]
}