{
   "epoch": 32,
   "batch_train_accuracies": [
      0.96875,
      0.921875,
      0.9375,
      0.890625,
      0.984375,
      0.984375,
      0.96875,
      0.96875,
      0.9375,
      0.9375,
      0.9375,
      0.90625,
      0.953125,
      0.921875,
      0.953125,
      0.96875,
      1.0,
      0.9375,
      0.9375,
      1.0,
      0.96875,
      0.9375,
      0.890625,
      0.984375,
      0.9375,
      0.96875,
      0.90625,
      0.9375,
      0.9375,
      0.921875,
      1.0,
      0.96875,
      0.9375,
      0.953125,
      0.984375,
      1.0,
      0.9375,
      0.953125,
      0.96875,
      0.90625,
      0.984375,
      1.0
   ],
   "batch_train_losses": [
      0.3324265480041504,
      0.4196338951587677,
      0.3433142900466919,
      0.4774962067604065,
      0.26793962717056274,
      0.2879706621170044,
      0.2814246416091919,
      0.29228726029396057,
      0.4101557433605194,
      0.3964638113975525,
      0.4413065016269684,
      0.4034317433834076,
      0.3937966525554657,
      0.37953218817710876,
      0.36121898889541626,
      0.31929853558540344,
      0.25479254126548767,
      0.4060971140861511,
      0.32291746139526367,
      0.3028242886066437,
      0.3212122321128845,
      0.42622432112693787,
      0.49368736147880554,
      0.29605478048324585,
      0.34297898411750793,
      0.41331538558006287,
      0.4935753047466278,
      0.33861953020095825,
      0.3854369521141052,
      0.2978147268295288,
      0.2887900471687317,
      0.35371971130371094,
      0.3276635706424713,
      0.3750004768371582,
      0.2419428676366806,
      0.2474486380815506,
      0.43894094228744507,
      0.3761981427669525,
      0.3075077533721924,
      0.36870524287223816,
      0.26087450981140137,
      0.3554682433605194
   ],
   "batch_train_times": [],
   "val_accuracy": 0.5506756756756757,
   "val_loss": 1.6241817184396692,
   "val_accuracy_per_label": [
      0.6363636363636364,
      0.0,
      0.5,
      0.4,
      1.0,
      0.0,
      0.0,
      0.85,
      0.0,
      0.0,
      0.0,
      0.0,
      0.6,
      0.6,
      0.6,
      0.0,
      0.2,
      0.2,
      0.0,
      0.8620689655172413,
      0.5384615384615384,
      0.6,
      0.4,
      0.4,
      0.0,
      0.6,
      0.0,
      0.95,
      0.0,
      0.25,
      0.6,
      0.0,
      1.0,
      0.0,
      0.0,
      1.0,
      0.2,
      0.0,
      0.8666666666666667,
      0.9,
      0.0,
      0.5,
      0.0
   ]
}