{
   "epoch": 22,
   "batch_train_accuracies": [
      0.9375,
      0.921875,
      0.921875,
      0.9375,
      0.875,
      0.875,
      0.796875,
      0.9375,
      0.765625,
      0.84375,
      0.859375,
      0.890625,
      0.953125,
      0.8125,
      0.953125,
      0.9375,
      0.921875,
      0.8125,
      0.875,
      0.84375,
      0.84375,
      0.875,
      0.9375,
      0.90625,
      0.890625,
      0.921875,
      0.875,
      0.890625,
      0.890625,
      0.90625,
      0.953125,
      0.921875,
      0.921875,
      0.890625,
      0.84375,
      0.9375,
      0.8125,
      0.90625,
      0.90625,
      0.90625,
      0.90625,
      0.5625
   ],
   "batch_train_losses": [
      0.5695886015892029,
      0.5966880917549133,
      0.5778250694274902,
      0.5939732193946838,
      0.6445919871330261,
      0.7272240519523621,
      0.7855561971664429,
      0.5855411887168884,
      0.9639285802841187,
      0.7290133237838745,
      0.6215182542800903,
      0.6200912594795227,
      0.5208793878555298,
      0.7928830981254578,
      0.6348034143447876,
      0.4958253800868988,
      0.6512588858604431,
      0.7223638892173767,
      0.683794379234314,
      0.7936848402023315,
      0.7223451137542725,
      0.6704676151275635,
      0.606554388999939,
      0.5983723402023315,
      0.6795327663421631,
      0.6153173446655273,
      0.6468971967697144,
      0.6243740320205688,
      0.6059426665306091,
      0.5986565947532654,
      0.5293175578117371,
      0.537523627281189,
      0.6318101286888123,
      0.678138256072998,
      0.5481836199760437,
      0.5787393450737,
      0.7402533292770386,
      0.6026360988616943,
      0.6199772953987122,
      0.590978741645813,
      0.5704510807991028,
      1.3165425062179565
   ],
   "batch_train_times": [],
   "val_accuracy": 0.5304054054054054,
   "val_loss": 1.6046098599562775,
   "val_accuracy_per_label": [
      0.7727272727272727,
      0.0,
      0.6666666666666666,
      0.4,
      0.8,
      0.0,
      0.0,
      0.9,
      0.0,
      0.0,
      0.0,
      0.0,
      0.4,
      0.2,
      0.6,
      0.0,
      0.2,
      0.0,
      0.0,
      0.7931034482758621,
      0.7307692307692307,
      0.6,
      0.4,
      0.2,
      0.0,
      0.2,
      0.0,
      0.55,
      0.0,
      0.5,
      0.4,
      0.8,
      1.0,
      0.0,
      0.0,
      1.0,
      0.2,
      0.0,
      0.6666666666666666,
      0.8,
      0.2,
      0.5,
      0.6
   ]
}