{
   "epoch": 16,
   "batch_train_accuracies": [
      0.71875,
      0.875,
      0.8125,
      0.796875,
      0.78125,
      0.859375,
      0.890625,
      0.84375,
      0.765625,
      0.84375,
      0.6875,
      0.796875,
      0.828125,
      0.859375,
      0.765625,
      0.828125,
      0.78125,
      0.8125,
      0.734375,
      0.71875,
      0.8125,
      0.78125,
      0.890625,
      0.796875,
      0.796875,
      0.84375,
      0.828125,
      0.765625,
      0.734375,
      0.75,
      0.890625,
      0.75,
      0.890625,
      0.765625,
      0.859375,
      0.828125,
      0.78125,
      0.765625,
      0.796875,
      0.734375,
      0.75,
      0.75
   ],
   "batch_train_losses": [
      1.2304048538208008,
      0.8516828417778015,
      0.8990693092346191,
      1.0817806720733643,
      1.0489966869354248,
      0.9171100854873657,
      0.8085276484489441,
      0.8806682825088501,
      0.9258791208267212,
      0.9139941930770874,
      1.0868537425994873,
      0.9439506530761719,
      0.8152457475662231,
      0.9308263063430786,
      0.9655187726020813,
      1.0308537483215332,
      1.1091163158416748,
      1.1741993427276611,
      1.0404818058013916,
      1.1187103986740112,
      0.9661570191383362,
      1.0365359783172607,
      0.9100801944732666,
      0.9287853240966797,
      1.0231047868728638,
      0.8224508762359619,
      0.8896028995513916,
      0.8931100368499756,
      1.1584763526916504,
      0.9393085837364197,
      0.8538174629211426,
      0.9397532343864441,
      0.8711862564086914,
      1.0908656120300293,
      0.8060997724533081,
      0.9025092124938965,
      1.0872573852539062,
      1.0016552209854126,
      1.006325125694275,
      0.9352996349334717,
      0.9478083252906799,
      1.309384822845459
   ],
   "batch_train_times": [],
   "val_accuracy": 0.581081081081081,
   "val_loss": 1.6746381617881156,
   "val_accuracy_per_label": [
      0.8181818181818182,
      0.0,
      0.3333333333333333,
      0.4,
      1.0,
      0.8,
      0.0,
      0.8,
      0.0,
      0.0,
      0.0,
      0.2,
      0.6,
      0.8,
      0.8,
      0.0,
      0.2,
      0.0,
      0.0,
      0.9310344827586207,
      1.0,
      0.2,
      0.4,
      0.0,
      0.0,
      0.2,
      0.0,
      0.75,
      0.0,
      0.0,
      0.4,
      0.4,
      1.0,
      0.0,
      0.0,
      1.0,
      0.0,
      0.0,
      0.7333333333333333,
      0.8,
      0.0,
      0.5,
      0.6
   ]
}