{
   "epoch": 30,
   "batch_train_accuracies": [
      0.921875,
      0.96875,
      0.9375,
      0.953125,
      0.921875,
      0.890625,
      0.9375,
      0.984375,
      0.984375,
      0.96875,
      0.9375,
      0.921875,
      0.9375,
      0.984375,
      0.984375,
      0.96875,
      0.96875,
      0.984375,
      1.0,
      0.953125,
      0.921875,
      0.96875,
      0.90625,
      0.984375,
      0.921875,
      0.984375,
      0.90625,
      0.984375,
      0.9375,
      1.0,
      0.953125,
      0.96875,
      0.96875,
      0.984375,
      0.90625,
      0.921875,
      0.96875,
      0.9375,
      0.9375,
      0.953125,
      0.96875,
      0.875
   ],
   "batch_train_losses": [
      0.35789424180984497,
      0.39542490243911743,
      0.47383254766464233,
      0.4197283685207367,
      0.40889376401901245,
      0.48598986864089966,
      0.49035215377807617,
      0.362788587808609,
      0.3918868601322174,
      0.3238956928253174,
      0.4017494320869446,
      0.43646925687789917,
      0.39512649178504944,
      0.37310197949409485,
      0.31061074137687683,
      0.324026495218277,
      0.334028959274292,
      0.28838834166526794,
      0.2949180603027344,
      0.30062955617904663,
      0.4127821922302246,
      0.3221161961555481,
      0.48959478735923767,
      0.3516491651535034,
      0.36560577154159546,
      0.3022192716598511,
      0.49057385325431824,
      0.39023464918136597,
      0.37313953042030334,
      0.3260258436203003,
      0.43867090344429016,
      0.3931442201137543,
      0.41394472122192383,
      0.3168944716453552,
      0.4252353310585022,
      0.43967604637145996,
      0.3638760447502136,
      0.3987511098384857,
      0.3620518743991852,
      0.37071138620376587,
      0.34151092171669006,
      0.5811591148376465
   ],
   "batch_train_times": [],
   "val_accuracy": 0.5675675675675675,
   "val_loss": 1.5581515028670028,
   "val_accuracy_per_label": [
      0.7272727272727273,
      0.0,
      0.6666666666666666,
      0.4,
      1.0,
      0.0,
      0.0,
      0.85,
      0.0,
      0.0,
      0.0,
      0.0,
      0.4,
      0.2,
      0.8,
      0.0,
      0.2,
      0.6,
      0.0,
      0.896551724137931,
      0.9615384615384616,
      0.4,
      0.2,
      0.4,
      0.0,
      0.2,
      0.0,
      0.6,
      0.0,
      0.75,
      0.4,
      0.2,
      1.0,
      0.0,
      0.0,
      1.0,
      0.2,
      0.0,
      0.8666666666666667,
      0.7,
      0.0,
      0.5,
      0.6
   ]
}