{
   "epoch": 23,
   "batch_train_accuracies": [
      0.84375,
      0.921875,
      0.953125,
      0.890625,
      0.875,
      0.921875,
      0.890625,
      0.84375,
      0.875,
      0.796875,
      0.953125,
      0.828125,
      0.84375,
      0.890625,
      0.921875,
      0.828125,
      0.875,
      0.859375,
      0.859375,
      0.96875,
      0.90625,
      0.84375,
      0.90625,
      0.921875,
      0.9375,
      0.90625,
      0.9375,
      0.921875,
      0.84375,
      0.984375,
      0.921875,
      0.96875,
      0.921875,
      0.9375,
      0.921875,
      0.875,
      0.921875,
      0.859375,
      0.875,
      0.921875,
      0.890625,
      0.625
   ],
   "batch_train_losses": [
      0.7557820081710815,
      0.6786653399467468,
      0.5684734582901001,
      0.6250324249267578,
      0.5972290635108948,
      0.4874626100063324,
      0.626372754573822,
      0.6855034828186035,
      0.5791272521018982,
      0.6884608268737793,
      0.5263994336128235,
      0.7043813467025757,
      0.7661738395690918,
      0.5755094289779663,
      0.5209047198295593,
      0.7669808268547058,
      0.7139807343482971,
      0.7260214686393738,
      0.7785689234733582,
      0.46515968441963196,
      0.6522173285484314,
      0.8386903405189514,
      0.5903633832931519,
      0.5645976662635803,
      0.5933902859687805,
      0.6216452121734619,
      0.5937444567680359,
      0.5388738512992859,
      0.7019613981246948,
      0.4660455584526062,
      0.5010583996772766,
      0.48866578936576843,
      0.6568328738212585,
      0.5822206735610962,
      0.546447217464447,
      0.6111825704574585,
      0.614834725856781,
      0.6216088533401489,
      0.6301810145378113,
      0.5428522825241089,
      0.5831345319747925,
      0.7975773215293884
   ],
   "batch_train_times": [],
   "val_accuracy": 0.5371621621621622,
   "val_loss": 1.6342198784286912,
   "val_accuracy_per_label": [
      0.7727272727272727,
      0.0,
      0.3333333333333333,
      0.4,
      1.0,
      0.0,
      0.6666666666666666,
      0.85,
      0.0,
      0.0,
      0.0,
      0.0,
      0.4,
      0.2,
      0.8,
      0.0,
      0.2,
      0.0,
      0.0,
      0.9655172413793104,
      1.0,
      0.4,
      0.0,
      0.0,
      0.0,
      0.1,
      0.0,
      0.45,
      0.0,
      0.5,
      0.4,
      0.2,
      1.0,
      0.0,
      0.0,
      1.0,
      0.2,
      0.0,
      0.7333333333333333,
      0.8,
      0.0,
      0.5,
      0.4
   ]
}