{
   "epoch": 18,
   "batch_train_accuracies": [
      0.921875,
      0.890625,
      0.765625,
      0.84375,
      0.8125,
      0.84375,
      0.84375,
      0.828125,
      0.8125,
      0.9375,
      0.859375,
      0.828125,
      0.796875,
      0.828125,
      0.78125,
      0.828125,
      0.859375,
      0.875,
      0.828125,
      0.828125,
      0.921875,
      0.84375,
      0.78125,
      0.875,
      0.859375,
      0.859375,
      0.859375,
      0.796875,
      0.859375,
      0.78125,
      0.859375,
      0.90625,
      0.828125,
      0.75,
      0.78125,
      0.9375,
      0.734375,
      0.9375,
      0.78125,
      0.859375,
      0.828125,
      0.6875
   ],
   "batch_train_losses": [
      0.7213412523269653,
      0.7478722929954529,
      1.0057379007339478,
      0.7712278962135315,
      0.8380624651908875,
      0.8450774550437927,
      0.7858890891075134,
      0.8741533160209656,
      0.921623706817627,
      0.6688530445098877,
      0.8319017887115479,
      0.8253379464149475,
      0.896839439868927,
      0.8271721005439758,
      0.9245821833610535,
      0.7673049569129944,
      0.780392587184906,
      0.7596463561058044,
      0.7984828352928162,
      0.8622081875801086,
      0.6079573631286621,
      0.8949812650680542,
      0.9414746165275574,
      0.9059626460075378,
      0.7811583876609802,
      0.8484516739845276,
      0.7066574692726135,
      0.9653708338737488,
      0.8375845551490784,
      0.8721688985824585,
      0.8226458430290222,
      0.667741596698761,
      0.8364065885543823,
      0.84590083360672,
      0.9365383386611938,
      0.7440000772476196,
      0.9560016989707947,
      0.6464637517929077,
      0.9777718186378479,
      0.8450391292572021,
      0.9465970993041992,
      1.0758817195892334
   ],
   "batch_train_times": [],
   "val_accuracy": 0.527027027027027,
   "val_loss": 1.746920617851051,
   "val_accuracy_per_label": [
      0.7272727272727273,
      0.0,
      0.6666666666666666,
      0.4,
      1.0,
      0.2,
      0.0,
      0.85,
      0.0,
      0.0,
      0.0,
      0.2,
      0.6,
      0.2,
      0.8,
      0.0,
      0.2,
      0.0,
      0.0,
      0.9655172413793104,
      0.38461538461538464,
      0.2,
      0.0,
      0.0,
      0.0,
      0.3,
      0.0,
      0.75,
      0.0,
      0.5,
      0.4,
      1.0,
      1.0,
      0.0,
      0.0,
      1.0,
      0.0,
      0.0,
      1.0,
      0.8,
      0.0,
      0.125,
      0.4
   ]
}