{
   "epoch": 49,
   "batch_train_accuracies": [
      0.984375,
      1.0,
      1.0,
      1.0,
      1.0,
      1.0,
      1.0,
      1.0,
      1.0,
      1.0,
      1.0,
      0.96875,
      1.0,
      1.0,
      1.0,
      0.984375,
      1.0,
      1.0,
      1.0,
      0.96875,
      0.984375,
      1.0,
      0.984375,
      0.984375,
      1.0,
      1.0,
      1.0,
      0.984375,
      1.0,
      1.0,
      1.0,
      1.0,
      0.984375,
      1.0,
      1.0,
      1.0,
      1.0,
      1.0,
      0.984375,
      1.0,
      1.0,
      0.9375
   ],
   "batch_train_losses": [
      0.12841200828552246,
      0.18240834772586823,
      0.11266778409481049,
      0.11959166824817657,
      0.11643125116825104,
      0.10361305624246597,
      0.12055138498544693,
      0.09251561015844345,
      0.12113292515277863,
      0.12572458386421204,
      0.1270701289176941,
      0.14150959253311157,
      0.0745953619480133,
      0.09486158192157745,
      0.09013955295085907,
      0.15237434208393097,
      0.11413834989070892,
      0.10732260346412659,
      0.1111685112118721,
      0.13563092052936554,
      0.15860368311405182,
      0.11895863711833954,
      0.1501225233078003,
      0.13261443376541138,
      0.12839703261852264,
      0.09556304663419724,
      0.09062355011701584,
      0.13939213752746582,
      0.08296254277229309,
      0.12818530201911926,
      0.09835724532604218,
      0.12997116148471832,
      0.11884970963001251,
      0.136339470744133,
      0.10560612380504608,
      0.1366226077079773,
      0.0723688155412674,
      0.11812891066074371,
      0.17614050209522247,
      0.08854693919420242,
      0.0920289009809494,
      0.3588058352470398
   ],
   "batch_train_times": [],
   "val_accuracy": 0.5506756756756757,
   "val_loss": 1.6057427960473138,
   "val_accuracy_per_label": [
      0.5454545454545454,
      0.0,
      0.8333333333333334,
      0.6,
      1.0,
      0.0,
      0.0,
      0.85,
      0.0,
      0.0,
      0.0,
      0.0,
      0.2,
      0.8,
      0.8,
      0.0,
      0.0,
      0.6,
      0.0,
      0.8620689655172413,
      0.6538461538461539,
      0.4,
      0.6,
      0.4,
      0.0,
      0.4,
      0.0,
      0.5,
      0.2,
      0.5,
      0.4,
      1.0,
      1.0,
      0.0,
      0.0,
      1.0,
      0.0,
      0.0,
      0.8,
      0.8,
      0.0,
      0.5,
      0.6
   ]
}