{
   "epoch": 47,
   "batch_train_accuracies": [
      0.984375,
      1.0,
      1.0,
      1.0,
      0.984375,
      0.984375,
      1.0,
      1.0,
      0.984375,
      1.0,
      1.0,
      1.0,
      1.0,
      1.0,
      1.0,
      0.984375,
      0.984375,
      1.0,
      1.0,
      0.984375,
      0.984375,
      0.984375,
      0.984375,
      1.0,
      0.984375,
      1.0,
      0.984375,
      1.0,
      1.0,
      0.984375,
      1.0,
      1.0,
      1.0,
      0.984375,
      0.96875,
      0.984375,
      1.0,
      0.984375,
      0.953125,
      1.0,
      0.984375,
      1.0
   ],
   "batch_train_losses": [
      0.13647907972335815,
      0.10329745709896088,
      0.1410589963197708,
      0.12182082235813141,
      0.13953262567520142,
      0.14273442327976227,
      0.10848931968212128,
      0.1426255702972412,
      0.14877702295780182,
      0.1403188556432724,
      0.11637119948863983,
      0.09229804575443268,
      0.11491179466247559,
      0.12418317794799805,
      0.10832265764474869,
      0.1252729594707489,
      0.11639667302370071,
      0.1330537647008896,
      0.11591232568025589,
      0.15913763642311096,
      0.18004103004932404,
      0.12324807047843933,
      0.13963480293750763,
      0.13702479004859924,
      0.15559996664524078,
      0.10241440683603287,
      0.11578052490949631,
      0.1403406709432602,
      0.12934377789497375,
      0.14269211888313293,
      0.11322367191314697,
      0.13215725123882294,
      0.14961841702461243,
      0.1090172827243805,
      0.16165965795516968,
      0.12910103797912598,
      0.14736154675483704,
      0.13501518964767456,
      0.26588869094848633,
      0.1412310153245926,
      0.145065575838089,
      0.09263238310813904
   ],
   "batch_train_times": [],
   "val_accuracy": 0.5844594594594594,
   "val_loss": 1.6291520595550537,
   "val_accuracy_per_label": [
      0.5,
      0.0,
      0.5,
      0.2,
      1.0,
      0.0,
      0.0,
      0.85,
      0.0,
      0.0,
      0.0,
      0.0,
      0.4,
      0.4,
      0.8,
      0.0,
      0.2,
      1.0,
      0.0,
      0.9655172413793104,
      0.9615384615384616,
      0.4,
      0.8,
      0.4,
      0.0,
      0.1,
      0.0,
      0.7,
      0.0,
      0.5,
      0.4,
      1.0,
      1.0,
      0.0,
      0.0,
      1.0,
      0.2,
      0.6,
      0.6666666666666666,
      0.7,
      0.0,
      0.5,
      0.6
   ]
}