{
   "epoch": 27,
   "batch_train_accuracies": [
      0.921875,
      0.90625,
      0.953125,
      0.90625,
      0.953125,
      0.90625,
      0.984375,
      0.890625,
      0.921875,
      0.953125,
      0.875,
      0.921875,
      0.875,
      0.921875,
      0.96875,
      0.859375,
      0.90625,
      0.90625,
      0.84375,
      0.953125,
      0.9375,
      0.9375,
      0.953125,
      0.921875,
      0.90625,
      0.90625,
      0.953125,
      0.984375,
      0.921875,
      0.984375,
      0.890625,
      0.953125,
      0.859375,
      0.890625,
      0.890625,
      0.9375,
      0.9375,
      0.890625,
      0.921875,
      0.890625,
      0.953125,
      1.0
   ],
   "batch_train_losses": [
      0.4905807673931122,
      0.45217442512512207,
      0.4134683609008789,
      0.5445290207862854,
      0.4823301434516907,
      0.4810278117656708,
      0.35370928049087524,
      0.6825689077377319,
      0.5637966394424438,
      0.4638515114784241,
      0.49687615036964417,
      0.6195980310440063,
      0.5507802367210388,
      0.5287843942642212,
      0.43359875679016113,
      0.5066367387771606,
      0.5891104936599731,
      0.5727574825286865,
      0.6459140777587891,
      0.45234769582748413,
      0.42029327154159546,
      0.4385066330432892,
      0.41208747029304504,
      0.43043252825737,
      0.5407729744911194,
      0.5131940841674805,
      0.4567456841468811,
      0.3633580803871155,
      0.5161289572715759,
      0.3173106908798218,
      0.5647550821304321,
      0.4110099971294403,
      0.547927737236023,
      0.4942166805267334,
      0.5543867945671082,
      0.4003934860229492,
      0.5351154208183289,
      0.5463862419128418,
      0.4660642743110657,
      0.45080503821372986,
      0.3600514531135559,
      0.3997587561607361
   ],
   "batch_train_times": [],
   "val_accuracy": 0.5337837837837838,
   "val_loss": 1.7148909085505717,
   "val_accuracy_per_label": [
      0.6363636363636364,
      0.0,
      0.6666666666666666,
      0.4,
      1.0,
      0.6,
      0.3333333333333333,
      0.85,
      0.0,
      0.4,
      0.0,
      0.0,
      0.0,
      0.6,
      0.4,
      0.0,
      0.2,
      0.6,
      0.0,
      0.7241379310344828,
      1.0,
      0.4,
      0.0,
      0.4,
      0.0,
      0.1,
      0.0,
      0.2,
      0.0,
      0.5,
      0.4,
      1.0,
      1.0,
      0.0,
      0.0,
      1.0,
      0.0,
      0.0,
      0.8,
      0.8,
      0.0,
      0.5,
      0.6
   ]
}