{
   "epoch": 38,
   "batch_train_accuracies": [
      0.984375,
      0.96875,
      1.0,
      0.984375,
      1.0,
      1.0,
      0.984375,
      0.953125,
      0.984375,
      0.96875,
      0.96875,
      0.984375,
      1.0,
      1.0,
      0.984375,
      0.984375,
      0.96875,
      0.9375,
      0.984375,
      0.984375,
      0.953125,
      1.0,
      0.984375,
      0.96875,
      0.96875,
      0.96875,
      0.984375,
      1.0,
      0.984375,
      0.953125,
      0.984375,
      1.0,
      1.0,
      0.96875,
      0.984375,
      0.953125,
      0.984375,
      1.0,
      0.96875,
      0.953125,
      1.0,
      1.0
   ],
   "batch_train_losses": [
      0.2107248157262802,
      0.26148223876953125,
      0.21188080310821533,
      0.21036483347415924,
      0.2391383796930313,
      0.18701614439487457,
      0.23655647039413452,
      0.24402104318141937,
      0.22959816455841064,
      0.24535207450389862,
      0.2768966853618622,
      0.2929220199584961,
      0.21862977743148804,
      0.15491987764835358,
      0.2566673159599304,
      0.22180388867855072,
      0.23741456866264343,
      0.2678908705711365,
      0.209269180893898,
      0.21667857468128204,
      0.24554882943630219,
      0.19609785079956055,
      0.20894739031791687,
      0.23093342781066895,
      0.20042817294597626,
      0.29616883397102356,
      0.2359190285205841,
      0.23388905823230743,
      0.2737244665622711,
      0.23269303143024445,
      0.21316388249397278,
      0.18187592923641205,
      0.2430402785539627,
      0.2420380711555481,
      0.18695367872714996,
      0.2854286730289459,
      0.21303576231002808,
      0.19051316380500793,
      0.26097264885902405,
      0.2945338189601898,
      0.1759299635887146,
      0.14367267489433289
   ],
   "batch_train_times": [],
   "val_accuracy": 0.5777027027027027,
   "val_loss": 1.528146995080484,
   "val_accuracy_per_label": [
      0.5909090909090909,
      0.0,
      0.6666666666666666,
      0.6,
      1.0,
      0.0,
      0.3333333333333333,
      0.85,
      0.0,
      0.0,
      0.0,
      0.2,
      0.0,
      0.6,
      0.8,
      0.0,
      0.2,
      0.8,
      0.0,
      0.9310344827586207,
      0.5,
      0.6,
      0.2,
      0.0,
      0.0,
      0.4,
      0.0,
      0.9,
      0.2,
      0.5,
      0.4,
      1.0,
      1.0,
      0.0,
      0.0,
      1.0,
      0.2,
      0.0,
      0.8666666666666667,
      0.8,
      0.2,
      0.5,
      0.6
   ]
}