{
   "epoch": 7,
   "batch_train_accuracies": [
      0.5625,
      0.5625,
      0.53125,
      0.515625,
      0.53125,
      0.609375,
      0.5,
      0.484375,
      0.484375,
      0.5625,
      0.5625,
      0.46875,
      0.5625,
      0.59375,
      0.578125,
      0.453125,
      0.53125,
      0.609375,
      0.46875,
      0.65625,
      0.453125,
      0.4375,
      0.546875,
      0.53125,
      0.53125,
      0.390625,
      0.53125,
      0.5625,
      0.65625,
      0.640625,
      0.53125,
      0.625,
      0.578125,
      0.671875,
      0.578125,
      0.578125,
      0.53125,
      0.578125,
      0.546875,
      0.609375,
      0.625,
      0.4375
   ],
   "batch_train_losses": [
      1.7839564085006714,
      1.80677330493927,
      1.9018840789794922,
      1.8941813707351685,
      1.9851715564727783,
      1.6480516195297241,
      1.9548338651657104,
      1.8247801065444946,
      1.8177666664123535,
      1.8803406953811646,
      1.6703882217407227,
      1.9557945728302002,
      1.7801457643508911,
      1.7566945552825928,
      1.836669921875,
      2.063694477081299,
      1.7425527572631836,
      1.6546759605407715,
      1.8903707265853882,
      1.6498737335205078,
      1.85110604763031,
      1.77305269241333,
      1.7487962245941162,
      1.7535812854766846,
      1.8604856729507446,
      2.1242897510528564,
      1.7288711071014404,
      1.72055983543396,
      1.6157760620117188,
      1.680229663848877,
      1.6842478513717651,
      1.726775050163269,
      1.6926432847976685,
      1.541868805885315,
      1.7153939008712769,
      1.8068712949752808,
      1.7764257192611694,
      1.6388496160507202,
      1.6325998306274414,
      1.6555248498916626,
      1.5392979383468628,
      2.136988639831543
   ],
   "batch_train_times": [],
   "val_accuracy": 0.3547297297297297,
   "val_loss": 2.342494874387174,
   "val_accuracy_per_label": [
      0.5,
      0.0,
      0.0,
      0.0,
      0.0,
      1.0,
      0.0,
      0.85,
      0.0,
      0.0,
      0.0,
      0.0,
      0.0,
      0.0,
      0.0,
      0.0,
      0.0,
      0.0,
      0.0,
      0.8275862068965517,
      0.7692307692307693,
      0.0,
      0.0,
      0.2,
      0.0,
      0.0,
      0.0,
      0.5,
      0.0,
      0.0,
      0.0,
      0.4,
      0.0,
      0.0,
      0.0,
      0.0,
      0.0,
      0.0,
      0.4,
      0.7,
      0.0,
      0.25,
      0.0
   ]
}