{
   "epoch": 38,
   "batch_train_accuracies": [
      1.0,
      1.0,
      1.0,
      1.0,
      1.0,
      1.0,
      1.0,
      1.0,
      1.0,
      1.0,
      1.0,
      1.0,
      1.0,
      1.0,
      1.0,
      1.0,
      0.984375,
      1.0,
      1.0,
      1.0,
      1.0,
      1.0,
      1.0,
      1.0,
      1.0,
      1.0,
      1.0,
      1.0,
      1.0,
      1.0,
      1.0,
      1.0,
      1.0,
      1.0,
      1.0,
      1.0,
      1.0,
      1.0,
      1.0,
      1.0,
      1.0,
      1.0
   ],
   "batch_train_losses": [
      0.08677440136671066,
      0.07891845703125,
      0.08644826710224152,
      0.13393008708953857,
      0.09566647559404373,
      0.09795724600553513,
      0.09008163213729858,
      0.11760780960321426,
      0.13292871415615082,
      0.10674548894166946,
      0.11343351751565933,
      0.11969661712646484,
      0.11011527478694916,
      0.10165929794311523,
      0.12200538069009781,
      0.0924796462059021,
      0.16256414353847504,
      0.15300318598747253,
      0.12415314465761185,
      0.12111024558544159,
      0.12250255048274994,
      0.11820755153894424,
      0.09979728609323502,
      0.10442876815795898,
      0.1434575319290161,
      0.12736782431602478,
      0.11494642496109009,
      0.10878898948431015,
      0.12792648375034332,
      0.1418725550174713,
      0.11252069473266602,
      0.14405457675457,
      0.1148473247885704,
      0.16073544323444366,
      0.12752923369407654,
      0.08886415511369705,
      0.14230045676231384,
      0.1152004674077034,
      0.18075698614120483,
      0.10794325172901154,
      0.11241115629673004,
      0.18865567445755005
   ],
   "batch_train_times": [],
   "val_accuracy": 0.8547297297297297,
   "val_loss": 0.6275184670010129,
   "val_accuracy_per_label": [
      1.0,
      1.0,
      1.0,
      0.8,
      0.4,
      0.4,
      0.0,
      0.95,
      0.0,
      0.6,
      0.0,
      1.0,
      0.6,
      0.6,
      0.8,
      0.0,
      0.4,
      1.0,
      0.6,
      1.0,
      1.0,
      1.0,
      0.8,
      0.8,
      0.0,
      0.5,
      0.0,
      0.8,
      0.2,
      1.0,
      1.0,
      1.0,
      0.8,
      0.0,
      0.5,
      1.0,
      1.0,
      0.6,
      1.0,
      1.0,
      1.0,
      1.0,
      1.0
   ]
}