{
   "epoch": 37,
   "batch_train_accuracies": [
      1.0,
      1.0,
      1.0,
      0.984375,
      1.0,
      1.0,
      1.0,
      1.0,
      1.0,
      0.984375,
      1.0,
      1.0,
      0.984375,
      1.0,
      0.984375,
      1.0,
      1.0,
      1.0,
      1.0,
      1.0,
      1.0,
      1.0,
      1.0,
      1.0,
      1.0,
      1.0,
      1.0,
      1.0,
      1.0,
      1.0,
      1.0,
      0.984375,
      1.0,
      1.0,
      1.0,
      1.0,
      1.0,
      1.0,
      1.0,
      1.0,
      1.0,
      1.0
   ],
   "batch_train_losses": [
      0.08270049840211868,
      0.10202626138925552,
      0.10890849679708481,
      0.15699456632137299,
      0.09500938653945923,
      0.1514039933681488,
      0.10934306681156158,
      0.1260664463043213,
      0.12011614441871643,
      0.11869201064109802,
      0.10864195227622986,
      0.15284107625484467,
      0.13180087506771088,
      0.08397974073886871,
      0.18956395983695984,
      0.14503084123134613,
      0.13564474880695343,
      0.08450444042682648,
      0.10875702649354935,
      0.1174505427479744,
      0.12665975093841553,
      0.08620812743902206,
      0.09691524505615234,
      0.1336894929409027,
      0.13038694858551025,
      0.1752631813287735,
      0.12762351334095,
      0.1433168351650238,
      0.09747298806905746,
      0.11739378422498703,
      0.12880975008010864,
      0.19272540509700775,
      0.10735055059194565,
      0.13391529023647308,
      0.142334446310997,
      0.1833941787481308,
      0.09040321409702301,
      0.14060601592063904,
      0.11358771473169327,
      0.0851224884390831,
      0.1629367470741272,
      0.34770727157592773
   ],
   "batch_train_times": [],
   "val_accuracy": 0.8513513513513513,
   "val_loss": 0.6403242043546729,
   "val_accuracy_per_label": [
      1.0,
      1.0,
      1.0,
      0.8,
      0.4,
      0.4,
      0.0,
      0.95,
      0.0,
      0.6,
      0.0,
      1.0,
      0.4,
      0.8,
      0.8,
      0.0,
      0.4,
      1.0,
      0.6,
      1.0,
      1.0,
      1.0,
      0.8,
      0.8,
      0.0,
      0.5,
      0.0,
      0.8,
      0.2,
      1.0,
      1.0,
      1.0,
      0.8,
      0.0,
      0.5,
      1.0,
      1.0,
      0.6,
      0.9333333333333333,
      1.0,
      1.0,
      1.0,
      1.0
   ]
}