{
   "epoch": 46,
   "batch_train_accuracies": [
      1.0,
      1.0,
      1.0,
      1.0,
      1.0,
      1.0,
      1.0,
      1.0,
      1.0,
      1.0,
      1.0,
      1.0,
      1.0,
      1.0,
      1.0,
      1.0,
      1.0,
      1.0,
      1.0,
      1.0,
      1.0,
      1.0,
      1.0,
      1.0,
      1.0,
      1.0,
      1.0,
      1.0,
      1.0,
      1.0,
      1.0,
      1.0,
      1.0,
      1.0,
      1.0,
      1.0,
      1.0,
      1.0,
      1.0,
      1.0,
      1.0,
      1.0
   ],
   "batch_train_losses": [
      0.07358372956514359,
      0.08670872449874878,
      0.107745461165905,
      0.09906388819217682,
      0.10705907642841339,
      0.0985347330570221,
      0.11107202619314194,
      0.08018471300601959,
      0.1030355915427208,
      0.06605873256921768,
      0.08705630153417587,
      0.07078487426042557,
      0.06779895722866058,
      0.08696345239877701,
      0.10287077724933624,
      0.07091730087995529,
      0.05639101192355156,
      0.07912823557853699,
      0.08799795806407928,
      0.07909205555915833,
      0.07518438994884491,
      0.120379239320755,
      0.07619021832942963,
      0.07490800321102142,
      0.1297278106212616,
      0.11582847684621811,
      0.1039731577038765,
      0.11107537895441055,
      0.09246969223022461,
      0.07606276124715805,
      0.054264701902866364,
      0.05867716670036316,
      0.09969952702522278,
      0.06153441220521927,
      0.09024397283792496,
      0.07152270525693893,
      0.0923672541975975,
      0.11636513471603394,
      0.09860928356647491,
      0.06926622986793518,
      0.08983761072158813,
      0.15687043964862823
   ],
   "batch_train_times": [],
   "val_accuracy": 0.8918918918918919,
   "val_loss": 0.6031841458501043,
   "val_accuracy_per_label": [
      1.0,
      1.0,
      0.8333333333333334,
      0.8,
      0.4,
      0.4,
      0.3333333333333333,
      1.0,
      0.0,
      1.0,
      0.0,
      1.0,
      0.6,
      0.6,
      0.8,
      0.0,
      0.6,
      1.0,
      0.6,
      1.0,
      1.0,
      1.0,
      0.8,
      0.8,
      0.0,
      0.5,
      0.0,
      1.0,
      0.8,
      1.0,
      1.0,
      1.0,
      0.8,
      0.0,
      0.5,
      1.0,
      1.0,
      0.6,
      1.0,
      1.0,
      1.0,
      1.0,
      1.0
   ]
}