{
   "epoch": 45,
   "batch_train_accuracies": [
      1.0,
      1.0,
      1.0,
      1.0,
      1.0,
      1.0,
      1.0,
      1.0,
      1.0,
      1.0,
      1.0,
      1.0,
      1.0,
      1.0,
      1.0,
      1.0,
      1.0,
      1.0,
      1.0,
      1.0,
      1.0,
      1.0,
      1.0,
      1.0,
      1.0,
      1.0,
      1.0,
      1.0,
      1.0,
      1.0,
      1.0,
      1.0,
      1.0,
      1.0,
      1.0,
      1.0,
      1.0,
      1.0,
      1.0,
      1.0,
      1.0,
      1.0
   ],
   "batch_train_losses": [
      0.14022479951381683,
      0.09907502681016922,
      0.10610620677471161,
      0.08866098523139954,
      0.13884758949279785,
      0.07692001014947891,
      0.08228162676095963,
      0.10323268175125122,
      0.11742672324180603,
      0.08063031733036041,
      0.12034463882446289,
      0.09186480194330215,
      0.10663342475891113,
      0.12996402382850647,
      0.09020581841468811,
      0.11960836499929428,
      0.08656977862119675,
      0.07504269480705261,
      0.11780254542827606,
      0.07918006181716919,
      0.05867990106344223,
      0.08913968503475189,
      0.09764128923416138,
      0.09776373952627182,
      0.06291130930185318,
      0.09550197422504425,
      0.07525535672903061,
      0.11243169009685516,
      0.07206445932388306,
      0.07303618639707565,
      0.08173840492963791,
      0.12329942733049393,
      0.07176386564970016,
      0.08932936191558838,
      0.07852237671613693,
      0.1053478866815567,
      0.10976562649011612,
      0.08220299333333969,
      0.11743979156017303,
      0.08794218301773071,
      0.11638183146715164,
      0.15588346123695374
   ],
   "batch_train_times": [],
   "val_accuracy": 0.8817567567567568,
   "val_loss": 0.591790716390352,
   "val_accuracy_per_label": [
      1.0,
      1.0,
      0.8333333333333334,
      0.8,
      0.6,
      0.4,
      0.3333333333333333,
      0.95,
      0.0,
      0.6,
      0.0,
      1.0,
      0.6,
      0.6,
      1.0,
      0.0,
      0.8,
      1.0,
      0.6,
      1.0,
      1.0,
      1.0,
      0.8,
      0.8,
      0.0,
      0.5,
      0.0,
      1.0,
      0.4,
      1.0,
      1.0,
      1.0,
      0.8,
      0.0,
      0.5,
      1.0,
      1.0,
      0.6,
      0.9333333333333333,
      1.0,
      1.0,
      1.0,
      1.0
   ]
}