{
   "epoch": 5,
   "batch_train_accuracies": [
      0.9375,
      0.90625,
      0.984375,
      0.84375,
      0.921875,
      0.875,
      0.9375,
      0.90625,
      0.9375,
      0.90625,
      0.890625,
      0.828125,
      0.890625,
      0.953125,
      0.921875,
      0.9375,
      0.890625,
      0.953125,
      0.953125,
      0.90625,
      0.921875,
      0.90625,
      0.90625,
      0.921875,
      0.953125,
      0.953125,
      0.984375,
      0.953125,
      0.984375,
      0.96875,
      0.921875,
      0.9375,
      0.9375,
      0.9375,
      0.953125,
      0.953125,
      0.9375,
      0.921875,
      0.875,
      0.921875,
      0.953125,
      0.9375
   ],
   "batch_train_losses": [
      0.6561159491539001,
      0.6028738617897034,
      0.5134462118148804,
      0.6824817061424255,
      0.6369978785514832,
      0.6248309016227722,
      0.6614733934402466,
      0.5917391777038574,
      0.5039340853691101,
      0.6473645567893982,
      0.7595266103744507,
      0.8475885987281799,
      0.6081363558769226,
      0.5439397692680359,
      0.5274235606193542,
      0.5793976187705994,
      0.6104440689086914,
      0.5879468321800232,
      0.46779999136924744,
      0.6348437666893005,
      0.628576934337616,
      0.6007715463638306,
      0.5312212705612183,
      0.6085449457168579,
      0.47113606333732605,
      0.4503729045391083,
      0.46366560459136963,
      0.4615483582019806,
      0.4129134714603424,
      0.5452286601066589,
      0.6434013843536377,
      0.47446247935295105,
      0.5561336874961853,
      0.5010408759117126,
      0.4901115298271179,
      0.517850935459137,
      0.5639925599098206,
      0.5203195810317993,
      0.6839526891708374,
      0.5355219841003418,
      0.46009865403175354,
      0.6757968664169312
   ],
   "batch_train_times": [],
   "val_accuracy": 0.7162162162162162,
   "val_loss": 1.065964698791504,
   "val_accuracy_per_label": [
      1.0,
      1.0,
      1.0,
      0.8,
      0.0,
      0.0,
      0.0,
      0.9,
      0.0,
      0.0,
      0.0,
      0.8,
      0.4,
      1.0,
      0.8,
      0.0,
      0.0,
      0.0,
      0.8,
      1.0,
      1.0,
      0.2,
      0.0,
      0.4,
      0.0,
      0.2,
      0.0,
      0.75,
      0.0,
      1.0,
      0.6,
      1.0,
      0.8,
      0.0,
      0.25,
      1.0,
      0.8,
      0.6,
      0.8666666666666667,
      1.0,
      0.0,
      1.0,
      0.8
   ]
}