{
   "epoch": 34,
   "batch_train_accuracies": [
      1.0,
      1.0,
      0.984375,
      1.0,
      0.984375,
      1.0,
      1.0,
      1.0,
      1.0,
      1.0,
      1.0,
      1.0,
      1.0,
      1.0,
      1.0,
      1.0,
      1.0,
      1.0,
      1.0,
      1.0,
      1.0,
      1.0,
      1.0,
      1.0,
      1.0,
      1.0,
      1.0,
      1.0,
      0.984375,
      1.0,
      1.0,
      1.0,
      1.0,
      1.0,
      1.0,
      1.0,
      1.0,
      1.0,
      1.0,
      1.0,
      1.0,
      1.0
   ],
   "batch_train_losses": [
      0.11192137002944946,
      0.15375518798828125,
      0.17745423316955566,
      0.17240320146083832,
      0.17874787747859955,
      0.13207995891571045,
      0.11200705915689468,
      0.1313256472349167,
      0.14829394221305847,
      0.09340175986289978,
      0.15134260058403015,
      0.15228086709976196,
      0.12591546773910522,
      0.09757306426763535,
      0.14408935606479645,
      0.09027116000652313,
      0.10617247968912125,
      0.13557162880897522,
      0.1873447448015213,
      0.15856774151325226,
      0.12057430297136307,
      0.16680093109607697,
      0.1342748999595642,
      0.11581288278102875,
      0.11624976992607117,
      0.14852893352508545,
      0.14274919033050537,
      0.1594281792640686,
      0.1719871312379837,
      0.18329964578151703,
      0.1294090449810028,
      0.13290385901927948,
      0.17097985744476318,
      0.13132476806640625,
      0.12972767651081085,
      0.1793123483657837,
      0.16849742829799652,
      0.12294717878103256,
      0.0951617956161499,
      0.15271130204200745,
      0.1262715756893158,
      0.18250177800655365
   ],
   "batch_train_times": [],
   "val_accuracy": 0.847972972972973,
   "val_loss": 0.6451322822957426,
   "val_accuracy_per_label": [
      1.0,
      1.0,
      1.0,
      0.8,
      0.4,
      0.4,
      0.0,
      0.95,
      0.0,
      0.6,
      0.0,
      1.0,
      0.4,
      0.6,
      0.8,
      0.0,
      0.4,
      1.0,
      0.6,
      1.0,
      1.0,
      1.0,
      0.8,
      0.8,
      0.0,
      0.5,
      0.0,
      0.8,
      0.2,
      1.0,
      1.0,
      1.0,
      0.8,
      0.0,
      0.5,
      1.0,
      1.0,
      0.6,
      1.0,
      1.0,
      1.0,
      1.0,
      0.8
   ]
}