{
   "epoch": 52,
   "batch_train_accuracies": [
      1.0,
      1.0,
      1.0,
      1.0,
      1.0,
      1.0,
      1.0,
      1.0,
      1.0,
      1.0,
      1.0,
      1.0,
      1.0,
      1.0,
      1.0,
      1.0,
      1.0,
      1.0,
      1.0,
      1.0,
      1.0,
      1.0,
      1.0,
      1.0,
      1.0,
      1.0,
      1.0,
      1.0,
      1.0,
      1.0,
      1.0,
      1.0,
      1.0,
      1.0,
      1.0,
      1.0,
      1.0,
      1.0,
      1.0,
      1.0,
      1.0,
      1.0
   ],
   "batch_train_losses": [
      0.08084163814783096,
      0.07884180545806885,
      0.08028484880924225,
      0.07226276397705078,
      0.05136158689856529,
      0.09016137570142746,
      0.07330043613910675,
      0.05923883244395256,
      0.0752316415309906,
      0.06773241609334946,
      0.0473867803812027,
      0.05037101358175278,
      0.08359699696302414,
      0.09910127520561218,
      0.07097850739955902,
      0.08180108666419983,
      0.06279201805591583,
      0.05685340613126755,
      0.10554862022399902,
      0.08396955579519272,
      0.06529141217470169,
      0.05539087578654289,
      0.08155283331871033,
      0.08651920408010483,
      0.07246201485395432,
      0.07681496441364288,
      0.06983933597803116,
      0.0695403441786766,
      0.06392127275466919,
      0.07015017420053482,
      0.07583943009376526,
      0.07071744650602341,
      0.07863079756498337,
      0.07679339498281479,
      0.06819412112236023,
      0.0815047100186348,
      0.07599176466464996,
      0.062017228454351425,
      0.05057492479681969,
      0.07305729389190674,
      0.08659769594669342,
      0.2903982102870941
   ],
   "batch_train_times": [],
   "val_accuracy": 0.8885135135135135,
   "val_loss": 0.5702682685207676,
   "val_accuracy_per_label": [
      1.0,
      1.0,
      0.8333333333333334,
      0.8,
      0.6,
      0.4,
      0.3333333333333333,
      1.0,
      0.0,
      0.8,
      0.0,
      1.0,
      0.6,
      0.6,
      0.8,
      0.0,
      0.8,
      1.0,
      0.6,
      1.0,
      1.0,
      1.0,
      0.8,
      0.8,
      0.0,
      0.6,
      0.0,
      1.0,
      0.4,
      1.0,
      1.0,
      1.0,
      0.8,
      0.0,
      0.5,
      1.0,
      1.0,
      0.6,
      1.0,
      0.9,
      1.0,
      1.0,
      1.0
   ]
}