{
   "epoch": 16,
   "batch_train_accuracies": [
      0.984375,
      1.0,
      0.953125,
      0.96875,
      1.0,
      1.0,
      0.984375,
      1.0,
      0.96875,
      0.984375,
      1.0,
      0.96875,
      1.0,
      0.984375,
      0.96875,
      1.0,
      1.0,
      0.953125,
      0.984375,
      1.0,
      1.0,
      0.984375,
      0.953125,
      1.0,
      0.96875,
      0.96875,
      0.953125,
      0.984375,
      0.984375,
      1.0,
      0.984375,
      0.96875,
      1.0,
      0.96875,
      0.96875,
      0.984375,
      0.984375,
      1.0,
      0.984375,
      0.96875,
      0.984375,
      0.9375
   ],
   "batch_train_losses": [
      0.35800406336784363,
      0.24216680228710175,
      0.3685811758041382,
      0.4047689437866211,
      0.2613084614276886,
      0.21127311885356903,
      0.23619626462459564,
      0.24543511867523193,
      0.37450286746025085,
      0.30857622623443604,
      0.3239946663379669,
      0.2453104853630066,
      0.22888535261154175,
      0.27666959166526794,
      0.34053823351860046,
      0.20735113322734833,
      0.24444523453712463,
      0.37607866525650024,
      0.2840529680252075,
      0.306719034910202,
      0.3434303104877472,
      0.27026602625846863,
      0.36053621768951416,
      0.27698612213134766,
      0.315259724855423,
      0.2911421060562134,
      0.3171551525592804,
      0.285470575094223,
      0.271806538105011,
      0.3663608133792877,
      0.290844589471817,
      0.3476606607437134,
      0.1824311912059784,
      0.37339386343955994,
      0.36396324634552,
      0.24015295505523682,
      0.3060409426689148,
      0.22033372521400452,
      0.2603774070739746,
      0.32320651412010193,
      0.31778284907341003,
      0.424238920211792
   ],
   "batch_train_times": [],
   "val_accuracy": 0.7871621621621622,
   "val_loss": 0.8128805740459545,
   "val_accuracy_per_label": [
      1.0,
      1.0,
      1.0,
      0.8,
      0.2,
      0.0,
      0.0,
      0.95,
      0.0,
      0.2,
      0.0,
      1.0,
      0.4,
      0.8,
      0.8,
      0.0,
      0.0,
      0.2,
      0.6,
      1.0,
      1.0,
      0.6,
      0.6,
      0.6,
      0.0,
      0.5,
      0.0,
      0.8,
      0.0,
      1.0,
      1.0,
      1.0,
      0.8,
      0.0,
      0.5,
      1.0,
      0.8,
      0.6,
      0.8666666666666667,
      1.0,
      1.0,
      1.0,
      0.8
   ]
}