{
   "epoch": 32,
   "batch_train_accuracies": [
      1.0,
      1.0,
      1.0,
      1.0,
      1.0,
      1.0,
      1.0,
      0.984375,
      1.0,
      1.0,
      1.0,
      1.0,
      1.0,
      1.0,
      1.0,
      1.0,
      1.0,
      1.0,
      1.0,
      1.0,
      1.0,
      1.0,
      1.0,
      1.0,
      1.0,
      1.0,
      1.0,
      1.0,
      1.0,
      1.0,
      1.0,
      1.0,
      0.96875,
      1.0,
      1.0,
      1.0,
      0.984375,
      1.0,
      1.0,
      1.0,
      1.0,
      1.0
   ],
   "batch_train_losses": [
      0.12964268028736115,
      0.16227512061595917,
      0.12131776660680771,
      0.15026232600212097,
      0.14526957273483276,
      0.13337405025959015,
      0.1237429827451706,
      0.15648050606250763,
      0.13780082762241364,
      0.13890358805656433,
      0.13396069407463074,
      0.12471981346607208,
      0.12379474192857742,
      0.12032490968704224,
      0.14541953802108765,
      0.16565893590450287,
      0.09123768657445908,
      0.1478252410888672,
      0.13664700090885162,
      0.1618761122226715,
      0.15053211152553558,
      0.1634930819272995,
      0.1204109638929367,
      0.11941387504339218,
      0.1943044811487198,
      0.1483481526374817,
      0.1463446319103241,
      0.16063830256462097,
      0.20734383165836334,
      0.16131536662578583,
      0.1524706929922104,
      0.15514704585075378,
      0.21373744308948517,
      0.15427815914154053,
      0.14534547924995422,
      0.12543927133083344,
      0.19763225317001343,
      0.12622006237506866,
      0.09409134089946747,
      0.11638293415307999,
      0.20229573547840118,
      0.18997454643249512
   ],
   "batch_train_times": [],
   "val_accuracy": 0.847972972972973,
   "val_loss": 0.6552842372172588,
   "val_accuracy_per_label": [
      1.0,
      1.0,
      1.0,
      0.8,
      0.4,
      0.4,
      0.0,
      0.95,
      0.0,
      0.2,
      0.0,
      1.0,
      0.4,
      0.8,
      0.8,
      0.0,
      0.6,
      1.0,
      0.6,
      1.0,
      1.0,
      1.0,
      0.8,
      0.8,
      0.0,
      0.5,
      0.0,
      0.8,
      0.2,
      1.0,
      1.0,
      1.0,
      0.8,
      0.0,
      0.5,
      1.0,
      1.0,
      0.6,
      0.9333333333333333,
      1.0,
      1.0,
      1.0,
      1.0
   ]
}