{
   "epoch": 30,
   "batch_train_accuracies": [
      1.0,
      1.0,
      1.0,
      1.0,
      1.0,
      0.984375,
      1.0,
      0.984375,
      1.0,
      0.96875,
      1.0,
      1.0,
      1.0,
      1.0,
      1.0,
      1.0,
      1.0,
      1.0,
      1.0,
      1.0,
      0.984375,
      0.984375,
      1.0,
      1.0,
      1.0,
      1.0,
      1.0,
      0.984375,
      1.0,
      1.0,
      1.0,
      1.0,
      1.0,
      1.0,
      1.0,
      1.0,
      1.0,
      1.0,
      1.0,
      1.0,
      1.0,
      1.0
   ],
   "batch_train_losses": [
      0.1794772446155548,
      0.16662155091762543,
      0.16874298453330994,
      0.1820775717496872,
      0.18562033772468567,
      0.1381286382675171,
      0.20609313249588013,
      0.17061664164066315,
      0.10620313137769699,
      0.2088753581047058,
      0.16985958814620972,
      0.20036309957504272,
      0.12293430417776108,
      0.1082143783569336,
      0.17428095638751984,
      0.16341358423233032,
      0.12576651573181152,
      0.13271111249923706,
      0.22150124609470367,
      0.1395750194787979,
      0.1801246702671051,
      0.18182097375392914,
      0.19108447432518005,
      0.1743263155221939,
      0.1752886027097702,
      0.1527320295572281,
      0.12794259190559387,
      0.17389261722564697,
      0.18359553813934326,
      0.19642950594425201,
      0.1296062171459198,
      0.16087917983531952,
      0.12308826297521591,
      0.16971434652805328,
      0.13518653810024261,
      0.12850940227508545,
      0.1646067351102829,
      0.16301719844341278,
      0.11145072430372238,
      0.1827828735113144,
      0.137643501162529,
      0.3444371521472931
   ],
   "batch_train_times": [],
   "val_accuracy": 0.8445945945945946,
   "val_loss": 0.6712738565496497,
   "val_accuracy_per_label": [
      0.9545454545454546,
      1.0,
      1.0,
      0.8,
      0.4,
      0.2,
      0.0,
      0.95,
      0.0,
      1.0,
      0.0,
      1.0,
      0.4,
      0.8,
      0.8,
      0.0,
      0.4,
      1.0,
      0.6,
      1.0,
      1.0,
      0.8,
      0.8,
      0.8,
      0.0,
      0.5,
      0.0,
      0.8,
      0.2,
      1.0,
      1.0,
      1.0,
      0.8,
      0.0,
      0.5,
      1.0,
      1.0,
      0.6,
      0.9333333333333333,
      1.0,
      1.0,
      1.0,
      0.8
   ]
}