{
   "epoch": 43,
   "batch_train_accuracies": [
      1.0,
      1.0,
      1.0,
      1.0,
      1.0,
      1.0,
      1.0,
      1.0,
      1.0,
      1.0,
      1.0,
      1.0,
      1.0,
      1.0,
      1.0,
      1.0,
      1.0,
      1.0,
      1.0,
      1.0,
      1.0,
      1.0,
      1.0,
      1.0,
      1.0,
      1.0,
      1.0,
      1.0,
      1.0,
      1.0,
      1.0,
      1.0,
      1.0,
      1.0,
      1.0,
      1.0,
      1.0,
      1.0,
      1.0,
      1.0,
      1.0,
      1.0
   ],
   "batch_train_losses": [
      0.1257021129131317,
      0.09228431433439255,
      0.10750123858451843,
      0.10690565407276154,
      0.10236486792564392,
      0.0971546471118927,
      0.08183339983224869,
      0.07324105501174927,
      0.11843805760145187,
      0.11533031612634659,
      0.07913056015968323,
      0.09029443562030792,
      0.10624665021896362,
      0.08867327868938446,
      0.12937459349632263,
      0.08444339781999588,
      0.10114414244890213,
      0.1560870110988617,
      0.07151775062084198,
      0.15713980793952942,
      0.09400288015604019,
      0.10306013375520706,
      0.08633348345756531,
      0.07819220423698425,
      0.10109271854162216,
      0.06482187658548355,
      0.07480744272470474,
      0.0814305767416954,
      0.14426980912685394,
      0.13159330189228058,
      0.10919662564992905,
      0.13228414952754974,
      0.09848398715257645,
      0.10436128079891205,
      0.11281018704175949,
      0.09067649394273758,
      0.08391128480434418,
      0.12929624319076538,
      0.06675258278846741,
      0.06324038654565811,
      0.10108516365289688,
      0.11454632133245468
   ],
   "batch_train_times": [],
   "val_accuracy": 0.8783783783783784,
   "val_loss": 0.5943435084175419,
   "val_accuracy_per_label": [
      1.0,
      1.0,
      1.0,
      0.8,
      0.6,
      0.4,
      0.3333333333333333,
      0.95,
      0.0,
      0.4,
      0.0,
      1.0,
      0.4,
      0.8,
      0.8,
      0.0,
      0.8,
      1.0,
      0.6,
      1.0,
      1.0,
      1.0,
      0.8,
      0.8,
      0.0,
      0.5,
      0.0,
      1.0,
      0.6,
      0.75,
      1.0,
      1.0,
      0.8,
      0.0,
      0.5,
      1.0,
      1.0,
      0.6,
      1.0,
      1.0,
      1.0,
      1.0,
      0.8
   ]
}