{
   "epoch": 31,
   "batch_train_accuracies": [
      1.0,
      1.0,
      1.0,
      1.0,
      1.0,
      1.0,
      1.0,
      1.0,
      1.0,
      1.0,
      0.984375,
      1.0,
      1.0,
      1.0,
      1.0,
      1.0,
      0.984375,
      0.984375,
      1.0,
      1.0,
      1.0,
      1.0,
      0.984375,
      1.0,
      1.0,
      1.0,
      1.0,
      1.0,
      1.0,
      1.0,
      1.0,
      0.96875,
      1.0,
      0.984375,
      1.0,
      1.0,
      1.0,
      1.0,
      1.0,
      1.0,
      1.0,
      1.0
   ],
   "batch_train_losses": [
      0.15554285049438477,
      0.13122870028018951,
      0.19082431495189667,
      0.1549980491399765,
      0.12219735980033875,
      0.127352774143219,
      0.15604974329471588,
      0.17271184921264648,
      0.1294301301240921,
      0.21058502793312073,
      0.18603438138961792,
      0.1793428212404251,
      0.18154530227184296,
      0.1340365707874298,
      0.1152859777212143,
      0.16442757844924927,
      0.22182931005954742,
      0.1725011169910431,
      0.11239476501941681,
      0.13811971247196198,
      0.15182872116565704,
      0.1697402000427246,
      0.1763819456100464,
      0.1484842598438263,
      0.2602884769439697,
      0.12914855778217316,
      0.1662163883447647,
      0.1610647290945053,
      0.14761567115783691,
      0.1713496744632721,
      0.1432478129863739,
      0.16553595662117004,
      0.1914549320936203,
      0.15948796272277832,
      0.15381604433059692,
      0.09454617649316788,
      0.17416070401668549,
      0.1318373680114746,
      0.1416066586971283,
      0.13393837213516235,
      0.14539438486099243,
      0.31186506152153015
   ],
   "batch_train_times": [],
   "val_accuracy": 0.8513513513513513,
   "val_loss": 0.6521604286657797,
   "val_accuracy_per_label": [
      0.9545454545454546,
      1.0,
      1.0,
      0.8,
      0.4,
      0.4,
      0.0,
      0.95,
      0.0,
      1.0,
      0.0,
      1.0,
      0.6,
      0.6,
      0.8,
      0.0,
      0.4,
      1.0,
      0.6,
      1.0,
      1.0,
      1.0,
      0.8,
      0.8,
      0.0,
      0.5,
      0.0,
      0.8,
      0.2,
      1.0,
      1.0,
      1.0,
      0.8,
      0.0,
      0.5,
      1.0,
      1.0,
      0.6,
      0.8666666666666667,
      1.0,
      1.0,
      1.0,
      1.0
   ]
}