{
   "epoch": 42,
   "batch_train_accuracies": [
      0.875,
      0.859375,
      0.84375,
      0.796875,
      0.828125,
      0.84375,
      0.875,
      0.90625,
      0.8125,
      0.875,
      0.875,
      0.859375,
      0.859375,
      0.875,
      0.859375,
      0.9375,
      0.828125,
      0.84375,
      0.859375,
      0.828125,
      0.8125,
      0.828125,
      0.734375,
      0.796875,
      0.890625,
      0.96875,
      0.859375,
      0.8125,
      0.859375,
      0.71875,
      0.71875,
      0.8125,
      0.921875,
      0.84375,
      0.875,
      0.84375,
      0.890625,
      0.875,
      0.78125,
      0.828125,
      0.796875,
      0.875
   ],
   "batch_train_losses": [
      0.9394821524620056,
      0.9521157741546631,
      1.0068045854568481,
      1.019120693206787,
      0.9577810764312744,
      0.9425036311149597,
      0.98430335521698,
      0.8274630904197693,
      1.0373085737228394,
      1.0184887647628784,
      0.9515784382820129,
      0.9760779142379761,
      1.0109416246414185,
      0.9218330979347229,
      0.9818180203437805,
      0.8296860456466675,
      0.9818069934844971,
      0.9307613968849182,
      0.9641764760017395,
      0.9281425476074219,
      0.9941689968109131,
      0.9402149319648743,
      1.02985680103302,
      1.0733946561813354,
      0.8882119059562683,
      0.8820776343345642,
      1.0014010667800903,
      1.0503689050674438,
      0.9966829419136047,
      1.122308373451233,
      1.1337851285934448,
      0.9750503301620483,
      0.9135698080062866,
      1.0407633781433105,
      0.9607987403869629,
      0.9765675663948059,
      0.8478862047195435,
      1.0118104219436646,
      1.1394500732421875,
      0.9127292037010193,
      1.0340650081634521,
      0.9711894392967224
   ],
   "batch_train_times": [],
   "val_accuracy": 0.652027027027027,
   "val_loss": 1.4374809845073804,
   "val_accuracy_per_label": [
      1.0,
      1.0,
      1.0,
      0.8,
      0.4,
      0.0,
      0.0,
      0.95,
      0.0,
      0.0,
      0.0,
      0.6,
      0.0,
      1.0,
      0.8,
      0.0,
      0.0,
      0.0,
      0.2,
      1.0,
      0.8846153846153846,
      0.0,
      0.0,
      0.2,
      0.0,
      0.3,
      0.0,
      0.6,
      0.0,
      0.5,
      0.2,
      1.0,
      0.8,
      0.0,
      0.0,
      1.0,
      0.6,
      0.4,
      0.8666666666666667,
      0.9,
      0.0,
      1.0,
      0.6
   ]
}