{
   "epoch": 9,
   "batch_train_accuracies": [
      0.46875,
      0.546875,
      0.515625,
      0.578125,
      0.46875,
      0.5625,
      0.484375,
      0.609375,
      0.53125,
      0.515625,
      0.53125,
      0.578125,
      0.5,
      0.671875,
      0.671875,
      0.421875,
      0.5625,
      0.515625,
      0.515625,
      0.5,
      0.484375,
      0.65625,
      0.65625,
      0.59375,
      0.546875,
      0.5625,
      0.59375,
      0.515625,
      0.59375,
      0.46875,
      0.40625,
      0.609375,
      0.5625,
      0.59375,
      0.453125,
      0.578125,
      0.59375,
      0.578125,
      0.546875,
      0.515625,
      0.453125,
      0.375
   ],
   "batch_train_losses": [
      2.1249794960021973,
      2.037187337875366,
      2.091296911239624,
      2.006857395172119,
      2.0637290477752686,
      2.076944351196289,
      2.0758228302001953,
      1.7983603477478027,
      2.0195930004119873,
      2.0889627933502197,
      2.0546863079071045,
      2.0430846214294434,
      2.017693042755127,
      1.7803658246994019,
      1.8638759851455688,
      2.1815483570098877,
      2.010815143585205,
      2.118669033050537,
      2.0205719470977783,
      2.2002477645874023,
      2.1206214427948,
      1.8502718210220337,
      1.808716058731079,
      2.024634838104248,
      2.014551877975464,
      1.9452141523361206,
      2.0035994052886963,
      2.05029034614563,
      2.009730100631714,
      2.1384124755859375,
      2.1398777961730957,
      1.8580245971679688,
      1.8290574550628662,
      2.0347447395324707,
      2.141551971435547,
      1.9807038307189941,
      1.8627464771270752,
      2.0346217155456543,
      1.9231138229370117,
      1.972947597503662,
      2.0469305515289307,
      2.060067892074585
   ],
   "batch_train_times": [],
   "val_accuracy": 0.4189189189189189,
   "val_loss": 2.279166305387342,
   "val_accuracy_per_label": [
      1.0,
      0.2,
      0.8333333333333334,
      0.0,
      0.0,
      0.0,
      0.0,
      0.95,
      0.0,
      0.0,
      0.0,
      0.0,
      0.0,
      0.8,
      0.0,
      0.0,
      0.0,
      0.0,
      0.2,
      0.9655172413793104,
      0.4230769230769231,
      0.0,
      0.0,
      0.0,
      0.0,
      0.0,
      0.0,
      0.25,
      0.0,
      0.0,
      0.0,
      0.6,
      0.0,
      0.0,
      0.0,
      0.0,
      0.0,
      0.2,
      0.8666666666666667,
      0.3,
      0.0,
      0.875,
      0.2
   ]
}