{
   "epoch": 28,
   "batch_train_accuracies": [
      0.875,
      0.796875,
      0.890625,
      0.78125,
      0.765625,
      0.703125,
      0.84375,
      0.796875,
      0.859375,
      0.828125,
      0.734375,
      0.703125,
      0.71875,
      0.765625,
      0.765625,
      0.828125,
      0.859375,
      0.71875,
      0.765625,
      0.796875,
      0.796875,
      0.875,
      0.78125,
      0.84375,
      0.921875,
      0.734375,
      0.828125,
      0.78125,
      0.828125,
      0.765625,
      0.765625,
      0.84375,
      0.859375,
      0.703125,
      0.796875,
      0.78125,
      0.8125,
      0.78125,
      0.796875,
      0.8125,
      0.734375,
      0.6875
   ],
   "batch_train_losses": [
      1.0032917261123657,
      1.1781067848205566,
      0.9858525395393372,
      1.183882236480713,
      1.1898534297943115,
      1.2213435173034668,
      1.124725580215454,
      1.2061700820922852,
      1.0281929969787598,
      1.1173994541168213,
      1.2443516254425049,
      1.2848612070083618,
      1.1308869123458862,
      1.207289457321167,
      1.139818787574768,
      1.0395824909210205,
      0.9716734290122986,
      1.1881000995635986,
      1.1713237762451172,
      1.0506082773208618,
      1.1818208694458008,
      0.9969214200973511,
      1.2308560609817505,
      1.0769555568695068,
      0.9188269972801208,
      1.2880527973175049,
      1.1430596113204956,
      1.1843138933181763,
      1.1011706590652466,
      1.2861990928649902,
      1.1761090755462646,
      1.1076369285583496,
      1.1574184894561768,
      1.2067793607711792,
      1.1409326791763306,
      1.1671206951141357,
      1.2368558645248413,
      1.1886801719665527,
      1.1050256490707397,
      1.1931315660476685,
      1.253939151763916,
      1.489449143409729
   ],
   "batch_train_times": [],
   "val_accuracy": 0.6283783783783784,
   "val_loss": 1.6042923862869676,
   "val_accuracy_per_label": [
      1.0,
      1.0,
      1.0,
      0.6,
      0.4,
      0.0,
      0.0,
      0.95,
      0.0,
      0.0,
      0.0,
      0.2,
      0.0,
      1.0,
      0.8,
      0.0,
      0.0,
      0.0,
      0.2,
      1.0,
      0.8846153846153846,
      0.0,
      0.0,
      0.0,
      0.0,
      0.2,
      0.0,
      0.6,
      0.0,
      0.0,
      0.2,
      1.0,
      0.8,
      0.0,
      0.0,
      1.0,
      0.6,
      0.4,
      0.8666666666666667,
      0.9,
      0.0,
      1.0,
      0.6
   ]
}