{
   "epoch": 11,
   "batch_train_accuracies": [
      0.59375,
      0.6875,
      0.53125,
      0.625,
      0.5625,
      0.640625,
      0.609375,
      0.5625,
      0.59375,
      0.546875,
      0.703125,
      0.546875,
      0.609375,
      0.59375,
      0.4375,
      0.609375,
      0.625,
      0.640625,
      0.578125,
      0.703125,
      0.640625,
      0.515625,
      0.515625,
      0.59375,
      0.71875,
      0.5625,
      0.609375,
      0.671875,
      0.671875,
      0.625,
      0.515625,
      0.53125,
      0.640625,
      0.515625,
      0.65625,
      0.578125,
      0.625,
      0.640625,
      0.625,
      0.640625,
      0.59375,
      0.5625
   ],
   "batch_train_losses": [
      1.7544434070587158,
      1.6854954957962036,
      1.8512494564056396,
      1.8427331447601318,
      1.8265693187713623,
      1.7685174942016602,
      1.7668211460113525,
      1.8703029155731201,
      1.9460639953613281,
      1.8179283142089844,
      1.7206207513809204,
      2.048023223876953,
      1.979666829109192,
      2.02234148979187,
      2.043388605117798,
      1.7796061038970947,
      1.8552215099334717,
      1.7824827432632446,
      1.9253666400909424,
      1.5536832809448242,
      1.7294259071350098,
      1.944840908050537,
      1.9052869081497192,
      1.8778384923934937,
      1.636474847793579,
      1.868720293045044,
      1.9057936668395996,
      1.8185564279556274,
      1.714775562286377,
      1.7597800493240356,
      1.8740427494049072,
      1.9317092895507812,
      1.8359272480010986,
      2.000929594039917,
      1.8450523614883423,
      1.8928958177566528,
      1.840440034866333,
      1.7898861169815063,
      1.8265599012374878,
      1.7829903364181519,
      1.8524993658065796,
      1.9804844856262207
   ],
   "batch_train_times": [],
   "val_accuracy": 0.46283783783783783,
   "val_loss": 2.143033485154848,
   "val_accuracy_per_label": [
      1.0,
      0.2,
      0.8333333333333334,
      0.0,
      0.0,
      0.0,
      0.0,
      1.0,
      0.0,
      0.0,
      0.0,
      0.0,
      0.0,
      0.8,
      0.2,
      0.0,
      0.0,
      0.0,
      0.2,
      1.0,
      0.5384615384615384,
      0.0,
      0.0,
      0.0,
      0.0,
      0.0,
      0.0,
      0.3,
      0.0,
      0.0,
      0.0,
      1.0,
      0.0,
      0.0,
      0.0,
      0.0,
      0.2,
      0.4,
      0.8666666666666667,
      0.4,
      0.0,
      1.0,
      0.2
   ]
}