{
   "epoch": 32,
   "batch_train_accuracies": [
      0.78125,
      0.84375,
      0.859375,
      0.84375,
      0.828125,
      0.859375,
      0.796875,
      0.875,
      0.796875,
      0.75,
      0.875,
      0.8125,
      0.71875,
      0.78125,
      0.875,
      0.859375,
      0.859375,
      0.71875,
      0.828125,
      0.890625,
      0.796875,
      0.8125,
      0.78125,
      0.8125,
      0.8125,
      0.796875,
      0.8125,
      0.8125,
      0.828125,
      0.8125,
      0.84375,
      0.84375,
      0.828125,
      0.90625,
      0.6875,
      0.921875,
      0.8125,
      0.828125,
      0.828125,
      0.78125,
      0.859375,
      0.875
   ],
   "batch_train_losses": [
      1.1303513050079346,
      0.9866844415664673,
      1.011817455291748,
      1.056694746017456,
      1.0876520872116089,
      0.9937725067138672,
      1.0886791944503784,
      0.9954549670219421,
      1.0455371141433716,
      1.1782948970794678,
      1.004909873008728,
      1.0504201650619507,
      1.3102540969848633,
      1.165846347808838,
      0.9525408148765564,
      1.0050164461135864,
      0.9965872168540955,
      1.2412630319595337,
      1.096869945526123,
      0.9704514145851135,
      1.0793898105621338,
      1.0562958717346191,
      1.2322719097137451,
      1.1218831539154053,
      1.0790518522262573,
      1.061359167098999,
      1.153625726699829,
      1.1184535026550293,
      0.9716283679008484,
      1.0673867464065552,
      1.0641008615493774,
      1.1005597114562988,
      1.1194473505020142,
      0.98841392993927,
      1.2622640132904053,
      0.9774014949798584,
      1.1556802988052368,
      1.0363714694976807,
      1.1865789890289307,
      1.145724892616272,
      1.0887691974639893,
      1.0429620742797852
   ],
   "batch_train_times": [],
   "val_accuracy": 0.6418918918918919,
   "val_loss": 1.5334510416597933,
   "val_accuracy_per_label": [
      1.0,
      1.0,
      1.0,
      0.8,
      0.4,
      0.0,
      0.0,
      0.95,
      0.0,
      0.0,
      0.0,
      0.4,
      0.0,
      1.0,
      0.8,
      0.0,
      0.0,
      0.0,
      0.4,
      1.0,
      0.8846153846153846,
      0.0,
      0.0,
      0.0,
      0.0,
      0.2,
      0.0,
      0.6,
      0.0,
      0.25,
      0.2,
      1.0,
      0.8,
      0.0,
      0.0,
      1.0,
      0.6,
      0.4,
      0.8666666666666667,
      0.9,
      0.0,
      1.0,
      0.6
   ]
}