{
   "epoch": 30,
   "batch_train_accuracies": [
      0.890625,
      0.71875,
      0.828125,
      0.6875,
      0.765625,
      0.75,
      0.75,
      0.78125,
      0.875,
      0.875,
      0.765625,
      0.765625,
      0.8125,
      0.828125,
      0.859375,
      0.8125,
      0.84375,
      0.796875,
      0.78125,
      0.90625,
      0.796875,
      0.8125,
      0.75,
      0.828125,
      0.890625,
      0.84375,
      0.875,
      0.78125,
      0.84375,
      0.78125,
      0.8125,
      0.8125,
      0.90625,
      0.8125,
      0.875,
      0.828125,
      0.890625,
      0.734375,
      0.828125,
      0.703125,
      0.859375,
      0.875
   ],
   "batch_train_losses": [
      1.091809868812561,
      1.296392798423767,
      1.1415148973464966,
      1.2933988571166992,
      1.1970210075378418,
      1.1611069440841675,
      1.1817022562026978,
      1.1515556573867798,
      1.0257512331008911,
      1.1267201900482178,
      1.3483302593231201,
      1.090442419052124,
      1.1656230688095093,
      1.11648690700531,
      1.0065077543258667,
      1.2391507625579834,
      1.0940637588500977,
      1.1203947067260742,
      1.1026098728179932,
      1.0085200071334839,
      1.0641331672668457,
      1.092077374458313,
      1.2292537689208984,
      1.1465785503387451,
      0.9433324337005615,
      1.0696117877960205,
      1.0347009897232056,
      1.0891597270965576,
      1.1165008544921875,
      1.180400013923645,
      1.1668461561203003,
      1.1082565784454346,
      0.9364368915557861,
      1.0804516077041626,
      0.9527464509010315,
      1.1128637790679932,
      0.9648785591125488,
      1.1564860343933105,
      1.0808014869689941,
      1.3623923063278198,
      0.9880707263946533,
      1.069807767868042
   ],
   "batch_train_times": [],
   "val_accuracy": 0.6418918918918919,
   "val_loss": 1.5538655390610565,
   "val_accuracy_per_label": [
      1.0,
      1.0,
      1.0,
      0.6,
      0.4,
      0.0,
      0.0,
      1.0,
      0.0,
      0.0,
      0.0,
      0.4,
      0.0,
      1.0,
      0.8,
      0.0,
      0.0,
      0.0,
      0.4,
      1.0,
      0.8846153846153846,
      0.0,
      0.0,
      0.0,
      0.0,
      0.2,
      0.0,
      0.6,
      0.0,
      0.25,
      0.2,
      1.0,
      0.8,
      0.0,
      0.0,
      1.0,
      0.6,
      0.4,
      0.8666666666666667,
      0.9,
      0.0,
      1.0,
      0.6
   ]
}