{
   "epoch": 17,
   "batch_train_accuracies": [
      0.796875,
      0.75,
      0.71875,
      0.71875,
      0.734375,
      0.703125,
      0.65625,
      0.734375,
      0.65625,
      0.671875,
      0.828125,
      0.703125,
      0.65625,
      0.640625,
      0.671875,
      0.703125,
      0.859375,
      0.71875,
      0.75,
      0.625,
      0.65625,
      0.75,
      0.75,
      0.671875,
      0.71875,
      0.71875,
      0.640625,
      0.78125,
      0.75,
      0.65625,
      0.78125,
      0.703125,
      0.65625,
      0.796875,
      0.578125,
      0.765625,
      0.796875,
      0.671875,
      0.71875,
      0.796875,
      0.703125,
      0.875
   ],
   "batch_train_losses": [
      1.288960576057434,
      1.386283040046692,
      1.494055986404419,
      1.50764000415802,
      1.4614394903182983,
      1.5568687915802002,
      1.5329619646072388,
      1.5600371360778809,
      1.585321068763733,
      1.580342173576355,
      1.2830835580825806,
      1.3491158485412598,
      1.61966872215271,
      1.5418481826782227,
      1.6313145160675049,
      1.501125454902649,
      1.3334741592407227,
      1.4722591638565063,
      1.3833115100860596,
      1.553040623664856,
      1.5052952766418457,
      1.4871759414672852,
      1.456476092338562,
      1.4602328538894653,
      1.442719578742981,
      1.5713742971420288,
      1.6025786399841309,
      1.4664300680160522,
      1.4446437358856201,
      1.5654797554016113,
      1.3177894353866577,
      1.5603609085083008,
      1.4772937297821045,
      1.3662540912628174,
      1.7307970523834229,
      1.4544265270233154,
      1.4763857126235962,
      1.4780069589614868,
      1.525814414024353,
      1.3207086324691772,
      1.4515560865402222,
      1.3923721313476562
   ],
   "batch_train_times": [],
   "val_accuracy": 0.5405405405405406,
   "val_loss": 1.8581266177667153,
   "val_accuracy_per_label": [
      0.9545454545454546,
      0.4,
      0.8333333333333334,
      0.4,
      0.0,
      0.0,
      0.0,
      1.0,
      0.0,
      0.0,
      0.0,
      0.0,
      0.0,
      1.0,
      0.6,
      0.0,
      0.0,
      0.0,
      0.2,
      1.0,
      0.7307692307692307,
      0.0,
      0.0,
      0.0,
      0.0,
      0.0,
      0.0,
      0.55,
      0.0,
      0.0,
      0.0,
      1.0,
      0.4,
      0.0,
      0.0,
      0.25,
      0.4,
      0.4,
      0.8666666666666667,
      0.7,
      0.0,
      1.0,
      0.4
   ]
}