{
   "epoch": 31,
   "batch_train_accuracies": [
      0.796875,
      0.765625,
      0.796875,
      0.828125,
      0.78125,
      0.859375,
      0.796875,
      0.875,
      0.8125,
      0.734375,
      0.765625,
      0.796875,
      0.921875,
      0.6875,
      0.859375,
      0.828125,
      0.921875,
      0.734375,
      0.8125,
      0.75,
      0.75,
      0.765625,
      0.859375,
      0.828125,
      0.828125,
      0.84375,
      0.765625,
      0.8125,
      0.796875,
      0.828125,
      0.765625,
      0.78125,
      0.84375,
      0.890625,
      0.90625,
      0.765625,
      0.828125,
      0.875,
      0.84375,
      0.78125,
      0.796875,
      0.8125
   ],
   "batch_train_losses": [
      1.0650885105133057,
      1.1324913501739502,
      1.2679376602172852,
      0.9842213988304138,
      1.1864521503448486,
      1.0175048112869263,
      1.1830153465270996,
      1.0252387523651123,
      1.0838223695755005,
      1.179142713546753,
      1.1678457260131836,
      1.0710318088531494,
      0.9737187027931213,
      1.2391160726547241,
      0.9846097230911255,
      1.0758488178253174,
      1.016356110572815,
      1.181056261062622,
      1.0650254487991333,
      1.1223888397216797,
      1.1817364692687988,
      1.0721831321716309,
      0.972449541091919,
      1.0641976594924927,
      0.9890390038490295,
      1.1234475374221802,
      1.2408968210220337,
      1.0945818424224854,
      1.2230178117752075,
      1.0993447303771973,
      1.168344259262085,
      1.13618004322052,
      1.0424096584320068,
      1.0797467231750488,
      1.000282883644104,
      1.1154136657714844,
      0.9733579158782959,
      0.9455936551094055,
      1.018347978591919,
      1.1562024354934692,
      1.2104374170303345,
      1.5049183368682861
   ],
   "batch_train_times": [],
   "val_accuracy": 0.6351351351351351,
   "val_loss": 1.553804561898515,
   "val_accuracy_per_label": [
      1.0,
      0.8,
      1.0,
      0.8,
      0.4,
      0.0,
      0.0,
      0.95,
      0.0,
      0.0,
      0.0,
      0.4,
      0.0,
      1.0,
      0.6,
      0.0,
      0.0,
      0.0,
      0.4,
      0.9655172413793104,
      0.9230769230769231,
      0.0,
      0.0,
      0.0,
      0.0,
      0.2,
      0.0,
      0.6,
      0.0,
      0.25,
      0.2,
      1.0,
      0.8,
      0.0,
      0.0,
      1.0,
      0.6,
      0.4,
      0.8666666666666667,
      0.9,
      0.0,
      1.0,
      0.6
   ]
}