{
   "epoch": 7,
   "batch_train_accuracies": [
      0.578125,
      0.453125,
      0.484375,
      0.53125,
      0.46875,
      0.46875,
      0.5,
      0.4375,
      0.484375,
      0.34375,
      0.453125,
      0.40625,
      0.5625,
      0.453125,
      0.46875,
      0.5,
      0.34375,
      0.484375,
      0.46875,
      0.453125,
      0.390625,
      0.421875,
      0.484375,
      0.453125,
      0.390625,
      0.453125,
      0.5,
      0.4375,
      0.390625,
      0.359375,
      0.46875,
      0.515625,
      0.484375,
      0.40625,
      0.5,
      0.421875,
      0.4375,
      0.390625,
      0.53125,
      0.53125,
      0.4375,
      0.375
   ],
   "batch_train_losses": [
      2.0907950401306152,
      2.3469135761260986,
      2.1290407180786133,
      2.1846609115600586,
      2.1049537658691406,
      2.186030864715576,
      2.126490354537964,
      2.2963414192199707,
      2.2303414344787598,
      2.2593331336975098,
      2.346393346786499,
      2.235945224761963,
      1.9929484128952026,
      2.2776987552642822,
      2.129333734512329,
      2.0844740867614746,
      2.5027449131011963,
      2.1295249462127686,
      2.2018885612487793,
      2.1846425533294678,
      2.3260645866394043,
      2.274995803833008,
      2.275085926055908,
      2.055898904800415,
      2.1988868713378906,
      2.2410366535186768,
      2.1012678146362305,
      2.2258799076080322,
      2.262378215789795,
      2.4883999824523926,
      2.350796699523926,
      2.154320240020752,
      2.166292905807495,
      2.2845468521118164,
      2.1250011920928955,
      2.3345186710357666,
      2.333329439163208,
      2.2312965393066406,
      2.0391318798065186,
      2.0949621200561523,
      2.3193979263305664,
      2.5010175704956055
   ],
   "batch_train_times": [],
   "val_accuracy": 0.36824324324324326,
   "val_loss": 2.4452268561801396,
   "val_accuracy_per_label": [
      1.0,
      0.0,
      0.6666666666666666,
      0.0,
      0.0,
      0.0,
      0.0,
      0.95,
      0.0,
      0.0,
      0.0,
      0.0,
      0.0,
      0.4,
      0.0,
      0.0,
      0.0,
      0.0,
      0.2,
      0.9655172413793104,
      0.23076923076923078,
      0.0,
      0.0,
      0.0,
      0.0,
      0.0,
      0.0,
      0.3,
      0.0,
      0.0,
      0.0,
      0.0,
      0.0,
      0.0,
      0.0,
      0.0,
      0.0,
      0.0,
      0.8,
      0.2,
      0.0,
      0.875,
      0.0
   ]
}