{
   "epoch": 33,
   "batch_train_accuracies": [
      0.875,
      0.8125,
      0.78125,
      0.875,
      0.84375,
      0.875,
      0.859375,
      0.828125,
      0.890625,
      0.765625,
      0.84375,
      0.671875,
      0.828125,
      0.84375,
      0.796875,
      0.859375,
      0.78125,
      0.78125,
      0.828125,
      0.796875,
      0.796875,
      0.84375,
      0.671875,
      0.890625,
      0.84375,
      0.796875,
      0.78125,
      0.796875,
      0.796875,
      0.796875,
      0.875,
      0.84375,
      0.890625,
      0.890625,
      0.875,
      0.84375,
      0.890625,
      0.8125,
      0.8125,
      0.8125,
      0.78125,
      0.875
   ],
   "batch_train_losses": [
      0.9562482833862305,
      1.0890772342681885,
      1.1629970073699951,
      1.0495842695236206,
      0.9778490662574768,
      1.0687228441238403,
      0.9850949048995972,
      1.0595555305480957,
      0.9489539861679077,
      1.1289756298065186,
      1.1041500568389893,
      1.207546353340149,
      1.04572331905365,
      1.0532264709472656,
      1.0453847646713257,
      0.9832890629768372,
      1.1475871801376343,
      1.2398232221603394,
      1.0272794961929321,
      1.2661123275756836,
      1.169421672821045,
      1.0692312717437744,
      1.2593798637390137,
      1.0402756929397583,
      0.9822749495506287,
      1.0773241519927979,
      1.0847200155258179,
      1.0627745389938354,
      1.1866530179977417,
      1.1438602209091187,
      0.9155529737472534,
      1.0447890758514404,
      0.9305728077888489,
      0.9457269310951233,
      0.9979571104049683,
      0.9896930456161499,
      0.9266522526741028,
      1.1668154001235962,
      0.9903451800346375,
      1.1331297159194946,
      1.1138042211532593,
      1.1100722551345825
   ],
   "batch_train_times": [],
   "val_accuracy": 0.6554054054054054,
   "val_loss": 1.5118366834279653,
   "val_accuracy_per_label": [
      1.0,
      1.0,
      1.0,
      0.8,
      0.4,
      0.0,
      0.0,
      0.95,
      0.0,
      0.0,
      0.0,
      0.4,
      0.0,
      1.0,
      0.8,
      0.0,
      0.0,
      0.0,
      0.6,
      1.0,
      0.8461538461538461,
      0.0,
      0.0,
      0.0,
      0.0,
      0.3,
      0.0,
      0.65,
      0.0,
      0.25,
      0.6,
      1.0,
      0.8,
      0.0,
      0.0,
      1.0,
      0.6,
      0.4,
      0.8666666666666667,
      0.9,
      0.0,
      1.0,
      0.6
   ]
}