{
   "epoch": 26,
   "batch_train_accuracies": [
      0.84375,
      0.703125,
      0.90625,
      0.765625,
      0.8125,
      0.828125,
      0.765625,
      0.8125,
      0.75,
      0.828125,
      0.71875,
      0.78125,
      0.828125,
      0.8125,
      0.859375,
      0.71875,
      0.703125,
      0.671875,
      0.90625,
      0.828125,
      0.609375,
      0.890625,
      0.703125,
      0.71875,
      0.828125,
      0.84375,
      0.8125,
      0.875,
      0.796875,
      0.828125,
      0.765625,
      0.734375,
      0.78125,
      0.765625,
      0.8125,
      0.84375,
      0.75,
      0.828125,
      0.765625,
      0.78125,
      0.8125,
      0.9375
   ],
   "batch_train_losses": [
      1.0899009704589844,
      1.3528116941452026,
      0.9290045499801636,
      1.1502918004989624,
      1.1579986810684204,
      1.0888234376907349,
      1.2595280408859253,
      1.2152860164642334,
      1.2339940071105957,
      1.2619118690490723,
      1.410409927368164,
      1.169460415840149,
      1.1962122917175293,
      1.1957916021347046,
      1.0708078145980835,
      1.2243015766143799,
      1.3637908697128296,
      1.324833869934082,
      1.0095669031143188,
      1.1865001916885376,
      1.3656940460205078,
      1.0845074653625488,
      1.365856647491455,
      1.261251449584961,
      1.2283865213394165,
      1.134860634803772,
      1.140377163887024,
      1.1276077032089233,
      1.1509193181991577,
      1.142767071723938,
      1.2285360097885132,
      1.2073144912719727,
      1.1976710557937622,
      1.2471182346343994,
      1.139845848083496,
      1.1685463190078735,
      1.230503797531128,
      1.1052078008651733,
      1.2131725549697876,
      1.290202260017395,
      1.0998140573501587,
      1.3570671081542969
   ],
   "batch_train_times": [],
   "val_accuracy": 0.6283783783783784,
   "val_loss": 1.6140395950626683,
   "val_accuracy_per_label": [
      1.0,
      1.0,
      1.0,
      0.6,
      0.2,
      0.0,
      0.0,
      1.0,
      0.0,
      0.0,
      0.0,
      0.4,
      0.0,
      1.0,
      0.8,
      0.0,
      0.0,
      0.0,
      0.4,
      1.0,
      0.8846153846153846,
      0.0,
      0.0,
      0.0,
      0.0,
      0.1,
      0.0,
      0.55,
      0.0,
      0.0,
      0.0,
      1.0,
      0.8,
      0.0,
      0.0,
      1.0,
      0.6,
      0.4,
      0.9333333333333333,
      0.9,
      0.0,
      1.0,
      0.6
   ]
}