{
   "epoch": 48,
   "batch_train_accuracies": [
      0.90625,
      0.859375,
      0.8125,
      0.828125,
      0.859375,
      0.859375,
      0.78125,
      0.875,
      0.8125,
      0.828125,
      0.859375,
      0.90625,
      0.828125,
      0.84375,
      0.828125,
      0.859375,
      0.84375,
      0.828125,
      0.859375,
      0.828125,
      0.84375,
      0.953125,
      0.890625,
      0.96875,
      0.875,
      0.84375,
      0.921875,
      0.796875,
      0.90625,
      0.90625,
      0.890625,
      0.890625,
      0.8125,
      0.859375,
      0.90625,
      0.890625,
      0.8125,
      0.890625,
      0.84375,
      0.828125,
      0.9375,
      0.75
   ],
   "batch_train_losses": [
      0.9011954069137573,
      0.9553632140159607,
      1.048147201538086,
      0.9471797347068787,
      1.0100111961364746,
      0.9055027961730957,
      1.022173285484314,
      0.901078462600708,
      1.0451972484588623,
      0.9833452105522156,
      0.9802871942520142,
      0.8765184283256531,
      1.0142954587936401,
      0.9401087760925293,
      0.9641669988632202,
      0.9282357692718506,
      0.9802724123001099,
      0.9956082701683044,
      0.882146418094635,
      1.0946364402770996,
      0.9598915576934814,
      0.8121928572654724,
      0.8654505014419556,
      0.7590660452842712,
      0.8848862648010254,
      0.9914012551307678,
      0.8219921588897705,
      1.009761929512024,
      0.8465084433555603,
      0.8691014647483826,
      0.8829939961433411,
      0.8104093074798584,
      0.9294178485870361,
      0.982904851436615,
      0.8731074333190918,
      0.8659332394599915,
      1.0162479877471924,
      0.9712639451026917,
      0.9112133383750916,
      0.9149758815765381,
      0.7698212265968323,
      1.2046313285827637
   ],
   "batch_train_times": [],
   "val_accuracy": 0.6722972972972973,
   "val_loss": 1.415109792271176,
   "val_accuracy_per_label": [
      1.0,
      1.0,
      1.0,
      0.8,
      0.4,
      0.0,
      0.0,
      0.95,
      0.0,
      0.0,
      0.0,
      0.6,
      0.0,
      1.0,
      0.8,
      0.0,
      0.0,
      0.0,
      0.6,
      0.9655172413793104,
      0.8846153846153846,
      0.0,
      0.0,
      0.2,
      0.0,
      0.3,
      0.0,
      0.65,
      0.0,
      0.5,
      0.6,
      1.0,
      0.8,
      0.0,
      0.25,
      1.0,
      0.6,
      0.4,
      0.9333333333333333,
      0.9,
      0.0,
      1.0,
      0.6
   ]
}