{
   "epoch": 15,
   "batch_train_accuracies": [
      0.6875,
      0.703125,
      0.765625,
      0.6875,
      0.75,
      0.671875,
      0.609375,
      0.671875,
      0.640625,
      0.671875,
      0.71875,
      0.65625,
      0.609375,
      0.796875,
      0.734375,
      0.671875,
      0.703125,
      0.65625,
      0.5625,
      0.6875,
      0.6875,
      0.765625,
      0.734375,
      0.640625,
      0.65625,
      0.671875,
      0.734375,
      0.65625,
      0.65625,
      0.6875,
      0.6875,
      0.765625,
      0.609375,
      0.796875,
      0.625,
      0.78125,
      0.578125,
      0.625,
      0.71875,
      0.8125,
      0.6875,
      0.625
   ],
   "batch_train_losses": [
      1.6586178541183472,
      1.5664929151535034,
      1.5152390003204346,
      1.5753566026687622,
      1.4674646854400635,
      1.5490061044692993,
      1.650051474571228,
      1.655199646949768,
      1.7133455276489258,
      1.5987186431884766,
      1.4017103910446167,
      1.5426119565963745,
      1.7967264652252197,
      1.4254708290100098,
      1.5180374383926392,
      1.6171181201934814,
      1.6064660549163818,
      1.6497687101364136,
      1.6390318870544434,
      1.621800422668457,
      1.6138641834259033,
      1.3909746408462524,
      1.5057071447372437,
      1.6765234470367432,
      1.6240307092666626,
      1.6386662721633911,
      1.6019682884216309,
      1.5996942520141602,
      1.6809061765670776,
      1.550054907798767,
      1.63486909866333,
      1.5398317575454712,
      1.5981414318084717,
      1.4022148847579956,
      1.6756333112716675,
      1.489256501197815,
      1.6739561557769775,
      1.591066598892212,
      1.520512580871582,
      1.4459494352340698,
      1.5330781936645508,
      1.6935975551605225
   ],
   "batch_train_times": [],
   "val_accuracy": 0.5202702702702703,
   "val_loss": 1.927356742523812,
   "val_accuracy_per_label": [
      1.0,
      0.4,
      0.8333333333333334,
      0.4,
      0.0,
      0.0,
      0.0,
      1.0,
      0.0,
      0.0,
      0.0,
      0.0,
      0.0,
      1.0,
      0.4,
      0.0,
      0.0,
      0.0,
      0.2,
      1.0,
      0.7307692307692307,
      0.0,
      0.0,
      0.0,
      0.0,
      0.0,
      0.0,
      0.25,
      0.0,
      0.0,
      0.0,
      1.0,
      0.4,
      0.0,
      0.0,
      0.0,
      0.8,
      0.4,
      0.8666666666666667,
      0.6,
      0.0,
      1.0,
      0.4
   ]
}