{
   "epoch": 16,
   "batch_train_accuracies": [
      0.75,
      0.59375,
      0.6875,
      0.75,
      0.65625,
      0.640625,
      0.78125,
      0.671875,
      0.6875,
      0.796875,
      0.65625,
      0.671875,
      0.765625,
      0.671875,
      0.703125,
      0.71875,
      0.75,
      0.78125,
      0.640625,
      0.75,
      0.71875,
      0.75,
      0.6875,
      0.65625,
      0.78125,
      0.65625,
      0.703125,
      0.6875,
      0.625,
      0.703125,
      0.71875,
      0.625,
      0.703125,
      0.703125,
      0.625,
      0.6875,
      0.703125,
      0.703125,
      0.734375,
      0.765625,
      0.6875,
      0.5625
   ],
   "batch_train_losses": [
      1.5418004989624023,
      1.6537047624588013,
      1.6755378246307373,
      1.4745550155639648,
      1.6217114925384521,
      1.5438761711120605,
      1.3849095106124878,
      1.4974391460418701,
      1.567884087562561,
      1.4635074138641357,
      1.5980963706970215,
      1.621572494506836,
      1.3920243978500366,
      1.6565444469451904,
      1.5889405012130737,
      1.538743495941162,
      1.4700603485107422,
      1.4746479988098145,
      1.5901658535003662,
      1.4675352573394775,
      1.4964988231658936,
      1.3689136505126953,
      1.5080528259277344,
      1.5166680812835693,
      1.4220036268234253,
      1.5402203798294067,
      1.4816944599151611,
      1.484946846961975,
      1.519723653793335,
      1.5290299654006958,
      1.4397813081741333,
      1.6927869319915771,
      1.4801850318908691,
      1.5472123622894287,
      1.645341157913208,
      1.5963609218597412,
      1.6041799783706665,
      1.5184894800186157,
      1.309875726699829,
      1.3873224258422852,
      1.5243191719055176,
      1.8818215131759644
   ],
   "batch_train_times": [],
   "val_accuracy": 0.5506756756756757,
   "val_loss": 1.8851785595352586,
   "val_accuracy_per_label": [
      1.0,
      0.6,
      1.0,
      0.2,
      0.0,
      0.0,
      0.0,
      1.0,
      0.0,
      0.0,
      0.0,
      0.0,
      0.0,
      1.0,
      0.6,
      0.0,
      0.0,
      0.0,
      0.2,
      1.0,
      0.7307692307692307,
      0.0,
      0.0,
      0.0,
      0.0,
      0.0,
      0.0,
      0.5,
      0.0,
      0.0,
      0.0,
      1.0,
      0.6,
      0.0,
      0.0,
      0.25,
      0.6,
      0.4,
      0.8666666666666667,
      0.6,
      0.0,
      1.0,
      0.6
   ]
}