{
   "epoch": 18,
   "batch_train_accuracies": [
      0.734375,
      0.75,
      0.765625,
      0.75,
      0.6875,
      0.71875,
      0.703125,
      0.71875,
      0.65625,
      0.671875,
      0.71875,
      0.796875,
      0.75,
      0.671875,
      0.703125,
      0.734375,
      0.703125,
      0.546875,
      0.6875,
      0.71875,
      0.734375,
      0.671875,
      0.78125,
      0.671875,
      0.625,
      0.796875,
      0.765625,
      0.765625,
      0.703125,
      0.71875,
      0.703125,
      0.765625,
      0.75,
      0.75,
      0.734375,
      0.6875,
      0.78125,
      0.578125,
      0.8125,
      0.796875,
      0.703125,
      0.625
   ],
   "batch_train_losses": [
      1.390005350112915,
      1.3417017459869385,
      1.398413062095642,
      1.3653827905654907,
      1.5388060808181763,
      1.4578243494033813,
      1.5789679288864136,
      1.4181917905807495,
      1.6197865009307861,
      1.5547384023666382,
      1.4425441026687622,
      1.3353374004364014,
      1.4471890926361084,
      1.5370265245437622,
      1.4662796258926392,
      1.4974191188812256,
      1.4515677690505981,
      1.5879065990447998,
      1.5961670875549316,
      1.4363515377044678,
      1.4080291986465454,
      1.4983088970184326,
      1.3510749340057373,
      1.5015525817871094,
      1.5919177532196045,
      1.3781455755233765,
      1.38035249710083,
      1.2677069902420044,
      1.499845266342163,
      1.3960254192352295,
      1.5261117219924927,
      1.2982463836669922,
      1.3072240352630615,
      1.358352780342102,
      1.316887617111206,
      1.5844393968582153,
      1.283137321472168,
      1.5441291332244873,
      1.2271595001220703,
      1.289456844329834,
      1.55160653591156,
      1.3419997692108154
   ],
   "batch_train_times": [],
   "val_accuracy": 0.5675675675675675,
   "val_loss": 1.8204386943095439,
   "val_accuracy_per_label": [
      1.0,
      0.8,
      0.8333333333333334,
      0.6,
      0.0,
      0.0,
      0.0,
      1.0,
      0.0,
      0.0,
      0.0,
      0.2,
      0.0,
      1.0,
      0.6,
      0.0,
      0.0,
      0.0,
      0.4,
      1.0,
      0.7692307692307693,
      0.0,
      0.0,
      0.0,
      0.0,
      0.0,
      0.0,
      0.4,
      0.0,
      0.0,
      0.0,
      1.0,
      0.8,
      0.0,
      0.0,
      0.25,
      0.6,
      0.4,
      0.8666666666666667,
      0.7,
      0.0,
      1.0,
      0.6
   ]
}