{
   "epoch": 38,
   "batch_train_accuracies": [
      0.796875,
      0.921875,
      0.890625,
      0.875,
      0.875,
      0.84375,
      0.890625,
      0.859375,
      0.8125,
      0.828125,
      0.890625,
      0.828125,
      0.828125,
      0.75,
      0.859375,
      0.859375,
      0.859375,
      0.765625,
      0.796875,
      0.78125,
      0.796875,
      0.828125,
      0.78125,
      0.796875,
      0.875,
      0.90625,
      0.84375,
      0.828125,
      0.875,
      0.8125,
      0.828125,
      0.734375,
      0.859375,
      0.859375,
      0.796875,
      0.875,
      0.859375,
      0.828125,
      0.84375,
      0.8125,
      0.8125,
      0.9375
   ],
   "batch_train_losses": [
      1.082673192024231,
      0.9147561192512512,
      0.9709120988845825,
      0.8895507454872131,
      1.03449285030365,
      0.9157792329788208,
      0.9309035539627075,
      1.0997564792633057,
      1.0350114107131958,
      1.0495730638504028,
      0.980480968952179,
      0.9678825736045837,
      0.994430422782898,
      1.119081974029541,
      0.9716029167175293,
      0.8991672396659851,
      0.9826412200927734,
      1.1552023887634277,
      1.072157621383667,
      0.9968926906585693,
      0.9571087956428528,
      1.0963659286499023,
      1.0445547103881836,
      1.0587327480316162,
      0.9320301413536072,
      0.9798779487609863,
      0.9570333361625671,
      0.9410048723220825,
      0.9562833905220032,
      1.015418529510498,
      1.027767300605774,
      1.168949842453003,
      0.9763278365135193,
      0.9841544032096863,
      1.0083544254302979,
      0.9069592356681824,
      0.9621164798736572,
      1.0278615951538086,
      0.9945106506347656,
      0.9937866926193237,
      1.1105185747146606,
      1.0370640754699707
   ],
   "batch_train_times": [],
   "val_accuracy": 0.652027027027027,
   "val_loss": 1.479584146190334,
   "val_accuracy_per_label": [
      1.0,
      1.0,
      1.0,
      0.6,
      0.4,
      0.0,
      0.0,
      1.0,
      0.0,
      0.0,
      0.0,
      0.6,
      0.0,
      1.0,
      0.8,
      0.0,
      0.0,
      0.0,
      0.6,
      1.0,
      0.9230769230769231,
      0.0,
      0.0,
      0.2,
      0.0,
      0.3,
      0.0,
      0.45,
      0.0,
      0.5,
      0.2,
      1.0,
      0.8,
      0.0,
      0.0,
      1.0,
      0.6,
      0.4,
      0.8666666666666667,
      0.9,
      0.0,
      1.0,
      0.6
   ]
}