{
   "epoch": 37,
   "batch_train_accuracies": [
      0.734375,
      0.859375,
      0.796875,
      0.90625,
      0.75,
      0.84375,
      0.703125,
      0.890625,
      0.8125,
      0.828125,
      0.875,
      0.9375,
      0.765625,
      0.84375,
      0.890625,
      0.796875,
      0.796875,
      0.84375,
      0.78125,
      0.796875,
      0.8125,
      0.84375,
      0.875,
      0.890625,
      0.8125,
      0.921875,
      0.765625,
      0.8125,
      0.84375,
      0.84375,
      0.796875,
      0.8125,
      0.828125,
      0.859375,
      0.875,
      0.78125,
      0.84375,
      0.8125,
      0.875,
      0.796875,
      0.84375,
      0.75
   ],
   "batch_train_losses": [
      1.135858416557312,
      0.8940231800079346,
      0.9840407967567444,
      0.8894457221031189,
      1.159279465675354,
      0.9246993064880371,
      1.1990389823913574,
      0.9275758862495422,
      1.0438984632492065,
      1.1203187704086304,
      0.9268534779548645,
      0.8666099309921265,
      1.0584255456924438,
      0.8880069255828857,
      0.893109917640686,
      1.1730185747146606,
      1.1821433305740356,
      0.998194694519043,
      1.0388476848602295,
      1.0527445077896118,
      1.1477364301681519,
      1.0395290851593018,
      0.9169243574142456,
      1.065678358078003,
      1.0126368999481201,
      0.8861916661262512,
      1.1690062284469604,
      1.0565950870513916,
      1.0409092903137207,
      1.0134810209274292,
      1.1033728122711182,
      1.0236281156539917,
      0.928348958492279,
      0.9238263964653015,
      0.9173352718353271,
      1.008935809135437,
      1.021708607673645,
      1.004827618598938,
      0.894463300704956,
      1.0028589963912964,
      1.0731890201568604,
      1.2024195194244385
   ],
   "batch_train_times": [],
   "val_accuracy": 0.6621621621621622,
   "val_loss": 1.4733933274810378,
   "val_accuracy_per_label": [
      1.0,
      1.0,
      1.0,
      0.8,
      0.4,
      0.0,
      0.0,
      0.95,
      0.0,
      0.0,
      0.0,
      0.4,
      0.0,
      1.0,
      0.8,
      0.0,
      0.0,
      0.0,
      0.6,
      1.0,
      0.8846153846153846,
      0.0,
      0.0,
      0.0,
      0.0,
      0.3,
      0.0,
      0.6,
      0.0,
      0.5,
      0.6,
      1.0,
      0.8,
      0.0,
      0.0,
      1.0,
      0.8,
      0.4,
      0.8666666666666667,
      0.9,
      0.0,
      1.0,
      0.6
   ]
}