{
   "epoch": 10,
   "batch_train_accuracies": [
      0.546875,
      0.546875,
      0.640625,
      0.71875,
      0.65625,
      0.609375,
      0.640625,
      0.546875,
      0.578125,
      0.59375,
      0.625,
      0.5625,
      0.59375,
      0.46875,
      0.625,
      0.546875,
      0.6875,
      0.359375,
      0.671875,
      0.640625,
      0.515625,
      0.59375,
      0.671875,
      0.75,
      0.671875,
      0.484375,
      0.53125,
      0.515625,
      0.65625,
      0.5625,
      0.4375,
      0.53125,
      0.546875,
      0.453125,
      0.484375,
      0.546875,
      0.609375,
      0.453125,
      0.484375,
      0.546875,
      0.640625,
      0.8125
   ],
   "batch_train_losses": [
      1.9801782369613647,
      1.9898948669433594,
      1.8394925594329834,
      1.7105917930603027,
      1.960758924484253,
      1.8842122554779053,
      1.8641139268875122,
      1.9744232892990112,
      1.9713784456253052,
      1.894311785697937,
      1.7768681049346924,
      1.9627989530563354,
      1.8151177167892456,
      1.9849358797073364,
      1.8010038137435913,
      1.9361425638198853,
      1.765547752380371,
      2.3100454807281494,
      1.8318734169006348,
      1.7383543252944946,
      2.0727522373199463,
      1.9070388078689575,
      1.7518559694290161,
      1.670325517654419,
      1.832790732383728,
      2.0539166927337646,
      1.9375367164611816,
      1.9497098922729492,
      1.7102762460708618,
      1.9618433713912964,
      2.0578713417053223,
      2.004363536834717,
      1.8494703769683838,
      2.040942907333374,
      2.079885244369507,
      1.9574462175369263,
      1.8052682876586914,
      2.056068181991577,
      2.147955894470215,
      1.9714093208312988,
      1.8403395414352417,
      1.5661814212799072
   ],
   "batch_train_times": [],
   "val_accuracy": 0.4560810810810811,
   "val_loss": 2.206950619414046,
   "val_accuracy_per_label": [
      1.0,
      0.2,
      0.8333333333333334,
      0.0,
      0.0,
      0.0,
      0.0,
      1.0,
      0.0,
      0.0,
      0.0,
      0.0,
      0.0,
      0.8,
      0.0,
      0.0,
      0.0,
      0.0,
      0.2,
      1.0,
      0.5,
      0.0,
      0.0,
      0.0,
      0.0,
      0.0,
      0.0,
      0.35,
      0.0,
      0.0,
      0.0,
      0.6,
      0.0,
      0.0,
      0.0,
      0.0,
      0.2,
      0.4,
      0.8666666666666667,
      0.5,
      0.0,
      1.0,
      0.2
   ]
}