{
   "epoch": 12,
   "batch_train_accuracies": [
      0.609375,
      0.6875,
      0.59375,
      0.59375,
      0.515625,
      0.71875,
      0.59375,
      0.6875,
      0.65625,
      0.546875,
      0.453125,
      0.734375,
      0.515625,
      0.578125,
      0.609375,
      0.609375,
      0.625,
      0.578125,
      0.578125,
      0.59375,
      0.6875,
      0.671875,
      0.5,
      0.65625,
      0.53125,
      0.671875,
      0.65625,
      0.65625,
      0.734375,
      0.671875,
      0.6875,
      0.640625,
      0.625,
      0.734375,
      0.5625,
      0.59375,
      0.671875,
      0.703125,
      0.65625,
      0.546875,
      0.671875,
      0.5625
   ],
   "batch_train_losses": [
      1.8410313129425049,
      1.5424953699111938,
      1.849196195602417,
      1.9311720132827759,
      1.9217290878295898,
      1.6064404249191284,
      1.9220607280731201,
      1.7477750778198242,
      1.6304818391799927,
      1.8907270431518555,
      1.9297947883605957,
      1.567152738571167,
      1.8233416080474854,
      1.9353647232055664,
      1.6981995105743408,
      1.7482818365097046,
      1.7869991064071655,
      1.8337584733963013,
      1.9827017784118652,
      1.831712007522583,
      1.6291594505310059,
      1.674110770225525,
      1.8330318927764893,
      1.7805302143096924,
      1.8922170400619507,
      1.7686123847961426,
      1.6651006937026978,
      1.6898846626281738,
      1.592382788658142,
      1.721679449081421,
      1.7336628437042236,
      1.7488770484924316,
      1.760235071182251,
      1.6065239906311035,
      1.8559998273849487,
      1.8578051328659058,
      1.76943039894104,
      1.6704367399215698,
      1.670194387435913,
      1.837723731994629,
      1.7018617391586304,
      1.6586966514587402
   ],
   "batch_train_times": [],
   "val_accuracy": 0.48986486486486486,
   "val_loss": 2.0804672466742025,
   "val_accuracy_per_label": [
      1.0,
      0.2,
      0.8333333333333334,
      0.0,
      0.0,
      0.0,
      0.0,
      1.0,
      0.0,
      0.0,
      0.0,
      0.0,
      0.0,
      0.8,
      0.2,
      0.0,
      0.0,
      0.0,
      0.2,
      1.0,
      0.6538461538461539,
      0.0,
      0.0,
      0.0,
      0.0,
      0.0,
      0.0,
      0.4,
      0.0,
      0.0,
      0.0,
      1.0,
      0.0,
      0.0,
      0.0,
      0.0,
      0.4,
      0.4,
      0.8666666666666667,
      0.6,
      0.0,
      1.0,
      0.2
   ]
}