{
   "epoch": 8,
   "batch_train_accuracies": [
      0.46875,
      0.515625,
      0.515625,
      0.546875,
      0.515625,
      0.609375,
      0.5,
      0.5,
      0.453125,
      0.453125,
      0.421875,
      0.59375,
      0.515625,
      0.46875,
      0.3125,
      0.46875,
      0.484375,
      0.46875,
      0.578125,
      0.59375,
      0.546875,
      0.390625,
      0.5,
      0.578125,
      0.59375,
      0.515625,
      0.546875,
      0.578125,
      0.46875,
      0.5,
      0.65625,
      0.40625,
      0.546875,
      0.5625,
      0.546875,
      0.625,
      0.546875,
      0.609375,
      0.546875,
      0.46875,
      0.453125,
      0.5625
   ],
   "batch_train_losses": [
      2.202065944671631,
      2.0949556827545166,
      2.0488970279693604,
      2.008073568344116,
      1.9902359247207642,
      2.044600248336792,
      2.262723922729492,
      2.0826287269592285,
      2.2888681888580322,
      2.3455703258514404,
      2.178184747695923,
      2.000231981277466,
      2.2008426189422607,
      2.3116037845611572,
      2.442100763320923,
      2.2742598056793213,
      2.2211928367614746,
      2.1780507564544678,
      2.027719259262085,
      2.0357563495635986,
      1.9094873666763306,
      2.2390191555023193,
      2.0966687202453613,
      1.821612000465393,
      2.0495011806488037,
      2.14754581451416,
      2.034925699234009,
      2.03964900970459,
      2.3436965942382812,
      2.223017454147339,
      1.905150055885315,
      2.343722343444824,
      1.9798294305801392,
      1.922743797302246,
      2.0114078521728516,
      1.8629395961761475,
      2.0543057918548584,
      1.9426840543746948,
      2.048494338989258,
      2.290522813796997,
      2.1257128715515137,
      2.086833953857422
   ],
   "batch_train_times": [],
   "val_accuracy": 0.40202702702702703,
   "val_loss": 2.352161317258268,
   "val_accuracy_per_label": [
      1.0,
      0.0,
      0.8333333333333334,
      0.0,
      0.0,
      0.0,
      0.0,
      0.95,
      0.0,
      0.0,
      0.0,
      0.0,
      0.0,
      0.6,
      0.0,
      0.0,
      0.0,
      0.0,
      0.2,
      0.9655172413793104,
      0.4230769230769231,
      0.0,
      0.0,
      0.0,
      0.0,
      0.0,
      0.0,
      0.35,
      0.0,
      0.0,
      0.0,
      0.2,
      0.0,
      0.0,
      0.0,
      0.0,
      0.0,
      0.2,
      0.8,
      0.2,
      0.0,
      0.875,
      0.0
   ]
}