{
   "epoch": 14,
   "batch_train_accuracies": [
      0.5625,
      0.6875,
      0.59375,
      0.734375,
      0.796875,
      0.671875,
      0.65625,
      0.71875,
      0.765625,
      0.71875,
      0.609375,
      0.703125,
      0.71875,
      0.640625,
      0.671875,
      0.65625,
      0.75,
      0.71875,
      0.625,
      0.640625,
      0.734375,
      0.59375,
      0.6875,
      0.671875,
      0.609375,
      0.578125,
      0.78125,
      0.609375,
      0.625,
      0.703125,
      0.734375,
      0.71875,
      0.65625,
      0.65625,
      0.75,
      0.6875,
      0.734375,
      0.6875,
      0.703125,
      0.65625,
      0.765625,
      0.4375
   ],
   "batch_train_losses": [
      1.788170576095581,
      1.5925322771072388,
      1.750976800918579,
      1.5194846391677856,
      1.4780945777893066,
      1.6859368085861206,
      1.6221435070037842,
      1.6443142890930176,
      1.5273382663726807,
      1.7121833562850952,
      1.7111932039260864,
      1.7014434337615967,
      1.5520027875900269,
      1.724008560180664,
      1.5835859775543213,
      1.721948504447937,
      1.5940860509872437,
      1.6599736213684082,
      1.7852171659469604,
      1.6097209453582764,
      1.4877383708953857,
      1.6485110521316528,
      1.5691932439804077,
      1.710471272468567,
      1.7397565841674805,
      1.7597498893737793,
      1.461493968963623,
      1.8309600353240967,
      1.6539955139160156,
      1.638841152191162,
      1.555282711982727,
      1.5169727802276611,
      1.685607671737671,
      1.6971135139465332,
      1.473482370376587,
      1.5251264572143555,
      1.486223578453064,
      1.721635341644287,
      1.6130547523498535,
      1.7931571006774902,
      1.5545021295547485,
      1.8594844341278076
   ],
   "batch_train_times": [],
   "val_accuracy": 0.4966216216216216,
   "val_loss": 1.9723846268009495,
   "val_accuracy_per_label": [
      1.0,
      0.4,
      0.8333333333333334,
      0.0,
      0.0,
      0.0,
      0.0,
      1.0,
      0.0,
      0.0,
      0.0,
      0.0,
      0.0,
      1.0,
      0.6,
      0.0,
      0.0,
      0.0,
      0.2,
      1.0,
      0.5769230769230769,
      0.0,
      0.0,
      0.0,
      0.0,
      0.0,
      0.0,
      0.25,
      0.0,
      0.0,
      0.0,
      1.0,
      0.4,
      0.0,
      0.0,
      0.0,
      0.4,
      0.4,
      0.8666666666666667,
      0.6,
      0.0,
      1.0,
      0.4
   ]
}