{
   "epoch": 47,
   "batch_train_accuracies": [
      0.84375,
      0.859375,
      0.859375,
      0.9375,
      0.765625,
      0.859375,
      0.875,
      0.890625,
      0.875,
      0.890625,
      0.875,
      0.921875,
      0.84375,
      0.921875,
      0.921875,
      0.84375,
      0.78125,
      0.875,
      0.84375,
      0.890625,
      0.890625,
      0.875,
      0.796875,
      0.9375,
      0.875,
      0.84375,
      0.796875,
      0.890625,
      0.890625,
      0.875,
      0.90625,
      0.90625,
      0.90625,
      0.875,
      0.875,
      0.84375,
      0.859375,
      0.75,
      0.90625,
      0.875,
      0.796875,
      1.0
   ],
   "batch_train_losses": [
      0.9849547743797302,
      0.9199582934379578,
      0.8843205571174622,
      0.8099484443664551,
      1.0775796175003052,
      0.9491473436355591,
      0.9251518845558167,
      0.9582251906394958,
      0.9690532684326172,
      0.8888932466506958,
      0.9084431529045105,
      0.8659744262695312,
      0.9736961126327515,
      0.8646935224533081,
      0.9082238674163818,
      1.1141477823257446,
      1.074118971824646,
      0.8064057230949402,
      0.8831539154052734,
      0.8262847661972046,
      0.8786311745643616,
      0.9072783589363098,
      1.049896001815796,
      0.8249756097793579,
      0.895616888999939,
      0.9492865204811096,
      1.0405373573303223,
      0.8988571166992188,
      0.9040877819061279,
      0.881209135055542,
      0.8800047039985657,
      0.9388786554336548,
      0.851039469242096,
      0.9634585976600647,
      0.9843573570251465,
      1.007859230041504,
      0.9508858323097229,
      1.0753661394119263,
      0.8462993502616882,
      0.9958033561706543,
      0.9973082542419434,
      0.848045289516449
   ],
   "batch_train_times": [],
   "val_accuracy": 0.6621621621621622,
   "val_loss": 1.4301647527797803,
   "val_accuracy_per_label": [
      1.0,
      0.8,
      1.0,
      0.8,
      0.4,
      0.0,
      0.0,
      0.95,
      0.0,
      0.0,
      0.0,
      0.6,
      0.0,
      1.0,
      0.8,
      0.0,
      0.0,
      0.0,
      0.4,
      1.0,
      0.9230769230769231,
      0.0,
      0.0,
      0.2,
      0.0,
      0.3,
      0.0,
      0.55,
      0.0,
      0.5,
      0.6,
      1.0,
      0.8,
      0.0,
      0.25,
      1.0,
      0.6,
      0.4,
      0.8666666666666667,
      0.9,
      0.0,
      1.0,
      0.6
   ]
}