{
   "epoch": 6,
   "batch_train_accuracies": [
      0.453125,
      0.5,
      0.46875,
      0.515625,
      0.484375,
      0.484375,
      0.46875,
      0.453125,
      0.609375,
      0.4375,
      0.390625,
      0.375,
      0.53125,
      0.5,
      0.453125,
      0.59375,
      0.546875,
      0.546875,
      0.640625,
      0.46875,
      0.5625,
      0.46875,
      0.4375,
      0.4375,
      0.453125,
      0.390625,
      0.515625,
      0.546875,
      0.53125,
      0.484375,
      0.5625,
      0.515625,
      0.453125,
      0.453125,
      0.484375,
      0.546875,
      0.546875,
      0.546875,
      0.53125,
      0.5,
      0.34375,
      0.5625
   ],
   "batch_train_losses": [
      2.14493989944458,
      2.0875046253204346,
      2.0732102394104004,
      2.035768747329712,
      2.0162854194641113,
      2.055410385131836,
      2.0698885917663574,
      2.2015256881713867,
      1.9352530241012573,
      2.1176364421844482,
      2.2216434478759766,
      2.304844617843628,
      2.002760171890259,
      2.06001877784729,
      2.0958364009857178,
      1.94066321849823,
      2.1115543842315674,
      1.9127545356750488,
      1.830903172492981,
      2.109727621078491,
      1.887285828590393,
      2.0759127140045166,
      2.2071542739868164,
      2.178248882293701,
      2.135331869125366,
      2.224093437194824,
      2.0148143768310547,
      1.9457157850265503,
      2.0307791233062744,
      1.9538910388946533,
      1.9227105379104614,
      1.9567034244537354,
      2.0311362743377686,
      2.112046480178833,
      1.9959932565689087,
      1.9058221578598022,
      1.911224365234375,
      2.1793065071105957,
      2.002185821533203,
      1.9170869588851929,
      2.2620811462402344,
      2.0722525119781494
   ],
   "batch_train_times": [],
   "val_accuracy": 0.3547297297297297,
   "val_loss": 2.4468747602926717,
   "val_accuracy_per_label": [
      0.8181818181818182,
      0.0,
      0.0,
      0.0,
      0.2,
      0.2,
      0.0,
      0.7,
      0.0,
      0.0,
      0.0,
      0.0,
      0.0,
      0.0,
      0.0,
      0.0,
      0.0,
      0.0,
      0.8,
      0.7931034482758621,
      0.7307692307692307,
      0.0,
      0.0,
      0.0,
      0.0,
      0.0,
      0.0,
      0.7,
      0.0,
      0.0,
      0.0,
      0.0,
      0.0,
      0.0,
      0.0,
      0.0,
      0.0,
      0.0,
      0.3333333333333333,
      0.1,
      0.0,
      0.625,
      0.0
   ]
}