{
   "epoch": 10,
   "batch_train_accuracies": [
      0.671875,
      0.578125,
      0.53125,
      0.65625,
      0.5625,
      0.6875,
      0.53125,
      0.578125,
      0.515625,
      0.484375,
      0.4375,
      0.515625,
      0.609375,
      0.6875,
      0.5,
      0.640625,
      0.53125,
      0.609375,
      0.671875,
      0.578125,
      0.625,
      0.640625,
      0.5625,
      0.5625,
      0.546875,
      0.671875,
      0.578125,
      0.59375,
      0.6875,
      0.59375,
      0.59375,
      0.5,
      0.640625,
      0.59375,
      0.609375,
      0.625,
      0.5625,
      0.578125,
      0.609375,
      0.53125,
      0.546875,
      0.6875
   ],
   "batch_train_losses": [
      1.5950415134429932,
      1.6010154485702515,
      1.7916388511657715,
      1.5477863550186157,
      1.6532882452011108,
      1.5571999549865723,
      1.848451018333435,
      1.582985520362854,
      1.7758822441101074,
      1.8461170196533203,
      1.9216023683547974,
      1.7345938682556152,
      1.6675528287887573,
      1.5430481433868408,
      1.8956079483032227,
      1.5519702434539795,
      1.7888964414596558,
      1.6320583820343018,
      1.4698882102966309,
      1.6557892560958862,
      1.5395137071609497,
      1.5778898000717163,
      1.8091422319412231,
      1.8123466968536377,
      1.766054391860962,
      1.6275882720947266,
      1.7713792324066162,
      1.6029623746871948,
      1.5421184301376343,
      1.5790278911590576,
      1.6880017518997192,
      1.7388144731521606,
      1.5706086158752441,
      1.6717745065689087,
      1.5762419700622559,
      1.5931283235549927,
      1.6368813514709473,
      1.703005313873291,
      1.6541435718536377,
      1.785679578781128,
      1.848350167274475,
      1.5719691514968872
   ],
   "batch_train_times": [],
   "val_accuracy": 0.3918918918918919,
   "val_loss": 2.368531285105525,
   "val_accuracy_per_label": [
      0.8181818181818182,
      0.0,
      0.0,
      0.0,
      1.0,
      0.6,
      0.0,
      0.75,
      0.0,
      0.0,
      0.0,
      0.0,
      0.0,
      0.2,
      0.2,
      0.0,
      0.0,
      0.0,
      0.0,
      0.896551724137931,
      0.7692307692307693,
      0.0,
      0.0,
      0.2,
      0.0,
      0.0,
      0.0,
      0.1,
      0.0,
      0.0,
      0.0,
      0.0,
      0.0,
      0.0,
      0.0,
      0.0,
      0.0,
      0.0,
      1.0,
      0.5,
      0.0,
      0.5,
      0.0
   ]
}