{
   "epoch": 42,
   "batch_train_accuracies": [
      0.796875,
      0.8125,
      0.71875,
      0.84375,
      0.84375,
      0.9375,
      0.875,
      0.859375,
      0.890625,
      0.84375,
      0.90625,
      0.875,
      0.734375,
      0.890625,
      0.859375,
      0.90625,
      0.890625,
      0.890625,
      0.875,
      0.84375,
      0.8125,
      0.890625,
      0.890625,
      0.875,
      0.8125,
      0.859375,
      0.875,
      0.921875,
      0.828125,
      0.90625,
      0.828125,
      0.6875,
      0.921875,
      0.875,
      0.859375,
      0.921875,
      0.78125,
      0.921875,
      0.75,
      0.765625,
      0.875,
      0.8125
   ],
   "batch_train_losses": [
      1.0046329498291016,
      0.9127768278121948,
      1.1430598497390747,
      0.7864744663238525,
      0.9137042164802551,
      0.8437788486480713,
      0.8690879344940186,
      0.8661842346191406,
      0.733290433883667,
      0.830473005771637,
      0.7969037294387817,
      0.9007951021194458,
      1.086414098739624,
      0.819477379322052,
      0.7932233214378357,
      0.79072105884552,
      0.8143524527549744,
      0.7969474196434021,
      0.8667759299278259,
      0.9090531468391418,
      0.9319312572479248,
      0.8428571224212646,
      0.9611084461212158,
      0.9251238703727722,
      0.8943613767623901,
      0.8643783926963806,
      0.8134745955467224,
      0.8232558965682983,
      0.9466040730476379,
      0.8271761536598206,
      0.8690539598464966,
      1.1907202005386353,
      0.7800723314285278,
      0.7936040163040161,
      0.9635185599327087,
      0.7896631956100464,
      1.056159496307373,
      0.7618629336357117,
      1.1025229692459106,
      1.001309871673584,
      0.8199920654296875,
      0.9225274324417114
   ],
   "batch_train_times": [],
   "val_accuracy": 0.5540540540540541,
   "val_loss": 1.8967512169399776,
   "val_accuracy_per_label": [
      0.6818181818181818,
      0.0,
      0.0,
      0.4,
      1.0,
      0.0,
      0.3333333333333333,
      0.75,
      0.0,
      0.0,
      0.0,
      0.0,
      0.2,
      1.0,
      0.8,
      0.0,
      0.0,
      0.0,
      0.0,
      0.9310344827586207,
      0.9615384615384616,
      0.0,
      0.4,
      1.0,
      0.0,
      0.6,
      0.0,
      0.8,
      0.0,
      0.0,
      0.8,
      0.2,
      0.6,
      0.0,
      0.0,
      0.0,
      0.0,
      0.0,
      0.8,
      0.9,
      0.0,
      0.5,
      0.4
   ]
}