{
   "epoch": 43,
   "batch_train_accuracies": [
      0.859375,
      0.875,
      0.84375,
      0.8125,
      0.84375,
      0.890625,
      0.796875,
      0.890625,
      0.828125,
      0.875,
      0.859375,
      0.90625,
      0.84375,
      0.859375,
      0.875,
      0.828125,
      0.875,
      0.875,
      0.859375,
      0.828125,
      0.84375,
      0.90625,
      0.859375,
      0.84375,
      0.890625,
      0.90625,
      0.90625,
      0.84375,
      0.859375,
      0.875,
      0.84375,
      0.75,
      0.90625,
      0.84375,
      0.875,
      0.890625,
      0.796875,
      0.953125,
      0.859375,
      0.859375,
      0.90625,
      0.6875
   ],
   "batch_train_losses": [
      0.8744010329246521,
      0.7788501977920532,
      0.9872548580169678,
      1.0452800989151,
      0.9646312594413757,
      0.8057830929756165,
      0.9741561412811279,
      0.7212870121002197,
      1.0241035223007202,
      0.8974955677986145,
      0.8886919617652893,
      0.8981688022613525,
      0.8943600058555603,
      0.8363653421401978,
      0.8718544840812683,
      1.0345391035079956,
      0.6519784331321716,
      0.8127473592758179,
      0.9245414137840271,
      0.9666275382041931,
      0.8625722527503967,
      0.7960556745529175,
      0.8889157772064209,
      0.8803781867027283,
      0.921482503414154,
      0.7926299571990967,
      0.8279971480369568,
      0.8216366767883301,
      0.7643282413482666,
      0.9149388074874878,
      0.8850864171981812,
      1.0931016206741333,
      0.8701797723770142,
      0.9504821300506592,
      0.7501800656318665,
      0.9634763598442078,
      0.9775885343551636,
      0.6633855104446411,
      0.9015381932258606,
      0.9013643264770508,
      0.7316222190856934,
      1.264262080192566
   ],
   "batch_train_times": [],
   "val_accuracy": 0.5202702702702703,
   "val_loss": 1.8582459076030835,
   "val_accuracy_per_label": [
      0.6818181818181818,
      0.2,
      0.3333333333333333,
      0.0,
      1.0,
      0.4,
      0.0,
      0.9,
      0.0,
      0.0,
      0.0,
      0.0,
      0.6,
      0.0,
      0.8,
      0.0,
      0.0,
      0.0,
      0.0,
      0.9655172413793104,
      0.7692307692307693,
      0.0,
      0.2,
      0.8,
      0.0,
      0.3,
      0.0,
      0.9,
      0.0,
      0.25,
      0.0,
      0.4,
      0.8,
      0.0,
      0.0,
      0.0,
      0.0,
      0.0,
      0.8,
      0.7,
      0.0,
      0.5,
      0.0
   ]
}