{
   "epoch": 9,
   "batch_train_accuracies": [
      0.46875,
      0.59375,
      0.59375,
      0.640625,
      0.671875,
      0.5625,
      0.515625,
      0.484375,
      0.625,
      0.5625,
      0.640625,
      0.609375,
      0.609375,
      0.53125,
      0.515625,
      0.53125,
      0.640625,
      0.625,
      0.515625,
      0.421875,
      0.453125,
      0.546875,
      0.5625,
      0.453125,
      0.59375,
      0.671875,
      0.53125,
      0.609375,
      0.65625,
      0.515625,
      0.5625,
      0.515625,
      0.53125,
      0.640625,
      0.6875,
      0.546875,
      0.578125,
      0.609375,
      0.6875,
      0.515625,
      0.578125,
      0.4375
   ],
   "batch_train_losses": [
      1.9069634675979614,
      1.7454088926315308,
      1.680342197418213,
      1.7300922870635986,
      1.68740713596344,
      1.8170315027236938,
      1.8142353296279907,
      1.8467094898223877,
      1.7407587766647339,
      1.8232998847961426,
      1.7412822246551514,
      1.8612126111984253,
      1.779862403869629,
      1.6379910707473755,
      1.8774582147598267,
      1.9008616209030151,
      1.6967720985412598,
      1.8250590562820435,
      1.8790065050125122,
      2.0250258445739746,
      2.046318531036377,
      1.7708386182785034,
      1.680436134338379,
      2.029672622680664,
      1.7113479375839233,
      1.501584529876709,
      1.8053615093231201,
      1.7777557373046875,
      1.6256109476089478,
      1.8300065994262695,
      1.8119215965270996,
      1.7869964838027954,
      1.8210705518722534,
      1.5817950963974,
      1.6863776445388794,
      1.7331258058547974,
      1.727826476097107,
      1.5877598524093628,
      1.5387482643127441,
      1.7389723062515259,
      1.62732994556427,
      2.130807399749756
   ],
   "batch_train_times": [],
   "val_accuracy": 0.40202702702702703,
   "val_loss": 2.2381721896094247,
   "val_accuracy_per_label": [
      0.9090909090909091,
      0.0,
      0.0,
      0.0,
      0.8,
      0.2,
      0.0,
      0.75,
      0.0,
      0.0,
      0.0,
      0.0,
      0.0,
      0.6,
      0.0,
      0.0,
      0.0,
      0.0,
      0.0,
      0.9310344827586207,
      0.5769230769230769,
      0.0,
      0.0,
      0.0,
      0.0,
      0.0,
      0.0,
      0.95,
      0.0,
      0.0,
      0.0,
      0.0,
      0.0,
      0.0,
      0.0,
      0.0,
      0.0,
      0.0,
      0.5333333333333333,
      0.2,
      0.0,
      0.625,
      0.0
   ]
}