{
   "epoch": 20,
   "batch_train_accuracies": [
      0.796875,
      0.8125,
      0.71875,
      0.796875,
      0.84375,
      0.6875,
      0.671875,
      0.765625,
      0.8125,
      0.703125,
      0.71875,
      0.765625,
      0.6875,
      0.671875,
      0.765625,
      0.734375,
      0.71875,
      0.796875,
      0.875,
      0.796875,
      0.671875,
      0.671875,
      0.703125,
      0.640625,
      0.78125,
      0.828125,
      0.859375,
      0.796875,
      0.71875,
      0.8125,
      0.65625,
      0.75,
      0.828125,
      0.796875,
      0.671875,
      0.828125,
      0.71875,
      0.71875,
      0.78125,
      0.71875,
      0.71875,
      0.625
   ],
   "batch_train_losses": [
      1.115049958229065,
      1.032198429107666,
      1.4330583810806274,
      1.1438542604446411,
      1.210618019104004,
      1.3330128192901611,
      1.3528375625610352,
      1.207970142364502,
      1.1911461353302002,
      1.2863816022872925,
      1.2198717594146729,
      1.1906425952911377,
      1.258794903755188,
      1.256142497062683,
      1.0166488885879517,
      1.2001903057098389,
      1.2084786891937256,
      1.1683902740478516,
      0.9222841262817383,
      1.2936960458755493,
      1.3678696155548096,
      1.3337373733520508,
      1.3652567863464355,
      1.4661978483200073,
      1.1873736381530762,
      1.1255220174789429,
      1.1460931301116943,
      1.1276406049728394,
      1.393869400024414,
      1.0376508235931396,
      1.2830522060394287,
      1.2065608501434326,
      1.0305391550064087,
      1.1484334468841553,
      1.4598630666732788,
      1.086413860321045,
      1.2546072006225586,
      1.2838038206100464,
      1.0772120952606201,
      1.282494306564331,
      1.1162105798721313,
      1.514833688735962
   ],
   "batch_train_times": [],
   "val_accuracy": 0.4966216216216216,
   "val_loss": 1.9330066764676892,
   "val_accuracy_per_label": [
      0.8181818181818182,
      0.0,
      0.16666666666666666,
      0.0,
      1.0,
      0.2,
      0.0,
      0.7,
      0.0,
      0.0,
      0.0,
      0.0,
      0.2,
      1.0,
      0.6,
      0.0,
      0.0,
      0.0,
      0.4,
      1.0,
      0.46153846153846156,
      0.0,
      0.6,
      0.2,
      0.0,
      0.7,
      0.0,
      0.85,
      0.0,
      0.0,
      0.2,
      0.2,
      0.6,
      0.0,
      0.0,
      0.0,
      0.0,
      0.0,
      0.8,
      0.7,
      0.0,
      0.375,
      0.2
   ]
}