{
   "epoch": 32,
   "batch_train_accuracies": [
      0.796875,
      0.84375,
      0.859375,
      0.859375,
      0.84375,
      0.765625,
      0.90625,
      0.796875,
      0.8125,
      0.765625,
      0.84375,
      0.828125,
      0.828125,
      0.859375,
      0.890625,
      0.828125,
      0.765625,
      0.828125,
      0.84375,
      0.875,
      0.828125,
      0.8125,
      0.828125,
      0.78125,
      0.84375,
      0.84375,
      0.90625,
      0.875,
      0.796875,
      0.890625,
      0.640625,
      0.765625,
      0.8125,
      0.84375,
      0.84375,
      0.84375,
      0.890625,
      0.78125,
      0.828125,
      0.734375,
      0.84375,
      0.875
   ],
   "batch_train_losses": [
      1.0336717367172241,
      1.0469958782196045,
      0.898999810218811,
      0.8038704991340637,
      1.0297842025756836,
      0.9612241387367249,
      0.7461897730827332,
      1.0203173160552979,
      0.9196518063545227,
      1.0050345659255981,
      0.9202776551246643,
      1.0168960094451904,
      1.0260299444198608,
      0.9968065619468689,
      0.9583824872970581,
      0.9683800935745239,
      1.090779185295105,
      1.0260690450668335,
      0.9355940222740173,
      0.8917695879936218,
      0.9722658395767212,
      1.0209096670150757,
      1.043779969215393,
      1.0745686292648315,
      1.009209394454956,
      0.8631514310836792,
      0.8470773100852966,
      0.8619177937507629,
      0.9419181942939758,
      0.9238017201423645,
      1.2854886054992676,
      1.2189130783081055,
      1.015400767326355,
      0.9178464412689209,
      0.9834919571876526,
      0.9053926467895508,
      0.8878794312477112,
      1.096686601638794,
      0.9287903308868408,
      1.101554274559021,
      0.9555149078369141,
      1.0996856689453125
   ],
   "batch_train_times": [],
   "val_accuracy": 0.5371621621621622,
   "val_loss": 1.9145675607629724,
   "val_accuracy_per_label": [
      0.7272727272727273,
      0.0,
      0.3333333333333333,
      0.0,
      1.0,
      1.0,
      0.0,
      0.85,
      0.0,
      0.0,
      0.0,
      0.0,
      0.0,
      0.6,
      0.8,
      0.0,
      0.0,
      0.0,
      0.0,
      0.896551724137931,
      0.9615384615384616,
      0.0,
      0.2,
      0.8,
      0.0,
      0.5,
      0.0,
      0.85,
      0.0,
      0.0,
      0.0,
      0.2,
      0.6,
      0.0,
      0.0,
      0.0,
      0.0,
      0.0,
      0.9333333333333333,
      0.7,
      0.0,
      0.5,
      0.0
   ]
}