{
   "epoch": 30,
   "batch_train_accuracies": [
      0.828125,
      0.8125,
      0.796875,
      0.859375,
      0.765625,
      0.859375,
      0.796875,
      0.859375,
      0.828125,
      0.796875,
      0.84375,
      0.8125,
      0.796875,
      0.84375,
      0.796875,
      0.859375,
      0.78125,
      0.796875,
      0.765625,
      0.765625,
      0.953125,
      0.84375,
      0.8125,
      0.703125,
      0.78125,
      0.8125,
      0.796875,
      0.84375,
      0.8125,
      0.8125,
      0.71875,
      0.8125,
      0.875,
      0.8125,
      0.890625,
      0.8125,
      0.765625,
      0.84375,
      0.84375,
      0.75,
      0.8125,
      0.75
   ],
   "batch_train_losses": [
      0.9497376680374146,
      0.92843097448349,
      1.085823655128479,
      1.0335922241210938,
      1.1078822612762451,
      0.8841618895530701,
      1.0186817646026611,
      0.8088352680206299,
      1.1112453937530518,
      1.0203032493591309,
      0.873951256275177,
      1.0415490865707397,
      1.0781019926071167,
      0.8783478736877441,
      1.0424813032150269,
      0.9484145641326904,
      1.1023608446121216,
      0.9930207133293152,
      1.0261012315750122,
      1.083632230758667,
      0.6763702034950256,
      1.0604517459869385,
      0.9307811856269836,
      1.0770455598831177,
      1.186802625656128,
      1.015539526939392,
      1.0330305099487305,
      1.0121252536773682,
      1.0255529880523682,
      1.0015590190887451,
      1.2607944011688232,
      1.0102494955062866,
      0.8647971749305725,
      1.0190173387527466,
      0.9328072667121887,
      1.1118563413619995,
      1.1679731607437134,
      0.9275007843971252,
      1.0791863203048706,
      1.058255910873413,
      1.0554996728897095,
      1.1418908834457397
   ],
   "batch_train_times": [],
   "val_accuracy": 0.46621621621621623,
   "val_loss": 1.918055450594103,
   "val_accuracy_per_label": [
      0.4090909090909091,
      0.0,
      0.3333333333333333,
      0.0,
      1.0,
      0.0,
      0.0,
      0.75,
      0.0,
      0.0,
      0.0,
      0.0,
      0.0,
      0.6,
      0.2,
      0.0,
      0.0,
      0.0,
      0.0,
      1.0,
      0.8461538461538461,
      0.0,
      0.2,
      0.8,
      0.0,
      0.4,
      0.0,
      0.6,
      0.0,
      0.0,
      0.0,
      0.8,
      0.2,
      0.0,
      0.0,
      0.0,
      0.0,
      0.0,
      1.0,
      0.7,
      0.0,
      0.5,
      0.0
   ]
}