{
   "epoch": 33,
   "batch_train_accuracies": [
      0.8125,
      0.90625,
      0.828125,
      0.875,
      0.765625,
      0.9375,
      0.796875,
      0.859375,
      0.859375,
      0.859375,
      0.875,
      0.828125,
      0.71875,
      0.828125,
      0.859375,
      0.765625,
      0.78125,
      0.875,
      0.828125,
      0.828125,
      0.9375,
      0.890625,
      0.90625,
      0.78125,
      0.796875,
      0.765625,
      0.84375,
      0.875,
      0.84375,
      0.890625,
      0.796875,
      0.765625,
      0.859375,
      0.859375,
      0.734375,
      0.75,
      0.859375,
      0.765625,
      0.71875,
      0.890625,
      0.875,
      0.8125
   ],
   "batch_train_losses": [
      0.9779858589172363,
      0.8705554604530334,
      0.8798642754554749,
      0.8741161823272705,
      1.08627188205719,
      0.806872546672821,
      1.048818588256836,
      0.8169068694114685,
      0.9750558137893677,
      0.886777937412262,
      0.865306556224823,
      1.0468730926513672,
      1.2012393474578857,
      0.9095562696456909,
      1.0544509887695312,
      1.100437879562378,
      1.0776762962341309,
      0.9050734043121338,
      1.0573115348815918,
      0.9986077547073364,
      0.8697700500488281,
      0.7681384086608887,
      0.7662179470062256,
      1.03127920627594,
      0.9437756538391113,
      1.1998767852783203,
      0.9691985249519348,
      0.9469010233879089,
      0.811752200126648,
      0.8417065143585205,
      0.9510195255279541,
      1.0475119352340698,
      0.8698136806488037,
      0.8718886971473694,
      1.088982105255127,
      1.1170275211334229,
      0.8069589734077454,
      1.121956706047058,
      1.1144949197769165,
      0.7718230485916138,
      0.9504944086074829,
      1.3047912120819092
   ],
   "batch_train_times": [],
   "val_accuracy": 0.5472972972972973,
   "val_loss": 1.9755122081653491,
   "val_accuracy_per_label": [
      0.5,
      0.0,
      0.16666666666666666,
      0.0,
      1.0,
      1.0,
      0.0,
      0.75,
      0.0,
      0.8,
      0.0,
      0.0,
      1.0,
      1.0,
      0.8,
      0.0,
      0.0,
      0.0,
      0.2,
      0.8620689655172413,
      0.7692307692307693,
      0.0,
      0.8,
      0.6,
      0.0,
      0.7,
      0.0,
      0.6,
      0.0,
      0.25,
      0.8,
      0.0,
      1.0,
      0.0,
      0.0,
      0.0,
      0.0,
      0.0,
      0.6666666666666666,
      0.8,
      0.0,
      0.5,
      0.6
   ]
}