{
   "epoch": 35,
   "batch_train_accuracies": [
      0.859375,
      0.84375,
      0.84375,
      0.9375,
      0.859375,
      0.859375,
      0.921875,
      0.765625,
      0.90625,
      0.84375,
      0.828125,
      0.8125,
      0.828125,
      0.75,
      0.796875,
      0.859375,
      0.890625,
      0.828125,
      0.796875,
      0.875,
      0.84375,
      0.828125,
      0.8125,
      0.859375,
      0.8125,
      0.859375,
      0.859375,
      0.90625,
      0.921875,
      0.828125,
      0.8125,
      0.796875,
      0.828125,
      0.828125,
      0.859375,
      0.78125,
      0.84375,
      0.8125,
      0.828125,
      0.84375,
      0.90625,
      0.75
   ],
   "batch_train_losses": [
      0.8771294355392456,
      0.8490654230117798,
      0.9864588975906372,
      0.877233624458313,
      0.8219865560531616,
      0.9191780090332031,
      0.7492658495903015,
      1.0161840915679932,
      0.8302223086357117,
      0.9486234784126282,
      0.9637212157249451,
      0.9492719173431396,
      0.9732314348220825,
      1.0622813701629639,
      0.9886707663536072,
      0.9082883596420288,
      0.7847466468811035,
      1.078563928604126,
      0.9178529381752014,
      0.9865168333053589,
      0.8331142067909241,
      0.9125856161117554,
      0.8757703900337219,
      0.8784061074256897,
      0.8973997831344604,
      0.9514117240905762,
      1.036791443824768,
      0.8838789463043213,
      0.6527868509292603,
      1.0052919387817383,
      0.9308828115463257,
      0.9424420595169067,
      1.0247293710708618,
      0.9221694469451904,
      1.0107076168060303,
      1.0256596803665161,
      0.898502767086029,
      0.9372051358222961,
      0.926224946975708,
      1.0135393142700195,
      0.8185109496116638,
      1.3750603199005127
   ],
   "batch_train_times": [],
   "val_accuracy": 0.5405405405405406,
   "val_loss": 2.0064761960828625,
   "val_accuracy_per_label": [
      0.6363636363636364,
      0.0,
      0.6666666666666666,
      0.0,
      1.0,
      0.8,
      0.0,
      0.9,
      0.0,
      0.0,
      0.0,
      0.0,
      0.4,
      0.4,
      0.8,
      0.0,
      0.0,
      0.0,
      0.4,
      0.8620689655172413,
      0.7307692307692307,
      0.6,
      0.8,
      1.0,
      0.0,
      0.8,
      0.0,
      0.45,
      0.0,
      0.0,
      0.0,
      0.8,
      1.0,
      0.0,
      0.0,
      0.0,
      0.0,
      0.0,
      0.8666666666666667,
      0.7,
      0.0,
      0.375,
      0.0
   ]
}