{
   "epoch": 23,
   "batch_train_accuracies": [
      0.75,
      0.734375,
      0.71875,
      0.78125,
      0.640625,
      0.71875,
      0.765625,
      0.6875,
      0.828125,
      0.78125,
      0.703125,
      0.75,
      0.75,
      0.796875,
      0.765625,
      0.6875,
      0.78125,
      0.703125,
      0.828125,
      0.671875,
      0.734375,
      0.734375,
      0.765625,
      0.71875,
      0.6875,
      0.828125,
      0.734375,
      0.78125,
      0.828125,
      0.71875,
      0.84375,
      0.78125,
      0.84375,
      0.828125,
      0.796875,
      0.84375,
      0.703125,
      0.734375,
      0.765625,
      0.734375,
      0.796875,
      0.6875
   ],
   "batch_train_losses": [
      1.1278389692306519,
      1.2929219007492065,
      1.1515777111053467,
      1.1964424848556519,
      1.4343321323394775,
      1.3164647817611694,
      1.2680909633636475,
      1.3036789894104004,
      1.1069496870040894,
      1.1348398923873901,
      1.164262294769287,
      1.1560877561569214,
      1.092876672744751,
      1.0591546297073364,
      1.1228842735290527,
      1.3450003862380981,
      1.167038083076477,
      1.2350114583969116,
      1.0392515659332275,
      1.347974419593811,
      1.183282494544983,
      1.1876893043518066,
      1.193978190422058,
      1.3017100095748901,
      1.3670066595077515,
      1.0202572345733643,
      1.1549268960952759,
      1.0491721630096436,
      0.9482391476631165,
      1.3101238012313843,
      1.0618773698806763,
      1.1549358367919922,
      1.0145480632781982,
      0.9915304780006409,
      1.1485729217529297,
      1.0114004611968994,
      1.1672190427780151,
      1.1316461563110352,
      1.1099021434783936,
      1.1101555824279785,
      1.1318471431732178,
      1.3721816539764404
   ],
   "batch_train_times": [],
   "val_accuracy": 0.48986486486486486,
   "val_loss": 2.096588189537461,
   "val_accuracy_per_label": [
      0.6363636363636364,
      0.0,
      0.3333333333333333,
      0.0,
      1.0,
      1.0,
      0.0,
      0.8,
      0.0,
      0.2,
      0.0,
      0.0,
      0.2,
      0.6,
      0.8,
      0.0,
      0.0,
      0.0,
      0.0,
      0.6551724137931034,
      0.8846153846153846,
      0.0,
      0.4,
      0.2,
      0.0,
      0.6,
      0.0,
      0.75,
      0.0,
      0.0,
      0.0,
      0.0,
      1.0,
      0.0,
      0.0,
      0.0,
      0.0,
      0.0,
      0.8666666666666667,
      0.6,
      0.0,
      0.375,
      0.2
   ]
}