{
   "epoch": 25,
   "batch_train_accuracies": [
      0.78125,
      0.765625,
      0.765625,
      0.765625,
      0.796875,
      0.765625,
      0.78125,
      0.796875,
      0.78125,
      0.828125,
      0.78125,
      0.734375,
      0.859375,
      0.828125,
      0.84375,
      0.796875,
      0.828125,
      0.765625,
      0.78125,
      0.75,
      0.890625,
      0.84375,
      0.71875,
      0.703125,
      0.859375,
      0.828125,
      0.765625,
      0.765625,
      0.75,
      0.796875,
      0.84375,
      0.671875,
      0.765625,
      0.796875,
      0.796875,
      0.703125,
      0.84375,
      0.84375,
      0.828125,
      0.890625,
      0.796875,
      0.6875
   ],
   "batch_train_losses": [
      1.0007342100143433,
      1.2557764053344727,
      1.1791462898254395,
      1.1727044582366943,
      1.0911275148391724,
      1.2061588764190674,
      1.0400876998901367,
      1.0783185958862305,
      0.9569917321205139,
      1.0368930101394653,
      1.086302399635315,
      1.056481957435608,
      0.9442954063415527,
      1.0698360204696655,
      1.004546046257019,
      1.2534018754959106,
      1.003125786781311,
      1.0985444784164429,
      1.075547218322754,
      1.2368863821029663,
      0.9406043291091919,
      0.9642430543899536,
      1.1086162328720093,
      1.1979023218154907,
      0.979242742061615,
      0.9626136422157288,
      1.0941952466964722,
      1.0756311416625977,
      1.0670549869537354,
      0.9529707431793213,
      0.8503677248954773,
      1.3410667181015015,
      1.1013569831848145,
      1.0902879238128662,
      0.9793910980224609,
      1.177724003791809,
      1.0125163793563843,
      1.0760889053344727,
      1.0149343013763428,
      1.0418466329574585,
      1.1578274965286255,
      1.279853343963623
   ],
   "batch_train_times": [],
   "val_accuracy": 0.5506756756756757,
   "val_loss": 1.9123242416897335,
   "val_accuracy_per_label": [
      0.6363636363636364,
      0.0,
      0.6666666666666666,
      0.0,
      1.0,
      0.8,
      0.0,
      0.8,
      0.0,
      1.0,
      0.0,
      0.0,
      1.0,
      0.6,
      0.8,
      0.0,
      0.0,
      0.0,
      0.0,
      0.7931034482758621,
      0.8076923076923077,
      0.0,
      0.8,
      0.0,
      0.0,
      0.6,
      0.0,
      0.95,
      0.0,
      0.0,
      0.0,
      0.6,
      0.2,
      0.0,
      0.0,
      0.0,
      0.0,
      0.0,
      0.8,
      0.9,
      0.0,
      0.5,
      0.2
   ]
}