{
   "epoch": 7,
   "batch_train_accuracies": [
      0.4375,
      0.5,
      0.359375,
      0.5,
      0.53125,
      0.484375,
      0.421875,
      0.5,
      0.515625,
      0.453125,
      0.5,
      0.5,
      0.5625,
      0.640625,
      0.671875,
      0.484375,
      0.578125,
      0.53125,
      0.5,
      0.59375,
      0.6875,
      0.546875,
      0.453125,
      0.546875,
      0.515625,
      0.546875,
      0.53125,
      0.5625,
      0.515625,
      0.578125,
      0.546875,
      0.453125,
      0.609375,
      0.640625,
      0.515625,
      0.625,
      0.4375,
      0.40625,
      0.515625,
      0.5,
      0.578125,
      0.5625
   ],
   "batch_train_losses": [
      2.0714399814605713,
      1.9816534519195557,
      2.107367753982544,
      1.9277147054672241,
      1.8731188774108887,
      2.0794150829315186,
      2.0783207416534424,
      2.005333185195923,
      1.9244922399520874,
      2.104848861694336,
      2.020142078399658,
      1.9932770729064941,
      1.958006739616394,
      1.718076467514038,
      1.6792558431625366,
      1.9965300559997559,
      1.8472905158996582,
      1.974843144416809,
      1.991184115409851,
      1.830443263053894,
      1.6546950340270996,
      1.8829840421676636,
      1.9571906328201294,
      1.8586609363555908,
      1.8767503499984741,
      1.9235985279083252,
      1.9513001441955566,
      1.8000506162643433,
      1.9191246032714844,
      1.9411789178848267,
      1.9164105653762817,
      2.08917236328125,
      1.8142673969268799,
      1.7978804111480713,
      1.911965250968933,
      1.692806363105774,
      2.114360809326172,
      2.1135294437408447,
      1.8564350605010986,
      1.8924829959869385,
      1.8022314310073853,
      1.8562678098678589
   ],
   "batch_train_times": [],
   "val_accuracy": 0.4155405405405405,
   "val_loss": 2.385426038020366,
   "val_accuracy_per_label": [
      0.6363636363636364,
      0.0,
      0.0,
      0.0,
      1.0,
      0.8,
      0.0,
      0.95,
      0.0,
      0.0,
      0.0,
      0.0,
      0.0,
      0.0,
      0.0,
      0.0,
      0.0,
      0.0,
      0.0,
      0.9655172413793104,
      0.5384615384615384,
      0.0,
      0.0,
      0.2,
      0.0,
      0.1,
      0.0,
      0.95,
      0.0,
      0.0,
      0.0,
      0.0,
      0.0,
      0.0,
      0.0,
      0.0,
      0.0,
      0.0,
      0.5333333333333333,
      0.4,
      0.0,
      0.75,
      0.0
   ]
}