{
   "epoch": 36,
   "batch_train_accuracies": [
      0.796875,
      0.765625,
      0.8125,
      0.875,
      0.890625,
      0.890625,
      0.84375,
      0.875,
      0.875,
      0.75,
      0.84375,
      0.828125,
      0.875,
      0.890625,
      0.828125,
      0.84375,
      0.859375,
      0.890625,
      0.8125,
      0.8125,
      0.921875,
      0.828125,
      0.75,
      0.90625,
      0.8125,
      0.765625,
      0.875,
      0.875,
      0.78125,
      0.84375,
      0.875,
      0.828125,
      0.796875,
      0.78125,
      0.859375,
      0.765625,
      0.859375,
      0.828125,
      0.828125,
      0.859375,
      0.875,
      0.75
   ],
   "batch_train_losses": [
      1.0064244270324707,
      1.0747923851013184,
      0.9698270559310913,
      0.8401430249214172,
      0.898712694644928,
      0.840015172958374,
      1.0032418966293335,
      0.9751852750778198,
      0.939248263835907,
      1.0710889101028442,
      0.9654560089111328,
      0.85350102186203,
      0.8454172015190125,
      0.9197739958763123,
      1.1245945692062378,
      0.7911617159843445,
      0.7855553030967712,
      0.789583683013916,
      0.9392308592796326,
      0.9032487273216248,
      0.8177605867385864,
      0.9237478971481323,
      1.114671230316162,
      0.8191567659378052,
      0.968686044216156,
      0.958494246006012,
      0.8531829118728638,
      0.7534319758415222,
      1.0864301919937134,
      0.860702633857727,
      0.7758349776268005,
      0.9179513454437256,
      0.8698811531066895,
      0.9882151484489441,
      1.0044394731521606,
      1.0728572607040405,
      0.9091696739196777,
      1.0105412006378174,
      0.9925770163536072,
      0.9498957395553589,
      0.9116581082344055,
      1.229420781135559
   ],
   "batch_train_times": [],
   "val_accuracy": 0.5337837837837838,
   "val_loss": 1.8508062588201988,
   "val_accuracy_per_label": [
      0.6818181818181818,
      0.0,
      0.3333333333333333,
      0.0,
      1.0,
      0.6,
      0.3333333333333333,
      0.75,
      0.0,
      0.0,
      0.0,
      0.0,
      0.0,
      0.8,
      0.6,
      0.0,
      0.0,
      0.0,
      0.4,
      1.0,
      0.8846153846153846,
      0.6,
      0.6,
      0.2,
      0.0,
      0.7,
      0.0,
      0.3,
      0.0,
      0.0,
      0.8,
      0.4,
      0.6,
      0.0,
      0.0,
      0.0,
      0.0,
      0.0,
      0.8666666666666667,
      0.6,
      0.0,
      0.625,
      0.6
   ]
}