{
   "epoch": 28,
   "batch_train_accuracies": [
      0.796875,
      0.859375,
      0.671875,
      0.84375,
      0.796875,
      0.6875,
      0.875,
      0.8125,
      0.75,
      0.78125,
      0.796875,
      0.859375,
      0.859375,
      0.859375,
      0.8125,
      0.859375,
      0.8125,
      0.734375,
      0.84375,
      0.828125,
      0.703125,
      0.796875,
      0.78125,
      0.8125,
      0.84375,
      0.921875,
      0.875,
      0.828125,
      0.796875,
      0.71875,
      0.765625,
      0.796875,
      0.890625,
      0.71875,
      0.875,
      0.8125,
      0.828125,
      0.75,
      0.78125,
      0.8125,
      0.875,
      0.8125
   ],
   "batch_train_losses": [
      1.057770013809204,
      0.9626153707504272,
      1.1921555995941162,
      0.977402925491333,
      1.048137903213501,
      1.2430286407470703,
      0.9427618384361267,
      1.0289826393127441,
      1.0451568365097046,
      1.0610870122909546,
      1.1230586767196655,
      1.0294108390808105,
      0.9351077675819397,
      0.9139689207077026,
      1.096718192100525,
      0.8526906967163086,
      1.0599875450134277,
      1.081059217453003,
      0.8372326493263245,
      1.0468599796295166,
      1.248847246170044,
      1.0821324586868286,
      1.0478237867355347,
      0.9370965957641602,
      0.9149777889251709,
      0.9459424018859863,
      0.9509148597717285,
      1.0208826065063477,
      1.0220528841018677,
      1.1925207376480103,
      1.0576165914535522,
      1.0768406391143799,
      0.826316773891449,
      1.305022954940796,
      0.9201118350028992,
      1.0007303953170776,
      0.8886189460754395,
      1.2611446380615234,
      1.0908187627792358,
      1.0639128684997559,
      0.8375648856163025,
      0.9293001890182495
   ],
   "batch_train_times": [],
   "val_accuracy": 0.48986486486486486,
   "val_loss": 1.9113214338147961,
   "val_accuracy_per_label": [
      0.5909090909090909,
      0.0,
      0.0,
      0.0,
      0.8,
      0.2,
      0.0,
      0.8,
      0.0,
      0.0,
      0.0,
      0.0,
      0.0,
      0.4,
      0.6,
      0.0,
      0.0,
      0.0,
      0.0,
      1.0,
      0.9230769230769231,
      0.0,
      0.0,
      0.4,
      0.0,
      0.4,
      0.0,
      0.8,
      0.0,
      0.25,
      0.0,
      0.2,
      0.2,
      0.0,
      0.0,
      0.0,
      0.0,
      0.0,
      0.9333333333333333,
      1.0,
      0.0,
      0.375,
      0.2
   ]
}