{
   "epoch": 40,
   "batch_train_accuracies": [
      0.921875,
      0.765625,
      0.84375,
      0.8125,
      0.796875,
      0.875,
      0.8125,
      0.828125,
      0.890625,
      0.859375,
      0.890625,
      0.828125,
      0.828125,
      0.921875,
      0.84375,
      0.921875,
      0.828125,
      0.859375,
      0.859375,
      0.828125,
      0.9375,
      0.875,
      0.90625,
      0.90625,
      0.890625,
      0.828125,
      0.890625,
      0.859375,
      0.859375,
      0.765625,
      0.859375,
      0.921875,
      0.84375,
      0.890625,
      0.828125,
      0.90625,
      0.9375,
      0.859375,
      0.84375,
      0.859375,
      0.9375,
      0.8125
   ],
   "batch_train_losses": [
      0.7540092468261719,
      0.9787231087684631,
      0.8049687743186951,
      1.1016969680786133,
      1.0109448432922363,
      0.8469676971435547,
      0.9654500484466553,
      0.8507803082466125,
      0.7854531407356262,
      0.7674016952514648,
      0.8979165554046631,
      1.0008598566055298,
      0.9031438827514648,
      0.9209537506103516,
      0.8864706754684448,
      0.7932952642440796,
      0.798183262348175,
      0.9749559164047241,
      0.8529042601585388,
      0.9284685850143433,
      0.7281728386878967,
      0.7747099995613098,
      0.7783988118171692,
      0.779527485370636,
      0.7197877168655396,
      0.8838777542114258,
      0.8107529282569885,
      0.9326614141464233,
      0.9128968715667725,
      1.1635202169418335,
      0.9517689943313599,
      0.7886984348297119,
      0.9232964515686035,
      0.8530818223953247,
      0.9485313892364502,
      0.8700903058052063,
      0.7985713481903076,
      0.986636757850647,
      0.7986835837364197,
      0.8243048787117004,
      0.8395413160324097,
      1.2071813344955444
   ],
   "batch_train_times": [],
   "val_accuracy": 0.5135135135135135,
   "val_loss": 1.9104467791479987,
   "val_accuracy_per_label": [
      0.5,
      0.0,
      0.5,
      0.0,
      1.0,
      0.8,
      0.0,
      0.9,
      0.0,
      0.0,
      0.0,
      0.0,
      0.2,
      0.4,
      0.8,
      0.0,
      0.0,
      0.0,
      0.0,
      0.8620689655172413,
      0.9615384615384616,
      0.0,
      0.2,
      0.8,
      0.0,
      0.6,
      0.0,
      0.85,
      0.0,
      0.0,
      0.0,
      0.0,
      0.2,
      0.0,
      0.0,
      0.0,
      0.0,
      0.0,
      0.8,
      0.9,
      0.0,
      0.5,
      0.0
   ]
}