{
   "epoch": 22,
   "batch_train_accuracies": [
      0.78125,
      0.890625,
      0.84375,
      0.6875,
      0.734375,
      0.671875,
      0.84375,
      0.8125,
      0.75,
      0.8125,
      0.6875,
      0.765625,
      0.765625,
      0.8125,
      0.828125,
      0.8125,
      0.828125,
      0.765625,
      0.796875,
      0.734375,
      0.78125,
      0.828125,
      0.765625,
      0.765625,
      0.734375,
      0.78125,
      0.75,
      0.75,
      0.734375,
      0.65625,
      0.890625,
      0.78125,
      0.71875,
      0.6875,
      0.8125,
      0.8125,
      0.671875,
      0.734375,
      0.734375,
      0.75,
      0.75,
      0.5625
   ],
   "batch_train_losses": [
      1.0568604469299316,
      0.8430396318435669,
      1.0117897987365723,
      1.3004686832427979,
      1.2512401342391968,
      1.3703111410140991,
      1.0545119047164917,
      1.052690863609314,
      1.0722633600234985,
      1.0454069375991821,
      1.3471925258636475,
      1.2590466737747192,
      1.1560500860214233,
      1.0471080541610718,
      1.092935562133789,
      1.10960853099823,
      1.0867868661880493,
      1.2402069568634033,
      1.166577935218811,
      1.2761598825454712,
      1.1245845556259155,
      0.9909855127334595,
      1.0958102941513062,
      1.1210830211639404,
      1.2861604690551758,
      1.0825260877609253,
      1.0930206775665283,
      1.154114007949829,
      1.217098593711853,
      1.3493115901947021,
      1.0552493333816528,
      1.1063542366027832,
      1.2737699747085571,
      1.2792330980300903,
      1.0173673629760742,
      1.1321648359298706,
      1.3362070322036743,
      1.0976040363311768,
      1.1728150844573975,
      1.0828814506530762,
      1.0162277221679688,
      1.6264363527297974
   ],
   "batch_train_times": [],
   "val_accuracy": 0.5033783783783784,
   "val_loss": 1.9380593686490446,
   "val_accuracy_per_label": [
      0.6363636363636364,
      0.0,
      0.5,
      0.0,
      1.0,
      0.8,
      0.0,
      0.75,
      0.0,
      0.0,
      0.0,
      0.0,
      0.0,
      0.6,
      0.8,
      0.0,
      0.0,
      0.0,
      0.0,
      1.0,
      0.6923076923076923,
      0.0,
      0.4,
      0.6,
      0.0,
      0.5,
      0.0,
      0.8,
      0.0,
      0.0,
      0.0,
      0.2,
      0.4,
      0.0,
      0.0,
      0.0,
      0.0,
      0.0,
      0.8666666666666667,
      0.8,
      0.0,
      0.5,
      0.0
   ]
}