{
   "epoch": 37,
   "batch_train_accuracies": [
      0.859375,
      0.796875,
      0.859375,
      0.828125,
      0.890625,
      0.859375,
      0.84375,
      0.875,
      0.828125,
      0.78125,
      0.828125,
      0.796875,
      0.84375,
      0.828125,
      0.875,
      0.828125,
      0.859375,
      0.875,
      0.84375,
      0.859375,
      0.8125,
      0.859375,
      0.828125,
      0.84375,
      0.828125,
      0.859375,
      0.84375,
      0.828125,
      0.734375,
      0.84375,
      0.796875,
      0.84375,
      0.90625,
      0.859375,
      0.875,
      0.875,
      0.859375,
      0.8125,
      0.90625,
      0.890625,
      0.90625,
      0.875
   ],
   "batch_train_losses": [
      0.8795500993728638,
      0.9478599429130554,
      1.062554955482483,
      0.9357874989509583,
      0.7565685510635376,
      0.8714175820350647,
      0.9645083546638489,
      0.7579599022865295,
      0.8526086211204529,
      0.9013860821723938,
      0.9446329474449158,
      1.0246514081954956,
      0.8836893439292908,
      0.9685523509979248,
      0.9328136444091797,
      1.0652915239334106,
      0.7867989540100098,
      0.8565956950187683,
      0.8083343505859375,
      0.9886676669120789,
      1.076062798500061,
      0.8847215175628662,
      0.8561052083969116,
      0.8433248400688171,
      0.970779538154602,
      0.7883026599884033,
      0.9731083512306213,
      0.961918294429779,
      1.141923189163208,
      0.853653609752655,
      0.9862741231918335,
      0.8875455260276794,
      0.8710147142410278,
      0.9420820474624634,
      0.8383654952049255,
      0.8906109929084778,
      0.9184440970420837,
      1.0993047952651978,
      0.7830547094345093,
      0.7986195087432861,
      0.8042966723442078,
      0.7445803284645081
   ],
   "batch_train_times": [],
   "val_accuracy": 0.5304054054054054,
   "val_loss": 1.830406362945969,
   "val_accuracy_per_label": [
      0.6818181818181818,
      0.0,
      0.16666666666666666,
      0.0,
      0.6,
      0.8,
      0.0,
      0.75,
      0.0,
      0.4,
      0.0,
      0.0,
      0.0,
      0.8,
      0.6,
      0.0,
      0.0,
      0.0,
      0.4,
      1.0,
      1.0,
      0.0,
      0.4,
      0.4,
      0.0,
      0.6,
      0.0,
      0.7,
      0.0,
      0.0,
      0.0,
      0.2,
      0.8,
      0.0,
      0.0,
      0.0,
      0.0,
      0.0,
      0.8666666666666667,
      0.6,
      0.0,
      0.5,
      0.2
   ]
}