{
   "epoch": 41,
   "batch_train_accuracies": [
      0.828125,
      0.859375,
      0.875,
      0.90625,
      0.84375,
      0.921875,
      0.84375,
      0.890625,
      0.90625,
      0.796875,
      0.921875,
      0.859375,
      0.828125,
      0.796875,
      0.875,
      0.859375,
      0.84375,
      0.890625,
      0.796875,
      0.90625,
      0.875,
      0.90625,
      0.796875,
      0.9375,
      0.875,
      0.8125,
      0.828125,
      0.859375,
      0.921875,
      0.890625,
      0.75,
      0.890625,
      0.828125,
      0.890625,
      0.78125,
      0.796875,
      0.828125,
      0.84375,
      0.90625,
      0.890625,
      0.875,
      0.8125
   ],
   "batch_train_losses": [
      0.8349086046218872,
      0.7804914116859436,
      0.7851800322532654,
      0.8897528648376465,
      0.920667827129364,
      0.834369957447052,
      0.9604421257972717,
      0.9327748417854309,
      0.8799898028373718,
      1.0706640481948853,
      0.744845986366272,
      0.9007146954536438,
      0.8281967043876648,
      0.9902357459068298,
      0.8400896787643433,
      0.8166681528091431,
      1.030087947845459,
      0.7732062339782715,
      0.9079976677894592,
      0.8070170879364014,
      0.877546489238739,
      0.794676661491394,
      0.9532215595245361,
      0.8914535641670227,
      0.8111649751663208,
      1.049652338027954,
      0.8546082377433777,
      1.1054911613464355,
      0.8872765302658081,
      0.8776205778121948,
      1.0407196283340454,
      0.7842369675636292,
      1.0329985618591309,
      0.8770714402198792,
      0.9620318412780762,
      1.0471614599227905,
      0.79163658618927,
      0.8110840320587158,
      0.8565141558647156,
      0.7599389553070068,
      0.8130180239677429,
      1.0484960079193115
   ],
   "batch_train_times": [],
   "val_accuracy": 0.40202702702702703,
   "val_loss": 2.223476641886943,
   "val_accuracy_per_label": [
      0.6363636363636364,
      0.0,
      0.5,
      0.0,
      1.0,
      0.8,
      0.0,
      0.8,
      0.0,
      0.0,
      0.0,
      0.0,
      0.2,
      0.0,
      0.0,
      0.0,
      0.0,
      0.0,
      0.2,
      1.0,
      0.3076923076923077,
      0.0,
      0.2,
      0.0,
      0.0,
      0.5,
      0.0,
      0.45,
      0.0,
      0.0,
      0.0,
      0.4,
      0.0,
      0.0,
      0.0,
      0.0,
      0.0,
      0.0,
      0.8,
      0.6,
      0.0,
      0.375,
      0.0
   ]
}