{
   "epoch": 13,
   "batch_train_accuracies": [
      0.640625,
      0.6875,
      0.5625,
      0.640625,
      0.578125,
      0.59375,
      0.71875,
      0.609375,
      0.765625,
      0.59375,
      0.609375,
      0.640625,
      0.59375,
      0.609375,
      0.59375,
      0.65625,
      0.5,
      0.609375,
      0.6875,
      0.640625,
      0.71875,
      0.796875,
      0.78125,
      0.578125,
      0.65625,
      0.640625,
      0.6875,
      0.640625,
      0.59375,
      0.65625,
      0.671875,
      0.78125,
      0.703125,
      0.625,
      0.609375,
      0.6875,
      0.6875,
      0.78125,
      0.75,
      0.640625,
      0.578125,
      0.75
   ],
   "batch_train_losses": [
      1.3909155130386353,
      1.4444462060928345,
      1.7008310556411743,
      1.5090100765228271,
      1.566345453262329,
      1.539603590965271,
      1.4330066442489624,
      1.5910418033599854,
      1.326788306236267,
      1.5802077054977417,
      1.621569275856018,
      1.5560758113861084,
      1.627745509147644,
      1.4856126308441162,
      1.618070125579834,
      1.5148558616638184,
      1.6767617464065552,
      1.4603462219238281,
      1.4126983880996704,
      1.542611002922058,
      1.4096848964691162,
      1.2926154136657715,
      1.2519879341125488,
      1.60051691532135,
      1.4333134889602661,
      1.3789293766021729,
      1.4289525747299194,
      1.519161581993103,
      1.4425666332244873,
      1.4760041236877441,
      1.4608207941055298,
      1.337646245956421,
      1.2960010766983032,
      1.5420228242874146,
      1.5730679035186768,
      1.3615961074829102,
      1.5031481981277466,
      1.3934475183486938,
      1.4329322576522827,
      1.5731581449508667,
      1.5649371147155762,
      1.2261747121810913
   ],
   "batch_train_times": [],
   "val_accuracy": 0.42567567567567566,
   "val_loss": 2.2255573820423438,
   "val_accuracy_per_label": [
      0.7272727272727273,
      0.0,
      0.0,
      0.0,
      1.0,
      1.0,
      0.0,
      0.8,
      0.0,
      0.0,
      0.0,
      0.0,
      0.0,
      0.0,
      0.4,
      0.0,
      0.0,
      0.0,
      0.2,
      0.6551724137931034,
      1.0,
      0.0,
      0.0,
      0.0,
      0.0,
      0.2,
      0.0,
      0.5,
      0.0,
      0.0,
      0.0,
      0.2,
      0.2,
      0.0,
      0.0,
      0.0,
      0.0,
      0.0,
      0.8,
      0.7,
      0.0,
      0.375,
      0.0
   ]
}