{
   "epoch": 7,
   "batch_train_accuracies": [
      0.46875,
      0.40625,
      0.4375,
      0.65625,
      0.53125,
      0.4375,
      0.5,
      0.59375,
      0.34375,
      0.6875,
      0.46875,
      0.46875,
      0.6875,
      0.3125,
      0.53125,
      0.4375,
      0.6875,
      0.46875,
      0.375,
      0.59375,
      0.375,
      0.6875,
      0.5625,
      0.65625,
      0.5,
      0.65625,
      0.6875,
      0.6875,
      0.65625,
      0.71875,
      0.625,
      0.40625,
      0.5,
      0.59375,
      0.5,
      0.5625,
      0.375,
      0.53125,
      0.59375,
      0.53125,
      0.625,
      0.6875,
      0.59375,
      0.5625,
      0.3125,
      0.46875,
      0.625,
      0.53125,
      0.65625,
      0.46875,
      0.59375,
      0.65625,
      0.5625,
      0.5625,
      0.625,
      0.53125,
      0.59375,
      0.53125,
      0.53125,
      0.53125,
      0.5,
      0.6875,
      0.46875,
      0.5,
      0.59375,
      0.5625,
      0.65625,
      0.5625,
      0.59375,
      0.4375,
      0.625,
      0.5625,
      0.5,
      0.46875,
      0.40625,
      0.4375,
      0.625,
      0.625,
      0.5625,
      0.59375,
      0.6875,
      0.59375,
      0.5625
   ],
   "batch_train_losses": [
      1.9395588636398315,
      2.1300501823425293,
      2.0166714191436768,
      1.7659200429916382,
      1.7739089727401733,
      1.9328110218048096,
      1.8714888095855713,
      1.933127522468567,
      2.114222526550293,
      1.3654329776763916,
      2.033207654953003,
      1.8429481983184814,
      1.730586051940918,
      2.168344020843506,
      1.8143540620803833,
      1.9491239786148071,
      1.4782850742340088,
      2.0823733806610107,
      2.0434579849243164,
      1.7044051885604858,
      2.0893962383270264,
      1.5194954872131348,
      1.7452086210250854,
      1.6119600534439087,
      1.8601791858673096,
      1.6745465993881226,
      1.4716943502426147,
      1.658731460571289,
      1.617056965827942,
      1.3819549083709717,
      1.696999430656433,
      1.9118987321853638,
      1.866847276687622,
      1.5135051012039185,
      1.8027538061141968,
      1.7135496139526367,
      2.215294361114502,
      1.741222858428955,
      1.5471779108047485,
      1.8276923894882202,
      1.5377750396728516,
      1.5037708282470703,
      1.655236005783081,
      1.7431681156158447,
      1.9861172437667847,
      1.7790770530700684,
      1.5810755491256714,
      1.776290774345398,
      1.5610569715499878,
      1.8795523643493652,
      1.7833387851715088,
      1.5891605615615845,
      1.8130364418029785,
      1.6569784879684448,
      1.573256492614746,
      1.6426345109939575,
      1.7017148733139038,
      1.651442527770996,
      1.6428165435791016,
      1.7034213542938232,
      1.7648372650146484,
      1.5874712467193604,
      1.7697418928146362,
      2.0282630920410156,
      1.5888745784759521,
      1.7448654174804688,
      1.637384057044983,
      1.5850836038589478,
      1.6704680919647217,
      1.7846782207489014,
      1.4177438020706177,
      1.6501131057739258,
      1.8709690570831299,
      1.8626353740692139,
      1.9741952419281006,
      1.9053245782852173,
      1.568131923675537,
      1.704289197921753,
      1.7750842571258545,
      1.7371469736099243,
      1.5872849225997925,
      1.6620540618896484,
      1.5668762922286987
   ],
   "batch_train_times": [],
   "val_accuracy": 0.4560810810810811,
   "val_loss": 2.1440480142026335,
   "val_accuracy_per_label": [
      0.8636363636363636,
      0.0,
      0.0,
      0.0,
      0.8,
      0.2,
      0.0,
      0.8,
      0.0,
      0.0,
      0.0,
      0.0,
      0.0,
      0.8,
      0.0,
      0.0,
      0.0,
      0.0,
      0.4,
      0.9655172413793104,
      0.9230769230769231,
      0.0,
      0.0,
      0.0,
      0.0,
      0.0,
      0.0,
      0.75,
      0.0,
      0.0,
      0.0,
      0.0,
      0.0,
      0.0,
      0.0,
      0.0,
      0.0,
      0.0,
      0.8,
      0.6,
      0.0,
      0.375,
      0.2
   ]
}