{
   "epoch": 36,
   "batch_train_accuracies": [
      0.78125,
      0.71875,
      0.84375,
      0.59375,
      0.78125,
      0.875,
      0.875,
      0.84375,
      0.78125,
      0.8125,
      0.84375,
      0.875,
      0.71875,
      0.78125,
      0.75,
      0.84375,
      0.9375,
      0.8125,
      0.78125,
      0.75,
      0.8125,
      0.75,
      0.875,
      0.71875,
      0.75,
      0.90625,
      0.78125,
      0.78125,
      0.78125,
      0.78125,
      0.90625,
      0.78125,
      0.78125,
      0.9375,
      0.875,
      0.8125,
      0.6875,
      0.8125,
      0.875,
      0.8125,
      0.78125,
      0.90625,
      0.84375,
      0.6875,
      0.75,
      0.75,
      0.84375,
      0.84375,
      0.8125,
      0.75,
      0.8125,
      0.75,
      0.6875,
      0.84375,
      0.96875,
      0.84375,
      0.75,
      0.8125,
      0.78125,
      0.84375,
      0.90625,
      0.8125,
      0.75,
      0.875,
      0.71875,
      0.8125,
      0.78125,
      0.875,
      0.78125,
      0.84375,
      0.75,
      0.6875,
      0.8125,
      0.71875,
      0.875,
      0.6875,
      0.71875,
      0.75,
      0.84375,
      0.78125,
      0.90625,
      0.84375,
      0.8125
   ],
   "batch_train_losses": [
      1.0280871391296387,
      1.1616891622543335,
      1.0239633321762085,
      1.5334769487380981,
      1.0184135437011719,
      1.1121797561645508,
      0.960511326789856,
      0.9219099879264832,
      1.126023769378662,
      1.030919075012207,
      1.0058321952819824,
      0.9748172163963318,
      1.2178380489349365,
      1.1408603191375732,
      1.2915316820144653,
      0.8974404335021973,
      0.9428699612617493,
      1.0943299531936646,
      1.0993695259094238,
      1.4843930006027222,
      1.2027956247329712,
      0.9790797233581543,
      0.9262353777885437,
      1.1269878149032593,
      1.1342988014221191,
      0.8409136533737183,
      0.9589293599128723,
      1.1484240293502808,
      1.1519980430603027,
      1.214626669883728,
      0.8806312680244446,
      1.090069055557251,
      0.975683331489563,
      0.9283666610717773,
      0.9565680623054504,
      0.9217890501022339,
      1.1903132200241089,
      1.0573769807815552,
      1.0937938690185547,
      1.0852347612380981,
      0.9614160656929016,
      0.8105384707450867,
      1.067070484161377,
      1.1031367778778076,
      1.2917035818099976,
      1.2541972398757935,
      0.953996479511261,
      1.0288312435150146,
      1.011049509048462,
      1.1995272636413574,
      1.1237409114837646,
      1.1635265350341797,
      1.2934966087341309,
      0.8932415246963501,
      0.7875440716743469,
      0.9281696081161499,
      1.2788456678390503,
      1.326586127281189,
      1.1117260456085205,
      0.9110080599784851,
      0.8298401832580566,
      0.979467511177063,
      1.214059591293335,
      1.0082579851150513,
      1.1826754808425903,
      1.0377956628799438,
      1.1744710206985474,
      1.0056850910186768,
      1.4536596536636353,
      0.8618695139884949,
      1.3162436485290527,
      1.297311782836914,
      1.0818983316421509,
      1.1434756517410278,
      1.1038674116134644,
      1.2478183507919312,
      1.3435797691345215,
      1.1466920375823975,
      0.9698699116706848,
      1.1766560077667236,
      1.0820369720458984,
      0.996264636516571,
      1.2975715398788452
   ],
   "batch_train_times": [],
   "val_accuracy": 0.47635135135135137,
   "val_loss": 1.985178045324377,
   "val_accuracy_per_label": [
      0.7272727272727273,
      0.0,
      0.3333333333333333,
      0.0,
      1.0,
      0.0,
      0.6666666666666666,
      0.75,
      0.0,
      0.0,
      0.0,
      0.0,
      0.8,
      0.8,
      0.6,
      0.0,
      0.0,
      0.0,
      0.0,
      1.0,
      1.0,
      0.0,
      0.0,
      0.8,
      0.0,
      0.1,
      0.0,
      0.35,
      0.0,
      0.0,
      0.6,
      0.0,
      0.6,
      0.0,
      0.0,
      0.0,
      0.0,
      0.0,
      0.4666666666666667,
      0.3,
      0.0,
      0.5,
      0.6
   ]
}