{
   "epoch": 5,
   "batch_train_accuracies": [
      0.5,
      0.5625,
      0.53125,
      0.4375,
      0.53125,
      0.5,
      0.53125,
      0.46875,
      0.59375,
      0.625,
      0.34375,
      0.4375,
      0.65625,
      0.40625,
      0.4375,
      0.46875,
      0.59375,
      0.5,
      0.5,
      0.46875,
      0.375,
      0.59375,
      0.375,
      0.40625,
      0.65625,
      0.5625,
      0.53125,
      0.5,
      0.59375,
      0.5,
      0.5625,
      0.59375,
      0.5,
      0.40625,
      0.59375,
      0.59375,
      0.375,
      0.53125,
      0.53125,
      0.5,
      0.53125,
      0.5625,
      0.53125,
      0.5625,
      0.40625,
      0.5,
      0.5625,
      0.5625,
      0.40625,
      0.625,
      0.53125,
      0.5625,
      0.625,
      0.4375,
      0.5625,
      0.375,
      0.5,
      0.5,
      0.5,
      0.34375,
      0.625,
      0.5,
      0.4375,
      0.46875,
      0.5,
      0.59375,
      0.53125,
      0.46875,
      0.40625,
      0.59375,
      0.53125,
      0.46875,
      0.59375,
      0.46875,
      0.53125,
      0.46875,
      0.46875,
      0.5625,
      0.40625,
      0.3125,
      0.5625,
      0.40625,
      0.5
   ],
   "batch_train_losses": [
      2.169529914855957,
      1.8343329429626465,
      2.072469472885132,
      2.0263113975524902,
      2.126129627227783,
      1.9892410039901733,
      1.9882367849349976,
      2.1844332218170166,
      1.9710980653762817,
      1.8117985725402832,
      2.365473747253418,
      2.0363681316375732,
      1.7911478281021118,
      2.175978660583496,
      1.983604073524475,
      2.0967166423797607,
      1.9707684516906738,
      2.094472646713257,
      2.0052850246429443,
      2.0055108070373535,
      2.235961675643921,
      1.9006705284118652,
      2.288471221923828,
      2.186171293258667,
      1.6711264848709106,
      1.9431593418121338,
      1.782893419265747,
      1.9289644956588745,
      1.832413673400879,
      2.110825777053833,
      1.9057624340057373,
      1.9608856439590454,
      2.0430514812469482,
      2.3391335010528564,
      1.6822651624679565,
      1.8323595523834229,
      2.1104342937469482,
      2.025224447250366,
      1.9972435235977173,
      2.052351236343384,
      1.779227375984192,
      1.6201386451721191,
      1.8832461833953857,
      1.8703393936157227,
      2.189892053604126,
      1.814449429512024,
      1.8204858303070068,
      1.9126811027526855,
      2.3803272247314453,
      1.6612693071365356,
      1.9252678155899048,
      1.7230874300003052,
      1.8411710262298584,
      2.061828136444092,
      1.856285810470581,
      1.958307147026062,
      1.8470594882965088,
      1.954537034034729,
      1.8999710083007812,
      2.2157726287841797,
      1.8243516683578491,
      2.061293840408325,
      2.0417871475219727,
      2.0077362060546875,
      1.939270257949829,
      1.9628015756607056,
      2.0962393283843994,
      2.1039817333221436,
      2.146392822265625,
      1.874390721321106,
      1.9438272714614868,
      1.988445520401001,
      1.7208884954452515,
      1.8925361633300781,
      1.9543184041976929,
      2.1050987243652344,
      2.0722239017486572,
      1.7327631711959839,
      2.063114643096924,
      2.236585855484009,
      1.8989511728286743,
      2.1212282180786133,
      1.9879244565963745
   ],
   "batch_train_times": [],
   "val_accuracy": 0.39864864864864863,
   "val_loss": 2.3227768395398116,
   "val_accuracy_per_label": [
      0.7727272727272727,
      0.0,
      0.0,
      0.0,
      0.0,
      0.2,
      0.0,
      0.95,
      0.0,
      0.0,
      0.0,
      0.0,
      0.0,
      0.4,
      0.0,
      0.0,
      0.0,
      0.0,
      0.0,
      0.8620689655172413,
      0.8076923076923077,
      0.0,
      0.0,
      0.0,
      0.0,
      0.0,
      0.0,
      0.7,
      0.0,
      0.0,
      0.0,
      0.0,
      0.0,
      0.0,
      0.0,
      0.0,
      0.0,
      0.0,
      0.6666666666666666,
      0.5,
      0.0,
      0.5,
      0.0
   ]
}