{
   "epoch": 39,
   "batch_train_accuracies": [
      0.75,
      0.875,
      0.75,
      0.78125,
      0.90625,
      0.78125,
      0.78125,
      0.78125,
      0.71875,
      0.8125,
      0.875,
      0.84375,
      0.84375,
      0.84375,
      0.6875,
      0.75,
      0.78125,
      0.84375,
      0.78125,
      0.84375,
      0.8125,
      0.875,
      0.8125,
      0.8125,
      0.875,
      0.75,
      0.71875,
      0.90625,
      0.8125,
      0.8125,
      0.84375,
      0.90625,
      0.8125,
      0.8125,
      0.8125,
      0.8125,
      0.8125,
      0.84375,
      0.8125,
      0.8125,
      0.8125,
      0.8125,
      0.71875,
      0.71875,
      0.84375,
      0.8125,
      0.75,
      0.6875,
      0.78125,
      0.71875,
      0.90625,
      0.875,
      0.78125,
      0.78125,
      0.875,
      0.8125,
      0.78125,
      0.96875,
      0.8125,
      0.8125,
      0.75,
      0.84375,
      0.75,
      0.8125,
      0.84375,
      0.8125,
      0.875,
      0.75,
      0.875,
      0.6875,
      0.84375,
      0.78125,
      0.875,
      0.8125,
      0.875,
      0.8125,
      0.875,
      0.84375,
      0.875,
      0.9375,
      0.84375,
      0.78125,
      0.6875
   ],
   "batch_train_losses": [
      1.1352040767669678,
      0.8805602788925171,
      1.2865214347839355,
      1.2614266872406006,
      0.9367561936378479,
      1.2249302864074707,
      1.0394808053970337,
      1.1889320611953735,
      1.0867412090301514,
      1.2354170083999634,
      1.0670291185379028,
      1.0746508836746216,
      0.9937941431999207,
      1.0259145498275757,
      1.3460204601287842,
      1.1218881607055664,
      1.0879982709884644,
      0.9960728287696838,
      1.165952205657959,
      1.074779987335205,
      1.0493990182876587,
      0.8893521428108215,
      1.0780341625213623,
      1.3032292127609253,
      0.973623514175415,
      1.0364017486572266,
      1.2221094369888306,
      0.8585753440856934,
      1.085014820098877,
      1.121439814567566,
      0.923352062702179,
      0.7783036231994629,
      1.1274927854537964,
      0.9101002216339111,
      1.0435396432876587,
      0.9570656418800354,
      1.0972071886062622,
      0.979500949382782,
      1.032094955444336,
      1.124127745628357,
      1.053166151046753,
      0.9522806406021118,
      1.2655965089797974,
      1.1418488025665283,
      1.2588633298873901,
      1.0950453281402588,
      0.9382733106613159,
      1.2348854541778564,
      1.1301701068878174,
      1.165723204612732,
      0.9184932708740234,
      1.028537392616272,
      1.0508602857589722,
      0.985575258731842,
      0.7908507585525513,
      1.0100829601287842,
      1.1917139291763306,
      0.8470065593719482,
      1.002539038658142,
      0.968734622001648,
      1.1563615798950195,
      0.9041453003883362,
      1.281115174293518,
      1.0256377458572388,
      1.1083927154541016,
      1.2394384145736694,
      0.8366486430168152,
      1.2351336479187012,
      0.842564582824707,
      1.2862588167190552,
      1.1438803672790527,
      1.0859510898590088,
      0.9263004064559937,
      1.0324324369430542,
      1.1182914972305298,
      1.0795483589172363,
      0.8577408790588379,
      1.0043127536773682,
      0.8298743367195129,
      0.7535465359687805,
      0.997889518737793,
      1.1346169710159302,
      1.5854190587997437
   ],
   "batch_train_times": [],
   "val_accuracy": 0.6114864864864865,
   "val_loss": 1.8804355054288298,
   "val_accuracy_per_label": [
      0.7272727272727273,
      0.0,
      0.16666666666666666,
      0.4,
      1.0,
      0.0,
      0.3333333333333333,
      0.95,
      0.0,
      0.0,
      0.0,
      0.0,
      0.8,
      1.0,
      0.8,
      0.0,
      0.0,
      0.0,
      0.2,
      0.9655172413793104,
      0.8461538461538461,
      0.4,
      0.8,
      0.8,
      0.0,
      0.6,
      0.0,
      1.0,
      0.0,
      0.0,
      0.6,
      1.0,
      1.0,
      0.0,
      0.0,
      0.0,
      0.2,
      0.0,
      0.7333333333333333,
      0.5,
      0.0,
      0.625,
      0.4
   ]
}