{
   "epoch": 4,
   "batch_train_accuracies": [
      0.46875,
      0.375,
      0.46875,
      0.5,
      0.59375,
      0.46875,
      0.4375,
      0.5,
      0.28125,
      0.34375,
      0.53125,
      0.5,
      0.53125,
      0.59375,
      0.375,
      0.4375,
      0.875,
      0.5,
      0.5,
      0.46875,
      0.40625,
      0.28125,
      0.34375,
      0.375,
      0.59375,
      0.46875,
      0.59375,
      0.40625,
      0.40625,
      0.53125,
      0.46875,
      0.53125,
      0.4375,
      0.5625,
      0.53125,
      0.46875,
      0.46875,
      0.46875,
      0.21875,
      0.46875,
      0.53125,
      0.4375,
      0.46875,
      0.4375,
      0.53125,
      0.40625,
      0.40625,
      0.5,
      0.375,
      0.40625,
      0.40625,
      0.34375,
      0.40625,
      0.71875,
      0.625,
      0.40625,
      0.53125,
      0.34375,
      0.34375,
      0.46875,
      0.53125,
      0.46875,
      0.40625,
      0.46875,
      0.53125,
      0.46875,
      0.375,
      0.4375,
      0.53125,
      0.4375,
      0.5625,
      0.5625,
      0.5625,
      0.625,
      0.5625,
      0.3125,
      0.375,
      0.46875,
      0.4375,
      0.375,
      0.4375,
      0.59375,
      0.6875
   ],
   "batch_train_losses": [
      2.2323384284973145,
      2.2772748470306396,
      2.228050947189331,
      2.159245491027832,
      1.9263392686843872,
      2.208069324493408,
      2.3262779712677,
      2.1500918865203857,
      2.4481706619262695,
      2.431771755218506,
      2.0343034267425537,
      2.134744882583618,
      2.0397191047668457,
      1.9339790344238281,
      2.3561642169952393,
      2.3273255825042725,
      1.700112223625183,
      2.0388526916503906,
      2.0754849910736084,
      2.0069806575775146,
      2.4754700660705566,
      2.456625461578369,
      2.283785343170166,
      2.3334333896636963,
      1.8171732425689697,
      2.2182443141937256,
      2.0844545364379883,
      2.2029900550842285,
      2.202286958694458,
      2.051298141479492,
      2.0551376342773438,
      2.161611557006836,
      2.2119219303131104,
      2.1179440021514893,
      2.0788519382476807,
      2.16477370262146,
      1.997668981552124,
      2.1123836040496826,
      2.6765191555023193,
      2.2311880588531494,
      2.113572597503662,
      2.1641879081726074,
      2.1390058994293213,
      2.2845942974090576,
      1.9295079708099365,
      2.267594337463379,
      2.2216053009033203,
      2.028660297393799,
      2.2730636596679688,
      2.3606960773468018,
      2.2245254516601562,
      2.609998941421509,
      2.3371596336364746,
      1.8076672554016113,
      1.8780014514923096,
      2.2098894119262695,
      2.0515332221984863,
      2.3004302978515625,
      2.2833423614501953,
      2.158949136734009,
      2.160891056060791,
      2.033214807510376,
      2.4243791103363037,
      2.0007660388946533,
      1.8849570751190186,
      2.2239513397216797,
      2.241994619369507,
      2.165579319000244,
      1.9576369524002075,
      2.007235527038574,
      1.8002638816833496,
      2.0333893299102783,
      1.8424662351608276,
      1.8258323669433594,
      2.144409656524658,
      2.2453529834747314,
      2.3941242694854736,
      2.105746269226074,
      2.2720773220062256,
      2.1753737926483154,
      2.1403441429138184,
      1.8827592134475708,
      1.696366786956787
   ],
   "batch_train_times": [],
   "val_accuracy": 0.3547297297297297,
   "val_loss": 2.4548787684053988,
   "val_accuracy_per_label": [
      0.7272727272727273,
      0.0,
      0.0,
      0.0,
      0.0,
      0.0,
      0.0,
      0.9,
      0.0,
      0.0,
      0.0,
      0.0,
      0.0,
      0.4,
      0.0,
      0.0,
      0.0,
      0.0,
      0.8,
      0.8620689655172413,
      0.8461538461538461,
      0.0,
      0.0,
      0.0,
      0.0,
      0.0,
      0.0,
      0.45,
      0.0,
      0.0,
      0.0,
      0.0,
      0.0,
      0.0,
      0.0,
      0.0,
      0.0,
      0.0,
      0.13333333333333333,
      0.1,
      0.0,
      0.625,
      0.2
   ]
}