{
   "epoch": 23,
   "batch_train_accuracies": [
      0.78125,
      0.75,
      0.8125,
      0.65625,
      0.6875,
      0.75,
      0.875,
      0.6875,
      0.59375,
      0.78125,
      0.6875,
      0.6875,
      0.75,
      0.78125,
      0.71875,
      0.75,
      0.875,
      0.875,
      0.875,
      0.78125,
      0.75,
      0.8125,
      0.78125,
      0.8125,
      0.78125,
      0.8125,
      0.84375,
      0.75,
      0.71875,
      0.78125,
      0.625,
      0.6875,
      0.84375,
      0.78125,
      0.78125,
      0.75,
      0.84375,
      0.75,
      0.625,
      0.75,
      0.78125,
      0.6875,
      0.75,
      0.65625,
      0.75,
      0.78125,
      0.65625,
      0.6875,
      0.75,
      0.71875,
      0.8125,
      0.84375,
      0.8125,
      0.65625,
      0.71875,
      0.90625,
      0.8125,
      0.6875,
      0.71875,
      0.6875,
      0.875,
      0.90625,
      0.75,
      0.78125,
      0.875,
      0.90625,
      0.78125,
      0.875,
      0.75,
      0.65625,
      0.78125,
      0.84375,
      0.84375,
      0.75,
      0.6875,
      0.78125,
      0.78125,
      0.75,
      0.8125,
      0.71875,
      0.8125,
      0.625,
      0.75
   ],
   "batch_train_losses": [
      1.1346784830093384,
      1.1663165092468262,
      1.106372594833374,
      1.3791998624801636,
      1.207435965538025,
      1.1169140338897705,
      0.8208419680595398,
      1.5066125392913818,
      1.7131856679916382,
      1.1059507131576538,
      1.3957468271255493,
      1.2698218822479248,
      1.3387788534164429,
      1.2572202682495117,
      1.2712113857269287,
      1.1226038932800293,
      1.1154255867004395,
      0.9979537725448608,
      0.8379603624343872,
      1.303904414176941,
      1.1565892696380615,
      1.0136868953704834,
      1.3285548686981201,
      1.043012022972107,
      1.1337809562683105,
      1.068115472793579,
      1.1189734935760498,
      1.1687768697738647,
      1.2766358852386475,
      0.9511448740959167,
      1.306909441947937,
      1.2083089351654053,
      1.0785311460494995,
      1.1659352779388428,
      1.1144238710403442,
      1.196781873703003,
      0.980315089225769,
      1.0948991775512695,
      1.2936145067214966,
      1.2481791973114014,
      0.9976088404655457,
      1.255455493927002,
      1.2365137338638306,
      1.2054582834243774,
      1.1845349073410034,
      1.2350871562957764,
      1.376168131828308,
      1.3363713026046753,
      1.2069182395935059,
      1.4514878988265991,
      1.11561119556427,
      0.764631450176239,
      1.1086620092391968,
      1.3216267824172974,
      1.198337435722351,
      0.7918999195098877,
      0.9809214472770691,
      1.158469796180725,
      1.2789034843444824,
      1.2614941596984863,
      1.0528877973556519,
      1.0143991708755493,
      1.1604878902435303,
      1.057503342628479,
      1.1182187795639038,
      0.8972684741020203,
      1.0805410146713257,
      0.8732566237449646,
      1.1247234344482422,
      1.3427703380584717,
      1.0957025289535522,
      0.9757810235023499,
      1.0336636304855347,
      1.2400096654891968,
      1.1244947910308838,
      1.1915910243988037,
      1.030077576637268,
      1.2181929349899292,
      1.1008769273757935,
      1.2570339441299438,
      1.0876357555389404,
      1.291205883026123,
      1.3307926654815674
   ],
   "batch_train_times": [],
   "val_accuracy": 0.5371621621621622,
   "val_loss": 1.904657412219692,
   "val_accuracy_per_label": [
      0.6818181818181818,
      0.0,
      0.16666666666666666,
      0.0,
      0.6,
      0.8,
      0.0,
      0.9,
      0.0,
      0.0,
      0.0,
      0.0,
      0.2,
      1.0,
      0.8,
      0.0,
      0.0,
      0.0,
      0.4,
      0.9310344827586207,
      0.6923076923076923,
      0.0,
      0.8,
      0.6,
      0.0,
      0.9,
      0.0,
      0.55,
      0.0,
      0.0,
      0.0,
      0.4,
      1.0,
      0.0,
      0.0,
      0.0,
      0.0,
      0.0,
      1.0,
      0.8,
      0.0,
      0.375,
      0.2
   ]
}