{
   "epoch": 48,
   "batch_train_accuracies": [
      0.8125,
      0.8125,
      0.84375,
      0.75,
      0.71875,
      0.78125,
      0.75,
      0.78125,
      0.84375,
      0.90625,
      0.8125,
      0.75,
      0.875,
      0.90625,
      0.8125,
      0.84375,
      0.84375,
      0.84375,
      0.6875,
      0.78125,
      0.75,
      0.84375,
      0.78125,
      0.84375,
      0.90625,
      0.90625,
      0.75,
      0.6875,
      0.71875,
      0.84375,
      0.875,
      0.875,
      0.875,
      0.90625,
      0.9375,
      0.75,
      0.8125,
      0.84375,
      0.9375,
      0.84375,
      0.9375,
      0.8125,
      0.78125,
      0.75,
      0.75,
      0.84375,
      0.84375,
      0.78125,
      0.71875,
      0.875,
      0.875,
      0.90625,
      0.8125,
      0.78125,
      0.78125,
      0.90625,
      0.8125,
      0.9375,
      0.78125,
      0.875,
      0.875,
      0.75,
      0.875,
      0.8125,
      0.90625,
      0.8125,
      0.78125,
      0.8125,
      0.75,
      0.8125,
      0.84375,
      0.6875,
      0.78125,
      0.6875,
      0.8125,
      0.75,
      0.71875,
      0.875,
      0.875,
      0.65625,
      0.75,
      0.84375,
      0.75
   ],
   "batch_train_losses": [
      1.0005264282226562,
      1.202880859375,
      1.0342166423797607,
      1.4118198156356812,
      1.048987865447998,
      1.2189359664916992,
      1.1690195798873901,
      1.1748031377792358,
      0.9939214587211609,
      1.0791137218475342,
      0.9884343147277832,
      1.1748219728469849,
      1.248209834098816,
      0.8442268371582031,
      1.189355731010437,
      0.8138651847839355,
      1.0003660917282104,
      0.9847769141197205,
      1.1960268020629883,
      1.0126819610595703,
      1.155724048614502,
      0.9787705540657043,
      1.26364266872406,
      0.9851729273796082,
      0.8900536298751831,
      0.8706859350204468,
      1.3391960859298706,
      1.3013226985931396,
      1.3149479627609253,
      0.9233536720275879,
      0.979252278804779,
      0.838012158870697,
      1.0120811462402344,
      1.1199395656585693,
      0.9779687523841858,
      1.2152671813964844,
      1.058402180671692,
      1.1379244327545166,
      0.8221396803855896,
      0.9974711537361145,
      0.9809488654136658,
      1.0699013471603394,
      1.17434561252594,
      1.2399238348007202,
      1.168190836906433,
      1.0991843938827515,
      0.9993499517440796,
      1.2177858352661133,
      1.2675769329071045,
      1.1120185852050781,
      0.9405844807624817,
      0.8357735872268677,
      1.1479394435882568,
      1.2639687061309814,
      1.023906946182251,
      1.0507432222366333,
      1.2017927169799805,
      0.8999743461608887,
      1.3354012966156006,
      0.9775951504707336,
      1.0347833633422852,
      1.4191511869430542,
      0.9581909775733948,
      1.1287083625793457,
      0.9696665406227112,
      1.0376999378204346,
      1.1840794086456299,
      1.2269319295883179,
      1.3554590940475464,
      1.0453444719314575,
      1.044242262840271,
      1.1675118207931519,
      1.0996670722961426,
      1.2428897619247437,
      1.1386382579803467,
      1.126533031463623,
      1.2319070100784302,
      0.9428908824920654,
      0.9277362823486328,
      1.2992424964904785,
      1.3478599786758423,
      0.958835780620575,
      1.3241140842437744
   ],
   "batch_train_times": [],
   "val_accuracy": 0.5371621621621622,
   "val_loss": 1.880560352995589,
   "val_accuracy_per_label": [
      0.8181818181818182,
      0.0,
      0.16666666666666666,
      0.0,
      0.8,
      0.0,
      0.0,
      0.85,
      0.0,
      0.0,
      0.0,
      0.0,
      0.0,
      1.0,
      0.8,
      0.0,
      0.0,
      0.0,
      0.0,
      1.0,
      0.8076923076923077,
      0.0,
      0.6,
      1.0,
      0.0,
      0.6,
      0.0,
      0.95,
      0.0,
      0.0,
      0.0,
      0.0,
      1.0,
      0.0,
      0.0,
      0.0,
      0.0,
      0.2,
      1.0,
      0.2,
      0.0,
      0.5,
      0.0
   ]
}