{
   "epoch": 8,
   "batch_train_accuracies": [
      0.46875,
      0.53125,
      0.5625,
      0.46875,
      0.59375,
      0.625,
      0.75,
      0.53125,
      0.46875,
      0.6875,
      0.625,
      0.40625,
      0.59375,
      0.59375,
      0.53125,
      0.65625,
      0.78125,
      0.78125,
      0.65625,
      0.59375,
      0.5625,
      0.625,
      0.59375,
      0.625,
      0.6875,
      0.6875,
      0.6875,
      0.46875,
      0.59375,
      0.5625,
      0.46875,
      0.65625,
      0.65625,
      0.59375,
      0.5625,
      0.46875,
      0.6875,
      0.59375,
      0.6875,
      0.65625,
      0.6875,
      0.625,
      0.53125,
      0.6875,
      0.6875,
      0.40625,
      0.59375,
      0.53125,
      0.5,
      0.71875,
      0.46875,
      0.5,
      0.5,
      0.59375,
      0.625,
      0.5625,
      0.4375,
      0.5625,
      0.53125,
      0.46875,
      0.65625,
      0.5625,
      0.46875,
      0.46875,
      0.46875,
      0.53125,
      0.4375,
      0.6875,
      0.75,
      0.6875,
      0.53125,
      0.71875,
      0.75,
      0.75,
      0.53125,
      0.46875,
      0.625,
      0.46875,
      0.75,
      0.75,
      0.5,
      0.6875,
      0.4375
   ],
   "batch_train_losses": [
      1.884556770324707,
      1.778144121170044,
      1.6318359375,
      1.7015515565872192,
      1.5808266401290894,
      1.5611746311187744,
      1.2896816730499268,
      1.7092399597167969,
      1.8189573287963867,
      1.4408553838729858,
      1.7201032638549805,
      2.0182294845581055,
      1.7905622720718384,
      1.7934892177581787,
      1.6650474071502686,
      1.5051089525222778,
      1.4265050888061523,
      1.4835577011108398,
      1.56126070022583,
      1.6733441352844238,
      1.7549690008163452,
      1.8440335988998413,
      1.6033263206481934,
      1.6698819398880005,
      1.5440082550048828,
      1.3586434125900269,
      1.5107104778289795,
      1.7696900367736816,
      1.7127087116241455,
      1.7709071636199951,
      2.0321052074432373,
      1.725456953048706,
      1.3648953437805176,
      1.6281806230545044,
      1.886320948600769,
      1.7569336891174316,
      1.4198930263519287,
      1.6004878282546997,
      1.6364820003509521,
      1.4663976430892944,
      1.3661699295043945,
      1.6045881509780884,
      1.7618979215621948,
      1.5162053108215332,
      1.4730819463729858,
      1.8479228019714355,
      1.6761870384216309,
      1.7748335599899292,
      1.8410588502883911,
      1.4229592084884644,
      1.8594598770141602,
      1.690320372581482,
      1.6255829334259033,
      1.5459893941879272,
      1.5763148069381714,
      1.693860650062561,
      1.787398338317871,
      1.632552146911621,
      1.827088713645935,
      1.9476209878921509,
      1.7519431114196777,
      1.6873867511749268,
      2.0661816596984863,
      1.7266572713851929,
      1.6229674816131592,
      1.9581588506698608,
      2.078911781311035,
      1.5415830612182617,
      1.495054841041565,
      1.5257692337036133,
      1.7087370157241821,
      1.5014084577560425,
      1.4013458490371704,
      1.5354037284851074,
      1.7179523706436157,
      1.9195008277893066,
      1.6033743619918823,
      1.837110996246338,
      1.388173222541809,
      1.4451618194580078,
      1.921410322189331,
      1.547022819519043,
      2.01796293258667
   ],
   "batch_train_times": [],
   "val_accuracy": 0.38513513513513514,
   "val_loss": 2.1721988046491467,
   "val_accuracy_per_label": [
      0.7727272727272727,
      0.0,
      0.0,
      0.0,
      1.0,
      0.0,
      0.0,
      0.8,
      0.0,
      0.4,
      0.0,
      0.0,
      0.0,
      0.4,
      0.2,
      0.0,
      0.0,
      0.0,
      0.2,
      0.8620689655172413,
      0.8076923076923077,
      0.0,
      0.0,
      0.0,
      0.0,
      0.2,
      0.0,
      0.35,
      0.0,
      0.0,
      0.0,
      0.0,
      0.0,
      0.0,
      0.0,
      0.0,
      0.0,
      0.0,
      0.3333333333333333,
      0.4,
      0.0,
      0.75,
      0.0
   ]
}