{
   "epoch": 24,
   "batch_train_accuracies": [
      0.875,
      0.875,
      0.75,
      0.8125,
      0.65625,
      0.65625,
      0.75,
      0.625,
      0.75,
      0.78125,
      0.6875,
      0.78125,
      0.90625,
      0.84375,
      0.6875,
      0.8125,
      0.71875,
      0.625,
      0.71875,
      0.75,
      0.75,
      0.71875,
      0.78125,
      0.75,
      0.8125,
      0.71875,
      0.875,
      0.78125,
      0.90625,
      0.8125,
      0.8125,
      0.65625,
      0.84375,
      0.875,
      0.8125,
      0.75,
      0.8125,
      0.625,
      0.78125,
      0.78125,
      0.8125,
      0.78125,
      0.75,
      0.71875,
      0.6875,
      0.875,
      0.84375,
      0.6875,
      0.8125,
      0.71875,
      0.78125,
      0.8125,
      0.75,
      0.71875,
      0.6875,
      0.71875,
      0.875,
      0.8125,
      0.65625,
      0.78125,
      0.9375,
      0.78125,
      0.875,
      0.6875,
      0.875,
      0.78125,
      0.75,
      0.84375,
      0.875,
      0.75,
      0.71875,
      0.75,
      0.65625,
      0.75,
      0.71875,
      0.8125,
      0.8125,
      0.75,
      0.71875,
      0.875,
      0.78125,
      0.78125,
      0.8125
   ],
   "batch_train_losses": [
      0.9564446806907654,
      0.9799262881278992,
      1.1919026374816895,
      1.2165197134017944,
      1.3191591501235962,
      1.1972647905349731,
      0.9249762296676636,
      1.5377836227416992,
      1.0746768712997437,
      1.0094653367996216,
      1.4721735715866089,
      1.0766433477401733,
      0.9506326913833618,
      1.090631127357483,
      1.218385100364685,
      1.2093522548675537,
      1.247253179550171,
      1.4401987791061401,
      1.140758991241455,
      1.216579556465149,
      1.2341018915176392,
      1.1218388080596924,
      1.2111247777938843,
      1.29813814163208,
      0.9178345799446106,
      1.1988438367843628,
      1.0471882820129395,
      1.1653177738189697,
      0.778986394405365,
      1.100457787513733,
      1.0600008964538574,
      1.5654292106628418,
      1.2110573053359985,
      0.9354727268218994,
      0.9872885346412659,
      1.1215237379074097,
      0.888039231300354,
      1.2519710063934326,
      1.0761104822158813,
      1.1282808780670166,
      1.1079087257385254,
      1.2009872198104858,
      1.2779922485351562,
      1.2990319728851318,
      1.3124678134918213,
      0.8452130556106567,
      0.9288164377212524,
      1.2672529220581055,
      1.1153258085250854,
      1.1458581686019897,
      1.1524409055709839,
      1.093098521232605,
      1.1968570947647095,
      1.1176538467407227,
      1.2568299770355225,
      1.227795958518982,
      0.9580075144767761,
      1.0460617542266846,
      1.3234003782272339,
      1.0228707790374756,
      0.8439205288887024,
      1.1142921447753906,
      1.0964994430541992,
      1.106425166130066,
      0.8106880187988281,
      0.9855279326438904,
      1.210348129272461,
      1.0351450443267822,
      1.103639006614685,
      1.063080072402954,
      1.1178498268127441,
      1.1103719472885132,
      1.3335320949554443,
      1.4058197736740112,
      1.094393014907837,
      1.1022100448608398,
      1.0811402797698975,
      1.1002048254013062,
      1.3752342462539673,
      1.0246214866638184,
      1.1202994585037231,
      1.108989953994751,
      1.3263282775878906
   ],
   "batch_train_times": [],
   "val_accuracy": 0.5337837837837838,
   "val_loss": 1.8244339710957296,
   "val_accuracy_per_label": [
      0.7272727272727273,
      0.0,
      0.3333333333333333,
      0.0,
      1.0,
      0.2,
      0.0,
      0.85,
      0.0,
      0.0,
      0.0,
      0.0,
      0.6,
      0.6,
      0.6,
      0.0,
      0.0,
      0.0,
      0.4,
      1.0,
      0.9230769230769231,
      0.2,
      0.4,
      0.4,
      0.0,
      0.7,
      0.0,
      0.65,
      0.0,
      0.0,
      0.0,
      1.0,
      0.2,
      0.0,
      0.0,
      0.0,
      0.0,
      0.0,
      0.8,
      0.4,
      0.0,
      0.625,
      0.2
   ]
}