{
   "epoch": 10,
   "batch_train_accuracies": [
      0.65625,
      0.65625,
      0.359375,
      0.625,
      0.546875,
      0.453125,
      0.578125,
      0.46875,
      0.5625,
      0.515625,
      0.34375,
      0.609375,
      0.5625,
      0.46875,
      0.515625,
      0.609375,
      0.5625,
      0.578125,
      0.546875,
      0.515625,
      0.546875,
      0.515625,
      0.515625,
      0.515625,
      0.46875,
      0.390625,
      0.484375,
      0.453125,
      0.59375,
      0.46875,
      0.484375,
      0.5625,
      0.546875,
      0.515625,
      0.578125,
      0.40625,
      0.5,
      0.453125,
      0.5625,
      0.609375,
      0.5,
      0.4375
   ],
   "batch_train_losses": [
      1.869343876838684,
      1.8209425210952759,
      2.2091665267944336,
      1.7185118198394775,
      1.7968688011169434,
      2.0716207027435303,
      1.818392038345337,
      1.894582748413086,
      1.857154369354248,
      1.9498058557510376,
      2.325726270675659,
      1.8646591901779175,
      1.9414231777191162,
      2.075770139694214,
      1.97622811794281,
      1.7770801782608032,
      1.8088816404342651,
      1.7627434730529785,
      1.821474313735962,
      2.110243558883667,
      1.9775760173797607,
      1.9301025867462158,
      1.9345537424087524,
      1.818596601486206,
      1.938578486442566,
      2.061309814453125,
      2.0361502170562744,
      1.9747191667556763,
      1.814528226852417,
      1.9598497152328491,
      2.0356552600860596,
      1.907666802406311,
      1.9293780326843262,
      1.8250446319580078,
      1.7826287746429443,
      2.1185967922210693,
      1.9208730459213257,
      2.0912833213806152,
      1.8417106866836548,
      1.8464058637619019,
      1.8442555665969849,
      1.9423364400863647
   ],
   "batch_train_times": [],
   "val_accuracy": 0.3716216216216216,
   "val_loss": 2.3721999155508504,
   "val_accuracy_per_label": [
      0.7727272727272727,
      0.0,
      0.0,
      0.0,
      0.4,
      0.4,
      0.0,
      0.75,
      0.0,
      0.0,
      0.0,
      0.0,
      0.0,
      0.4,
      0.0,
      0.0,
      0.0,
      0.0,
      0.0,
      0.7931034482758621,
      0.9615384615384616,
      0.0,
      0.0,
      0.0,
      0.0,
      0.0,
      0.0,
      0.35,
      0.0,
      0.0,
      0.0,
      0.0,
      0.0,
      0.0,
      0.0,
      0.0,
      0.0,
      0.0,
      0.5333333333333333,
      0.1,
      0.0,
      1.0,
      0.0
   ]
}