{
   "epoch": 48,
   "batch_train_accuracies": [
      0.734375,
      0.6875,
      0.78125,
      0.640625,
      0.78125,
      0.78125,
      0.828125,
      0.71875,
      0.8125,
      0.765625,
      0.734375,
      0.828125,
      0.734375,
      0.734375,
      0.84375,
      0.84375,
      0.765625,
      0.78125,
      0.8125,
      0.75,
      0.875,
      0.8125,
      0.859375,
      0.6875,
      0.65625,
      0.765625,
      0.828125,
      0.765625,
      0.734375,
      0.796875,
      0.828125,
      0.765625,
      0.671875,
      0.84375,
      0.765625,
      0.828125,
      0.734375,
      0.8125,
      0.890625,
      0.78125,
      0.71875,
      0.75
   ],
   "batch_train_losses": [
      1.1017171144485474,
      1.28750479221344,
      1.026143193244934,
      1.4130299091339111,
      1.023962140083313,
      1.0466560125350952,
      0.9253195524215698,
      1.213148832321167,
      0.9013269543647766,
      1.178881287574768,
      1.0700916051864624,
      0.8782604932785034,
      1.2786314487457275,
      1.0896612405776978,
      0.9894127249717712,
      0.9167929887771606,
      1.091652750968933,
      1.0833487510681152,
      0.9153205752372742,
      1.1875801086425781,
      0.9384458661079407,
      1.0674968957901,
      0.9130679965019226,
      1.2825459241867065,
      1.2882390022277832,
      1.006113886833191,
      1.0391850471496582,
      1.1568195819854736,
      1.0947405099868774,
      1.00593101978302,
      0.9859448075294495,
      1.0981537103652954,
      1.1771130561828613,
      0.9418841600418091,
      1.095102071762085,
      0.9608670473098755,
      1.1237800121307373,
      1.0785026550292969,
      0.8526893854141235,
      1.1447062492370605,
      1.1628142595291138,
      1.2648223638534546
   ],
   "batch_train_times": [],
   "val_accuracy": 0.4864864864864865,
   "val_loss": 1.905520857991399,
   "val_accuracy_per_label": [
      0.7727272727272727,
      0.0,
      0.0,
      0.0,
      0.4,
      0.2,
      0.0,
      0.8,
      0.0,
      0.0,
      0.0,
      0.0,
      0.0,
      0.2,
      0.0,
      0.0,
      0.0,
      0.0,
      0.0,
      1.0,
      1.0,
      0.0,
      0.0,
      0.2,
      0.0,
      0.2,
      0.0,
      0.65,
      0.0,
      0.0,
      0.2,
      1.0,
      0.8,
      0.0,
      0.0,
      0.0,
      0.2,
      0.0,
      0.9333333333333333,
      0.7,
      0.0,
      0.5,
      0.0
   ]
}