{
   "epoch": 14,
   "batch_train_accuracies": [
      0.53125,
      0.625,
      0.546875,
      0.578125,
      0.46875,
      0.484375,
      0.625,
      0.5,
      0.640625,
      0.625,
      0.59375,
      0.296875,
      0.625,
      0.65625,
      0.625,
      0.53125,
      0.640625,
      0.609375,
      0.578125,
      0.5,
      0.609375,
      0.65625,
      0.59375,
      0.546875,
      0.484375,
      0.5,
      0.484375,
      0.5625,
      0.59375,
      0.578125,
      0.515625,
      0.578125,
      0.6875,
      0.59375,
      0.65625,
      0.53125,
      0.625,
      0.625,
      0.625,
      0.625,
      0.453125,
      0.3125
   ],
   "batch_train_losses": [
      1.8570046424865723,
      1.7619446516036987,
      1.6417181491851807,
      1.7115123271942139,
      1.8367888927459717,
      1.9190295934677124,
      1.5362523794174194,
      1.8267041444778442,
      1.5946588516235352,
      1.6006871461868286,
      1.7621309757232666,
      2.101837396621704,
      1.5524767637252808,
      1.5743684768676758,
      1.569328784942627,
      1.7051706314086914,
      1.5373493432998657,
      1.5781861543655396,
      1.7489761114120483,
      1.8002649545669556,
      1.6416268348693848,
      1.5678712129592896,
      1.5804214477539062,
      1.776512622833252,
      1.8540904521942139,
      1.7743844985961914,
      1.917237401008606,
      1.7485923767089844,
      1.7720706462860107,
      1.625679850578308,
      1.813481330871582,
      1.669245958328247,
      1.5427663326263428,
      1.6056675910949707,
      1.5259649753570557,
      1.739691138267517,
      1.683868408203125,
      1.6293652057647705,
      1.5669320821762085,
      1.515546441078186,
      1.9978933334350586,
      2.2708239555358887
   ],
   "batch_train_times": [],
   "val_accuracy": 0.38175675675675674,
   "val_loss": 2.37894048561921,
   "val_accuracy_per_label": [
      0.9545454545454546,
      0.0,
      0.0,
      0.0,
      0.0,
      0.4,
      0.0,
      0.7,
      0.0,
      0.0,
      0.0,
      0.0,
      0.0,
      0.4,
      0.0,
      0.0,
      0.0,
      0.0,
      0.2,
      0.7586206896551724,
      1.0,
      0.0,
      0.0,
      0.0,
      0.0,
      0.0,
      0.0,
      0.15,
      0.0,
      0.0,
      0.0,
      0.6,
      0.0,
      0.0,
      0.0,
      0.0,
      0.0,
      0.0,
      0.6,
      0.2,
      0.0,
      1.0,
      0.0
   ]
}