{
   "epoch": 30,
   "batch_train_accuracies": [
      0.671875,
      0.6875,
      0.703125,
      0.671875,
      0.65625,
      0.765625,
      0.71875,
      0.71875,
      0.59375,
      0.71875,
      0.78125,
      0.59375,
      0.78125,
      0.734375,
      0.71875,
      0.65625,
      0.6875,
      0.75,
      0.71875,
      0.765625,
      0.703125,
      0.65625,
      0.59375,
      0.765625,
      0.65625,
      0.75,
      0.71875,
      0.71875,
      0.765625,
      0.765625,
      0.6875,
      0.78125,
      0.6875,
      0.671875,
      0.65625,
      0.75,
      0.703125,
      0.6875,
      0.671875,
      0.71875,
      0.796875,
      0.625
   ],
   "batch_train_losses": [
      1.3853631019592285,
      1.2602444887161255,
      1.2606050968170166,
      1.349871039390564,
      1.3027368783950806,
      1.2079336643218994,
      1.2793179750442505,
      1.2462599277496338,
      1.3913540840148926,
      1.2086963653564453,
      1.059477686882019,
      1.4194262027740479,
      1.1429461240768433,
      1.170757532119751,
      1.1889971494674683,
      1.4041939973831177,
      1.2740862369537354,
      1.1649341583251953,
      1.3626344203948975,
      1.1313114166259766,
      1.4292534589767456,
      1.1683639287948608,
      1.4532302618026733,
      1.1042978763580322,
      1.3137643337249756,
      1.1497392654418945,
      1.2051726579666138,
      1.2945080995559692,
      1.0841397047042847,
      1.2768890857696533,
      1.3054693937301636,
      1.15233314037323,
      1.287185549736023,
      1.2802095413208008,
      1.3505098819732666,
      1.1592918634414673,
      1.1565057039260864,
      1.33523428440094,
      1.296763300895691,
      1.2382640838623047,
      1.1507474184036255,
      1.5802059173583984
   ],
   "batch_train_times": [],
   "val_accuracy": 0.46621621621621623,
   "val_loss": 2.0266422355497204,
   "val_accuracy_per_label": [
      0.7727272727272727,
      0.0,
      0.0,
      0.0,
      0.4,
      0.2,
      0.0,
      0.75,
      0.0,
      0.0,
      0.0,
      0.0,
      0.0,
      1.0,
      0.0,
      0.0,
      0.0,
      0.0,
      0.0,
      0.9655172413793104,
      1.0,
      0.0,
      0.2,
      0.0,
      0.0,
      0.2,
      0.0,
      0.55,
      0.0,
      0.0,
      0.2,
      1.0,
      0.2,
      0.0,
      0.0,
      0.0,
      0.4,
      0.0,
      0.6666666666666666,
      0.4,
      0.0,
      0.875,
      0.0
   ]
}