{
   "epoch": 12,
   "batch_train_accuracies": [
      0.640625,
      0.546875,
      0.609375,
      0.640625,
      0.5625,
      0.5,
      0.515625,
      0.515625,
      0.53125,
      0.640625,
      0.484375,
      0.640625,
      0.59375,
      0.53125,
      0.40625,
      0.5,
      0.390625,
      0.546875,
      0.5625,
      0.53125,
      0.53125,
      0.671875,
      0.453125,
      0.5625,
      0.5625,
      0.671875,
      0.59375,
      0.484375,
      0.65625,
      0.515625,
      0.53125,
      0.515625,
      0.453125,
      0.515625,
      0.609375,
      0.5625,
      0.5625,
      0.4375,
      0.625,
      0.625,
      0.59375,
      0.5
   ],
   "batch_train_losses": [
      1.6837198734283447,
      1.7605276107788086,
      1.729267954826355,
      1.7892909049987793,
      1.8574215173721313,
      1.923539400100708,
      1.920175313949585,
      1.848557949066162,
      1.8731303215026855,
      1.7493573427200317,
      1.8808021545410156,
      1.6472628116607666,
      1.6995792388916016,
      1.8711029291152954,
      1.9751975536346436,
      1.8894389867782593,
      2.0478715896606445,
      1.8444098234176636,
      1.7266663312911987,
      1.813948631286621,
      1.7592672109603882,
      1.6274911165237427,
      2.131298542022705,
      1.872329592704773,
      1.6403112411499023,
      1.4751992225646973,
      1.8289633989334106,
      1.7650868892669678,
      1.7009960412979126,
      1.800150990486145,
      1.7619514465332031,
      1.7530001401901245,
      2.091331720352173,
      1.89301335811615,
      1.6849275827407837,
      1.8388575315475464,
      1.7570123672485352,
      1.843812108039856,
      1.6273809671401978,
      1.6640596389770508,
      1.764233112335205,
      1.7300808429718018
   ],
   "batch_train_times": [],
   "val_accuracy": 0.34797297297297297,
   "val_loss": 2.4128237479441874,
   "val_accuracy_per_label": [
      0.7272727272727273,
      0.0,
      0.0,
      0.0,
      0.2,
      0.6,
      0.0,
      0.75,
      0.0,
      0.0,
      0.0,
      0.0,
      0.0,
      0.0,
      0.0,
      0.0,
      0.0,
      0.0,
      0.0,
      0.8275862068965517,
      1.0,
      0.0,
      0.0,
      0.0,
      0.0,
      0.0,
      0.0,
      0.1,
      0.0,
      0.0,
      0.0,
      0.0,
      0.0,
      0.0,
      0.0,
      0.0,
      0.0,
      0.0,
      0.7333333333333333,
      0.0,
      0.0,
      0.625,
      0.0
   ]
}