{
   "epoch": 44,
   "batch_train_accuracies": [
      0.78125,
      0.8125,
      0.6875,
      0.71875,
      0.703125,
      0.78125,
      0.703125,
      0.78125,
      0.78125,
      0.796875,
      0.71875,
      0.625,
      0.84375,
      0.84375,
      0.75,
      0.828125,
      0.71875,
      0.796875,
      0.78125,
      0.8125,
      0.84375,
      0.75,
      0.796875,
      0.78125,
      0.703125,
      0.796875,
      0.796875,
      0.65625,
      0.796875,
      0.8125,
      0.78125,
      0.703125,
      0.734375,
      0.75,
      0.734375,
      0.78125,
      0.703125,
      0.828125,
      0.828125,
      0.84375,
      0.703125,
      0.625
   ],
   "batch_train_losses": [
      1.0491313934326172,
      0.9892998933792114,
      1.2048076391220093,
      1.1582773923873901,
      1.1907113790512085,
      1.052970290184021,
      1.1086890697479248,
      0.9819415807723999,
      1.2000572681427002,
      0.9946592450141907,
      1.1721619367599487,
      1.41343092918396,
      1.0268537998199463,
      0.9342962503433228,
      1.0525944232940674,
      1.0616862773895264,
      1.1094433069229126,
      1.0434311628341675,
      1.076684594154358,
      1.1718956232070923,
      1.038966417312622,
      1.154922604560852,
      1.0877907276153564,
      0.9794958829879761,
      1.1295604705810547,
      0.9735405445098877,
      1.1194489002227783,
      1.2892690896987915,
      1.1476755142211914,
      0.9696075320243835,
      1.0549051761627197,
      1.214769959449768,
      1.226847529411316,
      1.1584081649780273,
      1.127695083618164,
      1.0965244770050049,
      1.1951814889907837,
      1.0402309894561768,
      0.97968590259552,
      1.0233725309371948,
      1.2900891304016113,
      1.4384876489639282
   ],
   "batch_train_times": [],
   "val_accuracy": 0.4527027027027027,
   "val_loss": 2.044720266316388,
   "val_accuracy_per_label": [
      0.5,
      0.0,
      0.16666666666666666,
      0.0,
      1.0,
      0.6,
      0.0,
      0.7,
      0.0,
      0.0,
      0.0,
      0.0,
      0.2,
      0.2,
      0.0,
      0.0,
      0.0,
      0.0,
      0.0,
      0.896551724137931,
      1.0,
      0.0,
      0.2,
      0.2,
      0.0,
      0.5,
      0.0,
      0.3,
      0.0,
      0.0,
      0.4,
      0.4,
      0.8,
      0.0,
      0.0,
      0.0,
      0.2,
      0.0,
      0.6666666666666666,
      1.0,
      0.0,
      0.375,
      0.2
   ]
}