{
   "epoch": 3,
   "batch_train_accuracies": [
      0.328125,
      0.328125,
      0.390625,
      0.375,
      0.328125,
      0.296875,
      0.40625,
      0.296875,
      0.34375,
      0.390625,
      0.390625,
      0.40625,
      0.34375,
      0.3125,
      0.359375,
      0.390625,
      0.359375,
      0.359375,
      0.40625,
      0.359375,
      0.296875,
      0.4375,
      0.46875,
      0.609375,
      0.359375,
      0.390625,
      0.46875,
      0.328125,
      0.484375,
      0.390625,
      0.421875,
      0.421875,
      0.40625,
      0.34375,
      0.390625,
      0.453125,
      0.359375,
      0.28125,
      0.25,
      0.5,
      0.421875,
      0.375
   ],
   "batch_train_losses": [
      2.895739793777466,
      2.9516499042510986,
      2.8202154636383057,
      2.9691359996795654,
      2.958209753036499,
      3.057136297225952,
      2.788095235824585,
      2.9049248695373535,
      2.851242780685425,
      2.847658157348633,
      2.784773826599121,
      2.848203659057617,
      2.827211856842041,
      2.830310821533203,
      2.9088664054870605,
      2.755919933319092,
      2.7945711612701416,
      2.8379955291748047,
      2.801340341567993,
      2.737252950668335,
      2.850515365600586,
      2.7474021911621094,
      2.7092437744140625,
      2.529189348220825,
      2.6819822788238525,
      2.7156269550323486,
      2.597961187362671,
      2.8309175968170166,
      2.7131597995758057,
      2.651979446411133,
      2.7338106632232666,
      2.7704806327819824,
      2.75089693069458,
      2.693788528442383,
      2.7193312644958496,
      2.642704486846924,
      2.697737216949463,
      2.8381848335266113,
      2.8254458904266357,
      2.5520823001861572,
      2.7844934463500977,
      2.7657604217529297
   ],
   "batch_train_times": [],
   "val_accuracy": 0.27364864864864863,
   "val_loss": 2.9722619829951107,
   "val_accuracy_per_label": [
      0.5454545454545454,
      0.0,
      0.0,
      0.0,
      0.4,
      0.2,
      0.0,
      0.85,
      0.0,
      0.0,
      0.0,
      0.0,
      0.0,
      0.0,
      0.0,
      0.0,
      0.0,
      0.0,
      1.0,
      0.1724137931034483,
      0.7307692307692307,
      0.0,
      0.0,
      0.0,
      0.0,
      0.0,
      0.0,
      0.5,
      0.0,
      0.0,
      0.0,
      0.0,
      0.0,
      0.0,
      0.0,
      0.0,
      0.0,
      0.2,
      0.2,
      0.1,
      0.0,
      0.625,
      0.0
   ]
}