{
   "epoch": 33,
   "batch_train_accuracies": [
      0.65625,
      0.640625,
      0.8125,
      0.765625,
      0.78125,
      0.671875,
      0.71875,
      0.71875,
      0.71875,
      0.734375,
      0.703125,
      0.6875,
      0.6875,
      0.75,
      0.8125,
      0.75,
      0.765625,
      0.734375,
      0.734375,
      0.71875,
      0.78125,
      0.640625,
      0.703125,
      0.734375,
      0.640625,
      0.65625,
      0.78125,
      0.65625,
      0.640625,
      0.6875,
      0.703125,
      0.734375,
      0.6875,
      0.734375,
      0.8125,
      0.6875,
      0.625,
      0.859375,
      0.671875,
      0.71875,
      0.6875,
      0.625
   ],
   "batch_train_losses": [
      1.2883249521255493,
      1.3915636539459229,
      1.0252715349197388,
      1.1229424476623535,
      0.9921124577522278,
      1.3794832229614258,
      1.1851599216461182,
      1.1289770603179932,
      1.2841122150421143,
      1.2556231021881104,
      1.3051273822784424,
      1.2277888059616089,
      1.2518603801727295,
      1.1240657567977905,
      1.0916485786437988,
      1.1367353200912476,
      1.0124287605285645,
      1.0994594097137451,
      1.2447336912155151,
      1.1939470767974854,
      1.2034908533096313,
      1.315968632698059,
      1.135603427886963,
      1.2085552215576172,
      1.2597336769104004,
      1.3805088996887207,
      1.0102742910385132,
      1.3367046117782593,
      1.4685496091842651,
      1.2902697324752808,
      1.1772804260253906,
      1.1694543361663818,
      1.3483492136001587,
      1.1465643644332886,
      0.9102122187614441,
      1.3162177801132202,
      1.3550723791122437,
      0.960629940032959,
      1.4025484323501587,
      1.1604520082473755,
      1.1942371129989624,
      1.3554641008377075
   ],
   "batch_train_times": [],
   "val_accuracy": 0.47635135135135137,
   "val_loss": 2.030194069888141,
   "val_accuracy_per_label": [
      0.7727272727272727,
      0.0,
      0.3333333333333333,
      0.0,
      1.0,
      0.4,
      0.0,
      0.8,
      0.0,
      0.0,
      0.0,
      0.0,
      0.0,
      0.8,
      0.0,
      0.0,
      0.0,
      0.0,
      0.0,
      0.896551724137931,
      1.0,
      0.0,
      0.2,
      0.2,
      0.0,
      0.1,
      0.0,
      0.6,
      0.0,
      0.0,
      0.0,
      0.8,
      0.6,
      0.0,
      0.0,
      0.0,
      0.2,
      0.0,
      0.4,
      0.8,
      0.0,
      0.75,
      0.0
   ]
}