{
   "epoch": 1,
   "batch_train_accuracies": [
      0.0,
      0.046875,
      0.0625,
      0.03125,
      0.078125,
      0.078125,
      0.078125,
      0.078125,
      0.09375,
      0.125,
      0.09375,
      0.15625,
      0.078125,
      0.1875,
      0.109375,
      0.125,
      0.140625,
      0.125,
      0.140625,
      0.234375,
      0.1875,
      0.234375,
      0.1875,
      0.109375,
      0.15625,
      0.09375,
      0.203125,
      0.171875,
      0.203125,
      0.203125,
      0.171875,
      0.15625,
      0.140625,
      0.1875,
      0.25,
      0.296875,
      0.265625,
      0.234375,
      0.3125,
      0.1875,
      0.25,
      0.125
   ],
   "batch_train_losses": [
      3.789590358734131,
      3.7257955074310303,
      3.7073452472686768,
      3.654431104660034,
      3.6517484188079834,
      3.596195936203003,
      3.6636054515838623,
      3.618758201599121,
      3.5506978034973145,
      3.559459924697876,
      3.5064587593078613,
      3.5192229747772217,
      3.551253080368042,
      3.4625461101531982,
      3.505643844604492,
      3.4647598266601562,
      3.4682841300964355,
      3.4022932052612305,
      3.4586777687072754,
      3.439049005508423,
      3.418513059616089,
      3.3548197746276855,
      3.4153854846954346,
      3.4625418186187744,
      3.362151622772217,
      3.4429616928100586,
      3.318617820739746,
      3.4218027591705322,
      3.3210344314575195,
      3.3565514087677,
      3.286909341812134,
      3.316418409347534,
      3.3592946529388428,
      3.2981436252593994,
      3.258460521697998,
      3.199300765991211,
      3.2043142318725586,
      3.3072116374969482,
      3.2016446590423584,
      3.2588720321655273,
      3.235212564468384,
      3.3425486087799072
   ],
   "batch_train_times": [],
   "val_accuracy": 0.04391891891891892,
   "val_loss": 3.6807781425682276,
   "val_accuracy_per_label": [
      0.18181818181818182,
      0.0,
      0.0,
      0.0,
      0.0,
      0.0,
      0.0,
      0.15,
      0.0,
      0.0,
      0.0,
      0.0,
      0.0,
      0.6,
      0.0,
      0.0,
      0.0,
      0.0,
      0.0,
      0.0,
      0.0,
      0.0,
      0.0,
      0.0,
      0.0,
      0.0,
      0.0,
      0.0,
      0.0,
      0.0,
      0.0,
      0.0,
      0.0,
      0.0,
      0.0,
      0.75,
      0.0,
      0.0,
      0.0,
      0.0,
      0.0,
      0.0,
      0.0
   ]
}