{
   "epoch": 15,
   "batch_train_accuracies": [
      0.546875,
      0.609375,
      0.609375,
      0.578125,
      0.59375,
      0.546875,
      0.5,
      0.609375,
      0.5625,
      0.546875,
      0.5625,
      0.515625,
      0.5625,
      0.546875,
      0.46875,
      0.640625,
      0.5625,
      0.5,
      0.609375,
      0.5,
      0.640625,
      0.625,
      0.5625,
      0.578125,
      0.625,
      0.59375,
      0.59375,
      0.609375,
      0.578125,
      0.484375,
      0.625,
      0.53125,
      0.609375,
      0.53125,
      0.59375,
      0.578125,
      0.65625,
      0.5,
      0.546875,
      0.53125,
      0.5,
      0.8125
   ],
   "batch_train_losses": [
      1.6141561269760132,
      1.6219617128372192,
      1.6600444316864014,
      1.6759767532348633,
      1.7141751050949097,
      1.6616191864013672,
      1.7886768579483032,
      1.6472629308700562,
      1.651244044303894,
      1.5557876825332642,
      1.6975215673446655,
      1.7130099534988403,
      1.6770716905593872,
      1.6071147918701172,
      1.7949092388153076,
      1.564050316810608,
      1.744933843612671,
      1.7391868829727173,
      1.6749844551086426,
      1.9158116579055786,
      1.5600097179412842,
      1.4886901378631592,
      1.5652021169662476,
      1.5672799348831177,
      1.5137730836868286,
      1.664660096168518,
      1.5989741086959839,
      1.5923889875411987,
      1.5519845485687256,
      1.7488073110580444,
      1.5613692998886108,
      1.7133921384811401,
      1.5387699604034424,
      1.785847544670105,
      1.5848207473754883,
      1.5936166048049927,
      1.4095814228057861,
      1.9362818002700806,
      1.7068835496902466,
      1.6666030883789062,
      1.7131267786026,
      1.250622272491455
   ],
   "batch_train_times": [],
   "val_accuracy": 0.3918918918918919,
   "val_loss": 2.3332538218111605,
   "val_accuracy_per_label": [
      0.7272727272727273,
      0.0,
      0.0,
      0.0,
      0.2,
      0.4,
      0.0,
      0.8,
      0.0,
      0.0,
      0.0,
      0.0,
      0.0,
      0.2,
      0.0,
      0.0,
      0.0,
      0.0,
      0.0,
      0.8620689655172413,
      0.9615384615384616,
      0.0,
      0.0,
      0.0,
      0.0,
      0.1,
      0.0,
      0.35,
      0.0,
      0.0,
      0.0,
      0.6,
      0.2,
      0.0,
      0.0,
      0.0,
      0.0,
      0.0,
      0.6666666666666666,
      0.3,
      0.0,
      0.625,
      0.0
   ]
}