{
   "epoch": 24,
   "batch_train_accuracies": [
      0.71875,
      0.625,
      0.6875,
      0.703125,
      0.734375,
      0.6875,
      0.625,
      0.6875,
      0.59375,
      0.734375,
      0.671875,
      0.640625,
      0.6875,
      0.6875,
      0.703125,
      0.578125,
      0.59375,
      0.625,
      0.671875,
      0.765625,
      0.671875,
      0.671875,
      0.734375,
      0.640625,
      0.6875,
      0.6875,
      0.703125,
      0.75,
      0.75,
      0.53125,
      0.609375,
      0.5625,
      0.65625,
      0.765625,
      0.59375,
      0.75,
      0.640625,
      0.609375,
      0.671875,
      0.671875,
      0.65625,
      0.5
   ],
   "batch_train_losses": [
      1.2430440187454224,
      1.4358272552490234,
      1.4138025045394897,
      1.3362891674041748,
      1.3446881771087646,
      1.2160022258758545,
      1.5098953247070312,
      1.2562254667282104,
      1.5294426679611206,
      1.2704411745071411,
      1.3289467096328735,
      1.4743984937667847,
      1.331316590309143,
      1.2968254089355469,
      1.2739425897598267,
      1.583741307258606,
      1.6186834573745728,
      1.4225324392318726,
      1.4538764953613281,
      1.2744735479354858,
      1.4506014585494995,
      1.3426381349563599,
      1.2141599655151367,
      1.3841168880462646,
      1.2508898973464966,
      1.2752954959869385,
      1.2815295457839966,
      1.2181203365325928,
      1.1541310548782349,
      1.621459722518921,
      1.3533011674880981,
      1.5882482528686523,
      1.389209270477295,
      1.2634763717651367,
      1.473034381866455,
      1.1820846796035767,
      1.3599002361297607,
      1.4972038269042969,
      1.2884116172790527,
      1.2197816371917725,
      1.2637295722961426,
      1.6938260793685913
   ],
   "batch_train_times": [],
   "val_accuracy": 0.3952702702702703,
   "val_loss": 2.2120701944505847,
   "val_accuracy_per_label": [
      0.6818181818181818,
      0.0,
      0.0,
      0.0,
      1.0,
      0.0,
      0.0,
      0.85,
      0.0,
      0.0,
      0.0,
      0.0,
      0.0,
      0.0,
      0.0,
      0.0,
      0.0,
      0.0,
      0.0,
      0.7931034482758621,
      1.0,
      0.0,
      0.0,
      0.0,
      0.0,
      0.2,
      0.0,
      0.3,
      0.0,
      0.0,
      0.0,
      0.4,
      0.6,
      0.0,
      0.0,
      0.0,
      0.0,
      0.0,
      0.5333333333333333,
      0.6,
      0.0,
      0.5,
      0.0
   ]
}