{
   "epoch": 19,
   "batch_train_accuracies": [
      0.59375,
      0.625,
      0.5,
      0.53125,
      0.640625,
      0.546875,
      0.578125,
      0.65625,
      0.5625,
      0.671875,
      0.671875,
      0.65625,
      0.671875,
      0.5625,
      0.703125,
      0.625,
      0.625,
      0.546875,
      0.515625,
      0.53125,
      0.609375,
      0.625,
      0.59375,
      0.625,
      0.421875,
      0.59375,
      0.484375,
      0.578125,
      0.671875,
      0.59375,
      0.625,
      0.6875,
      0.640625,
      0.640625,
      0.65625,
      0.703125,
      0.609375,
      0.78125,
      0.609375,
      0.578125,
      0.625,
      0.5625
   ],
   "batch_train_losses": [
      1.4412347078323364,
      1.5048885345458984,
      1.6367777585983276,
      1.643904685974121,
      1.4240260124206543,
      1.6255723237991333,
      1.594415307044983,
      1.486375093460083,
      1.663817048072815,
      1.3669533729553223,
      1.4198120832443237,
      1.4174178838729858,
      1.4604724645614624,
      1.5950745344161987,
      1.260542869567871,
      1.4781063795089722,
      1.5546419620513916,
      1.5533567667007446,
      1.6499814987182617,
      1.6877517700195312,
      1.6780245304107666,
      1.4672973155975342,
      1.4954274892807007,
      1.6145519018173218,
      1.7706501483917236,
      1.5498982667922974,
      1.716254711151123,
      1.6294329166412354,
      1.3473423719406128,
      1.6612160205841064,
      1.6309874057769775,
      1.48128080368042,
      1.3579676151275635,
      1.5774872303009033,
      1.4073654413223267,
      1.475536584854126,
      1.50237238407135,
      1.1746734380722046,
      1.4951428174972534,
      1.5069386959075928,
      1.5075818300247192,
      1.5366392135620117
   ],
   "batch_train_times": [],
   "val_accuracy": 0.3716216216216216,
   "val_loss": 2.1932298492740943,
   "val_accuracy_per_label": [
      0.6818181818181818,
      0.0,
      0.16666666666666666,
      0.0,
      0.6,
      0.4,
      0.0,
      0.8,
      0.0,
      0.0,
      0.0,
      0.0,
      0.0,
      0.0,
      0.0,
      0.0,
      0.0,
      0.0,
      0.2,
      0.9655172413793104,
      0.7307692307692307,
      0.0,
      0.0,
      0.0,
      0.0,
      0.0,
      0.0,
      0.15,
      0.0,
      0.0,
      0.0,
      0.2,
      0.0,
      0.0,
      0.0,
      0.0,
      0.0,
      0.0,
      0.6666666666666666,
      0.4,
      0.0,
      0.875,
      0.0
   ]
}