{
   "epoch": 29,
   "batch_train_accuracies": [
      0.65625,
      0.671875,
      0.671875,
      0.59375,
      0.75,
      0.65625,
      0.71875,
      0.75,
      0.703125,
      0.6875,
      0.640625,
      0.65625,
      0.6875,
      0.796875,
      0.796875,
      0.671875,
      0.796875,
      0.640625,
      0.765625,
      0.796875,
      0.671875,
      0.765625,
      0.734375,
      0.640625,
      0.640625,
      0.640625,
      0.78125,
      0.703125,
      0.671875,
      0.71875,
      0.703125,
      0.734375,
      0.671875,
      0.78125,
      0.8125,
      0.5625,
      0.703125,
      0.71875,
      0.703125,
      0.78125,
      0.6875,
      0.5625
   ],
   "batch_train_losses": [
      1.3522831201553345,
      1.4944703578948975,
      1.2519464492797852,
      1.424816370010376,
      1.153498649597168,
      1.3169126510620117,
      1.1991405487060547,
      1.1831976175308228,
      1.2586051225662231,
      1.293984293937683,
      1.4169578552246094,
      1.4107295274734497,
      1.2413381338119507,
      1.1066251993179321,
      1.272291660308838,
      1.308295726776123,
      1.105794906616211,
      1.3495004177093506,
      1.074910044670105,
      1.1317542791366577,
      1.3739047050476074,
      1.120770812034607,
      1.2425063848495483,
      1.4056955575942993,
      1.3290255069732666,
      1.4111435413360596,
      1.0894354581832886,
      1.3446658849716187,
      1.41835618019104,
      1.1685454845428467,
      1.103116512298584,
      1.1759607791900635,
      1.3380320072174072,
      1.1201093196868896,
      1.158830165863037,
      1.439706802368164,
      1.2371487617492676,
      1.193448781967163,
      1.2003769874572754,
      1.1762460470199585,
      1.2354092597961426,
      1.8059625625610352
   ],
   "batch_train_times": [],
   "val_accuracy": 0.46621621621621623,
   "val_loss": 2.14858924375998,
   "val_accuracy_per_label": [
      0.6363636363636364,
      0.0,
      0.5,
      0.0,
      1.0,
      1.0,
      0.0,
      0.8,
      0.0,
      0.0,
      0.0,
      0.0,
      0.0,
      0.8,
      0.0,
      0.0,
      0.0,
      0.0,
      0.2,
      0.7931034482758621,
      1.0,
      0.0,
      0.0,
      0.2,
      0.0,
      0.0,
      0.0,
      0.65,
      0.0,
      0.0,
      0.4,
      0.2,
      0.6,
      0.0,
      0.0,
      0.0,
      0.4,
      0.0,
      0.6,
      0.3,
      0.0,
      0.875,
      0.0
   ]
}