{
   "epoch": 28,
   "batch_train_accuracies": [
      0.671875,
      0.765625,
      0.671875,
      0.703125,
      0.6875,
      0.796875,
      0.6875,
      0.65625,
      0.703125,
      0.640625,
      0.6875,
      0.625,
      0.78125,
      0.703125,
      0.671875,
      0.71875,
      0.703125,
      0.71875,
      0.78125,
      0.65625,
      0.71875,
      0.71875,
      0.75,
      0.65625,
      0.6875,
      0.546875,
      0.671875,
      0.71875,
      0.734375,
      0.8125,
      0.765625,
      0.703125,
      0.6875,
      0.734375,
      0.6875,
      0.75,
      0.6875,
      0.609375,
      0.59375,
      0.6875,
      0.71875,
      0.6875
   ],
   "batch_train_losses": [
      1.2965831756591797,
      1.2519971132278442,
      1.2652980089187622,
      1.1913731098175049,
      1.1802295446395874,
      1.088302731513977,
      1.2679928541183472,
      1.2911186218261719,
      1.2890065908432007,
      1.2796651124954224,
      1.2705447673797607,
      1.2914390563964844,
      1.0372703075408936,
      1.1939582824707031,
      1.242813229560852,
      1.154862642288208,
      1.2676430940628052,
      1.2160083055496216,
      1.1697973012924194,
      1.3089913129806519,
      1.305032730102539,
      1.202432632446289,
      1.1946572065353394,
      1.2422443628311157,
      1.3161635398864746,
      1.4999947547912598,
      1.3047834634780884,
      1.2822620868682861,
      1.1755319833755493,
      1.0066280364990234,
      1.1715636253356934,
      1.232513666152954,
      1.2815536260604858,
      1.1929912567138672,
      1.328881859779358,
      1.2359880208969116,
      1.3055264949798584,
      1.4853702783584595,
      1.4483331441879272,
      1.2522155046463013,
      1.279023289680481,
      1.489664912223816
   ],
   "batch_train_times": [],
   "val_accuracy": 0.46959459459459457,
   "val_loss": 2.0057794918885103,
   "val_accuracy_per_label": [
      0.6363636363636364,
      0.0,
      0.16666666666666666,
      0.0,
      0.4,
      0.6,
      0.0,
      0.75,
      0.0,
      0.0,
      0.0,
      0.0,
      0.0,
      0.0,
      0.0,
      0.0,
      0.0,
      0.0,
      0.2,
      0.7586206896551724,
      0.9615384615384616,
      0.0,
      0.0,
      0.2,
      0.0,
      0.1,
      0.0,
      0.85,
      0.0,
      0.0,
      0.0,
      1.0,
      0.4,
      0.0,
      0.0,
      0.0,
      0.0,
      0.0,
      1.0,
      0.9,
      0.0,
      0.75,
      0.0
   ]
}