{
   "epoch": 12,
   "batch_train_accuracies": [
      0.625,
      0.609375,
      0.53125,
      0.53125,
      0.640625,
      0.5,
      0.671875,
      0.65625,
      0.640625,
      0.40625,
      0.609375,
      0.453125,
      0.453125,
      0.59375,
      0.53125,
      0.65625,
      0.578125,
      0.578125,
      0.515625,
      0.5625,
      0.578125,
      0.640625,
      0.484375,
      0.578125,
      0.5625,
      0.671875,
      0.578125,
      0.5,
      0.59375,
      0.59375,
      0.515625,
      0.65625,
      0.65625,
      0.609375,
      0.625,
      0.625,
      0.5,
      0.546875,
      0.65625,
      0.609375,
      0.578125,
      0.375
   ],
   "batch_train_losses": [
      1.8228180408477783,
      1.8435242176055908,
      2.0861928462982178,
      1.9687882661819458,
      1.8255611658096313,
      2.120986223220825,
      1.925493597984314,
      1.8931798934936523,
      1.860447645187378,
      2.1625888347625732,
      1.7801909446716309,
      1.996410608291626,
      2.1121597290039062,
      1.9001328945159912,
      1.9132503271102905,
      1.764560580253601,
      1.851082444190979,
      1.8969792127609253,
      2.00614857673645,
      1.8912819623947144,
      1.8633184432983398,
      1.7379181385040283,
      2.10593843460083,
      1.8615072965621948,
      1.9103772640228271,
      1.7869963645935059,
      1.8943103551864624,
      1.9530997276306152,
      1.8932064771652222,
      1.9976626634597778,
      1.962202787399292,
      1.7627729177474976,
      1.7883481979370117,
      1.8195509910583496,
      1.7111703157424927,
      1.796482801437378,
      2.1037817001342773,
      1.9308288097381592,
      1.8019095659255981,
      1.8658421039581299,
      1.9858548641204834,
      2.1676156520843506
   ],
   "batch_train_times": [],
   "val_accuracy": 0.3614864864864865,
   "val_loss": 2.4877257218232027,
   "val_accuracy_per_label": [
      0.7272727272727273,
      0.0,
      0.0,
      0.0,
      0.2,
      1.0,
      0.0,
      0.65,
      0.0,
      0.0,
      0.0,
      0.0,
      0.0,
      0.4,
      0.0,
      0.0,
      0.0,
      0.0,
      0.0,
      0.6896551724137931,
      1.0,
      0.0,
      0.0,
      0.0,
      0.0,
      0.0,
      0.0,
      0.4,
      0.0,
      0.0,
      0.0,
      0.0,
      0.0,
      0.0,
      0.0,
      0.0,
      0.0,
      0.0,
      0.6666666666666666,
      0.2,
      0.0,
      0.5,
      0.0
   ]
}