{
   "epoch": 30,
   "batch_train_accuracies": [
      0.71875,
      0.71875,
      0.640625,
      0.703125,
      0.734375,
      0.796875,
      0.75,
      0.78125,
      0.703125,
      0.71875,
      0.625,
      0.703125,
      0.765625,
      0.703125,
      0.734375,
      0.671875,
      0.671875,
      0.71875,
      0.640625,
      0.671875,
      0.75,
      0.71875,
      0.765625,
      0.75,
      0.671875,
      0.71875,
      0.703125,
      0.6875,
      0.671875,
      0.71875,
      0.75,
      0.703125,
      0.8125,
      0.609375,
      0.640625,
      0.875,
      0.765625,
      0.75,
      0.703125,
      0.71875,
      0.734375,
      0.6875
   ],
   "batch_train_losses": [
      1.346486210823059,
      1.3059325218200684,
      1.6788870096206665,
      1.3928754329681396,
      1.293424129486084,
      1.2723701000213623,
      1.3752899169921875,
      1.2850767374038696,
      1.3527063131332397,
      1.4790380001068115,
      1.5337586402893066,
      1.36917245388031,
      1.3617665767669678,
      1.3070863485336304,
      1.398771047592163,
      1.4525202512741089,
      1.5194885730743408,
      1.2919169664382935,
      1.4608750343322754,
      1.4871752262115479,
      1.2819253206253052,
      1.370652198791504,
      1.4085437059402466,
      1.499536395072937,
      1.4857115745544434,
      1.4062741994857788,
      1.4550310373306274,
      1.467525601387024,
      1.4649380445480347,
      1.3522363901138306,
      1.323673129081726,
      1.3577855825424194,
      1.2284036874771118,
      1.6010308265686035,
      1.48322331905365,
      1.1863058805465698,
      1.2714357376098633,
      1.307995080947876,
      1.3877975940704346,
      1.3959214687347412,
      1.3814994096755981,
      1.4162553548812866
   ],
   "batch_train_times": [],
   "val_accuracy": 0.46283783783783783,
   "val_loss": 2.3228155728932975,
   "val_accuracy_per_label": [
      0.7272727272727273,
      0.0,
      0.0,
      0.0,
      0.6,
      0.6,
      0.0,
      0.75,
      0.0,
      0.0,
      0.0,
      0.0,
      0.0,
      0.6,
      0.0,
      0.0,
      0.0,
      0.0,
      0.0,
      0.9310344827586207,
      1.0,
      0.0,
      0.0,
      1.0,
      0.0,
      0.0,
      0.0,
      0.55,
      0.0,
      0.0,
      0.0,
      0.0,
      0.0,
      0.0,
      0.0,
      0.0,
      0.0,
      0.0,
      0.9333333333333333,
      0.9,
      0.0,
      0.625,
      0.0
   ]
}