{
   "epoch": 36,
   "batch_train_accuracies": [
      0.71875,
      0.828125,
      0.6875,
      0.59375,
      0.71875,
      0.625,
      0.6875,
      0.703125,
      0.765625,
      0.765625,
      0.796875,
      0.6875,
      0.75,
      0.6875,
      0.765625,
      0.71875,
      0.734375,
      0.71875,
      0.765625,
      0.78125,
      0.75,
      0.78125,
      0.78125,
      0.6875,
      0.828125,
      0.859375,
      0.765625,
      0.703125,
      0.8125,
      0.71875,
      0.71875,
      0.6875,
      0.6875,
      0.765625,
      0.65625,
      0.734375,
      0.75,
      0.734375,
      0.703125,
      0.8125,
      0.703125,
      0.875
   ],
   "batch_train_losses": [
      1.3880630731582642,
      1.166186809539795,
      1.395859718322754,
      1.5895190238952637,
      1.3617448806762695,
      1.2780909538269043,
      1.4196853637695312,
      1.3823961019515991,
      1.2419861555099487,
      1.285484790802002,
      1.2771832942962646,
      1.3796334266662598,
      1.3272144794464111,
      1.4738149642944336,
      1.2392274141311646,
      1.5090913772583008,
      1.2967814207077026,
      1.449324131011963,
      1.2657541036605835,
      1.3263952732086182,
      1.337406873703003,
      1.2649574279785156,
      1.2581605911254883,
      1.4514063596725464,
      1.1215884685516357,
      1.13322114944458,
      1.2246466875076294,
      1.4070698022842407,
      1.0749554634094238,
      1.329224944114685,
      1.3515769243240356,
      1.4433252811431885,
      1.3864213228225708,
      1.2350399494171143,
      1.5098185539245605,
      1.2495838403701782,
      1.329365611076355,
      1.4368350505828857,
      1.306900143623352,
      1.138071060180664,
      1.3343775272369385,
      1.0647082328796387
   ],
   "batch_train_times": [],
   "val_accuracy": 0.543918918918919,
   "val_loss": 2.088864030064763,
   "val_accuracy_per_label": [
      0.6818181818181818,
      0.0,
      0.0,
      0.0,
      1.0,
      0.4,
      0.0,
      0.75,
      0.0,
      0.8,
      0.0,
      0.0,
      0.0,
      1.0,
      0.2,
      0.0,
      0.0,
      0.0,
      0.2,
      1.0,
      1.0,
      0.0,
      0.4,
      0.8,
      0.0,
      0.4,
      0.0,
      0.7,
      0.0,
      0.0,
      0.0,
      0.8,
      0.6,
      0.0,
      0.0,
      0.0,
      0.2,
      0.0,
      1.0,
      0.7,
      0.0,
      0.5,
      0.0
   ]
}