{
   "epoch": 5,
   "batch_train_accuracies": [
      0.578125,
      0.359375,
      0.484375,
      0.59375,
      0.546875,
      0.5,
      0.375,
      0.375,
      0.359375,
      0.328125,
      0.484375,
      0.484375,
      0.5625,
      0.53125,
      0.515625,
      0.546875,
      0.40625,
      0.4375,
      0.390625,
      0.328125,
      0.484375,
      0.34375,
      0.515625,
      0.515625,
      0.390625,
      0.375,
      0.5,
      0.53125,
      0.453125,
      0.515625,
      0.53125,
      0.46875,
      0.578125,
      0.5625,
      0.46875,
      0.453125,
      0.484375,
      0.484375,
      0.484375,
      0.421875,
      0.484375,
      0.4375
   ],
   "batch_train_losses": [
      2.453260898590088,
      2.7632083892822266,
      2.464602470397949,
      2.4385828971862793,
      2.371995449066162,
      2.439938545227051,
      2.5961079597473145,
      2.5448312759399414,
      2.6507129669189453,
      2.6981821060180664,
      2.499051570892334,
      2.54259991645813,
      2.4519174098968506,
      2.5084989070892334,
      2.6198410987854004,
      2.384810209274292,
      2.634631872177124,
      2.516582727432251,
      2.567232608795166,
      2.6955528259277344,
      2.6205341815948486,
      2.699995279312134,
      2.4313526153564453,
      2.647955894470215,
      2.7011799812316895,
      2.586362361907959,
      2.397221326828003,
      2.4470293521881104,
      2.5454654693603516,
      2.4405956268310547,
      2.4928689002990723,
      2.475797176361084,
      2.4544098377227783,
      2.459824562072754,
      2.517303943634033,
      2.436772108078003,
      2.5070695877075195,
      2.510240316390991,
      2.5208868980407715,
      2.455191135406494,
      2.546515941619873,
      2.669672966003418
   ],
   "batch_train_times": [],
   "val_accuracy": 0.32432432432432434,
   "val_loss": 2.865880837311616,
   "val_accuracy_per_label": [
      0.5909090909090909,
      0.0,
      0.0,
      0.0,
      0.0,
      0.0,
      0.0,
      0.65,
      0.0,
      0.0,
      0.0,
      0.0,
      0.0,
      0.0,
      0.0,
      0.0,
      0.0,
      0.0,
      0.8,
      0.6551724137931034,
      0.9230769230769231,
      0.0,
      0.0,
      0.0,
      0.0,
      0.0,
      0.0,
      0.45,
      0.0,
      0.0,
      0.0,
      0.4,
      0.0,
      0.0,
      0.0,
      0.0,
      0.0,
      0.0,
      0.26666666666666666,
      0.2,
      0.0,
      0.75,
      0.0
   ]
}