{
   "epoch": 26,
   "batch_train_accuracies": [
      0.671875,
      0.6875,
      0.71875,
      0.625,
      0.703125,
      0.59375,
      0.65625,
      0.640625,
      0.6875,
      0.734375,
      0.65625,
      0.71875,
      0.6875,
      0.703125,
      0.640625,
      0.640625,
      0.6875,
      0.625,
      0.765625,
      0.734375,
      0.671875,
      0.765625,
      0.6875,
      0.703125,
      0.6875,
      0.625,
      0.75,
      0.765625,
      0.8125,
      0.640625,
      0.609375,
      0.671875,
      0.671875,
      0.609375,
      0.6875,
      0.765625,
      0.65625,
      0.71875,
      0.671875,
      0.671875,
      0.671875,
      0.625
   ],
   "batch_train_losses": [
      1.4662256240844727,
      1.4588990211486816,
      1.5284656286239624,
      1.6287704706192017,
      1.332081913948059,
      1.644072413444519,
      1.4602781534194946,
      1.4332828521728516,
      1.3228614330291748,
      1.3008525371551514,
      1.54987633228302,
      1.47101891040802,
      1.4429513216018677,
      1.4121819734573364,
      1.6095468997955322,
      1.5823403596878052,
      1.510231614112854,
      1.5743274688720703,
      1.428949236869812,
      1.3844738006591797,
      1.467721939086914,
      1.4014281034469604,
      1.5157334804534912,
      1.4893999099731445,
      1.5033141374588013,
      1.5928254127502441,
      1.24833345413208,
      1.4348723888397217,
      1.257293939590454,
      1.5462473630905151,
      1.7457951307296753,
      1.5117474794387817,
      1.4921770095825195,
      1.5477946996688843,
      1.4978891611099243,
      1.3065656423568726,
      1.4725703001022339,
      1.3902301788330078,
      1.4390039443969727,
      1.478072166442871,
      1.4691044092178345,
      1.6764575242996216
   ],
   "batch_train_times": [],
   "val_accuracy": 0.4527027027027027,
   "val_loss": 2.239686869286202,
   "val_accuracy_per_label": [
      0.7272727272727273,
      0.0,
      0.0,
      0.0,
      1.0,
      0.0,
      0.0,
      0.75,
      0.0,
      0.0,
      0.0,
      0.0,
      0.0,
      1.0,
      0.0,
      0.0,
      0.0,
      0.0,
      0.2,
      0.9310344827586207,
      0.9615384615384616,
      0.0,
      0.0,
      0.6,
      0.0,
      0.5,
      0.0,
      0.45,
      0.0,
      0.0,
      0.0,
      0.4,
      0.0,
      0.0,
      0.0,
      0.0,
      0.0,
      0.0,
      0.7333333333333333,
      0.7,
      0.0,
      0.375,
      0.0
   ]
}