{
   "epoch": 47,
   "batch_train_accuracies": [
      0.796875,
      0.765625,
      0.84375,
      0.8125,
      0.75,
      0.6875,
      0.84375,
      0.671875,
      0.78125,
      0.796875,
      0.734375,
      0.8125,
      0.765625,
      0.78125,
      0.71875,
      0.71875,
      0.75,
      0.78125,
      0.765625,
      0.65625,
      0.796875,
      0.828125,
      0.734375,
      0.8125,
      0.8125,
      0.765625,
      0.78125,
      0.828125,
      0.703125,
      0.75,
      0.71875,
      0.703125,
      0.890625,
      0.75,
      0.6875,
      0.71875,
      0.78125,
      0.859375,
      0.84375,
      0.796875,
      0.78125,
      0.6875
   ],
   "batch_train_losses": [
      1.1192501783370972,
      1.2989565134048462,
      1.1771047115325928,
      1.0596914291381836,
      1.2097222805023193,
      1.4382940530776978,
      1.0716923475265503,
      1.6150249242782593,
      1.1686756610870361,
      1.3314290046691895,
      1.3005951642990112,
      1.2531083822250366,
      1.2681833505630493,
      1.1867592334747314,
      1.3668463230133057,
      1.3167611360549927,
      1.1845719814300537,
      1.2129888534545898,
      1.1854872703552246,
      1.4608244895935059,
      1.174426555633545,
      1.0860025882720947,
      1.25027596950531,
      1.296788215637207,
      1.164603352546692,
      1.2555994987487793,
      1.2752355337142944,
      0.9841200113296509,
      1.2963474988937378,
      1.2665016651153564,
      1.2380741834640503,
      1.348492980003357,
      1.1099737882614136,
      1.3370215892791748,
      1.4155545234680176,
      1.3557798862457275,
      1.3116008043289185,
      1.0868862867355347,
      1.1070700883865356,
      1.2976254224777222,
      1.2648447751998901,
      1.6653623580932617
   ],
   "batch_train_times": [],
   "val_accuracy": 0.527027027027027,
   "val_loss": 2.1918154987129004,
   "val_accuracy_per_label": [
      0.6363636363636364,
      0.0,
      0.0,
      0.0,
      1.0,
      0.0,
      0.0,
      0.8,
      0.0,
      0.0,
      0.0,
      0.0,
      1.0,
      0.8,
      0.0,
      0.0,
      0.0,
      0.0,
      0.6,
      1.0,
      0.8461538461538461,
      0.2,
      0.8,
      0.4,
      0.0,
      0.6,
      0.0,
      0.65,
      0.0,
      0.0,
      0.0,
      0.2,
      0.8,
      0.0,
      0.0,
      0.0,
      0.0,
      0.0,
      1.0,
      0.9,
      0.0,
      0.375,
      0.0
   ]
}