{
   "epoch": 2,
   "batch_train_accuracies": [
      0.34375,
      0.359375,
      0.328125,
      0.203125,
      0.34375,
      0.21875,
      0.296875,
      0.234375,
      0.421875,
      0.234375,
      0.25,
      0.1875,
      0.28125,
      0.265625,
      0.359375,
      0.46875,
      0.296875,
      0.34375,
      0.265625,
      0.375,
      0.28125,
      0.421875,
      0.359375,
      0.390625,
      0.34375,
      0.34375,
      0.3125,
      0.4375,
      0.296875,
      0.171875,
      0.25,
      0.328125,
      0.40625,
      0.390625,
      0.234375,
      0.328125,
      0.359375,
      0.328125,
      0.34375,
      0.40625,
      0.4375,
      0.125
   ],
   "batch_train_losses": [
      3.1253421306610107,
      2.983640193939209,
      3.068056583404541,
      3.261943817138672,
      3.027641773223877,
      3.1442952156066895,
      3.1100316047668457,
      3.2025246620178223,
      2.929408311843872,
      3.1328017711639404,
      3.0156495571136475,
      3.229703903198242,
      3.1144027709960938,
      3.1180334091186523,
      3.00451397895813,
      2.914095163345337,
      3.060556173324585,
      3.0311288833618164,
      3.0700762271881104,
      2.9968411922454834,
      3.134671211242676,
      2.9314451217651367,
      3.052577495574951,
      2.9007720947265625,
      3.0025229454040527,
      3.02327036857605,
      3.0048258304595947,
      2.9231021404266357,
      3.0107226371765137,
      3.275193452835083,
      3.067129373550415,
      3.0116775035858154,
      3.001354932785034,
      2.988334894180298,
      3.0955004692077637,
      2.975287437438965,
      2.8655104637145996,
      3.0030322074890137,
      2.9579527378082275,
      2.8699581623077393,
      2.8385958671569824,
      3.3033201694488525
   ],
   "batch_train_times": [],
   "val_accuracy": 0.2195945945945946,
   "val_loss": 3.1969424002879374,
   "val_accuracy_per_label": [
      0.3181818181818182,
      0.0,
      0.0,
      0.0,
      0.0,
      0.0,
      0.0,
      0.2,
      0.0,
      0.0,
      0.0,
      0.0,
      0.0,
      1.0,
      0.0,
      0.0,
      0.0,
      0.0,
      0.8,
      0.0,
      0.7692307692307693,
      0.0,
      0.0,
      0.0,
      0.0,
      0.0,
      0.0,
      0.55,
      0.0,
      0.0,
      0.0,
      0.6,
      0.0,
      0.0,
      0.0,
      0.0,
      0.0,
      0.0,
      0.0,
      0.3,
      0.0,
      1.0,
      0.0
   ]
}