{
   "epoch": 38,
   "batch_train_accuracies": [
      0.671875,
      0.703125,
      0.703125,
      0.734375,
      0.78125,
      0.796875,
      0.734375,
      0.625,
      0.734375,
      0.703125,
      0.75,
      0.65625,
      0.65625,
      0.75,
      0.6875,
      0.65625,
      0.796875,
      0.640625,
      0.765625,
      0.8125,
      0.84375,
      0.84375,
      0.75,
      0.578125,
      0.65625,
      0.734375,
      0.71875,
      0.84375,
      0.6875,
      0.71875,
      0.8125,
      0.78125,
      0.796875,
      0.71875,
      0.734375,
      0.734375,
      0.671875,
      0.765625,
      0.78125,
      0.71875,
      0.765625,
      0.5625
   ],
   "batch_train_losses": [
      1.3610095977783203,
      1.3221338987350464,
      1.4001878499984741,
      1.359771728515625,
      1.2975163459777832,
      1.3004695177078247,
      1.3192239999771118,
      1.5982202291488647,
      1.3080462217330933,
      1.3955491781234741,
      1.3733255863189697,
      1.5030468702316284,
      1.4820678234100342,
      1.239446997642517,
      1.4216201305389404,
      1.414359450340271,
      1.2082170248031616,
      1.4943078756332397,
      1.2851811647415161,
      1.1842373609542847,
      1.105998158454895,
      1.0178383588790894,
      1.3687736988067627,
      1.5404844284057617,
      1.507063865661621,
      1.3566097021102905,
      1.3981716632843018,
      1.0776145458221436,
      1.377259612083435,
      1.2838863134384155,
      1.0956612825393677,
      1.2137863636016846,
      1.2164697647094727,
      1.415819525718689,
      1.2766993045806885,
      1.296297550201416,
      1.4675276279449463,
      1.3040915727615356,
      1.2658236026763916,
      1.46656334400177,
      1.3753392696380615,
      1.8156770467758179
   ],
   "batch_train_times": [],
   "val_accuracy": 0.46621621621621623,
   "val_loss": 2.317082359984114,
   "val_accuracy_per_label": [
      0.6363636363636364,
      0.0,
      0.0,
      0.0,
      0.4,
      0.0,
      0.0,
      0.7,
      0.0,
      0.0,
      0.0,
      0.0,
      0.2,
      1.0,
      0.0,
      0.0,
      0.0,
      0.0,
      0.0,
      0.9310344827586207,
      0.8846153846153846,
      0.0,
      0.4,
      1.0,
      0.0,
      0.5,
      0.0,
      0.5,
      0.0,
      0.0,
      0.0,
      0.4,
      0.0,
      0.0,
      0.0,
      0.0,
      0.0,
      0.0,
      0.9333333333333333,
      1.0,
      0.0,
      0.5,
      0.0
   ]
}