{
   "epoch": 31,
   "batch_train_accuracies": [
      0.671875,
      0.75,
      0.640625,
      0.71875,
      0.6875,
      0.71875,
      0.65625,
      0.765625,
      0.734375,
      0.65625,
      0.8125,
      0.65625,
      0.75,
      0.671875,
      0.75,
      0.828125,
      0.546875,
      0.671875,
      0.796875,
      0.796875,
      0.703125,
      0.78125,
      0.734375,
      0.765625,
      0.703125,
      0.71875,
      0.671875,
      0.75,
      0.625,
      0.671875,
      0.640625,
      0.765625,
      0.734375,
      0.640625,
      0.765625,
      0.734375,
      0.59375,
      0.65625,
      0.8125,
      0.703125,
      0.6875,
      0.5625
   ],
   "batch_train_losses": [
      1.522537350654602,
      1.4733073711395264,
      1.4642382860183716,
      1.4641109704971313,
      1.4848012924194336,
      1.3455564975738525,
      1.4730304479599,
      1.279767632484436,
      1.3900880813598633,
      1.6652752161026,
      1.2912471294403076,
      1.4279851913452148,
      1.3405922651290894,
      1.4297016859054565,
      1.339797019958496,
      1.2460746765136719,
      1.8322497606277466,
      1.520872950553894,
      1.319722294807434,
      1.3799656629562378,
      1.425977110862732,
      1.2670775651931763,
      1.2575560808181763,
      1.2987221479415894,
      1.366936206817627,
      1.3290718793869019,
      1.4985885620117188,
      1.342117190361023,
      1.4873605966567993,
      1.4591903686523438,
      1.4348055124282837,
      1.2001490592956543,
      1.3456686735153198,
      1.4710956811904907,
      1.2301855087280273,
      1.3526155948638916,
      1.655456304550171,
      1.578317403793335,
      1.1840118169784546,
      1.3608710765838623,
      1.3840022087097168,
      1.7921299934387207
   ],
   "batch_train_times": [],
   "val_accuracy": 0.46621621621621623,
   "val_loss": 2.2994653920869568,
   "val_accuracy_per_label": [
      0.6363636363636364,
      0.0,
      0.0,
      0.0,
      0.8,
      1.0,
      0.0,
      0.8,
      0.0,
      0.0,
      0.0,
      0.0,
      0.0,
      0.8,
      0.0,
      0.0,
      0.0,
      0.0,
      0.2,
      0.8620689655172413,
      0.9615384615384616,
      0.0,
      0.0,
      0.2,
      0.0,
      0.4,
      0.0,
      0.8,
      0.0,
      0.0,
      0.0,
      1.0,
      0.0,
      0.0,
      0.0,
      0.0,
      0.0,
      0.0,
      0.4,
      0.8,
      0.0,
      0.5,
      0.0
   ]
}