{
   "epoch": 13,
   "batch_train_accuracies": [
      0.625,
      0.59375,
      0.546875,
      0.609375,
      0.578125,
      0.421875,
      0.59375,
      0.671875,
      0.65625,
      0.546875,
      0.515625,
      0.734375,
      0.609375,
      0.53125,
      0.671875,
      0.5,
      0.578125,
      0.625,
      0.515625,
      0.625,
      0.59375,
      0.59375,
      0.5625,
      0.625,
      0.625,
      0.703125,
      0.578125,
      0.5,
      0.65625,
      0.5625,
      0.53125,
      0.53125,
      0.703125,
      0.5,
      0.578125,
      0.5625,
      0.53125,
      0.5625,
      0.625,
      0.5625,
      0.640625,
      0.5
   ],
   "batch_train_losses": [
      1.7235603332519531,
      1.7306925058364868,
      1.9715912342071533,
      1.7317285537719727,
      1.8804376125335693,
      2.082453727722168,
      1.8694281578063965,
      1.6844910383224487,
      1.6939984560012817,
      1.89010488986969,
      1.9917501211166382,
      1.6377923488616943,
      1.7588838338851929,
      1.9503499269485474,
      1.7275524139404297,
      2.018582582473755,
      1.838395357131958,
      1.754011631011963,
      2.0270192623138428,
      1.7829227447509766,
      1.9674389362335205,
      1.9001686573028564,
      1.9668554067611694,
      1.774082899093628,
      1.7793890237808228,
      1.6862651109695435,
      1.9017542600631714,
      2.134887218475342,
      1.7721232175827026,
      1.8523244857788086,
      1.968395471572876,
      1.9298350811004639,
      1.7539771795272827,
      2.059913158416748,
      1.988812804222107,
      1.895376205444336,
      2.0653183460235596,
      1.909472942352295,
      1.8605483770370483,
      1.9116345643997192,
      1.6347414255142212,
      2.037452459335327
   ],
   "batch_train_times": [],
   "val_accuracy": 0.39864864864864863,
   "val_loss": 2.403981505213557,
   "val_accuracy_per_label": [
      0.7272727272727273,
      0.0,
      0.0,
      0.0,
      0.2,
      0.2,
      0.0,
      0.6,
      0.0,
      0.0,
      0.0,
      0.0,
      0.0,
      0.4,
      0.0,
      0.0,
      0.0,
      0.0,
      0.0,
      0.7931034482758621,
      0.8846153846153846,
      0.0,
      0.0,
      0.2,
      0.0,
      0.0,
      0.0,
      0.8,
      0.0,
      0.0,
      0.0,
      0.0,
      0.0,
      0.0,
      0.0,
      0.0,
      0.0,
      0.0,
      0.9333333333333333,
      0.3,
      0.0,
      0.75,
      0.0
   ]
}