{
   "epoch": 24,
   "batch_train_accuracies": [
      0.671875,
      0.65625,
      0.765625,
      0.65625,
      0.734375,
      0.59375,
      0.71875,
      0.640625,
      0.5625,
      0.625,
      0.734375,
      0.734375,
      0.625,
      0.703125,
      0.578125,
      0.671875,
      0.640625,
      0.734375,
      0.71875,
      0.6875,
      0.59375,
      0.625,
      0.65625,
      0.78125,
      0.59375,
      0.75,
      0.640625,
      0.78125,
      0.625,
      0.703125,
      0.640625,
      0.71875,
      0.71875,
      0.75,
      0.8125,
      0.71875,
      0.671875,
      0.5625,
      0.6875,
      0.609375,
      0.671875,
      0.4375
   ],
   "batch_train_losses": [
      1.4941364526748657,
      1.525831699371338,
      1.2358990907669067,
      1.5332900285720825,
      1.3054159879684448,
      1.5891960859298706,
      1.3974088430404663,
      1.5167183876037598,
      1.6520226001739502,
      1.7415037155151367,
      1.3601540327072144,
      1.4713667631149292,
      1.6767501831054688,
      1.473304271697998,
      1.7339264154434204,
      1.5481089353561401,
      1.6238285303115845,
      1.5445716381072998,
      1.4428080320358276,
      1.3982131481170654,
      1.6833090782165527,
      1.688690185546875,
      1.5031607151031494,
      1.3009721040725708,
      1.8146177530288696,
      1.3037261962890625,
      1.6047931909561157,
      1.3752731084823608,
      1.5402305126190186,
      1.3828216791152954,
      1.494286060333252,
      1.4894723892211914,
      1.4558169841766357,
      1.4612185955047607,
      1.3972642421722412,
      1.4675580263137817,
      1.4882700443267822,
      1.7115360498428345,
      1.505590796470642,
      1.5165822505950928,
      1.4961045980453491,
      1.7935045957565308
   ],
   "batch_train_times": [],
   "val_accuracy": 0.4358108108108108,
   "val_loss": 2.177945124136435,
   "val_accuracy_per_label": [
      0.7272727272727273,
      0.0,
      0.0,
      0.0,
      1.0,
      0.4,
      0.0,
      0.6,
      0.0,
      0.0,
      0.0,
      0.0,
      0.0,
      1.0,
      0.0,
      0.0,
      0.0,
      0.0,
      0.0,
      0.6896551724137931,
      0.9615384615384616,
      0.0,
      0.0,
      0.0,
      0.0,
      0.2,
      0.0,
      0.85,
      0.0,
      0.0,
      0.0,
      0.4,
      0.0,
      0.0,
      0.0,
      0.0,
      0.0,
      0.0,
      0.8666666666666667,
      0.6,
      0.0,
      0.5,
      0.0
   ]
}