{
   "epoch": 33,
   "batch_train_accuracies": [
      0.75,
      0.765625,
      0.6875,
      0.625,
      0.734375,
      0.6875,
      0.703125,
      0.78125,
      0.71875,
      0.671875,
      0.71875,
      0.734375,
      0.671875,
      0.75,
      0.671875,
      0.765625,
      0.78125,
      0.78125,
      0.734375,
      0.8125,
      0.671875,
      0.671875,
      0.671875,
      0.78125,
      0.75,
      0.75,
      0.703125,
      0.765625,
      0.765625,
      0.6875,
      0.796875,
      0.6875,
      0.734375,
      0.765625,
      0.625,
      0.734375,
      0.671875,
      0.71875,
      0.703125,
      0.6875,
      0.828125,
      0.625
   ],
   "batch_train_losses": [
      1.2392386198043823,
      1.3608454465866089,
      1.5411722660064697,
      1.486210584640503,
      1.2633087635040283,
      1.322535514831543,
      1.4019049406051636,
      1.322512149810791,
      1.3094874620437622,
      1.3466459512710571,
      1.387296438217163,
      1.3989697694778442,
      1.5130985975265503,
      1.4332197904586792,
      1.3810443878173828,
      1.2035017013549805,
      1.3493716716766357,
      1.3084977865219116,
      1.4142060279846191,
      1.2796087265014648,
      1.3627328872680664,
      1.471306562423706,
      1.5884761810302734,
      1.337294578552246,
      1.286917805671692,
      1.2462737560272217,
      1.415169596672058,
      1.3312275409698486,
      1.3558759689331055,
      1.463430643081665,
      1.1774404048919678,
      1.4349546432495117,
      1.3876489400863647,
      1.3243837356567383,
      1.6795845031738281,
      1.3985356092453003,
      1.4647787809371948,
      1.353312611579895,
      1.4425485134124756,
      1.5526885986328125,
      1.1483176946640015,
      1.794024109840393
   ],
   "batch_train_times": [],
   "val_accuracy": 0.4797297297297297,
   "val_loss": 2.1850962896604798,
   "val_accuracy_per_label": [
      0.7727272727272727,
      0.0,
      0.0,
      0.0,
      0.8,
      0.4,
      0.0,
      0.8,
      0.0,
      0.0,
      0.0,
      0.0,
      0.0,
      1.0,
      0.0,
      0.0,
      0.0,
      0.0,
      0.0,
      0.7931034482758621,
      0.9615384615384616,
      0.0,
      0.2,
      0.2,
      0.0,
      0.5,
      0.0,
      0.8,
      0.0,
      0.0,
      0.0,
      0.0,
      0.0,
      0.0,
      0.0,
      0.0,
      0.0,
      0.0,
      1.0,
      0.7,
      0.0,
      0.625,
      0.0
   ]
}