{
   "epoch": 34,
   "batch_train_accuracies": [
      0.671875,
      0.796875,
      0.703125,
      0.78125,
      0.75,
      0.75,
      0.703125,
      0.78125,
      0.703125,
      0.625,
      0.71875,
      0.6875,
      0.59375,
      0.765625,
      0.671875,
      0.671875,
      0.640625,
      0.8125,
      0.78125,
      0.765625,
      0.734375,
      0.75,
      0.671875,
      0.640625,
      0.765625,
      0.71875,
      0.78125,
      0.734375,
      0.78125,
      0.625,
      0.703125,
      0.640625,
      0.8125,
      0.6875,
      0.734375,
      0.703125,
      0.65625,
      0.84375,
      0.671875,
      0.828125,
      0.671875,
      0.625
   ],
   "batch_train_losses": [
      1.4152381420135498,
      1.3377302885055542,
      1.494666337966919,
      1.197063684463501,
      1.3235445022583008,
      1.168611764907837,
      1.4024150371551514,
      1.1896710395812988,
      1.4051669836044312,
      1.519649624824524,
      1.2922520637512207,
      1.2579128742218018,
      1.5153241157531738,
      1.2876577377319336,
      1.4471914768218994,
      1.461631417274475,
      1.565071940422058,
      1.2227680683135986,
      1.2208728790283203,
      1.3522056341171265,
      1.2075196504592896,
      1.3434885740280151,
      1.5380496978759766,
      1.4660871028900146,
      1.2469390630722046,
      1.3888862133026123,
      1.2059617042541504,
      1.3996484279632568,
      1.2730152606964111,
      1.681890606880188,
      1.4295710325241089,
      1.590630292892456,
      1.100610375404358,
      1.458432674407959,
      1.304187297821045,
      1.4888973236083984,
      1.530092716217041,
      1.1148184537887573,
      1.391702651977539,
      1.2230054140090942,
      1.5792559385299683,
      1.5278842449188232
   ],
   "batch_train_times": [],
   "val_accuracy": 0.5168918918918919,
   "val_loss": 2.106666223422901,
   "val_accuracy_per_label": [
      0.5454545454545454,
      0.0,
      0.0,
      0.0,
      1.0,
      0.4,
      0.0,
      0.65,
      0.0,
      0.0,
      0.0,
      0.0,
      0.8,
      0.2,
      0.4,
      0.0,
      0.0,
      0.0,
      0.6,
      1.0,
      0.9230769230769231,
      0.0,
      0.0,
      0.6,
      0.0,
      0.6,
      0.0,
      0.9,
      0.0,
      0.0,
      0.0,
      0.0,
      0.6,
      0.0,
      0.0,
      0.0,
      0.0,
      0.0,
      1.0,
      0.9,
      0.0,
      0.5,
      0.0
   ]
}