{
   "epoch": 19,
   "batch_train_accuracies": [
      0.703125,
      0.59375,
      0.640625,
      0.578125,
      0.625,
      0.640625,
      0.59375,
      0.65625,
      0.703125,
      0.625,
      0.71875,
      0.609375,
      0.5625,
      0.71875,
      0.640625,
      0.71875,
      0.609375,
      0.59375,
      0.625,
      0.671875,
      0.59375,
      0.65625,
      0.578125,
      0.65625,
      0.625,
      0.703125,
      0.609375,
      0.640625,
      0.625,
      0.640625,
      0.609375,
      0.71875,
      0.65625,
      0.671875,
      0.5625,
      0.609375,
      0.59375,
      0.75,
      0.65625,
      0.609375,
      0.609375,
      0.5625
   ],
   "batch_train_losses": [
      1.5279173851013184,
      1.7382569313049316,
      1.641808032989502,
      1.6870802640914917,
      1.5609370470046997,
      1.6675493717193604,
      1.642953872680664,
      1.6132718324661255,
      1.5433999300003052,
      1.592149257659912,
      1.5221869945526123,
      1.7331209182739258,
      1.8555986881256104,
      1.5706372261047363,
      1.6466704607009888,
      1.5060397386550903,
      1.6802996397018433,
      1.6773629188537598,
      1.576857089996338,
      1.4270833730697632,
      1.799506425857544,
      1.4922924041748047,
      1.6807843446731567,
      1.6258080005645752,
      1.616160273551941,
      1.4727824926376343,
      1.5750771760940552,
      1.724085807800293,
      1.7317527532577515,
      1.6759988069534302,
      1.610124111175537,
      1.5798234939575195,
      1.5646896362304688,
      1.5359842777252197,
      1.7077820301055908,
      1.645175576210022,
      1.79099440574646,
      1.464452862739563,
      1.5802788734436035,
      1.6334583759307861,
      1.6989116668701172,
      1.6138684749603271
   ],
   "batch_train_times": [],
   "val_accuracy": 0.44594594594594594,
   "val_loss": 2.340508087261303,
   "val_accuracy_per_label": [
      0.7272727272727273,
      0.0,
      0.0,
      0.0,
      0.8,
      0.0,
      0.0,
      0.75,
      0.0,
      0.0,
      0.0,
      0.0,
      0.0,
      0.8,
      0.0,
      0.0,
      0.0,
      0.0,
      0.0,
      0.896551724137931,
      0.8846153846153846,
      0.0,
      0.6,
      0.4,
      0.0,
      0.0,
      0.0,
      0.7,
      0.0,
      0.0,
      0.0,
      1.0,
      0.4,
      0.0,
      0.0,
      0.0,
      0.0,
      0.0,
      0.6666666666666666,
      0.6,
      0.0,
      0.25,
      0.0
   ]
}