{
   "epoch": 39,
   "batch_train_accuracies": [
      0.6875,
      0.75,
      0.75,
      0.765625,
      0.75,
      0.75,
      0.6875,
      0.78125,
      0.734375,
      0.796875,
      0.8125,
      0.59375,
      0.765625,
      0.734375,
      0.796875,
      0.71875,
      0.734375,
      0.765625,
      0.6875,
      0.765625,
      0.734375,
      0.6875,
      0.734375,
      0.78125,
      0.625,
      0.765625,
      0.71875,
      0.625,
      0.609375,
      0.6875,
      0.765625,
      0.765625,
      0.75,
      0.765625,
      0.671875,
      0.765625,
      0.65625,
      0.734375,
      0.875,
      0.734375,
      0.734375,
      0.875
   ],
   "batch_train_losses": [
      1.4700230360031128,
      1.3131929636001587,
      1.2967250347137451,
      1.2078731060028076,
      1.2957301139831543,
      1.2936110496520996,
      1.2663588523864746,
      1.31137216091156,
      1.4811972379684448,
      1.1342556476593018,
      1.2228202819824219,
      1.6598212718963623,
      1.235366940498352,
      1.245725154876709,
      1.1799688339233398,
      1.4129178524017334,
      1.388925552368164,
      1.2444100379943848,
      1.4271888732910156,
      1.1630769968032837,
      1.2286767959594727,
      1.4142950773239136,
      1.302396297454834,
      1.2353591918945312,
      1.4572572708129883,
      1.2772760391235352,
      1.3182874917984009,
      1.5994412899017334,
      1.577136516571045,
      1.4882290363311768,
      1.2704112529754639,
      1.164229154586792,
      1.3746904134750366,
      1.16970694065094,
      1.3775668144226074,
      1.2653656005859375,
      1.4998915195465088,
      1.3210126161575317,
      1.0803219079971313,
      1.2711617946624756,
      1.3582348823547363,
      1.2438572645187378
   ],
   "batch_train_times": [],
   "val_accuracy": 0.543918918918919,
   "val_loss": 2.231942556999825,
   "val_accuracy_per_label": [
      0.6818181818181818,
      0.0,
      0.0,
      0.0,
      0.8,
      0.0,
      0.0,
      0.75,
      0.0,
      0.6,
      0.0,
      0.0,
      0.2,
      1.0,
      0.4,
      0.0,
      0.0,
      0.0,
      0.0,
      1.0,
      0.9230769230769231,
      0.2,
      0.8,
      0.6,
      0.0,
      0.5,
      0.0,
      0.75,
      0.0,
      0.0,
      0.0,
      0.4,
      0.6,
      0.0,
      0.0,
      0.0,
      0.2,
      0.0,
      0.9333333333333333,
      0.9,
      0.0,
      0.625,
      0.2
   ]
}