{
   "epoch": 43,
   "batch_train_accuracies": [
      0.875,
      0.6875,
      0.703125,
      0.78125,
      0.703125,
      0.765625,
      0.734375,
      0.765625,
      0.796875,
      0.75,
      0.75,
      0.625,
      0.671875,
      0.671875,
      0.78125,
      0.75,
      0.75,
      0.734375,
      0.75,
      0.765625,
      0.78125,
      0.765625,
      0.703125,
      0.765625,
      0.71875,
      0.78125,
      0.640625,
      0.703125,
      0.859375,
      0.71875,
      0.765625,
      0.78125,
      0.734375,
      0.671875,
      0.71875,
      0.75,
      0.78125,
      0.90625,
      0.796875,
      0.75,
      0.796875,
      0.5625
   ],
   "batch_train_losses": [
      0.996941864490509,
      1.2822874784469604,
      1.381881833076477,
      1.1710113286972046,
      1.3247588872909546,
      1.166162133216858,
      1.2891515493392944,
      1.2232439517974854,
      1.178673505783081,
      1.3153859376907349,
      1.249201774597168,
      1.590789556503296,
      1.5099053382873535,
      1.4318104982376099,
      1.2384083271026611,
      1.2512297630310059,
      1.2722080945968628,
      1.2970547676086426,
      1.3396304845809937,
      1.2667913436889648,
      1.1890637874603271,
      1.355525016784668,
      1.2971031665802002,
      1.2523661851882935,
      1.4433050155639648,
      1.1980350017547607,
      1.4300769567489624,
      1.215740442276001,
      1.0600948333740234,
      1.3863306045532227,
      1.3212361335754395,
      1.1717462539672852,
      1.3464906215667725,
      1.3929550647735596,
      1.341895341873169,
      1.3934303522109985,
      1.258328914642334,
      1.0599299669265747,
      1.286973237991333,
      1.412078857421875,
      1.2064844369888306,
      1.480520248413086
   ],
   "batch_train_times": [],
   "val_accuracy": 0.49324324324324326,
   "val_loss": 2.2745166598139583,
   "val_accuracy_per_label": [
      0.5454545454545454,
      0.0,
      0.3333333333333333,
      0.0,
      1.0,
      0.2,
      0.0,
      0.75,
      0.0,
      0.0,
      0.0,
      0.0,
      0.4,
      0.4,
      0.8,
      0.0,
      0.0,
      0.0,
      0.8,
      1.0,
      0.6538461538461539,
      0.0,
      0.0,
      1.0,
      0.0,
      0.6,
      0.0,
      0.9,
      0.0,
      0.0,
      0.0,
      0.2,
      0.2,
      0.0,
      0.0,
      0.0,
      0.2,
      0.0,
      0.6,
      0.8,
      0.0,
      0.5,
      0.0
   ]
}