{
   "epoch": 11,
   "batch_train_accuracies": [
      0.5625,
      0.5625,
      0.59375,
      0.4375,
      0.640625,
      0.65625,
      0.625,
      0.65625,
      0.53125,
      0.546875,
      0.5,
      0.640625,
      0.625,
      0.546875,
      0.609375,
      0.578125,
      0.546875,
      0.53125,
      0.640625,
      0.671875,
      0.546875,
      0.453125,
      0.609375,
      0.625,
      0.609375,
      0.578125,
      0.5625,
      0.703125,
      0.53125,
      0.546875,
      0.640625,
      0.59375,
      0.53125,
      0.484375,
      0.453125,
      0.546875,
      0.671875,
      0.546875,
      0.640625,
      0.546875,
      0.53125,
      0.625
   ],
   "batch_train_losses": [
      1.9771904945373535,
      2.024778366088867,
      1.9687364101409912,
      2.247178792953491,
      1.92494797706604,
      1.9163788557052612,
      1.9684597253799438,
      1.7671419382095337,
      2.041327714920044,
      1.9641755819320679,
      2.115802049636841,
      1.9273182153701782,
      2.0168261528015137,
      2.0498170852661133,
      2.0494492053985596,
      1.944840431213379,
      1.904249906539917,
      2.021348476409912,
      1.9795176982879639,
      1.8328748941421509,
      2.010789632797241,
      2.1747241020202637,
      1.8764894008636475,
      1.910413384437561,
      1.8254059553146362,
      1.9868459701538086,
      1.892220377922058,
      1.8005520105361938,
      2.0481324195861816,
      2.0345826148986816,
      1.8420823812484741,
      2.000335693359375,
      1.9715814590454102,
      2.2197248935699463,
      2.0336782932281494,
      1.9741036891937256,
      1.764358639717102,
      1.9819015264511108,
      1.8283475637435913,
      2.0437028408050537,
      2.016272783279419,
      1.8494337797164917
   ],
   "batch_train_times": [],
   "val_accuracy": 0.40202702702702703,
   "val_loss": 2.515902093938879,
   "val_accuracy_per_label": [
      0.7727272727272727,
      0.0,
      0.0,
      0.0,
      0.4,
      0.2,
      0.0,
      0.65,
      0.0,
      0.0,
      0.0,
      0.0,
      0.0,
      0.0,
      0.0,
      0.0,
      0.0,
      0.0,
      0.0,
      0.8275862068965517,
      0.7307692307692307,
      0.0,
      0.0,
      0.0,
      0.0,
      0.0,
      0.0,
      1.0,
      0.0,
      0.0,
      0.0,
      0.0,
      0.0,
      0.0,
      0.0,
      0.0,
      0.0,
      0.0,
      0.8666666666666667,
      0.3,
      0.0,
      0.875,
      0.0
   ]
}