{
   "epoch": 18,
   "batch_train_accuracies": [
      0.796875,
      0.796875,
      0.859375,
      0.8125,
      0.78125,
      0.84375,
      0.8125,
      0.8125,
      0.828125,
      0.8125,
      0.828125,
      0.828125,
      0.765625,
      0.8125,
      0.734375,
      0.828125,
      0.859375,
      0.75,
      0.75,
      0.8125,
      0.859375,
      0.84375,
      0.78125,
      0.859375,
      0.734375,
      0.765625,
      0.90625,
      0.828125,
      0.890625,
      0.9375,
      0.78125,
      0.765625,
      0.875,
      0.859375,
      0.9375,
      0.859375,
      0.8125,
      0.8125,
      0.859375,
      0.71875,
      0.84375,
      0.8125
   ],
   "batch_train_losses": [
      0.9254611134529114,
      0.8339216709136963,
      0.8968592286109924,
      0.920548677444458,
      0.9503859877586365,
      0.8529734015464783,
      0.891979992389679,
      0.9035511016845703,
      0.7426804304122925,
      0.8276405930519104,
      0.8169661164283752,
      0.9506379961967468,
      0.993686318397522,
      0.8355677127838135,
      0.8759718537330627,
      0.8193172216415405,
      0.8316975235939026,
      0.8800128698348999,
      0.9559393525123596,
      0.8885583281517029,
      0.7344005703926086,
      0.7850503921508789,
      0.8735231161117554,
      0.7747381925582886,
      1.077130675315857,
      0.9766806960105896,
      0.7481522560119629,
      0.798791766166687,
      0.7413080930709839,
      0.679258406162262,
      0.8884586691856384,
      0.9123026728630066,
      0.7903106212615967,
      0.897058367729187,
      0.75126051902771,
      0.8400555849075317,
      0.8124147653579712,
      0.892296552658081,
      0.8973317742347717,
      0.9065337777137756,
      0.7479491233825684,
      0.930512011051178
   ],
   "batch_train_times": [],
   "val_accuracy": 0.42567567567567566,
   "val_loss": 1.9592067840937022,
   "val_accuracy_per_label": [
      0.45454545454545453,
      0.6,
      0.0,
      0.6,
      0.6,
      0.6,
      0.0,
      0.8,
      0.0,
      0.4,
      0.0,
      0.0,
      0.2,
      1.0,
      0.8,
      0.0,
      0.0,
      0.0,
      0.0,
      0.896551724137931,
      0.2692307692307692,
      0.2,
      0.8,
      0.4,
      0.0,
      0.7,
      0.0,
      0.3,
      0.0,
      0.0,
      0.0,
      0.0,
      0.8,
      0.0,
      0.0,
      0.0,
      0.0,
      0.0,
      0.6,
      0.6,
      0.0,
      0.375,
      0.2
   ]
}