{
   "epoch": 6,
   "batch_train_accuracies": [
      0.578125,
      0.421875,
      0.53125,
      0.453125,
      0.546875,
      0.484375,
      0.453125,
      0.5625,
      0.46875,
      0.40625,
      0.375,
      0.53125,
      0.515625,
      0.453125,
      0.578125,
      0.4375,
      0.421875,
      0.484375,
      0.46875,
      0.609375,
      0.578125,
      0.46875,
      0.5,
      0.484375,
      0.59375,
      0.546875,
      0.5,
      0.546875,
      0.59375,
      0.609375,
      0.625,
      0.5,
      0.484375,
      0.609375,
      0.578125,
      0.546875,
      0.546875,
      0.546875,
      0.5625,
      0.578125,
      0.515625,
      0.625
   ],
   "batch_train_losses": [
      1.9102556705474854,
      2.0172648429870605,
      1.9127720594406128,
      2.1091489791870117,
      1.9554526805877686,
      2.0699267387390137,
      1.993725061416626,
      1.8645201921463013,
      1.860588550567627,
      1.9502164125442505,
      2.1874468326568604,
      1.8724817037582397,
      1.7637330293655396,
      1.9512884616851807,
      1.7919670343399048,
      1.9453151226043701,
      1.985610842704773,
      1.88526451587677,
      1.8468600511550903,
      1.8453774452209473,
      1.826567530632019,
      1.9946045875549316,
      1.8430938720703125,
      1.881179690361023,
      1.7912298440933228,
      1.8261793851852417,
      1.9344359636306763,
      1.8291572332382202,
      1.7387218475341797,
      1.6858407258987427,
      1.7132594585418701,
      1.9328490495681763,
      1.8289713859558105,
      1.813710331916809,
      1.8348103761672974,
      1.8577728271484375,
      1.8518750667572021,
      1.8322142362594604,
      1.8334165811538696,
      1.8296459913253784,
      1.8588173389434814,
      1.6566768884658813
   ],
   "batch_train_times": [],
   "val_accuracy": 0.3141891891891892,
   "val_loss": 2.3839054300978377,
   "val_accuracy_per_label": [
      0.6363636363636364,
      0.0,
      0.0,
      0.0,
      0.8,
      1.0,
      0.0,
      0.8,
      0.0,
      0.0,
      0.0,
      0.0,
      0.0,
      0.2,
      0.0,
      0.0,
      0.0,
      0.0,
      0.0,
      0.6206896551724138,
      0.7307692307692307,
      0.0,
      0.0,
      0.0,
      0.0,
      0.0,
      0.0,
      0.1,
      0.0,
      0.0,
      0.0,
      0.0,
      0.0,
      0.0,
      0.0,
      0.75,
      0.0,
      0.0,
      0.4666666666666667,
      0.1,
      0.0,
      0.25,
      0.2
   ]
}