{
   "epoch": 2,
   "batch_train_accuracies": [
      0.359375,
      0.296875,
      0.296875,
      0.28125,
      0.453125,
      0.3125,
      0.296875,
      0.3125,
      0.421875,
      0.375,
      0.421875,
      0.40625,
      0.421875,
      0.4375,
      0.34375,
      0.328125,
      0.40625,
      0.40625,
      0.359375,
      0.34375,
      0.359375,
      0.390625,
      0.4375,
      0.390625,
      0.375,
      0.359375,
      0.296875,
      0.375,
      0.40625,
      0.40625,
      0.328125,
      0.359375,
      0.421875,
      0.484375,
      0.5,
      0.328125,
      0.359375,
      0.234375,
      0.28125,
      0.453125,
      0.46875,
      0.1875
   ],
   "batch_train_losses": [
      2.8832221031188965,
      2.9882559776306152,
      3.007253408432007,
      2.8801991939544678,
      2.7665743827819824,
      2.943441867828369,
      2.8732433319091797,
      2.838714599609375,
      2.7342891693115234,
      2.861983060836792,
      2.6713385581970215,
      2.7917985916137695,
      2.7157511711120605,
      2.678865432739258,
      2.8301773071289062,
      2.830246686935425,
      2.714186429977417,
      2.748969793319702,
      2.702892303466797,
      2.785229444503784,
      2.6666979789733887,
      2.5942139625549316,
      2.5759408473968506,
      2.700305938720703,
      2.6789803504943848,
      2.7015814781188965,
      2.735102415084839,
      2.7006566524505615,
      2.5491244792938232,
      2.5063705444335938,
      2.700791597366333,
      2.615772008895874,
      2.561614513397217,
      2.549295425415039,
      2.5001332759857178,
      2.6745619773864746,
      2.5650582313537598,
      2.890483856201172,
      2.7258591651916504,
      2.5382399559020996,
      2.5086636543273926,
      2.8428573608398438
   ],
   "batch_train_times": [],
   "val_accuracy": 0.26013513513513514,
   "val_loss": 2.878353653727351,
   "val_accuracy_per_label": [
      0.7272727272727273,
      0.0,
      0.0,
      0.0,
      0.0,
      0.0,
      0.0,
      0.7,
      0.0,
      0.0,
      0.0,
      0.0,
      0.0,
      0.0,
      0.0,
      0.0,
      0.0,
      0.0,
      0.0,
      0.06896551724137931,
      0.6153846153846154,
      0.0,
      0.0,
      0.0,
      0.0,
      0.0,
      0.0,
      1.0,
      0.0,
      0.0,
      0.0,
      0.0,
      0.0,
      0.0,
      0.0,
      0.25,
      0.0,
      0.0,
      0.06666666666666667,
      0.2,
      0.0,
      0.625,
      0.0
   ]
}