{
   "epoch": 3,
   "batch_train_accuracies": [
      0.328125,
      0.390625,
      0.328125,
      0.46875,
      0.375,
      0.359375,
      0.390625,
      0.40625,
      0.5625,
      0.4375,
      0.328125,
      0.359375,
      0.484375,
      0.46875,
      0.375,
      0.4375,
      0.375,
      0.546875,
      0.40625,
      0.359375,
      0.453125,
      0.5625,
      0.40625,
      0.40625,
      0.46875,
      0.390625,
      0.46875,
      0.4375,
      0.375,
      0.40625,
      0.3125,
      0.34375,
      0.390625,
      0.453125,
      0.46875,
      0.375,
      0.453125,
      0.4375,
      0.421875,
      0.546875,
      0.484375,
      0.5
   ],
   "batch_train_losses": [
      2.564650058746338,
      2.5014848709106445,
      2.5372965335845947,
      2.3903374671936035,
      2.5305464267730713,
      2.527446746826172,
      2.5584535598754883,
      2.5098683834075928,
      2.3466129302978516,
      2.4865686893463135,
      2.6713480949401855,
      2.5861544609069824,
      2.428274154663086,
      2.3697776794433594,
      2.621912956237793,
      2.418318271636963,
      2.5508151054382324,
      2.336146116256714,
      2.398056745529175,
      2.6563422679901123,
      2.3903064727783203,
      2.2040226459503174,
      2.4434523582458496,
      2.4500508308410645,
      2.282973289489746,
      2.4709560871124268,
      2.4728643894195557,
      2.4267876148223877,
      2.367077112197876,
      2.2988054752349854,
      2.521512031555176,
      2.4417500495910645,
      2.334071159362793,
      2.319662094116211,
      2.3051950931549072,
      2.3543477058410645,
      2.295933485031128,
      2.331373929977417,
      2.384521245956421,
      2.246889591217041,
      2.153465986251831,
      2.1715292930603027
   ],
   "batch_train_times": [],
   "val_accuracy": 0.27702702702702703,
   "val_loss": 2.743707850172713,
   "val_accuracy_per_label": [
      0.5909090909090909,
      0.0,
      0.0,
      0.0,
      0.0,
      0.0,
      0.0,
      0.75,
      0.0,
      0.0,
      0.0,
      0.0,
      0.0,
      0.0,
      0.0,
      0.0,
      0.0,
      0.0,
      0.6,
      0.034482758620689655,
      0.6923076923076923,
      0.0,
      0.0,
      0.0,
      0.0,
      0.0,
      0.0,
      1.0,
      0.0,
      0.0,
      0.0,
      0.0,
      0.0,
      0.0,
      0.0,
      0.25,
      0.0,
      0.0,
      0.0,
      0.5,
      0.0,
      0.75,
      0.0
   ]
}