{
   "epoch": 30,
   "batch_train_accuracies": [
      0.921875,
      0.953125,
      0.90625,
      0.9375,
      0.90625,
      0.953125,
      0.953125,
      0.96875,
      0.890625,
      0.921875,
      0.96875,
      0.984375,
      0.96875,
      0.96875,
      0.9375,
      0.984375,
      0.90625,
      0.875,
      0.90625,
      0.875,
      0.984375,
      0.9375,
      0.953125,
      0.984375,
      0.96875,
      0.96875,
      0.90625,
      0.953125,
      0.96875,
      0.953125,
      0.953125,
      0.984375,
      0.9375,
      0.984375,
      0.921875,
      0.96875,
      0.96875,
      0.9375,
      0.921875,
      0.96875,
      0.96875,
      0.875
   ],
   "batch_train_losses": [
      0.4399294853210449,
      0.4057154655456543,
      0.46348971128463745,
      0.4039718210697174,
      0.42278116941452026,
      0.392130583524704,
      0.3809099495410919,
      0.3134198486804962,
      0.5318050980567932,
      0.4431583285331726,
      0.3914990723133087,
      0.35926946997642517,
      0.41599220037460327,
      0.32775646448135376,
      0.43357717990875244,
      0.29815226793289185,
      0.443014919757843,
      0.5051068663597107,
      0.49149394035339355,
      0.5237616300582886,
      0.2767603099346161,
      0.4511834979057312,
      0.37103086709976196,
      0.298996239900589,
      0.3856182396411896,
      0.3425881862640381,
      0.6212934255599976,
      0.41296273469924927,
      0.3458116352558136,
      0.38806474208831787,
      0.3740118741989136,
      0.30766451358795166,
      0.37381163239479065,
      0.34761714935302734,
      0.406259149312973,
      0.40320050716400146,
      0.39933326840400696,
      0.3791849911212921,
      0.4143372178077698,
      0.3217748701572418,
      0.32228347659111023,
      0.3614935576915741
   ],
   "batch_train_times": [],
   "val_accuracy": 0.44256756756756754,
   "val_loss": 1.9179618165299699,
   "val_accuracy_per_label": [
      0.5454545454545454,
      0.4,
      0.5,
      0.6,
      1.0,
      0.0,
      0.0,
      0.8,
      0.0,
      0.2,
      0.0,
      0.0,
      0.0,
      0.6,
      0.8,
      0.0,
      0.0,
      0.0,
      0.0,
      0.8620689655172413,
      0.4230769230769231,
      0.6,
      0.8,
      0.6,
      0.0,
      0.3,
      0.0,
      0.15,
      0.0,
      0.25,
      0.0,
      0.4,
      1.0,
      0.0,
      0.0,
      1.0,
      0.0,
      0.0,
      0.7333333333333333,
      0.6,
      0.0,
      0.0,
      0.2
   ]
}