{
   "epoch": 39,
   "batch_train_accuracies": [
      1.0,
      0.96875,
      0.984375,
      0.984375,
      0.984375,
      1.0,
      0.96875,
      0.96875,
      1.0,
      0.96875,
      0.984375,
      0.96875,
      0.953125,
      0.984375,
      1.0,
      0.96875,
      0.9375,
      0.953125,
      0.984375,
      0.96875,
      1.0,
      0.953125,
      1.0,
      0.953125,
      1.0,
      1.0,
      0.984375,
      0.9375,
      0.96875,
      0.984375,
      0.96875,
      0.921875,
      0.96875,
      0.96875,
      0.96875,
      0.984375,
      0.96875,
      0.9375,
      1.0,
      0.953125,
      0.984375,
      0.875
   ],
   "batch_train_losses": [
      0.1604326367378235,
      0.2266574501991272,
      0.2141408771276474,
      0.2083050012588501,
      0.21221141517162323,
      0.23098160326480865,
      0.269075870513916,
      0.2554372549057007,
      0.19576852023601532,
      0.1671874076128006,
      0.18125668168067932,
      0.25895217061042786,
      0.25769007205963135,
      0.22643636167049408,
      0.15464895963668823,
      0.2791215777397156,
      0.28680750727653503,
      0.27291998267173767,
      0.2501906752586365,
      0.20062905550003052,
      0.24844136834144592,
      0.27953988313674927,
      0.15091516077518463,
      0.3044641613960266,
      0.1725693792104721,
      0.19414065778255463,
      0.2015993744134903,
      0.24018454551696777,
      0.2640625834465027,
      0.21647237241268158,
      0.2495383471250534,
      0.3031003475189209,
      0.24750910699367523,
      0.3101533353328705,
      0.280794233083725,
      0.1865808665752411,
      0.23316699266433716,
      0.27445435523986816,
      0.27231794595718384,
      0.2965713441371918,
      0.1859162449836731,
      0.32480108737945557
   ],
   "batch_train_times": [],
   "val_accuracy": 0.5608108108108109,
   "val_loss": 1.5781800618042816,
   "val_accuracy_per_label": [
      0.7727272727272727,
      0.6,
      0.3333333333333333,
      0.6,
      0.8,
      0.4,
      0.0,
      0.85,
      0.0,
      0.0,
      0.0,
      0.0,
      0.0,
      1.0,
      0.8,
      0.0,
      0.0,
      0.8,
      0.0,
      0.896551724137931,
      0.5384615384615384,
      0.2,
      1.0,
      0.8,
      0.0,
      0.7,
      0.0,
      0.65,
      0.2,
      0.0,
      0.4,
      0.4,
      0.8,
      0.0,
      0.0,
      0.75,
      0.0,
      0.0,
      0.8,
      0.7,
      0.0,
      0.375,
      0.2
   ]
}