{
   "epoch": 13,
   "batch_train_accuracies": [
      0.75,
      0.78125,
      0.71875,
      0.71875,
      0.78125,
      0.765625,
      0.71875,
      0.8125,
      0.78125,
      0.6875,
      0.71875,
      0.609375,
      0.703125,
      0.78125,
      0.796875,
      0.78125,
      0.78125,
      0.6875,
      0.703125,
      0.765625,
      0.671875,
      0.765625,
      0.609375,
      0.734375,
      0.734375,
      0.671875,
      0.765625,
      0.828125,
      0.71875,
      0.6875,
      0.8125,
      0.65625,
      0.765625,
      0.75,
      0.703125,
      0.75,
      0.78125,
      0.75,
      0.8125,
      0.8125,
      0.796875,
      0.875
   ],
   "batch_train_losses": [
      1.0180307626724243,
      1.0440337657928467,
      1.126544713973999,
      1.3027493953704834,
      1.02805757522583,
      1.1207913160324097,
      1.1685854196548462,
      1.1284270286560059,
      1.131704568862915,
      1.250957727432251,
      1.2381728887557983,
      1.3059945106506348,
      1.2416728734970093,
      1.151215672492981,
      1.1145433187484741,
      1.1560732126235962,
      1.1488690376281738,
      1.2686223983764648,
      1.2304198741912842,
      0.9835553169250488,
      1.2915431261062622,
      1.1602661609649658,
      1.4288898706436157,
      1.2500120401382446,
      1.2827966213226318,
      1.1231908798217773,
      1.0986487865447998,
      0.9791752099990845,
      1.2619218826293945,
      1.2420859336853027,
      1.0104445219039917,
      1.1914530992507935,
      1.0794103145599365,
      1.219527006149292,
      1.1502324342727661,
      1.0552606582641602,
      1.1110671758651733,
      1.2020952701568604,
      1.0629972219467163,
      1.026287317276001,
      0.95978844165802,
      0.9192882180213928
   ],
   "batch_train_times": [],
   "val_accuracy": 0.47297297297297297,
   "val_loss": 2.008001707695626,
   "val_accuracy_per_label": [
      0.3181818181818182,
      0.4,
      0.3333333333333333,
      0.4,
      1.0,
      0.8,
      0.0,
      0.85,
      0.0,
      0.8,
      0.0,
      0.0,
      0.4,
      0.4,
      0.6,
      0.0,
      0.0,
      0.0,
      0.0,
      0.7586206896551724,
      0.5,
      0.0,
      0.8,
      0.4,
      0.0,
      0.3,
      0.0,
      0.7,
      0.0,
      0.0,
      0.0,
      0.4,
      1.0,
      0.0,
      0.0,
      1.0,
      0.0,
      0.0,
      0.6,
      0.8,
      0.0,
      0.375,
      0.2
   ]
}