{
   "epoch": 28,
   "batch_train_accuracies": [
      0.953125,
      0.9375,
      0.890625,
      0.953125,
      0.953125,
      0.90625,
      0.953125,
      0.9375,
      0.875,
      0.84375,
      0.953125,
      0.921875,
      0.921875,
      0.84375,
      0.875,
      0.96875,
      1.0,
      0.953125,
      0.9375,
      0.90625,
      0.9375,
      0.9375,
      0.9375,
      0.90625,
      0.921875,
      0.9375,
      0.859375,
      0.84375,
      0.921875,
      0.953125,
      0.921875,
      0.90625,
      0.984375,
      0.90625,
      0.921875,
      0.859375,
      0.921875,
      0.953125,
      0.953125,
      0.96875,
      0.9375,
      1.0
   ],
   "batch_train_losses": [
      0.36002689599990845,
      0.48154541850090027,
      0.5834407210350037,
      0.4603101909160614,
      0.42257970571517944,
      0.49841269850730896,
      0.411025732755661,
      0.4628506898880005,
      0.6137579679489136,
      0.5427793860435486,
      0.3775605261325836,
      0.4247153103351593,
      0.5256756544113159,
      0.5826442241668701,
      0.6085879802703857,
      0.3317546248435974,
      0.38461339473724365,
      0.3392523527145386,
      0.44909366965293884,
      0.5657052397727966,
      0.44198235869407654,
      0.44046109914779663,
      0.442827969789505,
      0.4126639664173126,
      0.5232197046279907,
      0.40862399339675903,
      0.5588163137435913,
      0.5485414862632751,
      0.40344351530075073,
      0.3547588884830475,
      0.4186149537563324,
      0.5523416996002197,
      0.4101313650608063,
      0.5578664541244507,
      0.4929655194282532,
      0.6659601926803589,
      0.44885319471359253,
      0.36937379837036133,
      0.3924962878227234,
      0.37794214487075806,
      0.33903998136520386,
      0.25505760312080383
   ],
   "batch_train_times": [],
   "val_accuracy": 0.5675675675675675,
   "val_loss": 1.6138254500724174,
   "val_accuracy_per_label": [
      0.7272727272727273,
      0.4,
      0.6666666666666666,
      0.0,
      1.0,
      0.8,
      0.0,
      0.85,
      0.0,
      0.0,
      0.0,
      0.0,
      0.2,
      1.0,
      0.8,
      0.0,
      0.0,
      0.4,
      0.0,
      0.9310344827586207,
      0.6538461538461539,
      0.6,
      0.8,
      0.6,
      0.0,
      0.3,
      0.0,
      0.7,
      0.0,
      0.5,
      0.6,
      0.4,
      1.0,
      0.0,
      0.0,
      1.0,
      0.0,
      0.0,
      0.7333333333333333,
      0.5,
      0.0,
      0.375,
      0.4
   ]
}