{
   "epoch": 47,
   "batch_train_accuracies": [
      1.0,
      1.0,
      1.0,
      1.0,
      0.96875,
      1.0,
      0.984375,
      0.953125,
      1.0,
      0.984375,
      1.0,
      1.0,
      0.96875,
      1.0,
      1.0,
      1.0,
      1.0,
      0.984375,
      1.0,
      1.0,
      1.0,
      1.0,
      0.984375,
      1.0,
      0.96875,
      0.984375,
      1.0,
      0.953125,
      1.0,
      0.984375,
      0.984375,
      1.0,
      0.984375,
      0.984375,
      1.0,
      0.984375,
      0.984375,
      1.0,
      1.0,
      1.0,
      1.0,
      0.875
   ],
   "batch_train_losses": [
      0.10015369951725006,
      0.1123175099492073,
      0.12506909668445587,
      0.19024671614170074,
      0.1671895682811737,
      0.1281183511018753,
      0.1180434450507164,
      0.15698155760765076,
      0.11599753797054291,
      0.1046978235244751,
      0.12244018912315369,
      0.12860341370105743,
      0.1611098200082779,
      0.12595728039741516,
      0.12800176441669464,
      0.09390329569578171,
      0.10366478562355042,
      0.10096385329961777,
      0.10740617662668228,
      0.13070306181907654,
      0.12096728384494781,
      0.11448506265878677,
      0.15674850344657898,
      0.1503639966249466,
      0.14856453239917755,
      0.15423357486724854,
      0.1332850605249405,
      0.25757360458374023,
      0.1174694150686264,
      0.13391833007335663,
      0.1572524607181549,
      0.11081591248512268,
      0.13099274039268494,
      0.19275061786174774,
      0.11042067408561707,
      0.1607414186000824,
      0.13695402443408966,
      0.10340148955583572,
      0.11494538187980652,
      0.08334870636463165,
      0.11579154431819916,
      0.548274576663971
   ],
   "batch_train_times": [],
   "val_accuracy": 0.5472972972972973,
   "val_loss": 1.5548909967010085,
   "val_accuracy_per_label": [
      0.6363636363636364,
      0.4,
      0.6666666666666666,
      0.0,
      1.0,
      0.4,
      0.3333333333333333,
      0.85,
      0.0,
      0.0,
      0.0,
      0.0,
      0.0,
      1.0,
      0.8,
      0.0,
      0.2,
      0.8,
      0.0,
      0.8275862068965517,
      0.7692307692307693,
      0.2,
      0.8,
      0.4,
      0.0,
      0.3,
      0.0,
      0.55,
      0.4,
      0.25,
      0.6,
      0.6,
      0.8,
      0.0,
      0.0,
      1.0,
      0.0,
      0.2,
      0.7333333333333333,
      0.6,
      0.0,
      0.25,
      0.2
   ]
}