{
   "epoch": 11,
   "batch_train_accuracies": [
      0.5625,
      0.75,
      0.71875,
      0.734375,
      0.703125,
      0.6875,
      0.625,
      0.71875,
      0.703125,
      0.6875,
      0.640625,
      0.71875,
      0.640625,
      0.75,
      0.734375,
      0.640625,
      0.625,
      0.703125,
      0.6875,
      0.75,
      0.75,
      0.765625,
      0.609375,
      0.65625,
      0.671875,
      0.796875,
      0.71875,
      0.75,
      0.6875,
      0.6875,
      0.59375,
      0.65625,
      0.71875,
      0.65625,
      0.796875,
      0.734375,
      0.625,
      0.703125,
      0.703125,
      0.6875,
      0.609375,
      0.5625
   ],
   "batch_train_losses": [
      1.455511450767517,
      1.269873023033142,
      1.2524375915527344,
      1.2698500156402588,
      1.3233495950698853,
      1.2562134265899658,
      1.4152140617370605,
      1.2342697381973267,
      1.2701728343963623,
      1.3066158294677734,
      1.3093461990356445,
      1.2476030588150024,
      1.4483249187469482,
      1.186402440071106,
      1.21103036403656,
      1.3864001035690308,
      1.5100314617156982,
      1.3094942569732666,
      1.3393937349319458,
      1.2006200551986694,
      1.262994647026062,
      1.1924394369125366,
      1.4824053049087524,
      1.420563817024231,
      1.3154560327529907,
      1.128417730331421,
      1.3208422660827637,
      1.2208770513534546,
      1.3509876728057861,
      1.3164136409759521,
      1.32596755027771,
      1.236922025680542,
      1.1918901205062866,
      1.4675486087799072,
      1.106378436088562,
      1.2333934307098389,
      1.389939546585083,
      1.2834242582321167,
      1.2629432678222656,
      1.5062721967697144,
      1.3319817781448364,
      1.5095380544662476
   ],
   "batch_train_times": [],
   "val_accuracy": 0.3918918918918919,
   "val_loss": 2.135513927485492,
   "val_accuracy_per_label": [
      0.4090909090909091,
      0.0,
      0.0,
      0.4,
      0.4,
      1.0,
      0.0,
      0.9,
      0.0,
      0.0,
      0.0,
      0.0,
      0.6,
      0.4,
      0.6,
      0.0,
      0.0,
      0.2,
      0.0,
      0.7931034482758621,
      0.5,
      0.0,
      0.2,
      0.2,
      0.0,
      0.0,
      0.0,
      0.15,
      0.0,
      0.0,
      0.0,
      0.2,
      0.8,
      0.0,
      0.0,
      0.5,
      0.0,
      0.0,
      0.8,
      0.7,
      0.0,
      0.375,
      0.2
   ]
}