{
   "epoch": 23,
   "batch_train_accuracies": [
      0.875,
      0.90625,
      0.921875,
      0.859375,
      0.875,
      0.890625,
      0.875,
      0.9375,
      0.890625,
      0.859375,
      0.890625,
      0.90625,
      0.9375,
      0.859375,
      0.796875,
      0.890625,
      0.90625,
      0.890625,
      0.859375,
      0.90625,
      0.921875,
      0.859375,
      0.859375,
      0.828125,
      0.875,
      0.84375,
      0.90625,
      0.890625,
      0.890625,
      0.8125,
      0.90625,
      0.859375,
      0.90625,
      0.875,
      0.875,
      0.859375,
      0.859375,
      0.875,
      0.84375,
      0.9375,
      0.921875,
      0.75
   ],
   "batch_train_losses": [
      0.6113412976264954,
      0.651799201965332,
      0.43832558393478394,
      0.6733264327049255,
      0.5867265462875366,
      0.6928258538246155,
      0.6855399012565613,
      0.5628861784934998,
      0.6277121901512146,
      0.7108500003814697,
      0.6393924355506897,
      0.5692107677459717,
      0.537005603313446,
      0.6580798625946045,
      0.686487078666687,
      0.6348651647567749,
      0.5810210108757019,
      0.5259785056114197,
      0.6093195676803589,
      0.5709578990936279,
      0.5513383746147156,
      0.6076186299324036,
      0.6135440468788147,
      0.6594176888465881,
      0.6140112280845642,
      0.6625611782073975,
      0.5207211375236511,
      0.5759410858154297,
      0.537595808506012,
      0.7335010170936584,
      0.6170956492424011,
      0.6745244264602661,
      0.5404843091964722,
      0.6823686361312866,
      0.7247283458709717,
      0.6937543153762817,
      0.642766535282135,
      0.6386330127716064,
      0.7206039428710938,
      0.5759491324424744,
      0.5158643126487732,
      0.8322246670722961
   ],
   "batch_train_times": [],
   "val_accuracy": 0.5337837837837838,
   "val_loss": 1.714141533181474,
   "val_accuracy_per_label": [
      0.36363636363636365,
      0.0,
      0.6666666666666666,
      0.8,
      1.0,
      0.4,
      0.3333333333333333,
      0.85,
      0.0,
      0.0,
      0.0,
      0.0,
      0.8,
      1.0,
      0.8,
      0.0,
      0.0,
      0.4,
      0.0,
      0.7586206896551724,
      0.8461538461538461,
      0.6,
      0.8,
      0.4,
      0.0,
      0.1,
      0.0,
      0.75,
      0.0,
      0.25,
      0.4,
      0.4,
      1.0,
      0.0,
      0.0,
      1.0,
      0.0,
      0.0,
      0.6666666666666666,
      0.6,
      0.0,
      0.125,
      0.4
   ]
}