{
   "epoch": 19,
   "batch_train_accuracies": [
      0.875,
      0.828125,
      0.84375,
      0.890625,
      0.828125,
      0.796875,
      0.828125,
      0.796875,
      0.828125,
      0.859375,
      0.828125,
      0.828125,
      0.828125,
      0.75,
      0.859375,
      0.734375,
      0.875,
      0.875,
      0.90625,
      0.828125,
      0.921875,
      0.875,
      0.875,
      0.859375,
      0.828125,
      0.9375,
      0.828125,
      0.75,
      0.859375,
      0.828125,
      0.828125,
      0.828125,
      0.90625,
      0.828125,
      0.796875,
      0.890625,
      0.796875,
      0.8125,
      0.859375,
      0.703125,
      0.78125,
      0.6875
   ],
   "batch_train_losses": [
      0.7601967453956604,
      0.7837448716163635,
      0.7233524322509766,
      0.7179396152496338,
      0.8363088369369507,
      0.919789731502533,
      0.8182836771011353,
      0.9097733497619629,
      0.9491438269615173,
      0.7075231671333313,
      0.7729451060295105,
      0.7545000314712524,
      0.7638835310935974,
      0.9423230290412903,
      0.7760134339332581,
      0.9965855479240417,
      0.7393364906311035,
      0.8376609683036804,
      0.6817325353622437,
      0.8163349628448486,
      0.6749348640441895,
      0.8045652508735657,
      0.726041316986084,
      0.8168228268623352,
      0.7199485898017883,
      0.6865816116333008,
      0.6581299304962158,
      0.8932777047157288,
      0.782141923904419,
      0.7860727310180664,
      0.7759242057800293,
      0.7813422679901123,
      0.6804844737052917,
      0.7146970629692078,
      0.7778769135475159,
      0.7592365741729736,
      0.8814310431480408,
      0.7810932993888855,
      0.7891857624053955,
      0.9116531610488892,
      0.8399049043655396,
      1.081253170967102
   ],
   "batch_train_times": [],
   "val_accuracy": 0.48986486486486486,
   "val_loss": 1.854580982311352,
   "val_accuracy_per_label": [
      0.5454545454545454,
      0.2,
      0.5,
      0.6,
      0.8,
      0.8,
      0.0,
      0.85,
      0.0,
      0.0,
      0.0,
      0.0,
      0.0,
      1.0,
      0.8,
      0.0,
      0.2,
      0.2,
      0.0,
      0.7586206896551724,
      0.7307692307692307,
      0.2,
      0.8,
      0.4,
      0.0,
      0.0,
      0.0,
      0.3,
      0.0,
      0.25,
      0.0,
      0.4,
      1.0,
      0.0,
      0.0,
      0.75,
      0.0,
      0.0,
      0.7333333333333333,
      0.7,
      0.0,
      0.5,
      0.6
   ]
}