{
   "epoch": 45,
   "batch_train_accuracies": [
      1.0,
      0.953125,
      0.96875,
      0.953125,
      0.984375,
      0.96875,
      1.0,
      0.96875,
      0.96875,
      1.0,
      0.984375,
      0.96875,
      0.9375,
      1.0,
      1.0,
      0.96875,
      0.96875,
      0.984375,
      1.0,
      0.953125,
      1.0,
      1.0,
      0.984375,
      1.0,
      0.984375,
      1.0,
      0.96875,
      0.96875,
      0.984375,
      0.96875,
      0.96875,
      0.96875,
      0.984375,
      0.984375,
      0.96875,
      0.96875,
      0.984375,
      0.984375,
      0.984375,
      0.96875,
      0.96875,
      1.0
   ],
   "batch_train_losses": [
      0.17066898941993713,
      0.2420731484889984,
      0.2091604471206665,
      0.34257742762565613,
      0.24140484631061554,
      0.30510616302490234,
      0.22438062727451324,
      0.22269807755947113,
      0.23638790845870972,
      0.17529238760471344,
      0.20664086937904358,
      0.22028766572475433,
      0.2869114279747009,
      0.13629817962646484,
      0.14332863688468933,
      0.18428052961826324,
      0.21798847615718842,
      0.2149452567100525,
      0.1411401927471161,
      0.21143661439418793,
      0.1736728698015213,
      0.17212921380996704,
      0.12316510081291199,
      0.11950311809778214,
      0.18194271624088287,
      0.177686870098114,
      0.19901877641677856,
      0.20761245489120483,
      0.20149514079093933,
      0.13567079603672028,
      0.184544637799263,
      0.1822447031736374,
      0.12774653732776642,
      0.1588643491268158,
      0.16425640881061554,
      0.1908385008573532,
      0.19726963341236115,
      0.14027224481105804,
      0.13626572489738464,
      0.18651893734931946,
      0.14139917492866516,
      0.17818136513233185
   ],
   "batch_train_times": [],
   "val_accuracy": 0.543918918918919,
   "val_loss": 1.6667252811225686,
   "val_accuracy_per_label": [
      0.7272727272727273,
      0.0,
      0.16666666666666666,
      0.8,
      1.0,
      0.0,
      0.3333333333333333,
      0.85,
      0.0,
      0.0,
      0.0,
      0.0,
      0.0,
      0.8,
      0.8,
      0.0,
      0.0,
      0.8,
      0.0,
      0.9310344827586207,
      0.9230769230769231,
      0.6,
      1.0,
      0.8,
      0.0,
      0.4,
      0.0,
      0.45,
      0.2,
      0.0,
      0.4,
      0.2,
      0.8,
      0.0,
      0.0,
      1.0,
      0.0,
      0.2,
      0.4,
      0.5,
      0.0,
      0.5,
      0.2
   ]
}