{
   "epoch": 9,
   "batch_train_accuracies": [
      0.671875,
      0.671875,
      0.625,
      0.5625,
      0.640625,
      0.6875,
      0.625,
      0.65625,
      0.609375,
      0.53125,
      0.609375,
      0.625,
      0.515625,
      0.6875,
      0.5625,
      0.59375,
      0.625,
      0.640625,
      0.734375,
      0.53125,
      0.515625,
      0.578125,
      0.671875,
      0.625,
      0.65625,
      0.609375,
      0.578125,
      0.640625,
      0.546875,
      0.640625,
      0.5625,
      0.546875,
      0.65625,
      0.578125,
      0.65625,
      0.65625,
      0.625,
      0.625,
      0.796875,
      0.5,
      0.609375,
      0.8125
   ],
   "batch_train_losses": [
      1.4963815212249756,
      1.4762871265411377,
      1.487307071685791,
      1.5827128887176514,
      1.426018238067627,
      1.3996022939682007,
      1.5599825382232666,
      1.390210747718811,
      1.7388089895248413,
      1.6666688919067383,
      1.4739196300506592,
      1.4934338331222534,
      1.591443657875061,
      1.3686110973358154,
      1.5373764038085938,
      1.4730873107910156,
      1.4796932935714722,
      1.531685709953308,
      1.281725287437439,
      1.5620397329330444,
      1.8424553871154785,
      1.660459041595459,
      1.4393882751464844,
      1.361585021018982,
      1.4717098474502563,
      1.56851065158844,
      1.5262937545776367,
      1.5731064081192017,
      1.4734289646148682,
      1.4715211391448975,
      1.5894076824188232,
      1.639058232307434,
      1.3955117464065552,
      1.5655349493026733,
      1.395748496055603,
      1.4495288133621216,
      1.574577808380127,
      1.4478187561035156,
      1.2922850847244263,
      1.7721182107925415,
      1.45365571975708,
      1.3127593994140625
   ],
   "batch_train_times": [],
   "val_accuracy": 0.3952702702702703,
   "val_loss": 2.1726123964464343,
   "val_accuracy_per_label": [
      0.6818181818181818,
      0.0,
      0.0,
      0.4,
      0.4,
      0.8,
      0.0,
      0.85,
      0.0,
      0.2,
      0.0,
      0.0,
      0.2,
      0.0,
      0.2,
      0.0,
      0.0,
      0.0,
      0.0,
      0.7586206896551724,
      0.8846153846153846,
      0.0,
      0.6,
      0.2,
      0.0,
      0.0,
      0.0,
      0.15,
      0.0,
      0.0,
      0.0,
      0.2,
      0.0,
      0.0,
      0.0,
      0.0,
      0.0,
      0.0,
      0.7333333333333333,
      0.5,
      0.0,
      0.5,
      0.2
   ]
}