{
   "epoch": 33,
   "batch_train_accuracies": [
      0.96875,
      0.90625,
      0.96875,
      0.953125,
      0.9375,
      0.921875,
      0.9375,
      0.984375,
      0.9375,
      0.890625,
      1.0,
      0.90625,
      0.984375,
      0.953125,
      0.921875,
      1.0,
      0.953125,
      0.984375,
      0.921875,
      0.984375,
      1.0,
      0.953125,
      0.96875,
      0.96875,
      0.96875,
      0.921875,
      1.0,
      0.953125,
      1.0,
      0.953125,
      0.9375,
      0.953125,
      0.96875,
      0.953125,
      0.96875,
      0.984375,
      0.9375,
      0.921875,
      0.984375,
      0.984375,
      0.984375,
      0.8125
   ],
   "batch_train_losses": [
      0.3146091401576996,
      0.43601173162460327,
      0.31076580286026,
      0.3873119056224823,
      0.43505775928497314,
      0.3855323791503906,
      0.3432571291923523,
      0.34678924083709717,
      0.3049911558628082,
      0.4182257056236267,
      0.2680300772190094,
      0.3776296377182007,
      0.3226068615913391,
      0.3177916407585144,
      0.3883197009563446,
      0.2513382136821747,
      0.3039225935935974,
      0.3034740090370178,
      0.36764654517173767,
      0.3180021047592163,
      0.29043081402778625,
      0.4635089337825775,
      0.25950324535369873,
      0.2707139253616333,
      0.3221557140350342,
      0.5010121464729309,
      0.278764933347702,
      0.3130472004413605,
      0.17206566035747528,
      0.28185856342315674,
      0.3296588063240051,
      0.3644934594631195,
      0.3674110174179077,
      0.3643856942653656,
      0.2634352743625641,
      0.29445868730545044,
      0.35984355211257935,
      0.37807032465934753,
      0.29007312655448914,
      0.2845431864261627,
      0.2822248041629791,
      0.46722841262817383
   ],
   "batch_train_times": [],
   "val_accuracy": 0.5709459459459459,
   "val_loss": 1.4920450094583873,
   "val_accuracy_per_label": [
      0.45454545454545453,
      0.0,
      0.5,
      0.8,
      0.6,
      0.6,
      0.0,
      0.8,
      0.0,
      0.2,
      0.0,
      0.0,
      0.2,
      0.8,
      0.8,
      0.0,
      0.0,
      0.8,
      0.0,
      0.9310344827586207,
      0.7307692307692307,
      0.2,
      0.8,
      0.8,
      0.0,
      0.4,
      0.0,
      0.8,
      0.2,
      0.25,
      0.4,
      1.0,
      0.8,
      0.0,
      0.0,
      1.0,
      0.0,
      0.0,
      0.8,
      0.7,
      0.2,
      0.375,
      0.2
   ]
}