{
   "epoch": 16,
   "batch_train_accuracies": [
      0.859375,
      0.734375,
      0.84375,
      0.765625,
      0.78125,
      0.796875,
      0.734375,
      0.6875,
      0.796875,
      0.828125,
      0.703125,
      0.8125,
      0.75,
      0.765625,
      0.84375,
      0.796875,
      0.78125,
      0.859375,
      0.828125,
      0.8125,
      0.921875,
      0.859375,
      0.734375,
      0.734375,
      0.6875,
      0.8125,
      0.90625,
      0.734375,
      0.734375,
      0.71875,
      0.859375,
      0.859375,
      0.828125,
      0.71875,
      0.8125,
      0.8125,
      0.71875,
      0.78125,
      0.75,
      0.828125,
      0.875,
      0.75
   ],
   "batch_train_losses": [
      0.8193092346191406,
      1.0933332443237305,
      0.8021609783172607,
      1.0201588869094849,
      0.9952243566513062,
      0.9929933547973633,
      1.057786464691162,
      1.1694164276123047,
      0.877193033695221,
      0.8348863124847412,
      1.0567439794540405,
      0.9700294733047485,
      1.110092043876648,
      1.0112643241882324,
      0.8133810758590698,
      0.9500954747200012,
      0.952451229095459,
      0.9455315470695496,
      1.0319089889526367,
      0.9359827637672424,
      0.6993940472602844,
      0.8655517101287842,
      1.0020923614501953,
      1.1817158460617065,
      1.1876118183135986,
      0.9920083284378052,
      0.7481487989425659,
      0.9480116367340088,
      1.1091094017028809,
      0.9424406886100769,
      0.8865497708320618,
      0.8777101039886475,
      0.9241394400596619,
      1.159722089767456,
      0.9601137638092041,
      0.8084695339202881,
      0.9876834154129028,
      0.9605769515037537,
      1.0855084657669067,
      0.9262794852256775,
      0.8451540470123291,
      1.1883896589279175
   ],
   "batch_train_times": [],
   "val_accuracy": 0.48986486486486486,
   "val_loss": 1.8226788623912915,
   "val_accuracy_per_label": [
      0.7272727272727273,
      0.0,
      0.3333333333333333,
      0.4,
      1.0,
      0.8,
      0.0,
      0.85,
      0.0,
      0.0,
      0.0,
      0.0,
      0.2,
      0.6,
      0.8,
      0.0,
      0.0,
      0.0,
      0.0,
      0.8275862068965517,
      0.9615384615384616,
      0.0,
      0.4,
      0.8,
      0.0,
      0.1,
      0.0,
      0.55,
      0.0,
      0.0,
      0.2,
      0.2,
      0.8,
      0.0,
      0.0,
      0.25,
      0.0,
      0.0,
      0.6666666666666666,
      0.6,
      0.0,
      0.0,
      0.2
   ]
}