{
   "epoch": 35,
   "batch_train_accuracies": [
      0.953125,
      0.984375,
      0.96875,
      1.0,
      0.984375,
      0.953125,
      0.953125,
      0.953125,
      0.96875,
      1.0,
      0.90625,
      0.984375,
      0.984375,
      0.984375,
      0.9375,
      0.984375,
      0.9375,
      0.96875,
      0.953125,
      0.984375,
      0.9375,
      0.984375,
      0.96875,
      0.953125,
      0.953125,
      0.96875,
      0.96875,
      0.953125,
      0.9375,
      0.9375,
      0.9375,
      0.984375,
      0.953125,
      0.953125,
      0.953125,
      0.984375,
      0.984375,
      0.953125,
      0.96875,
      1.0,
      0.984375,
      1.0
   ],
   "batch_train_losses": [
      0.32386481761932373,
      0.28791695833206177,
      0.3309413194656372,
      0.21203845739364624,
      0.23648057878017426,
      0.30693674087524414,
      0.3031165301799774,
      0.28807175159454346,
      0.31589338183403015,
      0.25673729181289673,
      0.38165679574012756,
      0.23996196687221527,
      0.2443176805973053,
      0.24754561483860016,
      0.3698867857456207,
      0.2505539357662201,
      0.34675559401512146,
      0.2351282685995102,
      0.27776309847831726,
      0.37943223118782043,
      0.37484225630760193,
      0.2392263561487198,
      0.28539758920669556,
      0.30437231063842773,
      0.2768285274505615,
      0.29092851281166077,
      0.35870063304901123,
      0.2550164461135864,
      0.2893051207065582,
      0.3567558526992798,
      0.3494289815425873,
      0.25425243377685547,
      0.34777870774269104,
      0.29380375146865845,
      0.3530053496360779,
      0.28589653968811035,
      0.31135377287864685,
      0.36894625425338745,
      0.2616492211818695,
      0.26278451085090637,
      0.2295890748500824,
      0.29353606700897217
   ],
   "batch_train_times": [],
   "val_accuracy": 0.5574324324324325,
   "val_loss": 1.5684981185036737,
   "val_accuracy_per_label": [
      0.5909090909090909,
      0.6,
      0.6666666666666666,
      0.8,
      1.0,
      0.2,
      0.0,
      0.8,
      0.0,
      0.8,
      0.0,
      0.0,
      0.4,
      0.8,
      0.8,
      0.0,
      0.0,
      0.6,
      0.0,
      0.9310344827586207,
      0.5769230769230769,
      0.4,
      0.8,
      1.0,
      0.0,
      0.2,
      0.0,
      0.55,
      0.0,
      0.25,
      0.4,
      0.2,
      0.6,
      0.0,
      0.25,
      1.0,
      0.0,
      0.0,
      0.7333333333333333,
      0.9,
      0.0,
      0.375,
      0.2
   ]
}