{
   "epoch": 21,
   "batch_train_accuracies": [
      0.921875,
      0.765625,
      0.84375,
      0.78125,
      0.859375,
      0.890625,
      0.859375,
      0.890625,
      0.90625,
      0.875,
      0.9375,
      0.875,
      0.796875,
      0.8125,
      0.828125,
      0.859375,
      0.875,
      0.890625,
      0.890625,
      0.84375,
      0.890625,
      0.859375,
      0.921875,
      0.796875,
      0.828125,
      0.796875,
      0.84375,
      0.90625,
      0.875,
      0.84375,
      0.828125,
      0.875,
      0.875,
      0.90625,
      0.875,
      0.828125,
      0.828125,
      0.84375,
      0.90625,
      0.859375,
      0.84375,
      0.625
   ],
   "batch_train_losses": [
      0.6470163464546204,
      0.9145375490188599,
      0.7658407688140869,
      0.8270003199577332,
      0.6608511805534363,
      0.6878683567047119,
      0.6914716362953186,
      0.6321969628334045,
      0.6945161819458008,
      0.7299396395683289,
      0.6102344989776611,
      0.6687167882919312,
      0.8668193817138672,
      0.6425163149833679,
      0.8143112659454346,
      0.7332943677902222,
      0.6209267377853394,
      0.6872388124465942,
      0.8550998568534851,
      0.6756110191345215,
      0.6035094857215881,
      0.757917046546936,
      0.670407772064209,
      0.7695884108543396,
      0.8095948100090027,
      0.7965344190597534,
      0.6867396831512451,
      0.6268382668495178,
      0.6823340654373169,
      0.6834954023361206,
      0.7115687131881714,
      0.6924123764038086,
      0.6517177224159241,
      0.6091169714927673,
      0.6692202091217041,
      0.7837055325508118,
      0.7984737753868103,
      0.9012576341629028,
      0.6797412037849426,
      0.777148962020874,
      0.6907160878181458,
      1.0439655780792236
   ],
   "batch_train_times": [],
   "val_accuracy": 0.5101351351351351,
   "val_loss": 1.6917190036258183,
   "val_accuracy_per_label": [
      0.6818181818181818,
      0.4,
      0.16666666666666666,
      0.4,
      1.0,
      0.8,
      0.0,
      0.85,
      0.0,
      0.0,
      0.0,
      0.0,
      0.0,
      1.0,
      0.8,
      0.0,
      0.0,
      0.8,
      0.0,
      0.7931034482758621,
      0.6538461538461539,
      0.0,
      0.4,
      0.6,
      0.0,
      0.2,
      0.0,
      0.9,
      0.0,
      0.0,
      0.4,
      0.0,
      0.8,
      0.0,
      0.0,
      0.0,
      0.0,
      0.0,
      0.8666666666666667,
      0.6,
      0.0,
      0.25,
      0.0
   ]
}