{
   "epoch": 24,
   "batch_train_accuracies": [
      0.90625,
      0.875,
      0.890625,
      0.890625,
      0.859375,
      0.84375,
      0.921875,
      0.875,
      0.90625,
      0.890625,
      0.921875,
      0.921875,
      0.921875,
      0.90625,
      0.890625,
      0.9375,
      0.90625,
      0.890625,
      0.84375,
      0.890625,
      0.890625,
      0.9375,
      0.9375,
      0.828125,
      0.859375,
      0.953125,
      0.96875,
      0.96875,
      0.921875,
      0.875,
      0.796875,
      0.890625,
      0.84375,
      0.96875,
      0.890625,
      0.9375,
      0.9375,
      0.921875,
      0.875,
      0.96875,
      0.96875,
      0.6875
   ],
   "batch_train_losses": [
      0.5374730825424194,
      0.639863133430481,
      0.6632561087608337,
      0.553830623626709,
      0.7433354258537292,
      0.7406736016273499,
      0.5102609395980835,
      0.5778341889381409,
      0.6557406187057495,
      0.5551243424415588,
      0.6019271016120911,
      0.5929174423217773,
      0.6111020445823669,
      0.6040783524513245,
      0.5098485350608826,
      0.4610394835472107,
      0.5576655268669128,
      0.49796172976493835,
      0.7490464448928833,
      0.5758231282234192,
      0.5784773230552673,
      0.5002182126045227,
      0.4826912581920624,
      0.6720946431159973,
      0.6172988414764404,
      0.5214298963546753,
      0.5289345979690552,
      0.37294062972068787,
      0.5731895565986633,
      0.6158841252326965,
      0.6627904176712036,
      0.5472766160964966,
      0.6534848809242249,
      0.4828830361366272,
      0.5931246876716614,
      0.6698259115219116,
      0.5596628189086914,
      0.5253106951713562,
      0.5959651470184326,
      0.4299105405807495,
      0.5229820013046265,
      0.8994666337966919
   ],
   "batch_train_times": [],
   "val_accuracy": 0.527027027027027,
   "val_loss": 1.5831325118606154,
   "val_accuracy_per_label": [
      0.6363636363636364,
      0.2,
      0.5,
      0.6,
      0.8,
      0.8,
      0.0,
      0.85,
      0.0,
      0.0,
      0.0,
      0.0,
      0.2,
      1.0,
      0.8,
      0.0,
      0.0,
      0.8,
      0.0,
      0.896551724137931,
      0.46153846153846156,
      0.0,
      0.8,
      0.8,
      0.0,
      0.3,
      0.0,
      0.8,
      0.0,
      0.5,
      0.2,
      0.4,
      1.0,
      0.0,
      0.0,
      0.0,
      0.0,
      0.0,
      0.6666666666666666,
      0.8,
      0.0,
      0.25,
      0.2
   ]
}