{
   "epoch": 28,
   "batch_train_accuracies": [
      0.578125,
      0.734375,
      0.640625,
      0.75,
      0.6875,
      0.578125,
      0.6875,
      0.6875,
      0.6875,
      0.640625,
      0.765625,
      0.796875,
      0.65625,
      0.78125,
      0.65625,
      0.640625,
      0.796875,
      0.703125,
      0.671875,
      0.71875,
      0.796875,
      0.703125,
      0.671875,
      0.71875,
      0.765625,
      0.671875,
      0.671875,
      0.75,
      0.703125,
      0.59375,
      0.765625,
      0.78125,
      0.703125,
      0.625,
      0.671875,
      0.671875,
      0.765625,
      0.625,
      0.71875,
      0.78125,
      0.671875,
      0.75
   ],
   "batch_train_losses": [
      1.5964804887771606,
      1.5236612558364868,
      1.5196834802627563,
      1.4198189973831177,
      1.48076331615448,
      1.7668499946594238,
      1.566706895828247,
      1.3689311742782593,
      1.3428128957748413,
      1.548351526260376,
      1.2610327005386353,
      1.2765510082244873,
      1.4193395376205444,
      1.2614542245864868,
      1.4342366456985474,
      1.606862187385559,
      1.2553106546401978,
      1.3437511920928955,
      1.466509222984314,
      1.433298110961914,
      1.285207986831665,
      1.3829187154769897,
      1.4693242311477661,
      1.342008113861084,
      1.2684295177459717,
      1.537096619606018,
      1.4250582456588745,
      1.2649929523468018,
      1.3821862936019897,
      1.6376421451568604,
      1.2130573987960815,
      1.2892733812332153,
      1.4391745328903198,
      1.5497360229492188,
      1.4043556451797485,
      1.4533885717391968,
      1.3924369812011719,
      1.7497340440750122,
      1.3669636249542236,
      1.3294647932052612,
      1.406546950340271,
      1.2556560039520264
   ],
   "batch_train_times": [],
   "val_accuracy": 0.44594594594594594,
   "val_loss": 2.1994934661968335,
   "val_accuracy_per_label": [
      0.6363636363636364,
      0.0,
      0.3333333333333333,
      0.0,
      0.4,
      0.6,
      0.0,
      0.75,
      0.0,
      0.0,
      0.0,
      0.0,
      0.0,
      0.6,
      0.0,
      0.0,
      0.0,
      0.0,
      0.8,
      0.9655172413793104,
      0.9615384615384616,
      0.0,
      0.0,
      0.0,
      0.0,
      0.0,
      0.0,
      0.65,
      0.0,
      0.0,
      0.0,
      0.0,
      0.0,
      0.0,
      0.0,
      0.0,
      0.2,
      0.0,
      0.4666666666666667,
      0.8,
      0.0,
      0.75,
      0.2
   ]
}