{
   "epoch": 24,
   "batch_train_accuracies": [
      0.703125,
      0.640625,
      0.65625,
      0.765625,
      0.6875,
      0.796875,
      0.796875,
      0.6875,
      0.765625,
      0.734375,
      0.609375,
      0.71875,
      0.609375,
      0.78125,
      0.640625,
      0.609375,
      0.703125,
      0.578125,
      0.734375,
      0.625,
      0.71875,
      0.65625,
      0.734375,
      0.671875,
      0.734375,
      0.625,
      0.640625,
      0.625,
      0.703125,
      0.625,
      0.65625,
      0.6875,
      0.6875,
      0.734375,
      0.703125,
      0.78125,
      0.671875,
      0.828125,
      0.609375,
      0.671875,
      0.75,
      0.3125
   ],
   "batch_train_losses": [
      1.368761658668518,
      1.6150436401367188,
      1.5172085762023926,
      1.286609411239624,
      1.5188003778457642,
      1.2492824792861938,
      1.2552958726882935,
      1.4413294792175293,
      1.3493252992630005,
      1.3424681425094604,
      1.543492317199707,
      1.561581015586853,
      1.67747163772583,
      1.429654836654663,
      1.6157740354537964,
      1.677909016609192,
      1.456089973449707,
      1.6125925779342651,
      1.3412221670150757,
      1.5469814538955688,
      1.5451806783676147,
      1.5706026554107666,
      1.4180976152420044,
      1.5427172183990479,
      1.532935619354248,
      1.6144089698791504,
      1.4615461826324463,
      1.5485584735870361,
      1.3333994150161743,
      1.660470724105835,
      1.4770804643630981,
      1.4715752601623535,
      1.5253850221633911,
      1.3619697093963623,
      1.3854916095733643,
      1.4271687269210815,
      1.456031322479248,
      1.2904839515686035,
      1.582526683807373,
      1.3920798301696777,
      1.2558623552322388,
      2.325364589691162
   ],
   "batch_train_times": [],
   "val_accuracy": 0.46283783783783783,
   "val_loss": 2.247138190913845,
   "val_accuracy_per_label": [
      0.5909090909090909,
      0.0,
      0.0,
      0.0,
      0.0,
      0.8,
      0.0,
      0.85,
      0.0,
      0.6,
      0.0,
      0.0,
      0.0,
      0.0,
      0.0,
      0.0,
      0.0,
      0.0,
      0.8,
      1.0,
      0.7692307692307693,
      0.0,
      0.0,
      0.0,
      0.0,
      0.5,
      0.0,
      0.7,
      0.0,
      0.0,
      0.0,
      1.0,
      0.0,
      0.0,
      0.0,
      0.0,
      0.2,
      0.0,
      0.6,
      0.8,
      0.0,
      0.625,
      0.0
   ]
}