{
   "epoch": 45,
   "batch_train_accuracies": [
      0.8125,
      0.84375,
      0.734375,
      0.859375,
      0.828125,
      0.734375,
      0.65625,
      0.828125,
      0.765625,
      0.71875,
      0.6875,
      0.75,
      0.703125,
      0.75,
      0.6875,
      0.71875,
      0.75,
      0.78125,
      0.78125,
      0.71875,
      0.796875,
      0.65625,
      0.71875,
      0.78125,
      0.828125,
      0.6875,
      0.84375,
      0.8125,
      0.75,
      0.703125,
      0.859375,
      0.65625,
      0.71875,
      0.828125,
      0.796875,
      0.8125,
      0.765625,
      0.8125,
      0.734375,
      0.6875,
      0.71875,
      0.625
   ],
   "batch_train_losses": [
      1.2052226066589355,
      1.1543145179748535,
      1.4017566442489624,
      1.0335228443145752,
      1.2164325714111328,
      1.3747682571411133,
      1.3858212232589722,
      1.243814468383789,
      1.119558572769165,
      1.3204936981201172,
      1.4194387197494507,
      1.1917695999145508,
      1.3872817754745483,
      1.3343009948730469,
      1.4576219320297241,
      1.345218300819397,
      1.166165828704834,
      1.253889560699463,
      1.120267629623413,
      1.3723831176757812,
      1.2224352359771729,
      1.390259027481079,
      1.4257612228393555,
      1.346669316291809,
      1.2181452512741089,
      1.3670092821121216,
      1.1203922033309937,
      1.1681400537490845,
      1.2707070112228394,
      1.2957335710525513,
      1.1465916633605957,
      1.4914605617523193,
      1.4093927145004272,
      1.166566252708435,
      1.177927017211914,
      1.1468870639801025,
      1.1981124877929688,
      1.258498191833496,
      1.2816376686096191,
      1.5243353843688965,
      1.4052633047103882,
      1.617241382598877
   ],
   "batch_train_times": [],
   "val_accuracy": 0.48986486486486486,
   "val_loss": 2.2900918045559444,
   "val_accuracy_per_label": [
      0.7272727272727273,
      0.0,
      0.5,
      0.0,
      0.8,
      1.0,
      0.0,
      0.85,
      0.0,
      0.0,
      0.0,
      0.0,
      0.2,
      0.6,
      0.0,
      0.0,
      0.0,
      0.0,
      0.8,
      0.9655172413793104,
      0.9230769230769231,
      0.0,
      0.0,
      0.4,
      0.0,
      0.2,
      0.0,
      0.8,
      0.0,
      0.0,
      0.0,
      0.0,
      0.2,
      0.0,
      0.0,
      0.0,
      0.2,
      0.0,
      0.4,
      0.8,
      0.0,
      0.5,
      0.0
   ]
}