{
   "epoch": 15,
   "batch_train_accuracies": [
      0.53125,
      0.5625,
      0.65625,
      0.578125,
      0.546875,
      0.5625,
      0.46875,
      0.578125,
      0.640625,
      0.640625,
      0.640625,
      0.65625,
      0.609375,
      0.625,
      0.65625,
      0.578125,
      0.609375,
      0.515625,
      0.59375,
      0.609375,
      0.625,
      0.703125,
      0.65625,
      0.71875,
      0.5625,
      0.640625,
      0.65625,
      0.5625,
      0.65625,
      0.640625,
      0.515625,
      0.5,
      0.578125,
      0.609375,
      0.671875,
      0.65625,
      0.65625,
      0.65625,
      0.640625,
      0.65625,
      0.703125,
      0.4375
   ],
   "batch_train_losses": [
      1.8848100900650024,
      1.8163095712661743,
      1.6425771713256836,
      1.8493609428405762,
      1.897169828414917,
      1.8207545280456543,
      2.0956969261169434,
      1.7209031581878662,
      1.7400273084640503,
      1.7979379892349243,
      1.721010446548462,
      1.6533266305923462,
      1.7317858934402466,
      1.740445613861084,
      1.7928050756454468,
      1.8288336992263794,
      1.6245691776275635,
      1.8975969552993774,
      1.8819842338562012,
      1.8229825496673584,
      1.6809874773025513,
      1.6236674785614014,
      1.714005470275879,
      1.6247714757919312,
      1.895637035369873,
      1.671191930770874,
      1.6372665166854858,
      1.8162026405334473,
      1.7054880857467651,
      1.6437928676605225,
      1.8449381589889526,
      2.050873279571533,
      1.7565467357635498,
      1.7864158153533936,
      1.6762324571609497,
      1.536649465560913,
      1.6292686462402344,
      1.6447398662567139,
      1.7241390943527222,
      1.5472129583358765,
      1.5239332914352417,
      1.8839434385299683
   ],
   "batch_train_times": [],
   "val_accuracy": 0.43243243243243246,
   "val_loss": 2.412324686308165,
   "val_accuracy_per_label": [
      0.7272727272727273,
      0.0,
      0.0,
      0.0,
      0.6,
      0.8,
      0.0,
      0.8,
      0.0,
      0.0,
      0.0,
      0.0,
      0.0,
      0.2,
      0.0,
      0.0,
      0.0,
      0.0,
      0.0,
      1.0,
      1.0,
      0.0,
      0.0,
      0.0,
      0.0,
      0.0,
      0.0,
      0.6,
      0.0,
      0.0,
      0.0,
      0.2,
      0.0,
      0.0,
      0.0,
      0.0,
      0.2,
      0.0,
      0.8,
      0.2,
      0.0,
      0.5,
      0.2
   ]
}