{
   "epoch": 17,
   "batch_train_accuracies": [
      0.515625,
      0.6875,
      0.703125,
      0.65625,
      0.609375,
      0.65625,
      0.6875,
      0.578125,
      0.765625,
      0.609375,
      0.796875,
      0.578125,
      0.609375,
      0.578125,
      0.5625,
      0.59375,
      0.65625,
      0.484375,
      0.65625,
      0.625,
      0.609375,
      0.53125,
      0.6875,
      0.5625,
      0.640625,
      0.703125,
      0.640625,
      0.6875,
      0.609375,
      0.6875,
      0.59375,
      0.734375,
      0.625,
      0.6875,
      0.71875,
      0.59375,
      0.6875,
      0.625,
      0.71875,
      0.578125,
      0.671875,
      0.6875
   ],
   "batch_train_losses": [
      1.90646493434906,
      1.6284421682357788,
      1.5117825269699097,
      1.6394387483596802,
      1.7281060218811035,
      1.7317777872085571,
      1.4762942790985107,
      1.8671989440917969,
      1.4352816343307495,
      1.6810338497161865,
      1.3642960786819458,
      1.796661138534546,
      1.6588321924209595,
      1.8135082721710205,
      1.7734493017196655,
      1.757440447807312,
      1.679394006729126,
      1.9698373079299927,
      1.5915641784667969,
      1.7801762819290161,
      1.5441677570343018,
      1.838903784751892,
      1.5174617767333984,
      1.820233702659607,
      1.612288236618042,
      1.480165958404541,
      1.6662416458129883,
      1.5718986988067627,
      1.6334331035614014,
      1.641137719154358,
      1.6342642307281494,
      1.473217487335205,
      1.6436246633529663,
      1.5954725742340088,
      1.629742980003357,
      1.7306374311447144,
      1.5519119501113892,
      1.6259489059448242,
      1.5590715408325195,
      1.794753074645996,
      1.6047749519348145,
      1.4781074523925781
   ],
   "batch_train_times": [],
   "val_accuracy": 0.40540540540540543,
   "val_loss": 2.3619874103649243,
   "val_accuracy_per_label": [
      0.7727272727272727,
      0.0,
      0.0,
      0.0,
      0.0,
      0.4,
      0.0,
      0.8,
      0.0,
      0.0,
      0.0,
      0.0,
      0.0,
      0.6,
      0.0,
      0.0,
      0.0,
      0.0,
      0.2,
      0.9310344827586207,
      1.0,
      0.0,
      0.0,
      0.0,
      0.0,
      0.1,
      0.0,
      0.55,
      0.0,
      0.0,
      0.0,
      0.0,
      0.0,
      0.0,
      0.0,
      0.0,
      0.2,
      0.0,
      0.4,
      0.5,
      0.0,
      0.5,
      0.0
   ]
}