{
   "epoch": 23,
   "batch_train_accuracies": [
      0.75,
      0.65625,
      0.609375,
      0.703125,
      0.609375,
      0.6875,
      0.6875,
      0.671875,
      0.640625,
      0.609375,
      0.71875,
      0.640625,
      0.609375,
      0.71875,
      0.71875,
      0.71875,
      0.734375,
      0.578125,
      0.84375,
      0.703125,
      0.65625,
      0.765625,
      0.65625,
      0.71875,
      0.53125,
      0.703125,
      0.59375,
      0.65625,
      0.71875,
      0.765625,
      0.71875,
      0.578125,
      0.625,
      0.625,
      0.78125,
      0.75,
      0.6875,
      0.59375,
      0.6875,
      0.65625,
      0.671875,
      0.75
   ],
   "batch_train_losses": [
      1.3852148056030273,
      1.5462315082550049,
      1.5634286403656006,
      1.448081374168396,
      1.6005618572235107,
      1.441271424293518,
      1.5251164436340332,
      1.5917110443115234,
      1.6409512758255005,
      1.602898120880127,
      1.4004930257797241,
      1.6531271934509277,
      1.736063003540039,
      1.3428221940994263,
      1.3676187992095947,
      1.5277456045150757,
      1.3564444780349731,
      1.6162244081497192,
      1.2068469524383545,
      1.3586173057556152,
      1.552433729171753,
      1.4334213733673096,
      1.6243618726730347,
      1.4276310205459595,
      1.7132272720336914,
      1.548136830329895,
      1.6062058210372925,
      1.546053409576416,
      1.4808664321899414,
      1.4515995979309082,
      1.4712618589401245,
      1.7264024019241333,
      1.5417641401290894,
      1.6400262117385864,
      1.3228719234466553,
      1.4562066793441772,
      1.522567629814148,
      1.654504418373108,
      1.3748167753219604,
      1.588207721710205,
      1.4674948453903198,
      1.4848361015319824
   ],
   "batch_train_times": [],
   "val_accuracy": 0.44594594594594594,
   "val_loss": 2.2769543351353825,
   "val_accuracy_per_label": [
      0.7727272727272727,
      0.0,
      0.0,
      0.0,
      0.0,
      0.8,
      0.0,
      0.75,
      0.0,
      0.0,
      0.0,
      0.0,
      0.0,
      0.8,
      0.0,
      0.0,
      0.0,
      0.0,
      0.0,
      0.9310344827586207,
      1.0,
      0.0,
      0.0,
      0.2,
      0.0,
      0.0,
      0.0,
      0.55,
      0.0,
      0.0,
      0.0,
      0.6,
      0.0,
      0.0,
      0.0,
      0.0,
      0.2,
      0.0,
      0.8,
      0.7,
      0.0,
      0.375,
      0.2
   ]
}