{
   "epoch": 33,
   "batch_train_accuracies": [
      0.640625,
      0.78125,
      0.734375,
      0.765625,
      0.703125,
      0.671875,
      0.8125,
      0.828125,
      0.734375,
      0.578125,
      0.671875,
      0.8125,
      0.671875,
      0.65625,
      0.734375,
      0.671875,
      0.796875,
      0.78125,
      0.71875,
      0.765625,
      0.65625,
      0.75,
      0.71875,
      0.625,
      0.765625,
      0.78125,
      0.75,
      0.703125,
      0.6875,
      0.671875,
      0.75,
      0.640625,
      0.828125,
      0.703125,
      0.828125,
      0.765625,
      0.625,
      0.796875,
      0.6875,
      0.71875,
      0.6875,
      0.75
   ],
   "batch_train_losses": [
      1.4729723930358887,
      1.3428460359573364,
      1.4229965209960938,
      1.2313425540924072,
      1.4521278142929077,
      1.4490737915039062,
      1.314274787902832,
      1.2126262187957764,
      1.4969316720962524,
      1.6663355827331543,
      1.4506839513778687,
      1.1677920818328857,
      1.4761829376220703,
      1.5156512260437012,
      1.463629961013794,
      1.5430885553359985,
      1.2578927278518677,
      1.2229913473129272,
      1.3934601545333862,
      1.2647711038589478,
      1.4030728340148926,
      1.3020983934402466,
      1.458811640739441,
      1.4601565599441528,
      1.2656079530715942,
      1.2482832670211792,
      1.3648453950881958,
      1.4690748453140259,
      1.4106236696243286,
      1.4622849225997925,
      1.4429078102111816,
      1.5212396383285522,
      1.1446661949157715,
      1.4409596920013428,
      1.10627281665802,
      1.262972354888916,
      1.4869412183761597,
      1.0924246311187744,
      1.3724178075790405,
      1.4153828620910645,
      1.4053537845611572,
      1.4693852663040161
   ],
   "batch_train_times": [],
   "val_accuracy": 0.44594594594594594,
   "val_loss": 2.2840942112175195,
   "val_accuracy_per_label": [
      0.7272727272727273,
      0.0,
      0.0,
      0.0,
      0.0,
      0.6,
      0.0,
      0.85,
      0.0,
      0.0,
      0.0,
      0.0,
      0.0,
      0.0,
      0.0,
      0.0,
      0.0,
      0.0,
      0.0,
      1.0,
      0.8846153846153846,
      0.0,
      0.0,
      0.4,
      0.0,
      0.6,
      0.0,
      0.7,
      0.0,
      0.0,
      0.0,
      0.0,
      0.0,
      0.0,
      0.0,
      0.0,
      0.2,
      0.0,
      0.5333333333333333,
      0.8,
      0.0,
      0.375,
      0.4
   ]
}