{
   "epoch": 39,
   "batch_train_accuracies": [
      0.703125,
      0.828125,
      0.71875,
      0.75,
      0.765625,
      0.765625,
      0.734375,
      0.796875,
      0.59375,
      0.796875,
      0.546875,
      0.734375,
      0.8125,
      0.734375,
      0.765625,
      0.75,
      0.671875,
      0.625,
      0.75,
      0.6875,
      0.75,
      0.6875,
      0.84375,
      0.6875,
      0.75,
      0.765625,
      0.8125,
      0.8125,
      0.71875,
      0.84375,
      0.75,
      0.765625,
      0.765625,
      0.734375,
      0.828125,
      0.703125,
      0.671875,
      0.6875,
      0.796875,
      0.765625,
      0.6875,
      0.625
   ],
   "batch_train_losses": [
      1.388583779335022,
      1.1139651536941528,
      1.4345704317092896,
      1.2963162660598755,
      1.166825771331787,
      1.1783748865127563,
      1.19217848777771,
      1.227596640586853,
      1.6396512985229492,
      1.1923867464065552,
      1.7139688730239868,
      1.2289705276489258,
      1.1041851043701172,
      1.3889176845550537,
      1.3203797340393066,
      1.2783541679382324,
      1.3156660795211792,
      1.4706635475158691,
      1.2607253789901733,
      1.4119592905044556,
      1.1952812671661377,
      1.3924349546432495,
      1.2521584033966064,
      1.4283066987991333,
      1.345043420791626,
      1.3699437379837036,
      1.1080272197723389,
      1.191361427307129,
      1.3977781534194946,
      1.1458076238632202,
      1.3187307119369507,
      1.2819806337356567,
      1.3856265544891357,
      1.2525708675384521,
      1.1940884590148926,
      1.4377602338790894,
      1.4782732725143433,
      1.4347636699676514,
      1.2883315086364746,
      1.2218608856201172,
      1.410148024559021,
      1.7462496757507324
   ],
   "batch_train_times": [],
   "val_accuracy": 0.46959459459459457,
   "val_loss": 2.1581660734640584,
   "val_accuracy_per_label": [
      0.6363636363636364,
      0.0,
      0.0,
      0.0,
      1.0,
      1.0,
      0.0,
      0.9,
      0.0,
      0.0,
      0.0,
      0.0,
      0.0,
      0.2,
      0.0,
      0.0,
      0.0,
      0.0,
      0.0,
      0.8620689655172413,
      1.0,
      0.0,
      0.0,
      0.6,
      0.0,
      0.2,
      0.0,
      0.9,
      0.0,
      0.0,
      0.0,
      0.6,
      0.0,
      0.0,
      0.0,
      0.0,
      0.0,
      0.0,
      0.4,
      0.9,
      0.0,
      0.5,
      0.0
   ]
}