{
   "epoch": 10,
   "batch_train_accuracies": [
      0.53125,
      0.578125,
      0.59375,
      0.515625,
      0.671875,
      0.46875,
      0.609375,
      0.6875,
      0.5,
      0.453125,
      0.578125,
      0.671875,
      0.640625,
      0.390625,
      0.4375,
      0.5625,
      0.703125,
      0.578125,
      0.484375,
      0.640625,
      0.609375,
      0.578125,
      0.5,
      0.546875,
      0.59375,
      0.546875,
      0.515625,
      0.46875,
      0.484375,
      0.59375,
      0.578125,
      0.515625,
      0.5625,
      0.59375,
      0.390625,
      0.625,
      0.5625,
      0.5625,
      0.671875,
      0.484375,
      0.59375,
      0.5625
   ],
   "batch_train_losses": [
      2.0525739192962646,
      1.9543859958648682,
      1.896424651145935,
      2.012385129928589,
      1.7107818126678467,
      2.1641876697540283,
      1.9725489616394043,
      1.887845516204834,
      2.0859174728393555,
      2.286452293395996,
      1.9178266525268555,
      1.9716023206710815,
      1.8565298318862915,
      2.2210628986358643,
      2.2082247734069824,
      1.9767405986785889,
      1.700734257698059,
      2.0347158908843994,
      2.1261203289031982,
      1.9863911867141724,
      1.758118748664856,
      1.9906667470932007,
      2.2260730266571045,
      1.9234163761138916,
      1.826403260231018,
      2.0051558017730713,
      2.047529935836792,
      2.136044979095459,
      2.1119425296783447,
      1.884992241859436,
      1.8787883520126343,
      1.958382248878479,
      1.9385852813720703,
      1.8224570751190186,
      2.2453267574310303,
      1.8657121658325195,
      2.0119152069091797,
      1.9557121992111206,
      1.8209010362625122,
      2.0846827030181885,
      1.8516441583633423,
      2.0940122604370117
   ],
   "batch_train_times": [],
   "val_accuracy": 0.3716216216216216,
   "val_loss": 2.6272515155173637,
   "val_accuracy_per_label": [
      0.6363636363636364,
      0.0,
      0.0,
      0.0,
      0.2,
      0.4,
      0.0,
      0.95,
      0.0,
      0.8,
      0.0,
      0.0,
      0.0,
      0.0,
      0.0,
      0.0,
      0.0,
      0.0,
      0.0,
      0.6896551724137931,
      0.7692307692307693,
      0.0,
      0.0,
      0.0,
      0.0,
      0.0,
      0.0,
      0.85,
      0.0,
      0.0,
      0.0,
      0.0,
      0.0,
      0.0,
      0.0,
      0.0,
      0.0,
      0.0,
      0.4,
      0.2,
      0.0,
      0.625,
      0.0
   ]
}