{
   "epoch": 32,
   "batch_train_accuracies": [
      0.625,
      0.71875,
      0.84375,
      0.734375,
      0.734375,
      0.671875,
      0.75,
      0.765625,
      0.6875,
      0.71875,
      0.765625,
      0.75,
      0.65625,
      0.765625,
      0.71875,
      0.625,
      0.609375,
      0.640625,
      0.796875,
      0.671875,
      0.703125,
      0.671875,
      0.65625,
      0.625,
      0.6875,
      0.734375,
      0.765625,
      0.765625,
      0.75,
      0.703125,
      0.765625,
      0.671875,
      0.671875,
      0.671875,
      0.734375,
      0.65625,
      0.703125,
      0.625,
      0.75,
      0.6875,
      0.828125,
      0.75
   ],
   "batch_train_losses": [
      1.5220069885253906,
      1.4453386068344116,
      1.1140916347503662,
      1.3520896434783936,
      1.3229585886001587,
      1.4830752611160278,
      1.3239493370056152,
      1.2882813215255737,
      1.3600690364837646,
      1.4231053590774536,
      1.2061011791229248,
      1.2973277568817139,
      1.4251530170440674,
      1.363997220993042,
      1.3485714197158813,
      1.459486961364746,
      1.6425071954727173,
      1.5482982397079468,
      1.3826552629470825,
      1.5102685689926147,
      1.4005390405654907,
      1.4520490169525146,
      1.3872933387756348,
      1.5171504020690918,
      1.407639503479004,
      1.3230749368667603,
      1.2888917922973633,
      1.3514996767044067,
      1.2434265613555908,
      1.426048994064331,
      1.3201892375946045,
      1.3641369342803955,
      1.4695394039154053,
      1.4976022243499756,
      1.2398009300231934,
      1.5392311811447144,
      1.3046181201934814,
      1.5616852045059204,
      1.2470402717590332,
      1.5187804698944092,
      1.0871073007583618,
      1.6257402896881104
   ],
   "batch_train_times": [],
   "val_accuracy": 0.47297297297297297,
   "val_loss": 2.190439423999271,
   "val_accuracy_per_label": [
      0.9545454545454546,
      0.0,
      0.0,
      0.0,
      0.4,
      0.0,
      0.0,
      0.85,
      0.0,
      0.2,
      0.0,
      0.0,
      0.2,
      0.0,
      0.0,
      0.0,
      0.0,
      0.0,
      0.8,
      1.0,
      1.0,
      0.0,
      0.0,
      0.2,
      0.0,
      0.1,
      0.0,
      0.8,
      0.0,
      0.0,
      0.0,
      0.0,
      0.0,
      0.0,
      0.0,
      0.0,
      0.0,
      0.0,
      0.7333333333333333,
      0.7,
      0.0,
      0.375,
      0.0
   ]
}