{
   "epoch": 11,
   "batch_train_accuracies": [
      0.578125,
      0.484375,
      0.609375,
      0.625,
      0.625,
      0.625,
      0.46875,
      0.59375,
      0.578125,
      0.4375,
      0.625,
      0.578125,
      0.546875,
      0.4375,
      0.59375,
      0.5625,
      0.640625,
      0.625,
      0.65625,
      0.578125,
      0.609375,
      0.5625,
      0.609375,
      0.5625,
      0.5,
      0.65625,
      0.53125,
      0.484375,
      0.53125,
      0.578125,
      0.625,
      0.515625,
      0.546875,
      0.625,
      0.484375,
      0.609375,
      0.671875,
      0.625,
      0.609375,
      0.546875,
      0.5625,
      0.25
   ],
   "batch_train_losses": [
      1.9147456884384155,
      2.0540931224823,
      1.8841397762298584,
      1.9049546718597412,
      1.9168891906738281,
      1.7992199659347534,
      2.1864418983459473,
      1.9096393585205078,
      2.033085823059082,
      2.1046266555786133,
      1.8248835802078247,
      1.8008387088775635,
      2.033437728881836,
      2.0672965049743652,
      1.8903698921203613,
      2.04754638671875,
      1.8987245559692383,
      1.73054039478302,
      1.8697752952575684,
      1.9918149709701538,
      1.854567527770996,
      1.8612273931503296,
      1.9608335494995117,
      1.8349854946136475,
      2.0573618412017822,
      1.9332844018936157,
      1.8795353174209595,
      2.0671043395996094,
      1.9500068426132202,
      1.984479308128357,
      1.7869853973388672,
      1.9426597356796265,
      2.0990617275238037,
      1.8681299686431885,
      2.0832767486572266,
      1.9219046831130981,
      1.7279329299926758,
      1.830173373222351,
      1.9540400505065918,
      1.937554121017456,
      1.8703372478485107,
      2.646343231201172
   ],
   "batch_train_times": [],
   "val_accuracy": 0.36824324324324326,
   "val_loss": 2.536401890419625,
   "val_accuracy_per_label": [
      0.6818181818181818,
      0.0,
      0.0,
      0.0,
      0.4,
      0.4,
      0.0,
      0.85,
      0.0,
      0.0,
      0.0,
      0.0,
      0.0,
      0.2,
      0.0,
      0.0,
      0.0,
      0.0,
      0.0,
      0.6206896551724138,
      0.9615384615384616,
      0.0,
      0.0,
      0.0,
      0.0,
      0.0,
      0.0,
      0.55,
      0.0,
      0.0,
      0.0,
      0.0,
      0.0,
      0.0,
      0.0,
      0.0,
      0.0,
      0.0,
      0.5333333333333333,
      0.6,
      0.0,
      0.5,
      0.0
   ]
}