{
   "epoch": 31,
   "batch_train_accuracies": [
      0.734375,
      0.734375,
      0.75,
      0.75,
      0.625,
      0.625,
      0.734375,
      0.703125,
      0.6875,
      0.828125,
      0.765625,
      0.640625,
      0.765625,
      0.71875,
      0.765625,
      0.75,
      0.71875,
      0.671875,
      0.796875,
      0.671875,
      0.71875,
      0.671875,
      0.671875,
      0.640625,
      0.75,
      0.71875,
      0.703125,
      0.71875,
      0.640625,
      0.734375,
      0.71875,
      0.765625,
      0.703125,
      0.625,
      0.6875,
      0.75,
      0.734375,
      0.6875,
      0.75,
      0.703125,
      0.75,
      0.625
   ],
   "batch_train_losses": [
      1.3546501398086548,
      1.3935222625732422,
      1.2659724950790405,
      1.1943423748016357,
      1.4819369316101074,
      1.5559775829315186,
      1.2878965139389038,
      1.4939097166061401,
      1.4641835689544678,
      1.0525939464569092,
      1.2721275091171265,
      1.484540581703186,
      1.2820008993148804,
      1.4815346002578735,
      1.3270621299743652,
      1.4554184675216675,
      1.3211268186569214,
      1.4345996379852295,
      1.2771735191345215,
      1.4720523357391357,
      1.347474217414856,
      1.3855528831481934,
      1.324388027191162,
      1.5361590385437012,
      1.4002920389175415,
      1.3395100831985474,
      1.524151086807251,
      1.2790422439575195,
      1.569307565689087,
      1.338056206703186,
      1.3623533248901367,
      1.3049722909927368,
      1.4929678440093994,
      1.5763500928878784,
      1.493260383605957,
      1.1305123567581177,
      1.278499722480774,
      1.3619481325149536,
      1.2997685670852661,
      1.4080692529678345,
      1.3478834629058838,
      1.5931527614593506
   ],
   "batch_train_times": [],
   "val_accuracy": 0.4560810810810811,
   "val_loss": 2.273364498808577,
   "val_accuracy_per_label": [
      0.6818181818181818,
      0.0,
      0.0,
      0.0,
      1.0,
      0.6,
      0.0,
      0.85,
      0.0,
      0.0,
      0.0,
      0.0,
      0.0,
      0.8,
      0.0,
      0.0,
      0.0,
      0.0,
      0.0,
      0.9655172413793104,
      1.0,
      0.0,
      0.0,
      0.6,
      0.0,
      0.0,
      0.0,
      0.65,
      0.0,
      0.0,
      0.0,
      0.0,
      0.0,
      0.0,
      0.0,
      0.0,
      0.0,
      0.0,
      0.7333333333333333,
      0.7,
      0.0,
      0.375,
      0.0
   ]
}