{
   "epoch": 8,
   "batch_train_accuracies": [
      0.453125,
      0.5625,
      0.546875,
      0.578125,
      0.484375,
      0.46875,
      0.53125,
      0.5,
      0.578125,
      0.59375,
      0.46875,
      0.5,
      0.484375,
      0.546875,
      0.578125,
      0.546875,
      0.5,
      0.453125,
      0.59375,
      0.46875,
      0.46875,
      0.5,
      0.5,
      0.453125,
      0.5,
      0.5,
      0.5,
      0.515625,
      0.515625,
      0.5,
      0.609375,
      0.578125,
      0.46875,
      0.453125,
      0.546875,
      0.609375,
      0.59375,
      0.671875,
      0.5,
      0.53125,
      0.421875,
      0.5
   ],
   "batch_train_losses": [
      2.332712173461914,
      2.1812078952789307,
      2.144012928009033,
      1.9984595775604248,
      2.1754462718963623,
      2.1796045303344727,
      2.1325411796569824,
      2.233199119567871,
      2.074039936065674,
      2.1068074703216553,
      2.2520792484283447,
      2.205455780029297,
      2.1462154388427734,
      2.128533363342285,
      2.030071496963501,
      2.0815749168395996,
      2.178555488586426,
      2.180175542831421,
      2.0160908699035645,
      2.2469089031219482,
      2.127969980239868,
      2.117856025695801,
      2.2846620082855225,
      2.2860755920410156,
      2.2118115425109863,
      2.1770517826080322,
      2.0987422466278076,
      2.230381727218628,
      2.1298065185546875,
      2.130603790283203,
      2.083130359649658,
      2.138885974884033,
      2.221693992614746,
      2.1534945964813232,
      2.2668731212615967,
      1.9671201705932617,
      2.0541555881500244,
      1.9342344999313354,
      2.198131561279297,
      1.9949911832809448,
      2.271273612976074,
      2.124762535095215
   ],
   "batch_train_times": [],
   "val_accuracy": 0.375,
   "val_loss": 2.634242779499776,
   "val_accuracy_per_label": [
      0.7272727272727273,
      0.0,
      0.0,
      0.0,
      0.0,
      0.0,
      0.0,
      0.8,
      0.0,
      0.0,
      0.0,
      0.0,
      0.0,
      0.0,
      0.0,
      0.0,
      0.0,
      0.0,
      0.6,
      0.896551724137931,
      0.7307692307692307,
      0.0,
      0.0,
      0.0,
      0.0,
      0.0,
      0.0,
      0.95,
      0.0,
      0.0,
      0.0,
      0.0,
      0.0,
      0.0,
      0.0,
      0.0,
      0.0,
      0.0,
      0.3333333333333333,
      0.2,
      0.0,
      0.5,
      0.2
   ]
}