{
   "epoch": 19,
   "batch_train_accuracies": [
      0.765625,
      0.640625,
      0.65625,
      0.71875,
      0.75,
      0.609375,
      0.78125,
      0.5,
      0.578125,
      0.609375,
      0.859375,
      0.6875,
      0.65625,
      0.609375,
      0.59375,
      0.5625,
      0.703125,
      0.609375,
      0.609375,
      0.609375,
      0.671875,
      0.640625,
      0.609375,
      0.625,
      0.640625,
      0.703125,
      0.59375,
      0.65625,
      0.6875,
      0.640625,
      0.75,
      0.546875,
      0.640625,
      0.75,
      0.515625,
      0.6875,
      0.59375,
      0.609375,
      0.671875,
      0.6875,
      0.765625,
      0.75
   ],
   "batch_train_losses": [
      1.511885643005371,
      1.5161385536193848,
      1.5508843660354614,
      1.5293010473251343,
      1.4214324951171875,
      1.7394814491271973,
      1.5101327896118164,
      1.854463815689087,
      1.7963069677352905,
      1.7195097208023071,
      1.2750085592269897,
      1.507354974746704,
      1.6980912685394287,
      1.7008037567138672,
      1.717909336090088,
      1.7393300533294678,
      1.53192138671875,
      1.577271580696106,
      1.6745885610580444,
      1.6638425588607788,
      1.5720677375793457,
      1.6366549730300903,
      1.755797266960144,
      1.7488967180252075,
      1.6986809968948364,
      1.526375651359558,
      1.676033616065979,
      1.6129744052886963,
      1.4856007099151611,
      1.6252907514572144,
      1.489171028137207,
      1.804825782775879,
      1.5534634590148926,
      1.4303884506225586,
      1.8223832845687866,
      1.4820245504379272,
      1.7462761402130127,
      1.7009637355804443,
      1.5733132362365723,
      1.545551061630249,
      1.371930480003357,
      1.4299612045288086
   ],
   "batch_train_times": [],
   "val_accuracy": 0.46283783783783783,
   "val_loss": 2.289530541445758,
   "val_accuracy_per_label": [
      0.8181818181818182,
      0.0,
      0.0,
      0.0,
      0.0,
      0.8,
      0.0,
      0.8,
      0.0,
      0.0,
      0.0,
      0.0,
      0.0,
      0.4,
      0.0,
      0.0,
      0.0,
      0.0,
      0.8,
      1.0,
      0.8846153846153846,
      0.0,
      0.0,
      0.0,
      0.0,
      0.0,
      0.0,
      0.75,
      0.0,
      0.0,
      0.0,
      1.0,
      0.0,
      0.0,
      0.0,
      0.0,
      0.0,
      0.0,
      0.4,
      0.7,
      0.0,
      0.875,
      0.2
   ]
}