{
   "epoch": 46,
   "batch_train_accuracies": [
      0.765625,
      0.796875,
      0.71875,
      0.765625,
      0.8125,
      0.734375,
      0.640625,
      0.75,
      0.78125,
      0.875,
      0.828125,
      0.78125,
      0.703125,
      0.6875,
      0.734375,
      0.75,
      0.78125,
      0.765625,
      0.703125,
      0.78125,
      0.84375,
      0.765625,
      0.765625,
      0.796875,
      0.75,
      0.765625,
      0.703125,
      0.703125,
      0.671875,
      0.78125,
      0.796875,
      0.859375,
      0.71875,
      0.828125,
      0.734375,
      0.765625,
      0.796875,
      0.734375,
      0.734375,
      0.75,
      0.6875,
      0.5
   ],
   "batch_train_losses": [
      1.1675223112106323,
      1.298234462738037,
      1.337463617324829,
      1.1860730648040771,
      1.2021872997283936,
      1.3281867504119873,
      1.5329118967056274,
      1.323403239250183,
      1.2838069200515747,
      1.087348222732544,
      1.2108570337295532,
      1.2251551151275635,
      1.4937398433685303,
      1.4817280769348145,
      1.4151101112365723,
      1.3224964141845703,
      1.3200143575668335,
      1.2464091777801514,
      1.226189136505127,
      1.153967022895813,
      1.051711082458496,
      1.2708600759506226,
      1.2137982845306396,
      1.1315011978149414,
      1.2871665954589844,
      1.3387647867202759,
      1.3582804203033447,
      1.3262354135513306,
      1.5307844877243042,
      1.3230019807815552,
      1.199835181236267,
      1.0100948810577393,
      1.296317458152771,
      1.0868092775344849,
      1.3661431074142456,
      1.3082371950149536,
      1.2359262704849243,
      1.3931635618209839,
      1.3923333883285522,
      1.1825648546218872,
      1.3684121370315552,
      2.0719664096832275
   ],
   "batch_train_times": [],
   "val_accuracy": 0.44256756756756754,
   "val_loss": 2.2631283515208476,
   "val_accuracy_per_label": [
      0.6363636363636364,
      0.0,
      0.0,
      0.0,
      0.0,
      0.2,
      0.0,
      0.85,
      0.0,
      0.2,
      0.0,
      0.0,
      0.0,
      1.0,
      0.0,
      0.0,
      0.0,
      0.0,
      0.0,
      1.0,
      0.8076923076923077,
      0.0,
      0.0,
      0.6,
      0.0,
      0.7,
      0.0,
      0.2,
      0.0,
      0.0,
      0.0,
      0.8,
      0.0,
      0.0,
      0.0,
      0.0,
      0.2,
      0.0,
      0.8,
      0.8,
      0.0,
      0.5,
      0.0
   ]
}