{
   "epoch": 47,
   "batch_train_accuracies": [
      0.625,
      0.6875,
      0.828125,
      0.78125,
      0.671875,
      0.84375,
      0.828125,
      0.84375,
      0.8125,
      0.84375,
      0.890625,
      0.671875,
      0.75,
      0.859375,
      0.78125,
      0.8125,
      0.828125,
      0.765625,
      0.703125,
      0.828125,
      0.75,
      0.828125,
      0.671875,
      0.703125,
      0.734375,
      0.625,
      0.734375,
      0.734375,
      0.671875,
      0.75,
      0.78125,
      0.859375,
      0.765625,
      0.734375,
      0.796875,
      0.796875,
      0.734375,
      0.796875,
      0.6875,
      0.78125,
      0.71875,
      0.6875
   ],
   "batch_train_losses": [
      1.4698435068130493,
      1.4116418361663818,
      1.1021138429641724,
      1.2796074151992798,
      1.4466907978057861,
      1.1958138942718506,
      1.1587496995925903,
      1.1860567331314087,
      1.1010774374008179,
      1.1596324443817139,
      1.0141973495483398,
      1.361559271812439,
      1.2889853715896606,
      1.0431634187698364,
      1.2470866441726685,
      1.0736231803894043,
      1.082095742225647,
      1.2608193159103394,
      1.3004934787750244,
      1.2268165349960327,
      1.409148097038269,
      1.261111855506897,
      1.4298689365386963,
      1.409560203552246,
      1.3931607007980347,
      1.4624911546707153,
      1.2407188415527344,
      1.273447871208191,
      1.4607820510864258,
      1.330079197883606,
      1.207558035850525,
      1.1411291360855103,
      1.1423006057739258,
      1.2778679132461548,
      1.2366642951965332,
      1.1586569547653198,
      1.3408836126327515,
      1.154571771621704,
      1.4198133945465088,
      1.278789758682251,
      1.3620014190673828,
      1.7670494318008423
   ],
   "batch_train_times": [],
   "val_accuracy": 0.4594594594594595,
   "val_loss": 2.1829121112823486,
   "val_accuracy_per_label": [
      0.5454545454545454,
      0.0,
      0.5,
      0.0,
      1.0,
      0.4,
      0.0,
      0.85,
      0.0,
      0.0,
      0.0,
      0.0,
      0.2,
      0.4,
      0.0,
      0.0,
      0.0,
      0.0,
      0.0,
      1.0,
      0.7307692307692307,
      0.0,
      0.0,
      0.8,
      0.0,
      0.6,
      0.0,
      0.45,
      0.0,
      0.0,
      0.0,
      1.0,
      0.0,
      0.0,
      0.0,
      0.0,
      0.0,
      0.0,
      0.8,
      0.6,
      0.0,
      0.5,
      0.0
   ]
}