{
   "epoch": 12,
   "batch_train_accuracies": [
      0.453125,
      0.609375,
      0.6875,
      0.59375,
      0.59375,
      0.59375,
      0.59375,
      0.546875,
      0.515625,
      0.6875,
      0.5625,
      0.578125,
      0.6875,
      0.5625,
      0.625,
      0.5625,
      0.609375,
      0.59375,
      0.59375,
      0.609375,
      0.59375,
      0.546875,
      0.53125,
      0.5625,
      0.6875,
      0.578125,
      0.53125,
      0.65625,
      0.578125,
      0.53125,
      0.6875,
      0.5,
      0.625,
      0.65625,
      0.625,
      0.609375,
      0.40625,
      0.53125,
      0.6875,
      0.640625,
      0.578125,
      0.75
   ],
   "batch_train_losses": [
      1.9743303060531616,
      1.8277748823165894,
      1.7183151245117188,
      1.9225647449493408,
      2.024137020111084,
      1.9739913940429688,
      1.908068299293518,
      1.9531632661819458,
      2.017648458480835,
      1.730333924293518,
      1.9933161735534668,
      1.8621727228164673,
      1.6777949333190918,
      1.879461407661438,
      1.7131552696228027,
      1.9221876859664917,
      1.793138861656189,
      1.87309730052948,
      1.9442460536956787,
      1.7709665298461914,
      1.929220199584961,
      1.9361207485198975,
      2.0131521224975586,
      1.8082877397537231,
      1.6274763345718384,
      1.8717072010040283,
      1.9883100986480713,
      1.8062195777893066,
      1.8586359024047852,
      1.8942252397537231,
      1.6994192600250244,
      1.9298754930496216,
      1.8265888690948486,
      1.817413568496704,
      1.835534930229187,
      1.7628825902938843,
      2.227867841720581,
      2.0500106811523438,
      1.6900027990341187,
      1.8106247186660767,
      2.0209317207336426,
      1.7781699895858765
   ],
   "batch_train_times": [],
   "val_accuracy": 0.44594594594594594,
   "val_loss": 2.453533391694765,
   "val_accuracy_per_label": [
      0.7727272727272727,
      0.0,
      0.0,
      0.0,
      0.4,
      0.8,
      0.0,
      0.8,
      0.0,
      0.0,
      0.0,
      0.0,
      0.0,
      0.8,
      0.0,
      0.0,
      0.2,
      0.0,
      0.2,
      0.9655172413793104,
      0.7692307692307693,
      0.0,
      0.0,
      0.0,
      0.0,
      0.0,
      0.0,
      0.95,
      0.0,
      0.0,
      0.0,
      0.0,
      0.0,
      0.0,
      0.0,
      0.0,
      0.0,
      0.4,
      0.4666666666666667,
      0.4,
      0.0,
      0.875,
      0.0
   ]
}