{
   "epoch": 37,
   "batch_train_accuracies": [
      0.765625,
      0.625,
      0.640625,
      0.75,
      0.671875,
      0.828125,
      0.703125,
      0.5625,
      0.71875,
      0.765625,
      0.828125,
      0.71875,
      0.640625,
      0.734375,
      0.75,
      0.71875,
      0.796875,
      0.65625,
      0.75,
      0.75,
      0.78125,
      0.734375,
      0.75,
      0.71875,
      0.671875,
      0.71875,
      0.796875,
      0.71875,
      0.71875,
      0.6875,
      0.734375,
      0.734375,
      0.703125,
      0.71875,
      0.671875,
      0.8125,
      0.734375,
      0.796875,
      0.796875,
      0.828125,
      0.796875,
      0.6875
   ],
   "batch_train_losses": [
      1.1661746501922607,
      1.5390512943267822,
      1.3530364036560059,
      1.1849466562271118,
      1.5367215871810913,
      1.0885379314422607,
      1.401592493057251,
      1.5881643295288086,
      1.35953950881958,
      1.2598081827163696,
      1.0768215656280518,
      1.39004385471344,
      1.5558630228042603,
      1.372450351715088,
      1.3748117685317993,
      1.3618519306182861,
      1.192204236984253,
      1.5812087059020996,
      1.3359876871109009,
      1.3965815305709839,
      1.2630211114883423,
      1.2955231666564941,
      1.3627318143844604,
      1.2913039922714233,
      1.419985294342041,
      1.304344892501831,
      1.2647249698638916,
      1.3676550388336182,
      1.405228614807129,
      1.440916657447815,
      1.4298559427261353,
      1.2256755828857422,
      1.3299520015716553,
      1.2895938158035278,
      1.3397377729415894,
      1.14029860496521,
      1.3010889291763306,
      1.2131831645965576,
      1.264076828956604,
      1.3107246160507202,
      1.1976516246795654,
      1.451461672782898
   ],
   "batch_train_times": [],
   "val_accuracy": 0.46959459459459457,
   "val_loss": 2.1487533530673466,
   "val_accuracy_per_label": [
      0.6818181818181818,
      0.0,
      0.16666666666666666,
      0.0,
      1.0,
      0.0,
      0.0,
      0.85,
      0.0,
      0.0,
      0.0,
      0.0,
      0.0,
      1.0,
      0.0,
      0.0,
      0.0,
      0.0,
      0.0,
      0.9310344827586207,
      0.8846153846153846,
      0.0,
      0.0,
      0.0,
      0.0,
      0.4,
      0.0,
      0.95,
      0.0,
      0.0,
      0.0,
      0.0,
      0.0,
      0.0,
      0.0,
      0.0,
      0.0,
      0.0,
      0.8,
      0.8,
      0.0,
      0.375,
      0.0
   ]
}