{
   "epoch": 7,
   "batch_train_accuracies": [
      0.609375,
      0.515625,
      0.515625,
      0.625,
      0.546875,
      0.5,
      0.515625,
      0.46875,
      0.4375,
      0.5625,
      0.59375,
      0.40625,
      0.515625,
      0.5625,
      0.53125,
      0.59375,
      0.640625,
      0.515625,
      0.546875,
      0.546875,
      0.546875,
      0.484375,
      0.515625,
      0.453125,
      0.484375,
      0.59375,
      0.390625,
      0.5,
      0.609375,
      0.453125,
      0.5,
      0.609375,
      0.59375,
      0.484375,
      0.578125,
      0.65625,
      0.546875,
      0.578125,
      0.53125,
      0.609375,
      0.546875,
      0.6875
   ],
   "batch_train_losses": [
      1.7408640384674072,
      1.9923394918441772,
      2.0037453174591064,
      1.8691742420196533,
      1.8889954090118408,
      1.9941614866256714,
      1.9075686931610107,
      2.0765559673309326,
      2.2034823894500732,
      1.7818167209625244,
      1.9287294149398804,
      1.941638708114624,
      1.9352872371673584,
      1.9153951406478882,
      2.068561315536499,
      1.949567437171936,
      1.7608871459960938,
      1.8169078826904297,
      1.8954181671142578,
      1.9909424781799316,
      1.954718828201294,
      1.987268328666687,
      1.8057141304016113,
      2.0658791065216064,
      1.8877073526382446,
      1.8151764869689941,
      2.134673833847046,
      1.8513916730880737,
      1.7387453317642212,
      2.211221694946289,
      1.9653308391571045,
      1.775999903678894,
      1.8158371448516846,
      1.9599062204360962,
      1.6970582008361816,
      1.777540922164917,
      1.8807703256607056,
      1.865782618522644,
      1.8929344415664673,
      1.7152780294418335,
      1.7972195148468018,
      1.8332791328430176
   ],
   "batch_train_times": [],
   "val_accuracy": 0.40878378378378377,
   "val_loss": 2.3518471395647205,
   "val_accuracy_per_label": [
      0.6818181818181818,
      0.0,
      0.0,
      0.0,
      0.6,
      0.4,
      0.0,
      0.85,
      0.0,
      0.0,
      0.0,
      0.0,
      0.0,
      0.6,
      0.0,
      0.0,
      0.0,
      0.0,
      0.0,
      0.8620689655172413,
      1.0,
      0.0,
      0.0,
      0.0,
      0.0,
      0.0,
      0.0,
      0.5,
      0.0,
      0.0,
      0.0,
      0.0,
      0.0,
      0.0,
      0.0,
      0.0,
      0.0,
      0.0,
      0.4,
      0.8,
      0.0,
      0.75,
      0.0
   ]
}