{
   "epoch": 23,
   "batch_train_accuracies": [
      0.71875,
      0.8125,
      0.71875,
      0.734375,
      0.8125,
      0.734375,
      0.703125,
      0.796875,
      0.765625,
      0.78125,
      0.765625,
      0.875,
      0.71875,
      0.6875,
      0.703125,
      0.765625,
      0.828125,
      0.78125,
      0.671875,
      0.734375,
      0.796875,
      0.6875,
      0.65625,
      0.75,
      0.78125,
      0.796875,
      0.734375,
      0.859375,
      0.75,
      0.765625,
      0.8125,
      0.765625,
      0.75,
      0.703125,
      0.75,
      0.78125,
      0.671875,
      0.71875,
      0.75,
      0.75,
      0.71875,
      0.6875
   ],
   "batch_train_losses": [
      1.1742298603057861,
      1.0480866432189941,
      1.2768832445144653,
      1.285043478012085,
      1.063184380531311,
      1.246726632118225,
      1.175005555152893,
      1.0476610660552979,
      1.1576582193374634,
      1.0831316709518433,
      1.1445411443710327,
      0.8621054291725159,
      1.26956045627594,
      1.3095495700836182,
      1.1977888345718384,
      1.0191844701766968,
      1.0237215757369995,
      1.0693511962890625,
      1.3491225242614746,
      1.145775318145752,
      1.0492606163024902,
      1.2740905284881592,
      1.2919766902923584,
      1.1911208629608154,
      1.2024946212768555,
      1.180489420890808,
      1.159080147743225,
      1.0777921676635742,
      1.1892584562301636,
      1.1546134948730469,
      1.0638920068740845,
      1.2479346990585327,
      1.1137831211090088,
      1.1684232950210571,
      1.1868358850479126,
      1.1428709030151367,
      1.3277255296707153,
      1.094339370727539,
      1.2038878202438354,
      1.11054265499115,
      1.1904150247573853,
      1.6275993585586548
   ],
   "batch_train_times": [],
   "val_accuracy": 0.48986486486486486,
   "val_loss": 1.942894832507984,
   "val_accuracy_per_label": [
      0.8636363636363636,
      0.0,
      0.16666666666666666,
      0.2,
      1.0,
      0.0,
      0.0,
      0.8,
      0.0,
      0.0,
      0.0,
      0.0,
      0.0,
      0.0,
      0.0,
      0.0,
      0.0,
      0.0,
      0.0,
      0.7586206896551724,
      0.8846153846153846,
      0.0,
      0.2,
      0.2,
      0.0,
      0.7,
      0.0,
      0.85,
      0.0,
      0.0,
      0.0,
      0.4,
      0.4,
      0.0,
      0.0,
      0.0,
      0.0,
      0.0,
      0.8666666666666667,
      1.0,
      0.0,
      0.625,
      0.0
   ]
}