{
   "epoch": 4,
   "batch_train_accuracies": [
      0.578125,
      0.5,
      0.484375,
      0.390625,
      0.40625,
      0.421875,
      0.515625,
      0.46875,
      0.5,
      0.53125,
      0.40625,
      0.46875,
      0.390625,
      0.421875,
      0.390625,
      0.453125,
      0.515625,
      0.484375,
      0.421875,
      0.515625,
      0.46875,
      0.515625,
      0.5,
      0.5,
      0.453125,
      0.5,
      0.46875,
      0.484375,
      0.515625,
      0.40625,
      0.5625,
      0.453125,
      0.4375,
      0.5625,
      0.4375,
      0.5,
      0.53125,
      0.53125,
      0.546875,
      0.453125,
      0.5625,
      0.4375
   ],
   "batch_train_losses": [
      2.211515426635742,
      2.380279064178467,
      2.4254794120788574,
      2.543063163757324,
      2.4707911014556885,
      2.4304959774017334,
      2.274390935897827,
      2.389309883117676,
      2.3769359588623047,
      2.3146657943725586,
      2.446199417114258,
      2.383162498474121,
      2.4012088775634766,
      2.3891899585723877,
      2.4443435668945312,
      2.3756325244903564,
      2.291323184967041,
      2.274165630340576,
      2.4054512977600098,
      2.2230372428894043,
      2.3175928592681885,
      2.313188314437866,
      2.2726283073425293,
      2.286830186843872,
      2.437077522277832,
      2.158980369567871,
      2.2891881465911865,
      2.365471839904785,
      2.226929187774658,
      2.473212242126465,
      2.1824405193328857,
      2.257432460784912,
      2.3530423641204834,
      2.154726028442383,
      2.2685129642486572,
      2.337401866912842,
      2.2297773361206055,
      2.3268516063690186,
      2.080465793609619,
      2.3676793575286865,
      2.121594190597534,
      2.4151268005371094
   ],
   "batch_train_times": [],
   "val_accuracy": 0.31756756756756754,
   "val_loss": 2.7244362057866276,
   "val_accuracy_per_label": [
      0.6363636363636364,
      0.0,
      0.0,
      0.2,
      0.2,
      0.4,
      0.0,
      0.75,
      0.0,
      0.0,
      0.0,
      0.0,
      0.0,
      0.6,
      0.0,
      0.0,
      0.0,
      0.0,
      0.0,
      0.6206896551724138,
      0.7307692307692307,
      0.0,
      0.0,
      0.0,
      0.0,
      0.0,
      0.0,
      0.1,
      0.0,
      0.0,
      0.0,
      0.0,
      0.0,
      0.0,
      0.0,
      0.0,
      0.0,
      0.0,
      0.5333333333333333,
      0.4,
      0.0,
      0.875,
      0.0
   ]
}