{
   "epoch": 1,
   "batch_train_accuracies": [
      0.015625,
      0.03125,
      0.015625,
      0.03125,
      0.03125,
      0.046875,
      0.09375,
      0.171875,
      0.140625,
      0.140625,
      0.125,
      0.125,
      0.234375,
      0.1875,
      0.203125,
      0.28125,
      0.328125,
      0.296875,
      0.1875,
      0.25,
      0.234375,
      0.15625,
      0.28125,
      0.15625,
      0.265625,
      0.375,
      0.1875,
      0.15625,
      0.3125,
      0.328125,
      0.25,
      0.328125,
      0.359375,
      0.3125,
      0.390625,
      0.234375,
      0.328125,
      0.40625,
      0.234375,
      0.40625,
      0.28125,
      0.4375
   ],
   "batch_train_losses": [
      3.8694868087768555,
      3.774724006652832,
      3.742541790008545,
      3.6138346195220947,
      3.6306238174438477,
      3.611881732940674,
      3.5226619243621826,
      3.504836320877075,
      3.444683790206909,
      3.3949837684631348,
      3.3863627910614014,
      3.434971809387207,
      3.3470869064331055,
      3.385434865951538,
      3.32065749168396,
      3.2618484497070312,
      3.1670594215393066,
      3.239349126815796,
      3.3797121047973633,
      3.2493367195129395,
      3.313493013381958,
      3.271070718765259,
      3.1953306198120117,
      3.2586445808410645,
      3.135770797729492,
      3.06135630607605,
      3.2449729442596436,
      3.2834818363189697,
      3.110978841781616,
      3.094554901123047,
      3.1113369464874268,
      3.0706000328063965,
      3.0577023029327393,
      3.065563201904297,
      3.1137616634368896,
      3.106173038482666,
      3.182605504989624,
      3.0204591751098633,
      3.1074137687683105,
      2.924708843231201,
      3.0420663356781006,
      3.1128904819488525
   ],
   "batch_train_times": [],
   "val_accuracy": 0.06418918918918919,
   "val_loss": 3.596809754500518,
   "val_accuracy_per_label": [
      0.0,
      0.0,
      0.0,
      0.0,
      0.0,
      0.0,
      0.0,
      0.0,
      0.0,
      0.0,
      0.0,
      0.0,
      0.0,
      0.0,
      0.0,
      0.0,
      0.0,
      0.0,
      0.0,
      0.0,
      0.038461538461538464,
      0.0,
      0.0,
      0.0,
      0.0,
      0.0,
      0.0,
      0.0,
      0.0,
      0.0,
      0.0,
      0.0,
      0.0,
      0.0,
      0.0,
      0.0,
      0.0,
      0.0,
      0.0,
      1.0,
      0.0,
      1.0,
      0.0
   ]
}