{
   "epoch": 43,
   "batch_train_accuracies": [
      0.890625,
      0.90625,
      0.84375,
      0.8125,
      0.875,
      0.859375,
      0.859375,
      0.921875,
      0.84375,
      0.84375,
      0.828125,
      0.828125,
      0.890625,
      0.828125,
      0.953125,
      0.84375,
      0.8125,
      0.875,
      0.890625,
      0.859375,
      0.890625,
      0.90625,
      0.796875,
      0.875,
      0.921875,
      0.84375,
      0.859375,
      0.9375,
      0.890625,
      0.8125,
      0.875,
      0.78125,
      0.953125,
      0.796875,
      0.8125,
      0.859375,
      0.8125,
      0.84375,
      0.859375,
      0.875,
      0.84375,
      0.6875
   ],
   "batch_train_losses": [
      0.8484105467796326,
      0.8306623697280884,
      0.9618757963180542,
      0.9681331515312195,
      0.9457082748413086,
      0.822319507598877,
      0.7828685641288757,
      0.8396336436271667,
      0.8699301481246948,
      0.8789052367210388,
      1.0247529745101929,
      0.823704183101654,
      0.8862794041633606,
      0.8550907373428345,
      0.6831778883934021,
      0.9012022018432617,
      0.8870720267295837,
      0.964046061038971,
      0.8668857216835022,
      0.890875518321991,
      0.8581348657608032,
      0.782103955745697,
      0.9889246821403503,
      1.0172500610351562,
      0.8357322216033936,
      1.013261079788208,
      0.9384915828704834,
      0.8942625522613525,
      0.7938592433929443,
      0.9403557777404785,
      0.9081719517707825,
      1.011059045791626,
      0.7340215444564819,
      0.9767565727233887,
      0.9489538669586182,
      0.9494596719741821,
      0.911018431186676,
      0.8945755362510681,
      0.9495278596878052,
      0.8654192090034485,
      0.919469952583313,
      1.4556663036346436
   ],
   "batch_train_times": [],
   "val_accuracy": 0.5236486486486487,
   "val_loss": 1.857038733121511,
   "val_accuracy_per_label": [
      0.8181818181818182,
      0.0,
      0.5,
      0.2,
      1.0,
      0.2,
      0.0,
      0.85,
      0.0,
      0.0,
      0.0,
      0.0,
      0.4,
      0.8,
      0.4,
      0.0,
      0.0,
      0.0,
      0.0,
      1.0,
      0.7692307692307693,
      0.0,
      0.8,
      0.0,
      0.0,
      0.5,
      0.0,
      0.45,
      0.0,
      0.0,
      0.0,
      1.0,
      0.8,
      0.0,
      0.0,
      0.0,
      0.2,
      0.0,
      0.8666666666666667,
      0.8,
      0.0,
      0.5,
      0.0
   ]
}