{
   "epoch": 46,
   "batch_train_accuracies": [
      0.953125,
      0.796875,
      0.84375,
      0.828125,
      0.921875,
      0.890625,
      0.828125,
      0.921875,
      0.890625,
      0.9375,
      0.90625,
      0.84375,
      0.890625,
      0.921875,
      0.921875,
      0.84375,
      0.875,
      0.9375,
      0.9375,
      0.90625,
      0.921875,
      0.859375,
      0.796875,
      0.875,
      0.8125,
      0.84375,
      0.859375,
      0.9375,
      0.84375,
      0.859375,
      0.859375,
      0.84375,
      0.859375,
      0.90625,
      0.890625,
      0.90625,
      0.859375,
      0.859375,
      0.890625,
      0.828125,
      0.859375,
      0.8125
   ],
   "batch_train_losses": [
      0.7492236495018005,
      1.0261025428771973,
      0.9635246992111206,
      0.962997555732727,
      0.8899465203285217,
      0.8752239942550659,
      0.9473282098770142,
      0.7744722962379456,
      0.9089478850364685,
      0.7402799725532532,
      0.7230936884880066,
      0.8584433197975159,
      0.686127245426178,
      0.8140899538993835,
      0.7962618470191956,
      0.9096587896347046,
      0.9048527479171753,
      0.7572857141494751,
      0.7376186847686768,
      0.7355744242668152,
      0.9504691362380981,
      0.9419839382171631,
      0.9308659434318542,
      0.8722305297851562,
      0.9614217281341553,
      0.8362606763839722,
      0.88801509141922,
      0.7830110788345337,
      0.8228487968444824,
      0.9798576235771179,
      0.8410437107086182,
      0.9011042714118958,
      0.927203357219696,
      0.7739824056625366,
      0.7799635529518127,
      0.801724910736084,
      0.90923672914505,
      0.8429332971572876,
      0.8681301474571228,
      1.01596200466156,
      0.8995175361633301,
      1.2853480577468872
   ],
   "batch_train_times": [],
   "val_accuracy": 0.5405405405405406,
   "val_loss": 2.0203048860704578,
   "val_accuracy_per_label": [
      0.6818181818181818,
      0.4,
      0.3333333333333333,
      0.2,
      1.0,
      0.0,
      0.0,
      0.85,
      0.0,
      0.0,
      0.0,
      0.0,
      0.4,
      0.8,
      1.0,
      0.0,
      0.0,
      0.0,
      0.0,
      0.7931034482758621,
      0.7692307692307693,
      0.6,
      1.0,
      0.2,
      0.0,
      0.5,
      0.0,
      0.85,
      0.0,
      0.0,
      0.0,
      0.6,
      1.0,
      0.0,
      0.0,
      0.0,
      0.2,
      0.0,
      0.6666666666666666,
      0.9,
      0.0,
      0.625,
      0.0
   ]
}