{
   "epoch": 11,
   "batch_train_accuracies": [
      0.578125,
      0.609375,
      0.5625,
      0.609375,
      0.65625,
      0.71875,
      0.671875,
      0.71875,
      0.53125,
      0.59375,
      0.609375,
      0.53125,
      0.671875,
      0.578125,
      0.578125,
      0.703125,
      0.703125,
      0.59375,
      0.6875,
      0.625,
      0.640625,
      0.609375,
      0.609375,
      0.65625,
      0.578125,
      0.53125,
      0.546875,
      0.671875,
      0.625,
      0.515625,
      0.65625,
      0.546875,
      0.640625,
      0.65625,
      0.640625,
      0.546875,
      0.578125,
      0.53125,
      0.546875,
      0.734375,
      0.453125,
      0.75
   ],
   "batch_train_losses": [
      1.5345869064331055,
      1.6053906679153442,
      1.6677227020263672,
      1.5117777585983276,
      1.4346814155578613,
      1.3668028116226196,
      1.5099831819534302,
      1.4681315422058105,
      1.6404362916946411,
      1.644278645515442,
      1.510122537612915,
      1.6281288862228394,
      1.4583301544189453,
      1.6250218152999878,
      1.6223434209823608,
      1.4674664735794067,
      1.4853194952011108,
      1.6389880180358887,
      1.566777229309082,
      1.4985201358795166,
      1.5854501724243164,
      1.741006851196289,
      1.6814098358154297,
      1.574614405632019,
      1.7416505813598633,
      1.7574501037597656,
      1.875693678855896,
      1.4664090871810913,
      1.6462900638580322,
      1.8082029819488525,
      1.5946080684661865,
      1.7183386087417603,
      1.640080451965332,
      1.46791672706604,
      1.492796540260315,
      1.9122282266616821,
      1.7262154817581177,
      1.9189273118972778,
      1.8912379741668701,
      1.373327374458313,
      2.0153567790985107,
      1.831143856048584
   ],
   "batch_train_times": [],
   "val_accuracy": 0.38175675675675674,
   "val_loss": 2.262713586961901,
   "val_accuracy_per_label": [
      0.7727272727272727,
      0.0,
      0.0,
      0.0,
      1.0,
      0.2,
      0.0,
      0.8,
      0.0,
      0.0,
      0.0,
      0.0,
      0.0,
      0.8,
      0.0,
      0.0,
      0.0,
      0.0,
      0.0,
      0.7931034482758621,
      1.0,
      0.0,
      0.0,
      0.0,
      0.0,
      0.0,
      0.0,
      0.3,
      0.0,
      0.0,
      0.0,
      0.0,
      0.8,
      0.0,
      0.0,
      0.0,
      0.0,
      0.0,
      0.06666666666666667,
      0.5,
      0.0,
      0.625,
      0.0
   ]
}