{
   "epoch": 50,
   "batch_train_accuracies": [
      0.8125,
      0.890625,
      0.90625,
      0.90625,
      0.828125,
      0.90625,
      0.859375,
      0.875,
      0.84375,
      0.828125,
      0.796875,
      0.921875,
      0.921875,
      0.859375,
      0.9375,
      0.875,
      0.828125,
      0.859375,
      0.875,
      0.90625,
      0.859375,
      0.90625,
      0.78125,
      0.859375,
      0.84375,
      0.890625,
      0.90625,
      0.84375,
      0.90625,
      0.875,
      0.90625,
      0.90625,
      0.921875,
      0.875,
      0.859375,
      0.9375,
      0.875,
      0.9375,
      0.859375,
      0.859375,
      0.921875,
      0.875
   ],
   "batch_train_losses": [
      1.0468775033950806,
      0.8287862539291382,
      0.8073558211326599,
      0.8636763095855713,
      0.9000117182731628,
      0.8245783448219299,
      0.7762569785118103,
      0.7992945313453674,
      0.8125655055046082,
      0.9023926854133606,
      1.1131339073181152,
      0.678917407989502,
      0.8744959235191345,
      0.9119781255722046,
      0.6982157826423645,
      0.8395538926124573,
      0.8621840476989746,
      0.792148768901825,
      0.8397510647773743,
      0.7329548597335815,
      0.840451717376709,
      0.7655969262123108,
      1.079277753829956,
      0.8462925553321838,
      0.9007449150085449,
      0.9387403130531311,
      0.7987843751907349,
      0.8476263284683228,
      0.7873890995979309,
      1.0657931566238403,
      0.8373953104019165,
      0.7094599008560181,
      0.7841476202011108,
      0.8876910209655762,
      0.8941203355789185,
      0.7418603301048279,
      0.838107705116272,
      0.7228153347969055,
      0.9123198986053467,
      0.9185381531715393,
      0.7897480130195618,
      0.9231284260749817
   ],
   "batch_train_times": [],
   "val_accuracy": 0.5337837837837838,
   "val_loss": 1.882039356876064,
   "val_accuracy_per_label": [
      0.7272727272727273,
      0.0,
      0.6666666666666666,
      0.6,
      0.6,
      0.0,
      0.0,
      0.85,
      0.0,
      0.0,
      0.0,
      0.0,
      0.0,
      1.0,
      0.6,
      0.0,
      0.0,
      0.0,
      0.0,
      0.9655172413793104,
      0.9230769230769231,
      0.2,
      0.8,
      0.2,
      0.0,
      0.3,
      0.0,
      0.65,
      0.0,
      0.0,
      0.0,
      1.0,
      1.0,
      0.0,
      0.0,
      0.0,
      0.4,
      0.0,
      0.7333333333333333,
      0.6,
      0.0,
      0.5,
      0.0
   ]
}