{
   "epoch": 49,
   "batch_train_accuracies": [
      0.828125,
      0.875,
      0.921875,
      0.875,
      0.890625,
      0.890625,
      0.875,
      0.84375,
      0.796875,
      0.890625,
      0.859375,
      0.890625,
      0.890625,
      0.84375,
      0.890625,
      0.90625,
      0.875,
      0.828125,
      0.8125,
      0.90625,
      0.90625,
      0.859375,
      0.84375,
      0.9375,
      0.859375,
      0.765625,
      0.875,
      0.828125,
      0.765625,
      0.8125,
      0.859375,
      0.921875,
      0.828125,
      0.890625,
      0.875,
      0.96875,
      0.828125,
      0.890625,
      0.921875,
      0.875,
      0.90625,
      0.9375
   ],
   "batch_train_losses": [
      0.8206810355186462,
      0.8578150868415833,
      0.8561160564422607,
      0.9509814977645874,
      0.8628038167953491,
      0.9401042461395264,
      0.8595557808876038,
      0.8936399817466736,
      1.018962025642395,
      0.8428680896759033,
      0.8805994987487793,
      0.7721807956695557,
      0.8785082697868347,
      0.9391727447509766,
      0.8336405754089355,
      0.7481894493103027,
      0.7660748958587646,
      0.9004696011543274,
      0.9876464605331421,
      0.7286264300346375,
      0.7717322111129761,
      0.9027354717254639,
      0.8250036835670471,
      0.6821563839912415,
      0.8722609281539917,
      1.0304198265075684,
      0.8796151876449585,
      1.029748797416687,
      1.0212668180465698,
      0.8817353248596191,
      0.8806564211845398,
      0.7875027656555176,
      0.9251153469085693,
      0.6917083859443665,
      0.7693507671356201,
      0.6896681785583496,
      0.9421529769897461,
      0.8052989840507507,
      0.6927806735038757,
      0.885816216468811,
      0.6931018233299255,
      0.8439146876335144
   ],
   "batch_train_times": [],
   "val_accuracy": 0.5405405405405406,
   "val_loss": 1.9511933165627557,
   "val_accuracy_per_label": [
      0.6363636363636364,
      0.2,
      0.5,
      0.6,
      0.6,
      0.0,
      0.0,
      0.85,
      0.0,
      0.4,
      0.0,
      0.0,
      0.2,
      1.0,
      1.0,
      0.0,
      0.2,
      0.0,
      0.0,
      0.9655172413793104,
      0.6153846153846154,
      0.0,
      1.0,
      0.4,
      0.0,
      0.7,
      0.0,
      0.6,
      0.0,
      0.25,
      0.0,
      0.8,
      1.0,
      0.0,
      0.0,
      0.0,
      0.2,
      0.0,
      0.6666666666666666,
      0.9,
      0.0,
      0.625,
      0.0
   ]
}