{
   "epoch": 42,
   "batch_train_accuracies": [
      0.859375,
      0.84375,
      0.859375,
      0.78125,
      0.953125,
      0.921875,
      0.84375,
      0.890625,
      0.859375,
      0.90625,
      0.828125,
      0.875,
      0.921875,
      0.984375,
      0.9375,
      0.90625,
      0.8125,
      0.890625,
      0.859375,
      0.84375,
      0.890625,
      0.875,
      0.84375,
      0.90625,
      0.828125,
      0.828125,
      0.828125,
      0.84375,
      0.890625,
      0.859375,
      0.78125,
      0.875,
      0.875,
      0.84375,
      0.8125,
      0.875,
      0.890625,
      0.859375,
      0.828125,
      0.84375,
      0.78125,
      0.6875
   ],
   "batch_train_losses": [
      0.9349133968353271,
      0.950549840927124,
      0.8633922338485718,
      1.1027581691741943,
      0.7457345724105835,
      0.7362099885940552,
      0.8742834329605103,
      0.8069592714309692,
      0.9006728529930115,
      0.8227187991142273,
      0.9549594521522522,
      0.8233606219291687,
      0.7413866519927979,
      0.726298987865448,
      0.7582905292510986,
      0.8489570617675781,
      0.9387012720108032,
      0.753355860710144,
      0.9079206585884094,
      1.0334830284118652,
      0.8061955571174622,
      0.7614130973815918,
      0.8841113448143005,
      0.7309194207191467,
      0.8813380002975464,
      1.045262336730957,
      0.9604085087776184,
      0.9008277654647827,
      0.8696877360343933,
      1.0417637825012207,
      0.9811072945594788,
      0.9642322659492493,
      1.0965157747268677,
      0.8379966020584106,
      1.1498104333877563,
      0.8092367649078369,
      0.9048805832862854,
      0.9149643778800964,
      0.9304994344711304,
      0.8726369142532349,
      1.009247899055481,
      1.1181254386901855
   ],
   "batch_train_times": [],
   "val_accuracy": 0.5337837837837838,
   "val_loss": 1.9360417095390525,
   "val_accuracy_per_label": [
      0.5909090909090909,
      0.0,
      0.3333333333333333,
      0.6,
      1.0,
      0.0,
      0.0,
      0.8,
      0.0,
      0.0,
      0.0,
      0.0,
      0.6,
      0.8,
      0.6,
      0.0,
      0.0,
      0.0,
      0.0,
      0.8620689655172413,
      1.0,
      0.0,
      0.0,
      0.6,
      0.0,
      0.4,
      0.0,
      0.65,
      0.0,
      0.25,
      0.4,
      0.8,
      1.0,
      0.0,
      0.0,
      0.25,
      0.2,
      0.0,
      0.8666666666666667,
      0.5,
      0.0,
      0.625,
      0.2
   ]
}