{
   "epoch": 38,
   "batch_train_accuracies": [
      0.796875,
      0.859375,
      0.875,
      0.921875,
      0.875,
      0.78125,
      0.90625,
      0.921875,
      0.9375,
      0.859375,
      0.78125,
      0.875,
      0.859375,
      0.828125,
      0.796875,
      0.734375,
      0.8125,
      0.78125,
      0.828125,
      0.921875,
      0.796875,
      0.78125,
      0.8125,
      0.921875,
      0.8125,
      0.875,
      0.859375,
      0.890625,
      0.90625,
      0.84375,
      0.890625,
      0.859375,
      0.71875,
      0.875,
      0.859375,
      0.890625,
      0.890625,
      0.828125,
      0.859375,
      0.8125,
      0.875,
      0.9375
   ],
   "batch_train_losses": [
      1.003271460533142,
      0.949507474899292,
      0.8452722430229187,
      0.8218628764152527,
      0.8495815396308899,
      1.1592984199523926,
      0.7796224355697632,
      0.8471864461898804,
      0.7682809233665466,
      0.8675689101219177,
      1.0147219896316528,
      0.8222824335098267,
      0.8891174793243408,
      1.085768222808838,
      0.938378632068634,
      1.125274419784546,
      0.9500221014022827,
      1.0918378829956055,
      0.9356591105461121,
      0.8153513669967651,
      0.9150338172912598,
      1.04463791847229,
      0.8216574788093567,
      0.7954196333885193,
      0.9599125981330872,
      1.0187907218933105,
      0.8598186373710632,
      0.9264935255050659,
      0.7680220007896423,
      1.032025694847107,
      0.8612167239189148,
      0.9649133086204529,
      1.1002792119979858,
      0.8369379043579102,
      0.9696753621101379,
      0.7503368854522705,
      0.7674115896224976,
      1.0502498149871826,
      0.9718597531318665,
      0.9218858480453491,
      0.8908119201660156,
      0.9166315793991089
   ],
   "batch_train_times": [],
   "val_accuracy": 0.5371621621621622,
   "val_loss": 1.9389932767764941,
   "val_accuracy_per_label": [
      0.6363636363636364,
      0.0,
      0.16666666666666666,
      0.4,
      0.8,
      0.2,
      0.0,
      0.85,
      0.0,
      0.0,
      0.0,
      0.0,
      0.8,
      1.0,
      0.6,
      0.0,
      0.0,
      0.0,
      0.0,
      1.0,
      0.6538461538461539,
      0.4,
      0.6,
      0.4,
      0.0,
      0.2,
      0.0,
      0.9,
      0.0,
      0.25,
      0.2,
      0.8,
      1.0,
      0.0,
      0.0,
      0.0,
      0.2,
      0.0,
      0.7333333333333333,
      0.7,
      0.0,
      0.625,
      0.0
   ]
}