{
   "epoch": 14,
   "batch_train_accuracies": [
      0.578125,
      0.6875,
      0.734375,
      0.71875,
      0.703125,
      0.578125,
      0.65625,
      0.71875,
      0.75,
      0.671875,
      0.703125,
      0.59375,
      0.59375,
      0.703125,
      0.59375,
      0.671875,
      0.484375,
      0.71875,
      0.65625,
      0.6875,
      0.59375,
      0.765625,
      0.6875,
      0.671875,
      0.578125,
      0.796875,
      0.671875,
      0.625,
      0.671875,
      0.5625,
      0.65625,
      0.5625,
      0.671875,
      0.546875,
      0.71875,
      0.734375,
      0.640625,
      0.75,
      0.703125,
      0.703125,
      0.59375,
      0.3125
   ],
   "batch_train_losses": [
      1.5002764463424683,
      1.5003172159194946,
      1.3232656717300415,
      1.3776236772537231,
      1.4420216083526611,
      1.6143232583999634,
      1.3827506303787231,
      1.3598755598068237,
      1.329783320426941,
      1.447687029838562,
      1.366792917251587,
      1.7076959609985352,
      1.5698710680007935,
      1.4774290323257446,
      1.623916506767273,
      1.5300536155700684,
      1.7539094686508179,
      1.4679086208343506,
      1.494434118270874,
      1.332244873046875,
      1.4985039234161377,
      1.2961061000823975,
      1.4074463844299316,
      1.4624239206314087,
      1.6809613704681396,
      1.3196340799331665,
      1.35958993434906,
      1.3553868532180786,
      1.3920537233352661,
      1.3967467546463013,
      1.4313470125198364,
      1.5268845558166504,
      1.3020883798599243,
      1.6458266973495483,
      1.3450961112976074,
      1.2676308155059814,
      1.4668588638305664,
      1.270376205444336,
      1.3515993356704712,
      1.3829337358474731,
      1.5384045839309692,
      1.87381911277771
   ],
   "batch_train_times": [],
   "val_accuracy": 0.42905405405405406,
   "val_loss": 2.240439228109411,
   "val_accuracy_per_label": [
      0.7272727272727273,
      0.0,
      0.0,
      0.0,
      1.0,
      0.4,
      0.0,
      0.85,
      0.0,
      0.0,
      0.0,
      0.0,
      0.0,
      0.6,
      0.0,
      0.0,
      0.0,
      0.0,
      0.0,
      0.7931034482758621,
      0.9615384615384616,
      0.0,
      0.0,
      0.2,
      0.0,
      0.1,
      0.0,
      0.5,
      0.0,
      0.0,
      0.0,
      0.0,
      0.4,
      0.0,
      0.0,
      0.0,
      0.0,
      0.0,
      0.4666666666666667,
      0.9,
      0.0,
      0.75,
      0.0
   ]
}