{
   "epoch": 47,
   "batch_train_accuracies": [
      0.84375,
      0.859375,
      0.875,
      0.875,
      0.8125,
      0.859375,
      0.921875,
      0.875,
      0.859375,
      0.90625,
      0.859375,
      0.890625,
      0.84375,
      0.890625,
      0.875,
      0.953125,
      0.828125,
      0.765625,
      0.84375,
      0.921875,
      0.921875,
      0.828125,
      0.859375,
      0.9375,
      0.84375,
      0.90625,
      0.9375,
      0.765625,
      0.90625,
      0.875,
      0.84375,
      0.9375,
      0.8125,
      0.859375,
      0.828125,
      0.890625,
      0.953125,
      0.921875,
      0.859375,
      0.90625,
      0.875,
      0.75
   ],
   "batch_train_losses": [
      0.859143853187561,
      0.8605940937995911,
      0.8252901434898376,
      0.838372528553009,
      0.8874241709709167,
      0.9520835876464844,
      0.7382805347442627,
      0.9179616570472717,
      0.9591625928878784,
      0.9143109917640686,
      0.8863944411277771,
      0.7542340159416199,
      0.917862594127655,
      0.789145290851593,
      0.9195926189422607,
      0.7771120667457581,
      0.8243731260299683,
      1.1970359086990356,
      0.8249468207359314,
      0.7936607003211975,
      0.804541826248169,
      1.0424299240112305,
      0.792170524597168,
      0.8232847452163696,
      0.883091926574707,
      0.8830537796020508,
      0.8337570428848267,
      1.0666354894638062,
      0.7071241736412048,
      0.8974469304084778,
      1.0395079851150513,
      0.8184699416160583,
      0.8951170444488525,
      0.8490138649940491,
      0.9772125482559204,
      0.8474693894386292,
      0.6065033674240112,
      0.890117883682251,
      0.8216564655303955,
      0.6774001717567444,
      0.7943418025970459,
      1.2710813283920288
   ],
   "batch_train_times": [],
   "val_accuracy": 0.5777027027027027,
   "val_loss": 1.8723703848349083,
   "val_accuracy_per_label": [
      0.7727272727272727,
      0.0,
      0.5,
      0.8,
      1.0,
      0.2,
      0.0,
      0.85,
      0.0,
      0.4,
      0.0,
      0.0,
      0.0,
      1.0,
      0.6,
      0.0,
      0.0,
      0.0,
      0.2,
      0.9655172413793104,
      0.8461538461538461,
      0.4,
      0.8,
      0.6,
      0.0,
      1.0,
      0.0,
      0.8,
      0.0,
      0.0,
      0.0,
      0.8,
      1.0,
      0.0,
      0.0,
      0.0,
      0.0,
      0.0,
      0.6666666666666666,
      0.5,
      0.0,
      0.5,
      0.0
   ]
}