{
   "epoch": 5,
   "batch_train_accuracies": [
      0.5,
      0.484375,
      0.390625,
      0.515625,
      0.515625,
      0.46875,
      0.5,
      0.453125,
      0.46875,
      0.515625,
      0.484375,
      0.4375,
      0.5,
      0.5,
      0.53125,
      0.5,
      0.53125,
      0.515625,
      0.375,
      0.59375,
      0.453125,
      0.484375,
      0.421875,
      0.515625,
      0.390625,
      0.5,
      0.53125,
      0.578125,
      0.546875,
      0.40625,
      0.5625,
      0.546875,
      0.625,
      0.546875,
      0.59375,
      0.53125,
      0.453125,
      0.65625,
      0.609375,
      0.5,
      0.5,
      0.5
   ],
   "batch_train_losses": [
      2.24224591255188,
      2.238424777984619,
      2.3034329414367676,
      2.2490928173065186,
      2.266427755355835,
      2.312342882156372,
      2.2608842849731445,
      2.3217105865478516,
      2.214045286178589,
      2.163790702819824,
      2.3045876026153564,
      2.186715602874756,
      2.1006932258605957,
      2.183865785598755,
      2.075015068054199,
      2.201221227645874,
      2.149878978729248,
      2.1605498790740967,
      2.2856862545013428,
      1.9922184944152832,
      2.0867209434509277,
      2.194490909576416,
      2.3743844032287598,
      2.247025489807129,
      2.3999650478363037,
      2.1904780864715576,
      2.1743733882904053,
      2.0148937702178955,
      2.0533151626586914,
      2.1859567165374756,
      2.056312084197998,
      2.107250928878784,
      2.0749847888946533,
      2.072471857070923,
      2.0363729000091553,
      2.112666368484497,
      2.188572883605957,
      1.8667320013046265,
      2.0017106533050537,
      2.109835386276245,
      2.109046697616577,
      2.0098416805267334
   ],
   "batch_train_times": [],
   "val_accuracy": 0.3716216216216216,
   "val_loss": 2.612811082118266,
   "val_accuracy_per_label": [
      0.6363636363636364,
      0.0,
      0.0,
      0.0,
      0.8,
      0.8,
      0.0,
      0.75,
      0.0,
      0.0,
      0.0,
      0.0,
      0.0,
      0.4,
      0.0,
      0.0,
      0.0,
      0.0,
      0.0,
      0.8275862068965517,
      0.8461538461538461,
      0.0,
      0.0,
      0.0,
      0.0,
      0.0,
      0.0,
      0.25,
      0.0,
      0.0,
      0.0,
      0.0,
      0.0,
      0.0,
      0.0,
      0.0,
      0.0,
      0.0,
      0.4666666666666667,
      0.6,
      0.0,
      0.875,
      0.0
   ]
}