{
   "epoch": 21,
   "batch_train_accuracies": [
      0.75,
      0.765625,
      0.6875,
      0.734375,
      0.625,
      0.671875,
      0.8125,
      0.75,
      0.796875,
      0.6875,
      0.703125,
      0.84375,
      0.734375,
      0.71875,
      0.71875,
      0.71875,
      0.65625,
      0.671875,
      0.71875,
      0.8125,
      0.71875,
      0.703125,
      0.84375,
      0.734375,
      0.734375,
      0.796875,
      0.8125,
      0.75,
      0.734375,
      0.65625,
      0.796875,
      0.59375,
      0.765625,
      0.8125,
      0.734375,
      0.71875,
      0.71875,
      0.75,
      0.84375,
      0.84375,
      0.71875,
      0.8125
   ],
   "batch_train_losses": [
      1.124468445777893,
      1.0976630449295044,
      1.1715043783187866,
      1.2042745351791382,
      1.4740673303604126,
      1.3245574235916138,
      1.128251314163208,
      1.1946383714675903,
      1.0898288488388062,
      1.2718424797058105,
      1.3066829442977905,
      1.110602855682373,
      1.1055066585540771,
      1.2151336669921875,
      1.1637612581253052,
      1.1577485799789429,
      1.3596431016921997,
      1.3089755773544312,
      1.2400699853897095,
      1.0073745250701904,
      1.3286486864089966,
      1.2725889682769775,
      1.0136969089508057,
      1.1988877058029175,
      1.1299850940704346,
      1.0729833841323853,
      1.0589216947555542,
      1.1720056533813477,
      1.1999245882034302,
      1.3240206241607666,
      1.037549376487732,
      1.5827090740203857,
      1.2158833742141724,
      1.0285391807556152,
      1.1223220825195312,
      1.3052440881729126,
      1.3260133266448975,
      1.1275407075881958,
      1.0071561336517334,
      1.1196112632751465,
      1.1679730415344238,
      1.0705103874206543
   ],
   "batch_train_times": [],
   "val_accuracy": 0.5168918918918919,
   "val_loss": 1.990186311103202,
   "val_accuracy_per_label": [
      0.8181818181818182,
      0.0,
      0.3333333333333333,
      0.0,
      1.0,
      0.6,
      0.0,
      0.8,
      0.0,
      0.0,
      0.0,
      0.0,
      0.0,
      0.4,
      0.0,
      0.0,
      0.0,
      0.0,
      0.0,
      1.0,
      0.8076923076923077,
      0.0,
      0.6,
      0.8,
      0.0,
      0.7,
      0.0,
      0.55,
      0.0,
      0.0,
      0.0,
      1.0,
      0.8,
      0.0,
      0.0,
      0.0,
      0.2,
      0.0,
      0.6666666666666666,
      0.7,
      0.0,
      0.625,
      0.0
   ]
}