{
   "epoch": 2,
   "batch_train_accuracies": [
      0.40625,
      0.296875,
      0.21875,
      0.390625,
      0.359375,
      0.390625,
      0.421875,
      0.421875,
      0.328125,
      0.40625,
      0.421875,
      0.46875,
      0.265625,
      0.40625,
      0.390625,
      0.25,
      0.34375,
      0.421875,
      0.5,
      0.359375,
      0.3125,
      0.421875,
      0.421875,
      0.40625,
      0.3125,
      0.375,
      0.28125,
      0.359375,
      0.46875,
      0.296875,
      0.40625,
      0.375,
      0.421875,
      0.46875,
      0.484375,
      0.515625,
      0.4375,
      0.4375,
      0.40625,
      0.5,
      0.375,
      0.375
   ],
   "batch_train_losses": [
      2.8962743282318115,
      2.973576068878174,
      3.0979089736938477,
      2.930450916290283,
      2.8967602252960205,
      2.8097243309020996,
      2.7940807342529297,
      2.9220187664031982,
      2.912334442138672,
      2.7654340267181396,
      2.847707748413086,
      2.7512073516845703,
      2.9578003883361816,
      2.8395023345947266,
      2.7967183589935303,
      2.907493829727173,
      2.8886358737945557,
      2.8290257453918457,
      2.7009496688842773,
      2.903627872467041,
      2.9135472774505615,
      2.786799430847168,
      2.653616189956665,
      2.7948691844940186,
      2.8859622478485107,
      2.76800537109375,
      2.864845037460327,
      2.8798794746398926,
      2.7060768604278564,
      2.86985182762146,
      2.7128870487213135,
      2.7270162105560303,
      2.758119821548462,
      2.6943881511688232,
      2.5247809886932373,
      2.6424269676208496,
      2.5880305767059326,
      2.7063653469085693,
      2.6680498123168945,
      2.6660876274108887,
      2.81068754196167,
      2.6634881496429443
   ],
   "batch_train_times": [],
   "val_accuracy": 0.28378378378378377,
   "val_loss": 3.0400855476791793,
   "val_accuracy_per_label": [
      0.5,
      0.0,
      0.0,
      0.0,
      0.4,
      0.2,
      0.0,
      0.7,
      0.0,
      0.0,
      0.0,
      0.0,
      0.0,
      0.0,
      0.0,
      0.0,
      0.0,
      0.0,
      0.2,
      0.4827586206896552,
      0.5769230769230769,
      0.0,
      0.0,
      0.0,
      0.0,
      0.0,
      0.0,
      0.6,
      0.0,
      0.0,
      0.0,
      0.0,
      0.0,
      0.0,
      0.0,
      0.0,
      0.0,
      0.0,
      0.0,
      0.7,
      0.0,
      0.875,
      0.0
   ]
}