{
   "epoch": 28,
   "batch_train_accuracies": [
      0.8125,
      0.78125,
      0.765625,
      0.71875,
      0.71875,
      0.71875,
      0.84375,
      0.734375,
      0.796875,
      0.828125,
      0.828125,
      0.8125,
      0.796875,
      0.84375,
      0.953125,
      0.734375,
      0.765625,
      0.890625,
      0.75,
      0.71875,
      0.8125,
      0.828125,
      0.734375,
      0.734375,
      0.734375,
      0.78125,
      0.78125,
      0.828125,
      0.75,
      0.8125,
      0.71875,
      0.796875,
      0.796875,
      0.796875,
      0.8125,
      0.765625,
      0.828125,
      0.765625,
      0.875,
      0.796875,
      0.78125,
      0.8125
   ],
   "batch_train_losses": [
      0.9867604374885559,
      1.0807889699935913,
      1.059522271156311,
      1.243160605430603,
      1.1339129209518433,
      0.9478486776351929,
      0.9303881525993347,
      1.2078458070755005,
      1.071828007698059,
      0.931354284286499,
      0.992347240447998,
      1.0095021724700928,
      0.9930234551429749,
      0.9607217311859131,
      0.7909931540489197,
      1.2387629747390747,
      1.0023900270462036,
      0.9739810824394226,
      1.0248583555221558,
      1.1586253643035889,
      1.0193620920181274,
      0.9454740881919861,
      1.155251383781433,
      1.155684471130371,
      1.2197258472442627,
      1.0155293941497803,
      0.9490883350372314,
      1.0126476287841797,
      1.132238745689392,
      1.1267623901367188,
      1.18711519241333,
      1.1102443933486938,
      0.9985337257385254,
      1.0132414102554321,
      1.0569795370101929,
      1.1742750406265259,
      1.0313688516616821,
      1.1770750284194946,
      0.9751304388046265,
      0.9507761001586914,
      1.1201965808868408,
      1.0241448879241943
   ],
   "batch_train_times": [],
   "val_accuracy": 0.4391891891891892,
   "val_loss": 1.9923673964835502,
   "val_accuracy_per_label": [
      0.5909090909090909,
      0.0,
      0.16666666666666666,
      0.6,
      1.0,
      0.4,
      0.0,
      0.75,
      0.0,
      0.0,
      0.0,
      0.0,
      0.0,
      0.0,
      0.2,
      0.0,
      0.0,
      0.0,
      0.0,
      0.896551724137931,
      1.0,
      0.0,
      0.0,
      0.0,
      0.0,
      0.0,
      0.0,
      0.35,
      0.0,
      0.0,
      0.0,
      0.2,
      1.0,
      0.0,
      0.0,
      0.0,
      0.4,
      0.0,
      0.8666666666666667,
      0.5,
      0.0,
      0.625,
      0.0
   ]
}