{
   "epoch": 35,
   "batch_train_accuracies": [
      0.859375,
      0.796875,
      0.8125,
      0.765625,
      0.796875,
      0.90625,
      0.8125,
      0.84375,
      0.765625,
      0.84375,
      0.84375,
      0.890625,
      0.8125,
      0.765625,
      0.8125,
      0.8125,
      0.828125,
      0.84375,
      0.84375,
      0.890625,
      0.828125,
      0.8125,
      0.796875,
      0.859375,
      0.859375,
      0.890625,
      0.828125,
      0.859375,
      0.859375,
      0.875,
      0.78125,
      0.84375,
      0.8125,
      0.921875,
      0.828125,
      0.859375,
      0.828125,
      0.84375,
      0.90625,
      0.859375,
      0.84375,
      0.6875
   ],
   "batch_train_losses": [
      0.844852864742279,
      1.0797643661499023,
      1.032476544380188,
      1.0994478464126587,
      1.010941743850708,
      0.8383193612098694,
      0.9730382561683655,
      1.003004789352417,
      1.0277687311172485,
      1.0085325241088867,
      0.8851562738418579,
      0.8543819785118103,
      1.0648375749588013,
      1.0960700511932373,
      0.9535597562789917,
      0.9550004601478577,
      0.9888525009155273,
      1.0288324356079102,
      1.1297335624694824,
      0.8393017649650574,
      0.9301155805587769,
      1.0305436849594116,
      1.0739654302597046,
      0.9251623153686523,
      0.9944949150085449,
      0.8316425085067749,
      0.9543730020523071,
      0.9036026000976562,
      0.8762168288230896,
      0.9266499876976013,
      1.0261588096618652,
      0.8260469436645508,
      0.835965096950531,
      0.7634890675544739,
      0.8316735029220581,
      0.8721174597740173,
      0.9948861002922058,
      1.042741060256958,
      0.8063916563987732,
      0.8369630575180054,
      1.0877455472946167,
      1.318149209022522
   ],
   "batch_train_times": [],
   "val_accuracy": 0.49324324324324326,
   "val_loss": 2.056720401789691,
   "val_accuracy_per_label": [
      0.8181818181818182,
      0.0,
      0.16666666666666666,
      0.0,
      1.0,
      0.2,
      0.0,
      0.85,
      0.0,
      0.0,
      0.0,
      0.0,
      0.4,
      1.0,
      0.0,
      0.0,
      0.0,
      0.0,
      0.0,
      0.7931034482758621,
      0.9615384615384616,
      0.0,
      0.2,
      0.0,
      0.0,
      0.2,
      0.0,
      0.55,
      0.0,
      0.5,
      0.2,
      0.4,
      1.0,
      0.0,
      0.0,
      0.0,
      0.2,
      0.0,
      0.6666666666666666,
      1.0,
      0.0,
      0.5,
      0.0
   ]
}