{
   "epoch": 24,
   "batch_train_accuracies": [
      0.765625,
      0.640625,
      0.828125,
      0.875,
      0.828125,
      0.75,
      0.65625,
      0.671875,
      0.75,
      0.703125,
      0.765625,
      0.8125,
      0.765625,
      0.8125,
      0.75,
      0.859375,
      0.734375,
      0.84375,
      0.75,
      0.796875,
      0.71875,
      0.734375,
      0.859375,
      0.71875,
      0.734375,
      0.734375,
      0.84375,
      0.734375,
      0.71875,
      0.6875,
      0.734375,
      0.734375,
      0.640625,
      0.8125,
      0.8125,
      0.765625,
      0.6875,
      0.78125,
      0.71875,
      0.71875,
      0.78125,
      0.5625
   ],
   "batch_train_losses": [
      1.0932872295379639,
      1.3578225374221802,
      0.9829661250114441,
      0.8950220346450806,
      1.0575356483459473,
      1.2314543724060059,
      1.334892988204956,
      1.2994656562805176,
      1.1437594890594482,
      1.3019145727157593,
      1.1316394805908203,
      1.0216444730758667,
      1.088100790977478,
      1.1405740976333618,
      1.1272926330566406,
      0.867480993270874,
      1.1257013082504272,
      1.0500611066818237,
      1.1348905563354492,
      1.0962942838668823,
      1.3555713891983032,
      1.154299020767212,
      0.916040301322937,
      1.1580924987792969,
      1.2375414371490479,
      1.188639760017395,
      1.0970568656921387,
      1.2582217454910278,
      1.1634846925735474,
      1.2175414562225342,
      1.1509915590286255,
      1.052062749862671,
      1.3499610424041748,
      0.990805447101593,
      1.054518461227417,
      1.1643238067626953,
      1.2970868349075317,
      1.2148984670639038,
      1.2073044776916504,
      1.2004823684692383,
      1.1417471170425415,
      1.6884071826934814
   ],
   "batch_train_times": [],
   "val_accuracy": 0.5135135135135135,
   "val_loss": 1.854580846992699,
   "val_accuracy_per_label": [
      0.7272727272727273,
      0.0,
      0.3333333333333333,
      0.4,
      0.8,
      0.0,
      0.0,
      0.85,
      0.0,
      0.2,
      0.0,
      0.0,
      0.0,
      1.0,
      0.0,
      0.0,
      0.0,
      0.0,
      0.0,
      1.0,
      0.7692307692307693,
      0.0,
      0.0,
      0.0,
      0.0,
      0.2,
      0.0,
      1.0,
      0.0,
      0.0,
      0.0,
      1.0,
      0.8,
      0.0,
      0.0,
      0.0,
      0.2,
      0.0,
      0.6666666666666666,
      0.5,
      0.0,
      0.875,
      0.4
   ]
}