{
   "epoch": 17,
   "batch_train_accuracies": [
      0.640625,
      0.625,
      0.703125,
      0.828125,
      0.71875,
      0.59375,
      0.625,
      0.828125,
      0.65625,
      0.640625,
      0.734375,
      0.640625,
      0.703125,
      0.765625,
      0.59375,
      0.765625,
      0.703125,
      0.640625,
      0.75,
      0.671875,
      0.6875,
      0.546875,
      0.75,
      0.640625,
      0.671875,
      0.796875,
      0.640625,
      0.78125,
      0.75,
      0.6875,
      0.609375,
      0.703125,
      0.765625,
      0.640625,
      0.765625,
      0.6875,
      0.6875,
      0.71875,
      0.75,
      0.703125,
      0.71875,
      0.75
   ],
   "batch_train_losses": [
      1.4532358646392822,
      1.53816819190979,
      1.3242806196212769,
      1.2424575090408325,
      1.2745527029037476,
      1.4337934255599976,
      1.4804211854934692,
      1.0238022804260254,
      1.2685714960098267,
      1.2782177925109863,
      1.321210265159607,
      1.4478929042816162,
      1.2730337381362915,
      1.3874340057373047,
      1.4445064067840576,
      1.2692662477493286,
      1.2990988492965698,
      1.3585141897201538,
      1.216761589050293,
      1.36652410030365,
      1.296443223953247,
      1.483568549156189,
      1.2419923543930054,
      1.3988420963287354,
      1.276427984237671,
      1.291542410850525,
      1.415040135383606,
      1.1321626901626587,
      1.2122737169265747,
      1.4640246629714966,
      1.38819420337677,
      1.2945077419281006,
      1.157265305519104,
      1.3224101066589355,
      1.138854742050171,
      1.381399154663086,
      1.4636988639831543,
      1.3162932395935059,
      1.219566822052002,
      1.2647290229797363,
      1.246840238571167,
      1.181857943534851
   ],
   "batch_train_times": [],
   "val_accuracy": 0.4831081081081081,
   "val_loss": 1.9718615171071645,
   "val_accuracy_per_label": [
      0.9090909090909091,
      0.0,
      0.0,
      0.4,
      0.8,
      0.4,
      0.0,
      0.85,
      0.0,
      0.0,
      0.0,
      0.0,
      0.0,
      0.4,
      0.0,
      0.0,
      0.0,
      0.0,
      0.0,
      0.9310344827586207,
      0.7307692307692307,
      0.0,
      0.0,
      0.8,
      0.0,
      0.5,
      0.0,
      0.95,
      0.0,
      0.0,
      0.0,
      0.2,
      0.8,
      0.0,
      0.0,
      0.0,
      0.0,
      0.0,
      0.4666666666666667,
      0.4,
      0.0,
      0.75,
      0.0
   ]
}