{
   "epoch": 39,
   "batch_train_accuracies": [
      0.859375,
      0.828125,
      0.859375,
      0.859375,
      0.859375,
      0.84375,
      0.859375,
      0.90625,
      0.859375,
      0.828125,
      0.8125,
      0.859375,
      0.90625,
      0.84375,
      0.84375,
      0.90625,
      0.78125,
      0.71875,
      0.890625,
      0.84375,
      0.78125,
      0.796875,
      0.875,
      0.9375,
      0.84375,
      0.890625,
      0.921875,
      0.859375,
      0.890625,
      0.859375,
      0.90625,
      0.828125,
      0.8125,
      0.875,
      0.84375,
      0.875,
      0.859375,
      0.875,
      0.859375,
      0.8125,
      0.921875,
      0.875
   ],
   "batch_train_losses": [
      0.8374689817428589,
      1.0425785779953003,
      0.9246940016746521,
      0.9629198908805847,
      0.9383435845375061,
      0.8941716551780701,
      0.8748378753662109,
      0.8455579876899719,
      0.915450930595398,
      0.9172261953353882,
      0.9695608615875244,
      0.9349009394645691,
      0.9220303893089294,
      0.8951677083969116,
      0.8316493630409241,
      0.8339959979057312,
      1.1234692335128784,
      1.153417944908142,
      0.7224498987197876,
      1.018156886100769,
      1.0068296194076538,
      1.0240391492843628,
      0.8480719327926636,
      0.7815173864364624,
      0.9787677526473999,
      0.7965373992919922,
      0.791100263595581,
      0.8362497091293335,
      0.7950412631034851,
      0.8725795149803162,
      0.7365636825561523,
      1.0199347734451294,
      1.0002120733261108,
      0.8159922957420349,
      1.015762448310852,
      0.7623547315597534,
      0.9244617223739624,
      0.9401037096977234,
      0.9325335621833801,
      0.9546160101890564,
      0.9074299931526184,
      0.8978102803230286
   ],
   "batch_train_times": [],
   "val_accuracy": 0.4966216216216216,
   "val_loss": 1.916195128415082,
   "val_accuracy_per_label": [
      0.6363636363636364,
      0.0,
      0.16666666666666666,
      0.6,
      1.0,
      0.2,
      0.0,
      0.85,
      0.0,
      0.0,
      0.0,
      0.0,
      0.0,
      1.0,
      0.6,
      0.0,
      0.0,
      0.0,
      0.0,
      1.0,
      0.8461538461538461,
      0.0,
      0.0,
      0.0,
      0.0,
      0.5,
      0.0,
      0.4,
      0.0,
      0.0,
      0.2,
      1.0,
      1.0,
      0.0,
      0.0,
      0.0,
      0.2,
      0.0,
      0.8666666666666667,
      0.4,
      0.0,
      0.625,
      0.0
   ]
}