{
   "epoch": 40,
   "batch_train_accuracies": [
      0.890625,
      0.890625,
      0.875,
      0.734375,
      0.90625,
      0.875,
      0.859375,
      0.828125,
      0.90625,
      0.828125,
      0.890625,
      0.84375,
      0.796875,
      0.890625,
      0.84375,
      0.828125,
      0.8125,
      0.90625,
      0.890625,
      0.96875,
      0.859375,
      0.90625,
      0.921875,
      0.84375,
      0.859375,
      0.84375,
      0.828125,
      0.890625,
      0.796875,
      0.875,
      0.796875,
      0.78125,
      0.734375,
      0.84375,
      0.84375,
      0.84375,
      0.890625,
      0.8125,
      0.828125,
      0.859375,
      0.84375,
      0.6875
   ],
   "batch_train_losses": [
      0.7806850671768188,
      0.8886926174163818,
      0.8408820629119873,
      1.1013323068618774,
      0.7620313763618469,
      0.8973236680030823,
      1.0317599773406982,
      0.927632212638855,
      0.8220975399017334,
      0.8948218822479248,
      0.7787012457847595,
      0.9506692290306091,
      1.0316556692123413,
      0.7776094675064087,
      0.9672141671180725,
      0.9509090781211853,
      0.8996482491493225,
      0.8494917154312134,
      0.8993659019470215,
      0.7413238883018494,
      0.9607104063034058,
      0.8176050782203674,
      0.7557239532470703,
      0.9813774824142456,
      0.9067652225494385,
      0.8872637748718262,
      0.9354358315467834,
      0.8073266744613647,
      0.9537485241889954,
      0.814034640789032,
      1.0177730321884155,
      0.9580926299095154,
      1.0944105386734009,
      0.9567970037460327,
      0.9555982351303101,
      0.9693564772605896,
      0.851943850517273,
      0.979312539100647,
      1.094084620475769,
      0.7922559976577759,
      0.9706869721412659,
      1.306289553642273
   ],
   "batch_train_times": [],
   "val_accuracy": 0.4797297297297297,
   "val_loss": 1.9391581174489614,
   "val_accuracy_per_label": [
      0.7272727272727273,
      0.0,
      0.0,
      0.6,
      1.0,
      0.0,
      0.0,
      0.85,
      0.0,
      0.0,
      0.0,
      0.0,
      0.4,
      1.0,
      0.0,
      0.0,
      0.0,
      0.0,
      0.0,
      0.896551724137931,
      1.0,
      0.0,
      0.0,
      0.2,
      0.0,
      0.2,
      0.0,
      0.25,
      0.0,
      0.0,
      0.4,
      1.0,
      1.0,
      0.0,
      0.0,
      0.0,
      0.2,
      0.0,
      0.7333333333333333,
      0.6,
      0.0,
      0.5,
      0.0
   ]
}