{
   "epoch": 33,
   "batch_train_accuracies": [
      0.921875,
      0.90625,
      0.875,
      0.78125,
      0.78125,
      0.765625,
      0.734375,
      0.75,
      0.859375,
      0.828125,
      0.734375,
      0.703125,
      0.8125,
      0.796875,
      0.8125,
      0.75,
      0.78125,
      0.90625,
      0.828125,
      0.8125,
      0.78125,
      0.8125,
      0.78125,
      0.828125,
      0.859375,
      0.75,
      0.609375,
      0.671875,
      0.84375,
      0.875,
      0.875,
      0.75,
      0.78125,
      0.734375,
      0.796875,
      0.8125,
      0.859375,
      0.75,
      0.921875,
      0.859375,
      0.8125,
      0.875
   ],
   "batch_train_losses": [
      0.817082941532135,
      1.0229473114013672,
      0.781278669834137,
      1.1714197397232056,
      1.094111442565918,
      1.0919190645217896,
      1.2265403270721436,
      1.1258108615875244,
      0.8590943813323975,
      1.0710999965667725,
      1.3510041236877441,
      1.1595855951309204,
      0.9946354627609253,
      1.0223865509033203,
      1.189622402191162,
      1.1378048658370972,
      1.1307824850082397,
      0.8424515128135681,
      1.0714001655578613,
      0.8660212755203247,
      1.0885155200958252,
      0.9372992515563965,
      0.9843742251396179,
      0.9529517889022827,
      0.93282151222229,
      1.1377800703048706,
      1.5048168897628784,
      1.190675139427185,
      0.8438791632652283,
      0.8368498682975769,
      0.9176194071769714,
      1.0690460205078125,
      0.8864101767539978,
      1.1154954433441162,
      1.013985514640808,
      0.9760779738426208,
      0.9554746747016907,
      1.0725961923599243,
      0.8695530891418457,
      0.901068389415741,
      0.9607406258583069,
      1.0165975093841553
   ],
   "batch_train_times": [],
   "val_accuracy": 0.5168918918918919,
   "val_loss": 2.0330420249217265,
   "val_accuracy_per_label": [
      0.6363636363636364,
      0.0,
      0.5,
      0.2,
      1.0,
      0.6,
      0.0,
      0.8,
      0.0,
      0.0,
      0.0,
      0.0,
      0.2,
      0.6,
      0.2,
      0.0,
      0.2,
      0.0,
      0.0,
      1.0,
      0.8846153846153846,
      0.2,
      0.8,
      0.2,
      0.0,
      0.6,
      0.0,
      0.45,
      0.0,
      0.25,
      0.0,
      0.8,
      1.0,
      0.0,
      0.0,
      0.0,
      0.2,
      0.0,
      0.5333333333333333,
      0.8,
      0.0,
      0.625,
      0.0
   ]
}