{
   "epoch": 10,
   "batch_train_accuracies": [
      0.671875,
      0.640625,
      0.640625,
      0.609375,
      0.53125,
      0.546875,
      0.65625,
      0.625,
      0.65625,
      0.5625,
      0.640625,
      0.625,
      0.625,
      0.625,
      0.5,
      0.515625,
      0.53125,
      0.546875,
      0.578125,
      0.46875,
      0.515625,
      0.515625,
      0.671875,
      0.640625,
      0.65625,
      0.609375,
      0.625,
      0.625,
      0.765625,
      0.5625,
      0.578125,
      0.609375,
      0.515625,
      0.515625,
      0.59375,
      0.609375,
      0.65625,
      0.609375,
      0.46875,
      0.59375,
      0.59375,
      0.625
   ],
   "batch_train_losses": [
      1.6385493278503418,
      1.5934427976608276,
      1.655165195465088,
      1.6881017684936523,
      1.8551688194274902,
      1.6920427083969116,
      1.5817680358886719,
      1.6152604818344116,
      1.4840760231018066,
      1.8347610235214233,
      1.6035224199295044,
      1.6323760747909546,
      1.6330533027648926,
      1.4740869998931885,
      1.866971731185913,
      2.0082921981811523,
      1.749834656715393,
      1.6948261260986328,
      1.6831960678100586,
      1.911041259765625,
      1.6065559387207031,
      1.7761175632476807,
      1.550527811050415,
      1.472780704498291,
      1.6123157739639282,
      1.6273378133773804,
      1.6411590576171875,
      1.5849783420562744,
      1.346369743347168,
      1.670240044593811,
      1.564683437347412,
      1.5766971111297607,
      1.767130732536316,
      1.914603590965271,
      1.707763433456421,
      1.7036410570144653,
      1.5994535684585571,
      1.6335841417312622,
      2.0198254585266113,
      1.7833162546157837,
      1.6132290363311768,
      1.7587382793426514
   ],
   "batch_train_times": [],
   "val_accuracy": 0.42905405405405406,
   "val_loss": 2.2771145073143213,
   "val_accuracy_per_label": [
      0.5454545454545454,
      0.0,
      0.0,
      0.2,
      0.4,
      1.0,
      0.0,
      0.8,
      0.0,
      0.0,
      0.0,
      0.0,
      0.0,
      0.4,
      0.0,
      0.0,
      0.0,
      0.0,
      0.4,
      0.8620689655172413,
      0.9230769230769231,
      0.0,
      0.0,
      0.0,
      0.0,
      0.0,
      0.0,
      0.5,
      0.0,
      0.0,
      0.0,
      0.0,
      0.6,
      0.0,
      0.0,
      0.0,
      0.2,
      0.0,
      0.4666666666666667,
      0.8,
      0.0,
      0.75,
      0.6
   ]
}