{
   "epoch": 10,
   "batch_train_accuracies": [
      0.640625,
      0.65625,
      0.53125,
      0.578125,
      0.578125,
      0.53125,
      0.59375,
      0.5625,
      0.65625,
      0.640625,
      0.609375,
      0.6875,
      0.6875,
      0.5,
      0.625,
      0.5625,
      0.578125,
      0.609375,
      0.6875,
      0.65625,
      0.53125,
      0.546875,
      0.59375,
      0.59375,
      0.75,
      0.65625,
      0.59375,
      0.609375,
      0.625,
      0.5625,
      0.640625,
      0.59375,
      0.59375,
      0.6875,
      0.5625,
      0.53125,
      0.578125,
      0.484375,
      0.546875,
      0.609375,
      0.53125,
      0.6875
   ],
   "batch_train_losses": [
      1.424483060836792,
      1.41670560836792,
      1.6363017559051514,
      1.6400598287582397,
      1.728786587715149,
      1.6511255502700806,
      1.5599602460861206,
      1.505816102027893,
      1.4206619262695312,
      1.474740743637085,
      1.507278561592102,
      1.3869564533233643,
      1.3638323545455933,
      1.5157482624053955,
      1.4124414920806885,
      1.5270235538482666,
      1.505663275718689,
      1.4020557403564453,
      1.2274012565612793,
      1.307162880897522,
      1.665121078491211,
      1.478073239326477,
      1.4627025127410889,
      1.5142168998718262,
      1.1867157220840454,
      1.463037133216858,
      1.4338322877883911,
      1.495609998703003,
      1.4258779287338257,
      1.5914406776428223,
      1.4036089181900024,
      1.6303633451461792,
      1.4108099937438965,
      1.2551392316818237,
      1.4914559125900269,
      1.6111063957214355,
      1.5203187465667725,
      1.9062981605529785,
      1.5956175327301025,
      1.41925048828125,
      1.7047905921936035,
      1.5416728258132935
   ],
   "batch_train_times": [],
   "val_accuracy": 0.3310810810810811,
   "val_loss": 2.4090149531493315,
   "val_accuracy_per_label": [
      0.5909090909090909,
      0.0,
      0.16666666666666666,
      0.0,
      0.0,
      0.6,
      0.0,
      0.45,
      0.0,
      0.0,
      0.0,
      0.0,
      0.2,
      0.8,
      0.4,
      0.0,
      0.0,
      0.0,
      0.0,
      0.41379310344827586,
      0.6538461538461539,
      0.0,
      0.0,
      0.0,
      0.0,
      0.0,
      0.0,
      0.7,
      0.0,
      0.0,
      0.0,
      0.4,
      0.6,
      0.0,
      0.0,
      0.0,
      0.0,
      0.0,
      0.6,
      0.0,
      0.0,
      1.0,
      0.0
   ]
}