{
   "epoch": 42,
   "batch_train_accuracies": [
      0.59375,
      0.625,
      0.625,
      0.46875,
      0.546875,
      0.609375,
      0.515625,
      0.515625,
      0.640625,
      0.453125,
      0.65625,
      0.640625,
      0.546875,
      0.53125,
      0.53125,
      0.5,
      0.5625,
      0.59375,
      0.65625,
      0.625,
      0.5,
      0.6875,
      0.484375,
      0.65625,
      0.625,
      0.578125,
      0.515625,
      0.484375,
      0.578125,
      0.546875,
      0.578125,
      0.609375,
      0.578125,
      0.5,
      0.4375,
      0.609375,
      0.546875,
      0.46875,
      0.65625,
      0.625,
      0.515625,
      0.5
   ],
   "batch_train_losses": [
      1.9906669855117798,
      1.9423836469650269,
      1.9219578504562378,
      2.1753692626953125,
      2.1207504272460938,
      1.896376132965088,
      2.176741361618042,
      2.071141242980957,
      2.091442823410034,
      2.312267541885376,
      1.9124573469161987,
      1.8850518465042114,
      2.086949586868286,
      2.1367740631103516,
      2.148041009902954,
      2.1451869010925293,
      2.109308958053589,
      2.031512498855591,
      1.9155807495117188,
      2.0226824283599854,
      2.272716760635376,
      1.894480586051941,
      2.237036943435669,
      1.892159104347229,
      2.0275566577911377,
      2.0091428756713867,
      2.149223566055298,
      2.236591100692749,
      2.004828453063965,
      2.1247596740722656,
      2.0815935134887695,
      2.082245349884033,
      2.115854024887085,
      2.232081413269043,
      2.4415600299835205,
      1.9714369773864746,
      2.092646598815918,
      2.418428897857666,
      1.9041410684585571,
      2.045259475708008,
      2.2933804988861084,
      2.3205819129943848
   ],
   "batch_train_times": [],
   "val_accuracy": 0.34121621621621623,
   "val_loss": 3.2770387675311112,
   "val_accuracy_per_label": [
      1.0,
      0.0,
      0.0,
      0.0,
      0.0,
      0.0,
      0.0,
      0.0,
      0.0,
      0.0,
      0.0,
      0.0,
      0.0,
      0.0,
      0.0,
      0.0,
      0.0,
      0.0,
      0.0,
      0.9310344827586207,
      1.0,
      0.0,
      0.0,
      0.0,
      0.0,
      0.0,
      0.0,
      0.75,
      0.0,
      0.0,
      0.0,
      0.0,
      0.0,
      0.0,
      0.0,
      0.0,
      0.0,
      0.0,
      0.4,
      0.0,
      0.0,
      0.625,
      0.0
   ]
}