{
   "epoch": 47,
   "batch_train_accuracies": [
      0.65625,
      0.65625,
      0.484375,
      0.5625,
      0.546875,
      0.546875,
      0.546875,
      0.5625,
      0.609375,
      0.5625,
      0.546875,
      0.453125,
      0.484375,
      0.46875,
      0.5625,
      0.53125,
      0.546875,
      0.609375,
      0.515625,
      0.5,
      0.625,
      0.546875,
      0.46875,
      0.578125,
      0.578125,
      0.59375,
      0.53125,
      0.5,
      0.609375,
      0.5,
      0.46875,
      0.46875,
      0.4375,
      0.390625,
      0.5625,
      0.515625,
      0.546875,
      0.640625,
      0.53125,
      0.59375,
      0.640625,
      0.25
   ],
   "batch_train_losses": [
      2.0987541675567627,
      2.0962648391723633,
      2.362527847290039,
      2.2102770805358887,
      2.396171808242798,
      2.1678848266601562,
      2.2449893951416016,
      2.224100112915039,
      2.1338255405426025,
      2.1920864582061768,
      2.24704909324646,
      2.3180835247039795,
      2.27945613861084,
      2.352234363555908,
      2.206739902496338,
      2.2795047760009766,
      2.3076889514923096,
      2.148564577102661,
      2.312196969985962,
      2.3271687030792236,
      2.1375603675842285,
      2.1551995277404785,
      2.4591546058654785,
      2.24403715133667,
      2.184662342071533,
      2.1709578037261963,
      2.2861759662628174,
      2.419175148010254,
      2.301244020462036,
      2.3684396743774414,
      2.3872742652893066,
      2.311704158782959,
      2.4788806438446045,
      2.6032440662384033,
      2.1550447940826416,
      2.4487814903259277,
      2.3289096355438232,
      2.1418426036834717,
      2.3004848957061768,
      2.192666530609131,
      2.238842248916626,
      2.920297861099243
   ],
   "batch_train_times": [],
   "val_accuracy": 0.30743243243243246,
   "val_loss": 3.1403684229464144,
   "val_accuracy_per_label": [
      0.36363636363636365,
      0.0,
      0.0,
      0.0,
      0.0,
      0.0,
      0.0,
      0.85,
      0.0,
      0.0,
      0.0,
      0.0,
      0.0,
      0.0,
      0.0,
      0.0,
      0.0,
      0.0,
      0.0,
      0.6206896551724138,
      0.8846153846153846,
      0.0,
      0.0,
      0.6,
      0.0,
      0.0,
      0.0,
      0.4,
      0.0,
      0.0,
      0.0,
      0.0,
      0.0,
      0.0,
      0.0,
      0.0,
      0.0,
      0.0,
      0.4666666666666667,
      0.0,
      0.0,
      0.875,
      0.0
   ]
}