{
   "epoch": 38,
   "batch_train_accuracies": [
      0.65625,
      0.40625,
      0.625,
      0.625,
      0.515625,
      0.546875,
      0.609375,
      0.65625,
      0.609375,
      0.625,
      0.515625,
      0.53125,
      0.640625,
      0.625,
      0.5625,
      0.546875,
      0.53125,
      0.640625,
      0.609375,
      0.5,
      0.53125,
      0.59375,
      0.609375,
      0.625,
      0.484375,
      0.59375,
      0.625,
      0.671875,
      0.5625,
      0.640625,
      0.5625,
      0.578125,
      0.578125,
      0.546875,
      0.625,
      0.5,
      0.765625,
      0.703125,
      0.578125,
      0.53125,
      0.578125,
      0.3125
   ],
   "batch_train_losses": [
      1.8728710412979126,
      2.2257590293884277,
      1.9126873016357422,
      1.8985048532485962,
      2.025663137435913,
      2.0386712551116943,
      1.9345712661743164,
      1.7908564805984497,
      1.8734114170074463,
      1.859043836593628,
      1.921939730644226,
      2.1868302822113037,
      1.912312388420105,
      2.0500235557556152,
      2.0094916820526123,
      2.19411563873291,
      2.213608503341675,
      1.8905797004699707,
      1.8631056547164917,
      2.250166416168213,
      2.054861068725586,
      1.8721619844436646,
      1.8459362983703613,
      2.019214153289795,
      2.0455141067504883,
      2.060173273086548,
      1.9551024436950684,
      1.8204900026321411,
      2.0980746746063232,
      1.8092570304870605,
      2.0317413806915283,
      1.9333702325820923,
      1.8743268251419067,
      2.0495235919952393,
      1.8500510454177856,
      2.0651888847351074,
      1.7152037620544434,
      1.7869632244110107,
      2.0580949783325195,
      2.000648260116577,
      1.9887003898620605,
      2.3687264919281006
   ],
   "batch_train_times": [],
   "val_accuracy": 0.42567567567567566,
   "val_loss": 2.3184403535482048,
   "val_accuracy_per_label": [
      0.5909090909090909,
      0.0,
      0.0,
      0.0,
      0.0,
      0.0,
      0.0,
      0.5,
      0.0,
      0.0,
      0.0,
      0.0,
      0.0,
      0.0,
      0.0,
      0.0,
      0.0,
      0.0,
      0.0,
      1.0,
      0.9230769230769231,
      0.0,
      0.0,
      0.8,
      0.0,
      0.0,
      0.0,
      0.95,
      0.0,
      0.0,
      0.0,
      1.0,
      0.0,
      0.0,
      0.0,
      0.0,
      0.0,
      0.0,
      0.7333333333333333,
      0.6,
      0.0,
      0.625,
      0.0
   ]
}