{
   "epoch": 22,
   "batch_train_accuracies": [
      0.6875,
      0.65625,
      0.703125,
      0.625,
      0.5625,
      0.546875,
      0.703125,
      0.65625,
      0.71875,
      0.671875,
      0.578125,
      0.671875,
      0.671875,
      0.5625,
      0.65625,
      0.640625,
      0.59375,
      0.640625,
      0.71875,
      0.6875,
      0.578125,
      0.546875,
      0.578125,
      0.5625,
      0.578125,
      0.6875,
      0.59375,
      0.59375,
      0.671875,
      0.59375,
      0.5625,
      0.53125,
      0.59375,
      0.625,
      0.578125,
      0.625,
      0.6875,
      0.6875,
      0.8125,
      0.625,
      0.703125,
      0.5
   ],
   "batch_train_losses": [
      1.4576995372772217,
      1.5103689432144165,
      1.4406746625900269,
      1.6091477870941162,
      1.6397031545639038,
      1.6695669889450073,
      1.421169400215149,
      1.490561842918396,
      1.3964413404464722,
      1.4467482566833496,
      1.7316572666168213,
      1.5735976696014404,
      1.4153454303741455,
      1.5484954118728638,
      1.3857899904251099,
      1.6341694593429565,
      1.5903894901275635,
      1.6656293869018555,
      1.3559513092041016,
      1.3222253322601318,
      1.5926833152770996,
      1.4817829132080078,
      1.6600310802459717,
      1.6582845449447632,
      1.4718880653381348,
      1.4709635972976685,
      1.6164805889129639,
      1.517746090888977,
      1.531637191772461,
      1.541986107826233,
      1.5850903987884521,
      1.5419515371322632,
      1.768123984336853,
      1.6048297882080078,
      1.5041844844818115,
      1.5697314739227295,
      1.477160930633545,
      1.6300398111343384,
      1.2667182683944702,
      1.6218037605285645,
      1.3610773086547852,
      2.005784511566162
   ],
   "batch_train_times": [],
   "val_accuracy": 0.4155405405405405,
   "val_loss": 2.200637643401687,
   "val_accuracy_per_label": [
      0.6363636363636364,
      0.0,
      0.0,
      0.0,
      0.6,
      0.0,
      0.0,
      0.8,
      0.0,
      0.0,
      0.0,
      0.0,
      0.0,
      0.2,
      0.0,
      0.0,
      0.0,
      0.0,
      0.0,
      1.0,
      1.0,
      0.0,
      0.0,
      0.2,
      0.0,
      0.0,
      0.0,
      0.45,
      0.0,
      0.0,
      0.0,
      1.0,
      0.0,
      0.0,
      0.0,
      0.0,
      0.4,
      0.0,
      0.7333333333333333,
      0.0,
      0.0,
      0.75,
      0.0
   ]
}