{
   "epoch": 20,
   "batch_train_accuracies": [
      0.625,
      0.65625,
      0.5,
      0.625,
      0.703125,
      0.71875,
      0.5625,
      0.734375,
      0.65625,
      0.578125,
      0.53125,
      0.71875,
      0.578125,
      0.625,
      0.609375,
      0.53125,
      0.671875,
      0.65625,
      0.6875,
      0.65625,
      0.71875,
      0.53125,
      0.640625,
      0.65625,
      0.609375,
      0.671875,
      0.671875,
      0.59375,
      0.625,
      0.671875,
      0.640625,
      0.65625,
      0.5625,
      0.609375,
      0.734375,
      0.546875,
      0.703125,
      0.65625,
      0.625,
      0.625,
      0.53125,
      0.5
   ],
   "batch_train_losses": [
      1.5414159297943115,
      1.6062722206115723,
      1.78158438205719,
      1.5965774059295654,
      1.3676929473876953,
      1.4484310150146484,
      1.5710060596466064,
      1.4207334518432617,
      1.4768315553665161,
      1.5699267387390137,
      1.7749605178833008,
      1.3945345878601074,
      1.5427539348602295,
      1.5529998540878296,
      1.484104871749878,
      1.7351295948028564,
      1.5424226522445679,
      1.507981538772583,
      1.4307937622070312,
      1.4595965147018433,
      1.4126768112182617,
      1.643544316291809,
      1.4253007173538208,
      1.4528295993804932,
      1.60109543800354,
      1.433536410331726,
      1.4871556758880615,
      1.567541241645813,
      1.5580741167068481,
      1.4800169467926025,
      1.5572744607925415,
      1.4477932453155518,
      1.5364404916763306,
      1.6276615858078003,
      1.3552981615066528,
      1.6622047424316406,
      1.4456974267959595,
      1.4027910232543945,
      1.511749267578125,
      1.5799343585968018,
      1.6845489740371704,
      2.0060133934020996
   ],
   "batch_train_times": [],
   "val_accuracy": 0.4527027027027027,
   "val_loss": 2.288762559761872,
   "val_accuracy_per_label": [
      1.0,
      0.0,
      0.3333333333333333,
      0.0,
      0.0,
      0.8,
      0.0,
      0.6,
      0.0,
      0.0,
      0.0,
      0.0,
      0.0,
      0.4,
      0.6,
      0.0,
      0.0,
      0.0,
      0.0,
      1.0,
      0.6153846153846154,
      0.0,
      0.0,
      0.8,
      0.0,
      0.0,
      0.0,
      0.4,
      0.0,
      0.0,
      0.0,
      0.8,
      0.6,
      0.0,
      0.0,
      0.0,
      0.0,
      0.0,
      0.6666666666666666,
      0.7,
      0.0,
      1.0,
      0.0
   ]
}