{
   "epoch": 6,
   "batch_train_accuracies": [
      0.59375,
      0.5625,
      0.5625,
      0.546875,
      0.5,
      0.4375,
      0.453125,
      0.59375,
      0.546875,
      0.59375,
      0.453125,
      0.515625,
      0.5625,
      0.4375,
      0.6875,
      0.53125,
      0.4375,
      0.515625,
      0.515625,
      0.609375,
      0.578125,
      0.484375,
      0.65625,
      0.59375,
      0.640625,
      0.515625,
      0.59375,
      0.546875,
      0.65625,
      0.640625,
      0.609375,
      0.546875,
      0.546875,
      0.59375,
      0.59375,
      0.5625,
      0.53125,
      0.609375,
      0.59375,
      0.5625,
      0.59375,
      0.6875
   ],
   "batch_train_losses": [
      1.5768224000930786,
      1.9803426265716553,
      1.7431942224502563,
      1.7647266387939453,
      1.7651344537734985,
      1.845308542251587,
      1.926163911819458,
      1.5669747591018677,
      1.5773988962173462,
      1.7081336975097656,
      2.126270055770874,
      1.6457189321517944,
      1.5958564281463623,
      1.6909738779067993,
      1.4061602354049683,
      1.715466022491455,
      1.7877912521362305,
      1.6988362073898315,
      1.6807844638824463,
      1.6064594984054565,
      1.5930430889129639,
      1.7749966382980347,
      1.5085607767105103,
      1.6345860958099365,
      1.5260268449783325,
      1.6743159294128418,
      1.650903582572937,
      1.422064185142517,
      1.5533050298690796,
      1.4847294092178345,
      1.5146971940994263,
      1.8449985980987549,
      1.6160327196121216,
      1.6088311672210693,
      1.7112551927566528,
      1.7645502090454102,
      1.6695696115493774,
      1.5142771005630493,
      1.6585806608200073,
      1.626480221748352,
      1.5352444648742676,
      1.5371187925338745
   ],
   "batch_train_times": [],
   "val_accuracy": 0.3614864864864865,
   "val_loss": 2.274713342254226,
   "val_accuracy_per_label": [
      0.6818181818181818,
      0.0,
      0.0,
      0.0,
      0.8,
      0.4,
      0.0,
      0.9,
      0.0,
      0.0,
      0.0,
      0.0,
      0.0,
      0.0,
      0.0,
      0.0,
      0.0,
      0.0,
      0.0,
      0.3448275862068966,
      0.7307692307692307,
      0.0,
      0.0,
      0.0,
      0.0,
      0.0,
      0.0,
      0.85,
      0.0,
      0.0,
      0.0,
      0.0,
      0.0,
      0.0,
      0.0,
      0.0,
      0.0,
      0.0,
      0.6666666666666666,
      0.7,
      0.0,
      0.625,
      0.0
   ]
}