{
   "epoch": 32,
   "batch_train_accuracies": [
      0.65625,
      0.546875,
      0.59375,
      0.5625,
      0.625,
      0.578125,
      0.546875,
      0.625,
      0.625,
      0.671875,
      0.484375,
      0.609375,
      0.671875,
      0.75,
      0.6875,
      0.578125,
      0.640625,
      0.65625,
      0.734375,
      0.609375,
      0.65625,
      0.46875,
      0.640625,
      0.515625,
      0.609375,
      0.578125,
      0.65625,
      0.671875,
      0.65625,
      0.59375,
      0.640625,
      0.609375,
      0.640625,
      0.71875,
      0.609375,
      0.671875,
      0.609375,
      0.578125,
      0.625,
      0.578125,
      0.53125,
      0.5625
   ],
   "batch_train_losses": [
      1.6278172731399536,
      1.8793376684188843,
      1.7757648229599,
      1.6625256538391113,
      1.704190731048584,
      1.875891089439392,
      1.6580233573913574,
      1.7888963222503662,
      1.7664669752120972,
      1.7429125308990479,
      1.9501835107803345,
      1.7807928323745728,
      1.627208948135376,
      1.4993869066238403,
      1.7754311561584473,
      1.820768117904663,
      1.7839257717132568,
      1.6242233514785767,
      1.5994057655334473,
      1.6918628215789795,
      1.595821499824524,
      1.9461501836776733,
      1.6747740507125854,
      1.928426742553711,
      1.7734453678131104,
      1.9249811172485352,
      1.7212527990341187,
      1.6607547998428345,
      1.688551664352417,
      1.7859423160552979,
      1.7072292566299438,
      1.6963170766830444,
      1.69635009765625,
      1.5820696353912354,
      1.7793408632278442,
      1.642094373703003,
      1.7416939735412598,
      1.749077558517456,
      1.784501314163208,
      1.6908648014068604,
      1.9422459602355957,
      1.8256354331970215
   ],
   "batch_train_times": [],
   "val_accuracy": 0.3614864864864865,
   "val_loss": 2.6559367179870605,
   "val_accuracy_per_label": [
      0.5454545454545454,
      0.0,
      0.6666666666666666,
      0.0,
      0.4,
      0.0,
      0.0,
      0.65,
      0.0,
      0.0,
      0.0,
      0.0,
      0.0,
      0.0,
      0.0,
      0.0,
      0.0,
      0.0,
      0.0,
      0.9310344827586207,
      1.0,
      0.0,
      0.0,
      0.0,
      0.0,
      0.0,
      0.0,
      0.05,
      0.0,
      0.0,
      0.0,
      0.0,
      0.6,
      0.0,
      0.0,
      0.0,
      0.0,
      0.0,
      1.0,
      0.0,
      0.0,
      0.5,
      0.0
   ]
}