{
   "epoch": 24,
   "batch_train_accuracies": [
      0.546875,
      0.65625,
      0.5625,
      0.6875,
      0.53125,
      0.609375,
      0.6875,
      0.609375,
      0.59375,
      0.671875,
      0.59375,
      0.765625,
      0.734375,
      0.578125,
      0.640625,
      0.734375,
      0.65625,
      0.65625,
      0.484375,
      0.65625,
      0.5625,
      0.640625,
      0.71875,
      0.640625,
      0.71875,
      0.671875,
      0.640625,
      0.796875,
      0.703125,
      0.609375,
      0.546875,
      0.578125,
      0.609375,
      0.71875,
      0.640625,
      0.53125,
      0.546875,
      0.65625,
      0.671875,
      0.71875,
      0.640625,
      0.625
   ],
   "batch_train_losses": [
      1.575872540473938,
      1.63576078414917,
      1.7144707441329956,
      1.4364891052246094,
      1.8322718143463135,
      1.6334965229034424,
      1.5486564636230469,
      1.5453236103057861,
      1.6669238805770874,
      1.5862407684326172,
      1.6237962245941162,
      1.495902180671692,
      1.487990379333496,
      1.6277822256088257,
      1.5108658075332642,
      1.446768879890442,
      1.5312258005142212,
      1.5728899240493774,
      1.7867869138717651,
      1.6067363023757935,
      1.708620548248291,
      1.5840904712677002,
      1.3080557584762573,
      1.6578662395477295,
      1.501509428024292,
      1.509338140487671,
      1.6258125305175781,
      1.1989413499832153,
      1.5270719528198242,
      1.6113699674606323,
      1.7119135856628418,
      1.6450515985488892,
      1.6239633560180664,
      1.4909846782684326,
      1.4887640476226807,
      1.7991966009140015,
      1.7628637552261353,
      1.5810128450393677,
      1.480955719947815,
      1.4676907062530518,
      1.6248149871826172,
      1.8891113996505737
   ],
   "batch_train_times": [],
   "val_accuracy": 0.40540540540540543,
   "val_loss": 2.226411381283322,
   "val_accuracy_per_label": [
      0.9545454545454546,
      0.0,
      0.3333333333333333,
      0.0,
      1.0,
      0.0,
      0.0,
      0.55,
      0.0,
      0.0,
      0.0,
      0.0,
      0.0,
      0.4,
      0.2,
      0.0,
      0.0,
      0.0,
      0.0,
      0.7931034482758621,
      1.0,
      0.0,
      0.0,
      0.2,
      0.0,
      0.0,
      0.0,
      0.45,
      0.0,
      0.0,
      0.0,
      1.0,
      0.4,
      0.0,
      0.0,
      0.0,
      0.0,
      0.0,
      0.5333333333333333,
      0.0,
      0.0,
      0.5,
      0.0
   ]
}