{
   "epoch": 25,
   "batch_train_accuracies": [
      0.671875,
      0.765625,
      0.609375,
      0.625,
      0.59375,
      0.65625,
      0.625,
      0.6875,
      0.71875,
      0.53125,
      0.609375,
      0.625,
      0.609375,
      0.609375,
      0.671875,
      0.578125,
      0.5625,
      0.578125,
      0.609375,
      0.625,
      0.734375,
      0.703125,
      0.6875,
      0.703125,
      0.71875,
      0.71875,
      0.609375,
      0.640625,
      0.640625,
      0.625,
      0.625,
      0.5625,
      0.546875,
      0.6875,
      0.59375,
      0.609375,
      0.5625,
      0.640625,
      0.71875,
      0.703125,
      0.640625,
      0.6875
   ],
   "batch_train_losses": [
      1.6283690929412842,
      1.396923303604126,
      1.5986968278884888,
      1.718122959136963,
      1.7687671184539795,
      1.7014080286026,
      1.6203975677490234,
      1.5306236743927002,
      1.487273097038269,
      1.8132970333099365,
      1.6871109008789062,
      1.6890478134155273,
      1.6045186519622803,
      1.7148823738098145,
      1.4765098094940186,
      1.654189109802246,
      1.716269850730896,
      1.6383956670761108,
      1.489369511604309,
      1.6615639925003052,
      1.3125731945037842,
      1.5258643627166748,
      1.490518569946289,
      1.4032719135284424,
      1.3996659517288208,
      1.4290244579315186,
      1.6937496662139893,
      1.5370712280273438,
      1.5140787363052368,
      1.607126235961914,
      1.6499024629592896,
      1.7659952640533447,
      1.9043052196502686,
      1.4777019023895264,
      1.5957331657409668,
      1.6544743776321411,
      1.6419057846069336,
      1.6102138757705688,
      1.4788438081741333,
      1.4640189409255981,
      1.7484562397003174,
      1.5770041942596436
   ],
   "batch_train_times": [],
   "val_accuracy": 0.4189189189189189,
   "val_loss": 2.4197964281649202,
   "val_accuracy_per_label": [
      1.0,
      0.0,
      0.0,
      0.0,
      1.0,
      0.0,
      0.0,
      0.5,
      0.0,
      0.0,
      0.0,
      0.0,
      0.0,
      0.2,
      0.4,
      0.0,
      0.0,
      0.0,
      0.0,
      0.896551724137931,
      0.6538461538461539,
      0.0,
      0.0,
      0.6,
      0.0,
      0.0,
      0.0,
      0.95,
      0.0,
      0.0,
      0.0,
      0.0,
      0.2,
      0.0,
      0.0,
      0.0,
      0.0,
      0.0,
      0.7333333333333333,
      0.2,
      0.0,
      0.625,
      0.0
   ]
}