{
   "epoch": 41,
   "batch_train_accuracies": [
      0.578125,
      0.5625,
      0.5625,
      0.375,
      0.515625,
      0.6875,
      0.578125,
      0.53125,
      0.5625,
      0.578125,
      0.671875,
      0.484375,
      0.484375,
      0.625,
      0.546875,
      0.609375,
      0.515625,
      0.625,
      0.53125,
      0.703125,
      0.578125,
      0.515625,
      0.53125,
      0.5625,
      0.59375,
      0.5625,
      0.53125,
      0.53125,
      0.5625,
      0.53125,
      0.578125,
      0.546875,
      0.671875,
      0.609375,
      0.5625,
      0.546875,
      0.546875,
      0.5625,
      0.5,
      0.515625,
      0.578125,
      0.5
   ],
   "batch_train_losses": [
      2.0249433517456055,
      2.118898868560791,
      2.1144447326660156,
      2.4281554222106934,
      2.069127082824707,
      1.8871675729751587,
      2.0939648151397705,
      2.1292715072631836,
      2.063743829727173,
      2.0607781410217285,
      1.8668283224105835,
      2.1356775760650635,
      2.2608189582824707,
      1.9736301898956299,
      2.154977321624756,
      1.9950975179672241,
      2.201200246810913,
      1.9689756631851196,
      2.210641384124756,
      1.8558769226074219,
      2.049877882003784,
      2.0726306438446045,
      2.039100170135498,
      2.146695613861084,
      1.9958027601242065,
      2.088362216949463,
      2.1326093673706055,
      2.0666651725769043,
      2.0606465339660645,
      2.0008316040039062,
      1.977854609489441,
      2.0077991485595703,
      1.9383296966552734,
      1.9801510572433472,
      2.014432191848755,
      2.0590932369232178,
      2.094312906265259,
      2.060171604156494,
      2.187572956085205,
      2.1671814918518066,
      2.0621211528778076,
      2.2375292778015137
   ],
   "batch_train_times": [],
   "val_accuracy": 0.34121621621621623,
   "val_loss": 2.5825509251774967,
   "val_accuracy_per_label": [
      0.45454545454545453,
      0.0,
      0.0,
      0.0,
      0.0,
      0.0,
      0.0,
      0.85,
      0.0,
      0.0,
      0.0,
      0.0,
      0.0,
      0.0,
      0.0,
      0.0,
      0.0,
      0.0,
      0.0,
      1.0,
      0.6538461538461539,
      0.0,
      0.0,
      0.2,
      0.0,
      0.0,
      0.0,
      0.2,
      0.0,
      0.0,
      0.0,
      0.0,
      0.0,
      0.0,
      0.0,
      0.0,
      0.0,
      0.0,
      1.0,
      0.3,
      0.0,
      0.625,
      0.0
   ]
}