{
   "epoch": 2,
   "batch_train_accuracies": [
      0.4375,
      0.265625,
      0.34375,
      0.296875,
      0.40625,
      0.375,
      0.375,
      0.34375,
      0.5,
      0.4375,
      0.4375,
      0.421875,
      0.421875,
      0.53125,
      0.390625,
      0.359375,
      0.421875,
      0.5,
      0.40625,
      0.375,
      0.390625,
      0.46875,
      0.53125,
      0.453125,
      0.421875,
      0.5,
      0.328125,
      0.328125,
      0.5625,
      0.453125,
      0.40625,
      0.4375,
      0.5,
      0.484375,
      0.46875,
      0.421875,
      0.4375,
      0.390625,
      0.421875,
      0.515625,
      0.46875,
      0.3125
   ],
   "batch_train_losses": [
      2.3059794902801514,
      2.520292043685913,
      2.5558767318725586,
      2.5338973999023438,
      2.3251407146453857,
      2.472949981689453,
      2.5073184967041016,
      2.4270501136779785,
      2.2030587196350098,
      2.3521761894226074,
      2.187551975250244,
      2.2861838340759277,
      2.242382049560547,
      2.191202163696289,
      2.312797784805298,
      2.4305310249328613,
      2.3345212936401367,
      2.230455160140991,
      2.265402317047119,
      2.3920481204986572,
      2.243610382080078,
      2.120821237564087,
      2.18160080909729,
      2.3236992359161377,
      2.2497541904449463,
      2.063762903213501,
      2.288449764251709,
      2.414712905883789,
      2.069364309310913,
      1.9996821880340576,
      2.2329318523406982,
      2.108677387237549,
      2.044508457183838,
      2.0508828163146973,
      2.029994249343872,
      2.265023946762085,
      2.1660149097442627,
      2.3246254920959473,
      2.2517576217651367,
      2.0484938621520996,
      2.0251309871673584,
      2.5268948078155518
   ],
   "batch_train_times": [],
   "val_accuracy": 0.20608108108108109,
   "val_loss": 3.38210425505767,
   "val_accuracy_per_label": [
      0.3181818181818182,
      0.0,
      0.0,
      0.0,
      0.0,
      0.0,
      0.0,
      0.85,
      0.0,
      0.0,
      0.0,
      0.0,
      0.0,
      0.2,
      0.0,
      0.0,
      0.0,
      0.0,
      0.0,
      0.9655172413793104,
      0.0,
      0.0,
      0.0,
      0.0,
      0.0,
      0.0,
      0.0,
      0.0,
      0.0,
      0.0,
      0.0,
      0.0,
      0.0,
      0.0,
      0.0,
      0.0,
      0.0,
      0.0,
      0.0,
      0.7,
      0.0,
      0.125,
      0.0
   ]
}