{
   "epoch": 43,
   "batch_train_accuracies": [
      0.546875,
      0.5,
      0.4375,
      0.53125,
      0.59375,
      0.5625,
      0.5625,
      0.65625,
      0.515625,
      0.515625,
      0.421875,
      0.59375,
      0.578125,
      0.625,
      0.53125,
      0.53125,
      0.59375,
      0.59375,
      0.609375,
      0.53125,
      0.6875,
      0.53125,
      0.671875,
      0.484375,
      0.5625,
      0.5625,
      0.515625,
      0.40625,
      0.625,
      0.625,
      0.625,
      0.65625,
      0.5,
      0.578125,
      0.515625,
      0.453125,
      0.453125,
      0.578125,
      0.609375,
      0.546875,
      0.625,
      0.6875
   ],
   "batch_train_losses": [
      2.174421787261963,
      2.2943601608276367,
      2.303220510482788,
      2.204085111618042,
      2.080476760864258,
      2.1304404735565186,
      2.061945676803589,
      1.9708141088485718,
      2.305964231491089,
      2.1904540061950684,
      2.3773512840270996,
      2.122941732406616,
      2.0829832553863525,
      2.094104766845703,
      2.1486122608184814,
      2.2096714973449707,
      2.0674846172332764,
      2.001675844192505,
      2.024177312850952,
      2.1717631816864014,
      2.0157268047332764,
      2.1531922817230225,
      1.9352818727493286,
      2.2334094047546387,
      2.0933752059936523,
      2.1804442405700684,
      2.0681004524230957,
      2.371634006500244,
      2.001312732696533,
      1.9363713264465332,
      2.026546001434326,
      1.8864712715148926,
      2.199274778366089,
      2.1097023487091064,
      2.22186279296875,
      2.393544912338257,
      2.339963912963867,
      2.1834590435028076,
      2.1598079204559326,
      2.1467816829681396,
      2.031986951828003,
      2.0577433109283447
   ],
   "batch_train_times": [],
   "val_accuracy": 0.34459459459459457,
   "val_loss": 3.0264583922721244,
   "val_accuracy_per_label": [
      0.45454545454545453,
      0.0,
      0.0,
      0.0,
      0.0,
      0.0,
      0.0,
      1.0,
      0.0,
      0.0,
      0.0,
      0.0,
      0.0,
      0.0,
      0.0,
      0.0,
      0.0,
      0.0,
      0.0,
      0.7931034482758621,
      0.7692307692307693,
      0.0,
      0.0,
      0.6,
      0.0,
      0.0,
      0.0,
      0.35,
      0.0,
      0.0,
      0.0,
      0.0,
      0.0,
      0.0,
      0.0,
      0.0,
      0.0,
      0.0,
      0.9333333333333333,
      0.0,
      0.0,
      0.625,
      0.0
   ]
}