{
   "epoch": 46,
   "batch_train_accuracies": [
      0.484375,
      0.515625,
      0.609375,
      0.546875,
      0.46875,
      0.65625,
      0.640625,
      0.703125,
      0.515625,
      0.53125,
      0.421875,
      0.546875,
      0.609375,
      0.546875,
      0.578125,
      0.515625,
      0.625,
      0.53125,
      0.609375,
      0.5625,
      0.484375,
      0.578125,
      0.453125,
      0.5625,
      0.625,
      0.59375,
      0.4375,
      0.421875,
      0.484375,
      0.5625,
      0.375,
      0.65625,
      0.546875,
      0.5,
      0.53125,
      0.53125,
      0.53125,
      0.78125,
      0.546875,
      0.625,
      0.640625,
      0.375
   ],
   "batch_train_losses": [
      2.343857526779175,
      2.292482376098633,
      2.1196959018707275,
      2.212959051132202,
      2.322192907333374,
      1.9719878435134888,
      2.047701835632324,
      2.016155242919922,
      2.2318410873413086,
      2.236048460006714,
      2.368753433227539,
      2.2012100219726562,
      2.0753564834594727,
      2.174302816390991,
      2.221327543258667,
      2.3015077114105225,
      2.161118745803833,
      2.2364604473114014,
      2.1302201747894287,
      2.2009165287017822,
      2.322462797164917,
      2.3018712997436523,
      2.38895583152771,
      2.207948923110962,
      2.0041067600250244,
      2.165151834487915,
      2.4048891067504883,
      2.5186047554016113,
      2.243938684463501,
      2.196927070617676,
      2.5501110553741455,
      2.124191999435425,
      2.2229678630828857,
      2.3465211391448975,
      2.235507011413574,
      2.1944620609283447,
      2.2597768306732178,
      1.8938672542572021,
      2.2145097255706787,
      2.171736478805542,
      2.086005926132202,
      2.6540098190307617
   ],
   "batch_train_times": [],
   "val_accuracy": 0.3344594594594595,
   "val_loss": 2.748254531138652,
   "val_accuracy_per_label": [
      0.8181818181818182,
      0.0,
      0.0,
      0.0,
      0.0,
      0.0,
      0.0,
      0.85,
      0.0,
      0.0,
      0.0,
      0.0,
      0.0,
      0.0,
      0.0,
      0.0,
      0.0,
      0.0,
      0.0,
      1.0,
      0.5,
      0.0,
      0.0,
      0.0,
      0.0,
      0.0,
      0.0,
      0.7,
      0.0,
      0.0,
      0.0,
      0.0,
      0.0,
      0.0,
      0.0,
      0.0,
      0.0,
      0.0,
      0.2,
      0.4,
      0.0,
      0.125,
      0.0
   ]
}