{
   "epoch": 28,
   "batch_train_accuracies": [
      0.671875,
      0.578125,
      0.671875,
      0.6875,
      0.59375,
      0.625,
      0.71875,
      0.65625,
      0.53125,
      0.578125,
      0.6875,
      0.671875,
      0.546875,
      0.53125,
      0.578125,
      0.6875,
      0.59375,
      0.625,
      0.5625,
      0.671875,
      0.734375,
      0.59375,
      0.640625,
      0.6875,
      0.609375,
      0.65625,
      0.609375,
      0.703125,
      0.671875,
      0.734375,
      0.625,
      0.578125,
      0.59375,
      0.59375,
      0.625,
      0.515625,
      0.578125,
      0.71875,
      0.578125,
      0.484375,
      0.625,
      0.75
   ],
   "batch_train_losses": [
      1.467281699180603,
      1.736171841621399,
      1.7918730974197388,
      1.7041802406311035,
      1.6937615871429443,
      1.5870153903961182,
      1.513494610786438,
      1.7346031665802002,
      1.9304169416427612,
      1.8146084547042847,
      1.5187455415725708,
      1.4686435461044312,
      1.8678444623947144,
      1.7818608283996582,
      1.748524785041809,
      1.4244974851608276,
      1.6401418447494507,
      1.5653244256973267,
      1.722396969795227,
      1.607781171798706,
      1.4791439771652222,
      1.5908387899398804,
      1.6672215461730957,
      1.6047238111495972,
      1.547292947769165,
      1.5668162107467651,
      1.7654536962509155,
      1.4830162525177002,
      1.5506055355072021,
      1.6385111808776855,
      1.6933618783950806,
      1.8390262126922607,
      1.6348927021026611,
      1.721824288368225,
      1.6712313890457153,
      1.9052200317382812,
      1.732652187347412,
      1.582120656967163,
      1.8203372955322266,
      1.789419412612915,
      1.6532135009765625,
      1.3887077569961548
   ],
   "batch_train_times": [],
   "val_accuracy": 0.44594594594594594,
   "val_loss": 2.175720859218288,
   "val_accuracy_per_label": [
      0.8181818181818182,
      0.0,
      0.6666666666666666,
      0.0,
      0.0,
      0.2,
      0.0,
      0.7,
      0.0,
      0.0,
      0.0,
      0.0,
      0.0,
      0.0,
      0.8,
      0.0,
      0.0,
      0.0,
      0.0,
      0.9655172413793104,
      0.9615384615384616,
      0.0,
      0.0,
      1.0,
      0.0,
      0.0,
      0.0,
      0.55,
      0.0,
      0.0,
      0.0,
      0.0,
      0.6,
      0.0,
      0.0,
      0.0,
      0.0,
      0.0,
      0.7333333333333333,
      0.0,
      0.0,
      1.0,
      0.0
   ]
}