{
   "epoch": 44,
   "batch_train_accuracies": [
      0.5625,
      0.5625,
      0.484375,
      0.578125,
      0.640625,
      0.578125,
      0.65625,
      0.4375,
      0.640625,
      0.609375,
      0.53125,
      0.546875,
      0.625,
      0.515625,
      0.5,
      0.59375,
      0.59375,
      0.703125,
      0.53125,
      0.515625,
      0.5,
      0.546875,
      0.625,
      0.546875,
      0.5,
      0.421875,
      0.515625,
      0.546875,
      0.546875,
      0.5625,
      0.5625,
      0.53125,
      0.65625,
      0.59375,
      0.625,
      0.453125,
      0.578125,
      0.546875,
      0.484375,
      0.59375,
      0.5625,
      0.5
   ],
   "batch_train_losses": [
      2.153669834136963,
      2.179197072982788,
      2.3451507091522217,
      2.1672425270080566,
      1.848259449005127,
      2.127140522003174,
      1.9884761571884155,
      2.2942276000976562,
      2.073418140411377,
      2.097261428833008,
      2.139535903930664,
      2.169649839401245,
      1.985182762145996,
      2.232591390609741,
      2.247065544128418,
      2.1209213733673096,
      2.0488522052764893,
      1.8598781824111938,
      2.1228606700897217,
      2.1706831455230713,
      2.2689661979675293,
      2.20536732673645,
      2.026028871536255,
      2.221292495727539,
      2.1114938259124756,
      2.3249971866607666,
      2.095386028289795,
      2.124560594558716,
      2.143550395965576,
      2.208235740661621,
      2.102715492248535,
      2.26936411857605,
      1.9699459075927734,
      2.2076518535614014,
      2.064549684524536,
      2.255133867263794,
      2.107017993927002,
      2.256617784500122,
      2.278496503829956,
      2.045469284057617,
      2.288832426071167,
      2.51859188079834
   ],
   "batch_train_times": [],
   "val_accuracy": 0.3716216216216216,
   "val_loss": 2.703916478801418,
   "val_accuracy_per_label": [
      0.6363636363636364,
      0.0,
      0.0,
      0.0,
      0.0,
      0.0,
      0.0,
      0.8,
      0.0,
      0.0,
      0.0,
      0.0,
      0.0,
      0.0,
      0.0,
      0.0,
      0.0,
      0.0,
      0.0,
      0.9310344827586207,
      1.0,
      0.0,
      0.0,
      0.6,
      0.0,
      0.0,
      0.0,
      0.25,
      0.0,
      0.0,
      0.0,
      0.0,
      0.0,
      0.0,
      0.0,
      0.0,
      0.0,
      0.0,
      0.8,
      0.0,
      0.0,
      0.875,
      0.0
   ]
}