{
   "epoch": 14,
   "batch_train_accuracies": [
      0.59375,
      0.765625,
      0.609375,
      0.578125,
      0.578125,
      0.703125,
      0.609375,
      0.625,
      0.703125,
      0.640625,
      0.75,
      0.734375,
      0.53125,
      0.484375,
      0.46875,
      0.59375,
      0.640625,
      0.578125,
      0.609375,
      0.640625,
      0.53125,
      0.59375,
      0.71875,
      0.59375,
      0.578125,
      0.65625,
      0.671875,
      0.546875,
      0.59375,
      0.6875,
      0.578125,
      0.75,
      0.578125,
      0.609375,
      0.59375,
      0.515625,
      0.625,
      0.65625,
      0.625,
      0.4375,
      0.734375,
      0.5625
   ],
   "batch_train_losses": [
      1.4836024045944214,
      1.3599491119384766,
      1.7953932285308838,
      1.5612847805023193,
      1.61886465549469,
      1.5565792322158813,
      1.70790433883667,
      1.5832847356796265,
      1.4931800365447998,
      1.4140212535858154,
      1.342477560043335,
      1.3341374397277832,
      1.801792025566101,
      1.7173974514007568,
      1.7887212038040161,
      1.5065618753433228,
      1.4537639617919922,
      1.5953428745269775,
      1.5232410430908203,
      1.5350024700164795,
      1.6314142942428589,
      1.590125560760498,
      1.3999119997024536,
      1.5592344999313354,
      1.549540638923645,
      1.3379828929901123,
      1.3823246955871582,
      1.5741467475891113,
      1.5649821758270264,
      1.5168427228927612,
      1.5602147579193115,
      1.1724234819412231,
      1.6036335229873657,
      1.3065929412841797,
      1.2488279342651367,
      1.7141138315200806,
      1.3864847421646118,
      1.4474787712097168,
      1.509185791015625,
      1.6985270977020264,
      1.311808466911316,
      1.8865348100662231
   ],
   "batch_train_times": [],
   "val_accuracy": 0.4831081081081081,
   "val_loss": 2.0061187228640995,
   "val_accuracy_per_label": [
      0.7272727272727273,
      0.0,
      0.5,
      0.0,
      1.0,
      0.6,
      0.0,
      0.9,
      0.0,
      0.0,
      0.0,
      0.0,
      0.0,
      0.8,
      0.8,
      0.0,
      0.0,
      0.0,
      0.2,
      0.9655172413793104,
      1.0,
      0.0,
      0.0,
      0.4,
      0.0,
      0.0,
      0.0,
      0.65,
      0.0,
      0.0,
      0.0,
      0.2,
      0.6,
      0.0,
      0.0,
      0.0,
      0.0,
      0.0,
      0.3333333333333333,
      0.6,
      0.0,
      0.625,
      0.0
   ]
}