{
   "epoch": 26,
   "batch_train_accuracies": [
      0.578125,
      0.4375,
      0.546875,
      0.625,
      0.65625,
      0.640625,
      0.609375,
      0.625,
      0.578125,
      0.484375,
      0.5625,
      0.65625,
      0.5625,
      0.578125,
      0.625,
      0.734375,
      0.703125,
      0.671875,
      0.671875,
      0.6875,
      0.796875,
      0.609375,
      0.6875,
      0.484375,
      0.640625,
      0.640625,
      0.65625,
      0.578125,
      0.640625,
      0.703125,
      0.609375,
      0.625,
      0.5625,
      0.640625,
      0.640625,
      0.65625,
      0.65625,
      0.59375,
      0.640625,
      0.609375,
      0.734375,
      0.5
   ],
   "batch_train_losses": [
      1.6771600246429443,
      1.9855680465698242,
      1.7826244831085205,
      1.9070699214935303,
      1.6120527982711792,
      1.5507477521896362,
      1.664113998413086,
      1.6331311464309692,
      1.6348159313201904,
      1.8771779537200928,
      1.7803207635879517,
      1.6193264722824097,
      1.684985876083374,
      1.7289199829101562,
      1.581422209739685,
      1.6461095809936523,
      1.4477887153625488,
      1.6380223035812378,
      1.6615146398544312,
      1.5670491456985474,
      1.354328989982605,
      1.7338699102401733,
      1.5010654926300049,
      1.8152490854263306,
      1.4735182523727417,
      1.7056796550750732,
      1.5879651308059692,
      1.7432925701141357,
      1.607140302658081,
      1.5378315448760986,
      1.8082094192504883,
      1.5213794708251953,
      1.6761835813522339,
      1.5020880699157715,
      1.5974600315093994,
      1.528867244720459,
      1.6551119089126587,
      1.719227910041809,
      1.4819976091384888,
      1.5989556312561035,
      1.5020525455474854,
      1.78524649143219
   ],
   "batch_train_times": [],
   "val_accuracy": 0.39864864864864863,
   "val_loss": 2.4108001025947363,
   "val_accuracy_per_label": [
      0.9090909090909091,
      0.0,
      0.0,
      0.0,
      0.4,
      0.0,
      0.0,
      0.8,
      0.0,
      0.0,
      0.0,
      0.0,
      0.0,
      0.0,
      0.0,
      0.0,
      0.0,
      0.0,
      0.8,
      0.9655172413793104,
      0.38461538461538464,
      0.0,
      0.0,
      0.8,
      0.0,
      0.0,
      0.0,
      1.0,
      0.0,
      0.0,
      0.0,
      0.0,
      0.0,
      0.0,
      0.0,
      0.0,
      0.0,
      0.0,
      0.5333333333333333,
      0.0,
      0.0,
      0.75,
      0.0
   ]
}