{
   "epoch": 8,
   "batch_train_accuracies": [
      0.609375,
      0.5,
      0.4375,
      0.65625,
      0.59375,
      0.5,
      0.640625,
      0.546875,
      0.6875,
      0.5625,
      0.484375,
      0.515625,
      0.5625,
      0.515625,
      0.546875,
      0.5625,
      0.578125,
      0.53125,
      0.359375,
      0.546875,
      0.5625,
      0.53125,
      0.578125,
      0.59375,
      0.578125,
      0.625,
      0.59375,
      0.5625,
      0.734375,
      0.515625,
      0.5625,
      0.453125,
      0.53125,
      0.5625,
      0.609375,
      0.65625,
      0.546875,
      0.625,
      0.609375,
      0.671875,
      0.671875,
      0.6875
   ],
   "batch_train_losses": [
      1.5940885543823242,
      1.7139261960983276,
      1.8929800987243652,
      1.498890995979309,
      1.5984508991241455,
      1.7375588417053223,
      1.4939074516296387,
      1.7267898321151733,
      1.3812785148620605,
      1.71664559841156,
      1.8578293323516846,
      1.6355886459350586,
      1.6419838666915894,
      1.7189736366271973,
      1.6062902212142944,
      1.6363415718078613,
      1.6111863851547241,
      1.9007089138031006,
      1.8960825204849243,
      1.5357005596160889,
      1.7438989877700806,
      1.7585091590881348,
      1.7062263488769531,
      1.4858471155166626,
      1.5135551691055298,
      1.494943380355835,
      1.499221920967102,
      1.5729000568389893,
      1.2727538347244263,
      1.6633152961730957,
      1.7273756265640259,
      1.754306435585022,
      1.679486632347107,
      1.5419976711273193,
      1.4695371389389038,
      1.4411834478378296,
      1.674103856086731,
      1.427446722984314,
      1.5782647132873535,
      1.3984049558639526,
      1.2844473123550415,
      1.3030309677124023
   ],
   "batch_train_times": [],
   "val_accuracy": 0.30067567567567566,
   "val_loss": 2.49387830656928,
   "val_accuracy_per_label": [
      0.5,
      0.0,
      0.0,
      0.0,
      0.2,
      0.0,
      0.0,
      0.85,
      0.0,
      0.0,
      0.0,
      0.0,
      0.4,
      0.0,
      0.0,
      0.0,
      0.0,
      0.0,
      0.0,
      0.27586206896551724,
      0.6538461538461539,
      0.0,
      0.0,
      0.4,
      0.0,
      0.0,
      0.0,
      0.95,
      0.0,
      0.0,
      0.0,
      0.0,
      0.8,
      0.0,
      0.0,
      0.0,
      0.0,
      0.0,
      0.06666666666666667,
      0.2,
      0.0,
      0.625,
      0.0
   ]
}