{
   "epoch": 12,
   "batch_train_accuracies": [
      0.65625,
      0.515625,
      0.59375,
      0.625,
      0.53125,
      0.640625,
      0.671875,
      0.578125,
      0.5625,
      0.625,
      0.640625,
      0.609375,
      0.5625,
      0.71875,
      0.609375,
      0.65625,
      0.71875,
      0.546875,
      0.578125,
      0.71875,
      0.578125,
      0.640625,
      0.609375,
      0.640625,
      0.59375,
      0.65625,
      0.5625,
      0.53125,
      0.6875,
      0.578125,
      0.609375,
      0.59375,
      0.609375,
      0.640625,
      0.625,
      0.59375,
      0.65625,
      0.640625,
      0.625,
      0.671875,
      0.5625,
      0.1875
   ],
   "batch_train_losses": [
      1.5070831775665283,
      1.7540875673294067,
      1.5066958665847778,
      1.4306585788726807,
      1.6094858646392822,
      1.467171549797058,
      1.4810701608657837,
      1.531156063079834,
      1.6079332828521729,
      1.4828819036483765,
      1.4999771118164062,
      1.4768325090408325,
      1.5736700296401978,
      1.2973719835281372,
      1.6037636995315552,
      1.4493392705917358,
      1.3885116577148438,
      1.5703073740005493,
      1.5738556385040283,
      1.308651328086853,
      1.6493213176727295,
      1.520407795906067,
      1.406848669052124,
      1.429102897644043,
      1.4225645065307617,
      1.3802452087402344,
      1.623213529586792,
      1.5815504789352417,
      1.3209502696990967,
      1.5760560035705566,
      1.4408376216888428,
      1.5159283876419067,
      1.4527764320373535,
      1.4783989191055298,
      1.5858713388442993,
      1.5216144323349,
      1.4311364889144897,
      1.4797728061676025,
      1.465502142906189,
      1.3913031816482544,
      1.6256072521209717,
      2.532749891281128
   ],
   "batch_train_times": [],
   "val_accuracy": 0.19932432432432431,
   "val_loss": 3.234026606018479,
   "val_accuracy_per_label": [
      0.4090909090909091,
      0.0,
      0.0,
      0.0,
      1.0,
      0.6,
      0.0,
      0.65,
      0.0,
      0.6,
      0.0,
      0.0,
      0.4,
      0.0,
      0.0,
      0.0,
      0.0,
      0.0,
      0.0,
      0.0,
      0.3076923076923077,
      0.0,
      0.0,
      0.0,
      0.0,
      0.0,
      0.0,
      0.0,
      0.0,
      0.0,
      0.0,
      0.0,
      0.2,
      0.0,
      0.0,
      0.25,
      0.0,
      0.0,
      0.3333333333333333,
      0.7,
      0.0,
      0.25,
      0.0
   ]
}