{
   "epoch": 5,
   "batch_train_accuracies": [
      0.546875,
      0.359375,
      0.421875,
      0.609375,
      0.59375,
      0.515625,
      0.578125,
      0.515625,
      0.390625,
      0.53125,
      0.484375,
      0.5,
      0.421875,
      0.5625,
      0.484375,
      0.59375,
      0.46875,
      0.5,
      0.5,
      0.4375,
      0.4375,
      0.5,
      0.546875,
      0.53125,
      0.421875,
      0.5,
      0.40625,
      0.53125,
      0.4375,
      0.484375,
      0.5,
      0.640625,
      0.515625,
      0.609375,
      0.4375,
      0.46875,
      0.53125,
      0.6875,
      0.578125,
      0.578125,
      0.578125,
      0.3125
   ],
   "batch_train_losses": [
      1.6430338621139526,
      2.057734727859497,
      1.9965659379959106,
      1.6646602153778076,
      1.5888079404830933,
      1.787177562713623,
      1.8348093032836914,
      1.6067804098129272,
      1.9741647243499756,
      1.7763442993164062,
      1.7553462982177734,
      1.690752387046814,
      1.8916213512420654,
      1.6902652978897095,
      1.7443629503250122,
      1.6291080713272095,
      1.8494141101837158,
      1.8456321954727173,
      1.8858896493911743,
      1.9430878162384033,
      1.9831101894378662,
      1.7339990139007568,
      1.717809796333313,
      1.7975367307662964,
      1.940282940864563,
      1.8236724138259888,
      1.8881608247756958,
      1.8482965230941772,
      1.8514368534088135,
      1.6289610862731934,
      1.785630702972412,
      1.6398593187332153,
      1.6995364427566528,
      1.5207935571670532,
      1.8457262516021729,
      1.6993610858917236,
      1.62481689453125,
      1.4577234983444214,
      1.6249455213546753,
      1.6147791147232056,
      1.5229896306991577,
      2.298983335494995
   ],
   "batch_train_times": [],
   "val_accuracy": 0.20608108108108109,
   "val_loss": 2.855875956045615,
   "val_accuracy_per_label": [
      0.7272727272727273,
      0.0,
      0.0,
      0.0,
      0.4,
      0.2,
      0.0,
      0.7,
      0.0,
      0.0,
      0.0,
      0.0,
      0.0,
      0.8,
      0.0,
      0.0,
      0.0,
      0.0,
      0.0,
      0.0,
      0.3076923076923077,
      0.0,
      0.0,
      0.0,
      0.0,
      0.0,
      0.0,
      0.0,
      0.0,
      0.0,
      0.0,
      0.0,
      0.0,
      0.0,
      0.0,
      0.0,
      0.0,
      0.0,
      0.4,
      0.4,
      0.0,
      0.75,
      0.0
   ]
}