{
   "epoch": 36,
   "batch_train_accuracies": [
      0.703125,
      0.5625,
      0.609375,
      0.578125,
      0.46875,
      0.578125,
      0.46875,
      0.640625,
      0.59375,
      0.5625,
      0.671875,
      0.515625,
      0.53125,
      0.640625,
      0.625,
      0.640625,
      0.59375,
      0.65625,
      0.59375,
      0.609375,
      0.59375,
      0.546875,
      0.6875,
      0.671875,
      0.671875,
      0.578125,
      0.640625,
      0.546875,
      0.65625,
      0.703125,
      0.546875,
      0.640625,
      0.53125,
      0.609375,
      0.625,
      0.578125,
      0.65625,
      0.6875,
      0.625,
      0.671875,
      0.65625,
      0.4375
   ],
   "batch_train_losses": [
      1.5779567956924438,
      1.9905891418457031,
      1.7141335010528564,
      1.8833913803100586,
      1.9196186065673828,
      1.9089336395263672,
      2.0867834091186523,
      1.775351881980896,
      1.9475404024124146,
      1.939658284187317,
      1.879199743270874,
      2.004178047180176,
      1.918277382850647,
      1.7353878021240234,
      1.9469377994537354,
      1.829742670059204,
      1.9016348123550415,
      1.7395199537277222,
      1.8119871616363525,
      1.783513069152832,
      1.8237181901931763,
      1.8461976051330566,
      1.6833717823028564,
      1.6040441989898682,
      1.824737548828125,
      1.8413738012313843,
      1.8915154933929443,
      1.9541465044021606,
      1.9372154474258423,
      1.7655421495437622,
      1.941877007484436,
      1.8191853761672974,
      2.03853702545166,
      1.853603482246399,
      1.9228616952896118,
      1.850428819656372,
      1.8190993070602417,
      1.7494585514068604,
      1.6890435218811035,
      1.684315800666809,
      1.7152729034423828,
      2.3042776584625244
   ],
   "batch_train_times": [],
   "val_accuracy": 0.3277027027027027,
   "val_loss": 2.7437198742015942,
   "val_accuracy_per_label": [
      0.3181818181818182,
      0.0,
      0.0,
      0.0,
      0.0,
      0.0,
      0.0,
      0.85,
      0.0,
      0.0,
      0.0,
      0.0,
      0.2,
      0.0,
      0.0,
      0.0,
      0.0,
      0.0,
      0.0,
      0.7586206896551724,
      0.9615384615384616,
      0.0,
      0.0,
      1.0,
      0.0,
      0.0,
      0.0,
      0.4,
      0.0,
      0.0,
      0.0,
      0.0,
      0.0,
      0.0,
      0.0,
      0.0,
      0.0,
      0.0,
      0.6666666666666666,
      0.0,
      0.0,
      0.25,
      0.0
   ]
}