{
   "epoch": 8,
   "batch_train_accuracies": [
      0.484375,
      0.4375,
      0.53125,
      0.5625,
      0.5625,
      0.53125,
      0.5625,
      0.4375,
      0.546875,
      0.5,
      0.5625,
      0.5625,
      0.5625,
      0.609375,
      0.609375,
      0.453125,
      0.515625,
      0.546875,
      0.546875,
      0.59375,
      0.515625,
      0.5625,
      0.46875,
      0.453125,
      0.515625,
      0.484375,
      0.609375,
      0.453125,
      0.546875,
      0.5625,
      0.484375,
      0.53125,
      0.5,
      0.546875,
      0.4375,
      0.546875,
      0.578125,
      0.578125,
      0.609375,
      0.59375,
      0.609375,
      0.4375
   ],
   "batch_train_losses": [
      2.276418447494507,
      2.2400052547454834,
      2.168616771697998,
      2.048689603805542,
      2.1210830211639404,
      2.0725138187408447,
      2.103548526763916,
      2.327101469039917,
      2.0470364093780518,
      2.1990461349487305,
      1.9807136058807373,
      2.1231563091278076,
      2.086965799331665,
      2.058372974395752,
      2.0684850215911865,
      2.232215642929077,
      2.3063924312591553,
      2.0746090412139893,
      2.191180467605591,
      2.0451700687408447,
      2.2102620601654053,
      2.056504011154175,
      2.2407355308532715,
      2.194763422012329,
      2.1844048500061035,
      2.1072306632995605,
      2.016158103942871,
      2.2823069095611572,
      2.042478322982788,
      2.0803098678588867,
      2.006467580795288,
      2.124378204345703,
      2.1228179931640625,
      2.0420782566070557,
      2.193563222885132,
      1.9855568408966064,
      1.9792945384979248,
      1.9514180421829224,
      1.927695631980896,
      1.9161792993545532,
      2.07657527923584,
      2.3866124153137207
   ],
   "batch_train_times": [],
   "val_accuracy": 0.3344594594594595,
   "val_loss": 2.7780705658165186,
   "val_accuracy_per_label": [
      0.6818181818181818,
      0.0,
      0.0,
      0.0,
      0.6,
      0.2,
      0.0,
      0.8,
      0.0,
      0.0,
      0.0,
      0.0,
      0.0,
      0.8,
      0.0,
      0.0,
      0.0,
      0.0,
      0.0,
      0.6896551724137931,
      0.8461538461538461,
      0.0,
      0.0,
      0.0,
      0.0,
      0.1,
      0.0,
      0.05,
      0.0,
      0.0,
      0.0,
      0.0,
      0.0,
      0.0,
      0.0,
      0.0,
      0.0,
      0.0,
      0.3333333333333333,
      0.5,
      0.0,
      0.75,
      0.0
   ]
}