{
   "epoch": 33,
   "batch_train_accuracies": [
      0.78125,
      0.546875,
      0.765625,
      0.625,
      0.828125,
      0.734375,
      0.765625,
      0.625,
      0.765625,
      0.71875,
      0.703125,
      0.640625,
      0.671875,
      0.828125,
      0.640625,
      0.796875,
      0.6875,
      0.78125,
      0.671875,
      0.671875,
      0.671875,
      0.734375,
      0.734375,
      0.578125,
      0.6875,
      0.703125,
      0.625,
      0.765625,
      0.796875,
      0.640625,
      0.75,
      0.59375,
      0.828125,
      0.734375,
      0.75,
      0.828125,
      0.78125,
      0.71875,
      0.546875,
      0.71875,
      0.578125,
      0.8125
   ],
   "batch_train_losses": [
      1.2618553638458252,
      1.6389509439468384,
      1.3298481702804565,
      1.5232489109039307,
      1.2102842330932617,
      1.4116231203079224,
      1.182502031326294,
      1.5568768978118896,
      1.1873797178268433,
      1.4171288013458252,
      1.4015679359436035,
      1.5618706941604614,
      1.4899119138717651,
      1.2266159057617188,
      1.4602528810501099,
      1.3499715328216553,
      1.4718326330184937,
      1.4136550426483154,
      1.3953737020492554,
      1.5151838064193726,
      1.4942631721496582,
      1.2608522176742554,
      1.2995485067367554,
      1.6631405353546143,
      1.5641560554504395,
      1.376875877380371,
      1.5554918050765991,
      1.2610348463058472,
      1.1264930963516235,
      1.5422286987304688,
      1.248681664466858,
      1.6277886629104614,
      1.082511067390442,
      1.3988676071166992,
      1.369312047958374,
      1.1079751253128052,
      1.3803983926773071,
      1.2723926305770874,
      1.751563549041748,
      1.2635111808776855,
      1.5068693161010742,
      1.4562678337097168
   ],
   "batch_train_times": [],
   "val_accuracy": 0.44932432432432434,
   "val_loss": 2.1861121783385404,
   "val_accuracy_per_label": [
      0.6363636363636364,
      0.0,
      0.16666666666666666,
      0.0,
      0.0,
      0.0,
      0.0,
      0.75,
      0.0,
      0.0,
      0.0,
      0.0,
      0.0,
      1.0,
      0.0,
      0.0,
      0.0,
      0.0,
      0.0,
      0.9655172413793104,
      1.0,
      0.0,
      0.0,
      0.2,
      0.0,
      0.0,
      0.0,
      0.65,
      0.0,
      0.0,
      0.4,
      0.2,
      0.0,
      0.0,
      0.0,
      0.0,
      0.0,
      0.0,
      0.8666666666666667,
      0.8,
      0.0,
      0.75,
      0.0
   ]
}