{
   "epoch": 34,
   "batch_train_accuracies": [
      0.734375,
      0.6875,
      0.59375,
      0.546875,
      0.671875,
      0.640625,
      0.703125,
      0.625,
      0.765625,
      0.84375,
      0.765625,
      0.78125,
      0.671875,
      0.703125,
      0.640625,
      0.8125,
      0.65625,
      0.703125,
      0.859375,
      0.65625,
      0.75,
      0.671875,
      0.765625,
      0.75,
      0.6875,
      0.75,
      0.796875,
      0.703125,
      0.671875,
      0.734375,
      0.703125,
      0.6875,
      0.734375,
      0.71875,
      0.71875,
      0.765625,
      0.65625,
      0.578125,
      0.6875,
      0.703125,
      0.65625,
      0.5
   ],
   "batch_train_losses": [
      1.2828400135040283,
      1.43315589427948,
      1.553847074508667,
      1.6713224649429321,
      1.4854933023452759,
      1.5828843116760254,
      1.400660753250122,
      1.5655460357666016,
      1.3810323476791382,
      1.185787320137024,
      1.2525845766067505,
      1.40607750415802,
      1.5295283794403076,
      1.3709310293197632,
      1.5472867488861084,
      1.161820411682129,
      1.4175819158554077,
      1.320804476737976,
      1.2034472227096558,
      1.4469355344772339,
      1.3604860305786133,
      1.3953639268875122,
      1.2492756843566895,
      1.306135654449463,
      1.3401492834091187,
      1.2894558906555176,
      1.1938740015029907,
      1.3176525831222534,
      1.3547765016555786,
      1.3135720491409302,
      1.2839070558547974,
      1.3762887716293335,
      1.345546007156372,
      1.3494489192962646,
      1.4184069633483887,
      1.35325288772583,
      1.4404749870300293,
      1.5407893657684326,
      1.4126262664794922,
      1.4560089111328125,
      1.4155752658843994,
      2.1705832481384277
   ],
   "batch_train_times": [],
   "val_accuracy": 0.46283783783783783,
   "val_loss": 2.3368634984299943,
   "val_accuracy_per_label": [
      0.6363636363636364,
      0.0,
      0.0,
      0.0,
      0.6,
      0.6,
      0.3333333333333333,
      0.8,
      0.0,
      0.0,
      0.0,
      0.0,
      0.0,
      1.0,
      0.0,
      0.0,
      0.0,
      0.0,
      0.0,
      0.896551724137931,
      1.0,
      0.0,
      0.0,
      0.8,
      0.0,
      0.0,
      0.0,
      0.4,
      0.0,
      0.0,
      0.2,
      0.6,
      0.0,
      0.0,
      0.0,
      0.0,
      0.0,
      0.0,
      0.8666666666666667,
      1.0,
      0.0,
      0.5,
      0.0
   ]
}