{
   "epoch": 15,
   "batch_train_accuracies": [
      0.640625,
      0.609375,
      0.65625,
      0.59375,
      0.640625,
      0.640625,
      0.625,
      0.671875,
      0.703125,
      0.578125,
      0.515625,
      0.578125,
      0.515625,
      0.78125,
      0.515625,
      0.609375,
      0.640625,
      0.609375,
      0.625,
      0.640625,
      0.59375,
      0.546875,
      0.671875,
      0.59375,
      0.625,
      0.5625,
      0.640625,
      0.5,
      0.53125,
      0.640625,
      0.546875,
      0.59375,
      0.625,
      0.65625,
      0.609375,
      0.578125,
      0.6875,
      0.71875,
      0.65625,
      0.6875,
      0.6875,
      0.5625
   ],
   "batch_train_losses": [
      1.7091447114944458,
      1.8391433954238892,
      1.8048628568649292,
      1.8174171447753906,
      1.7342498302459717,
      1.6167125701904297,
      1.7275506258010864,
      1.6120024919509888,
      1.6292134523391724,
      1.9688074588775635,
      1.841771125793457,
      1.7483203411102295,
      1.8481285572052002,
      1.5048298835754395,
      1.933533787727356,
      1.7650905847549438,
      1.6320642232894897,
      1.7027301788330078,
      1.7459226846694946,
      1.6744160652160645,
      1.665635108947754,
      1.8574460744857788,
      1.6229413747787476,
      1.6856416463851929,
      1.7214674949645996,
      1.9418481588363647,
      1.7208622694015503,
      1.9732165336608887,
      1.7519731521606445,
      1.6685999631881714,
      1.8871212005615234,
      1.7211344242095947,
      1.7485519647598267,
      1.5636467933654785,
      1.7444428205490112,
      1.7455785274505615,
      1.6527931690216064,
      1.5551937818527222,
      1.8918222188949585,
      1.6097229719161987,
      1.695317268371582,
      1.926663875579834
   ],
   "batch_train_times": [],
   "val_accuracy": 0.44594594594594594,
   "val_loss": 2.359912872314453,
   "val_accuracy_per_label": [
      0.8181818181818182,
      0.0,
      0.0,
      0.0,
      0.4,
      0.8,
      0.0,
      0.75,
      0.0,
      0.0,
      0.0,
      0.0,
      0.0,
      0.4,
      0.0,
      0.0,
      0.0,
      0.0,
      0.0,
      0.9655172413793104,
      0.9615384615384616,
      0.0,
      0.0,
      0.2,
      0.0,
      0.0,
      0.0,
      0.7,
      0.0,
      0.0,
      0.0,
      0.4,
      0.0,
      0.0,
      0.0,
      0.0,
      0.0,
      0.0,
      0.6,
      0.6,
      0.0,
      0.75,
      0.0
   ]
}