{
   "epoch": 3,
   "batch_train_accuracies": [
      0.46875,
      0.390625,
      0.375,
      0.390625,
      0.421875,
      0.328125,
      0.5,
      0.40625,
      0.390625,
      0.328125,
      0.4375,
      0.4375,
      0.453125,
      0.28125,
      0.359375,
      0.421875,
      0.390625,
      0.46875,
      0.578125,
      0.59375,
      0.40625,
      0.359375,
      0.328125,
      0.28125,
      0.46875,
      0.421875,
      0.421875,
      0.375,
      0.515625,
      0.484375,
      0.5,
      0.4375,
      0.46875,
      0.484375,
      0.390625,
      0.3125,
      0.375,
      0.390625,
      0.375,
      0.421875,
      0.375,
      0.5625
   ],
   "batch_train_losses": [
      2.7474591732025146,
      2.8283638954162598,
      2.8931121826171875,
      2.8664169311523438,
      2.9440815448760986,
      2.8844947814941406,
      2.712310791015625,
      2.7164218425750732,
      2.780819892883301,
      2.8880741596221924,
      2.7044873237609863,
      2.6660070419311523,
      2.770416498184204,
      2.892112970352173,
      2.7719063758850098,
      2.780017375946045,
      2.744105577468872,
      2.6576876640319824,
      2.5657684803009033,
      2.535308361053467,
      2.7712008953094482,
      2.7319557666778564,
      2.827263116836548,
      2.9244771003723145,
      2.6047232151031494,
      2.7811026573181152,
      2.6207947731018066,
      2.819058895111084,
      2.526036500930786,
      2.5902481079101562,
      2.4772114753723145,
      2.6170506477355957,
      2.5694844722747803,
      2.6468918323516846,
      2.8034870624542236,
      2.7967090606689453,
      2.684905529022217,
      2.57586932182312,
      2.7274858951568604,
      2.619532585144043,
      2.7922580242156982,
      2.666827917098999
   ],
   "batch_train_times": [],
   "val_accuracy": 0.2939189189189189,
   "val_loss": 2.9279700356560783,
   "val_accuracy_per_label": [
      0.5454545454545454,
      0.0,
      0.0,
      0.0,
      0.4,
      0.2,
      0.0,
      0.85,
      0.0,
      0.0,
      0.0,
      0.0,
      0.0,
      0.0,
      0.0,
      0.0,
      0.0,
      0.0,
      0.8,
      0.896551724137931,
      0.46153846153846156,
      0.0,
      0.0,
      0.6,
      0.0,
      0.0,
      0.0,
      0.15,
      0.0,
      0.0,
      0.0,
      0.0,
      0.0,
      0.0,
      0.0,
      0.0,
      0.0,
      0.0,
      0.13333333333333333,
      0.0,
      0.0,
      0.625,
      0.0
   ]
}