{
   "epoch": 21,
   "batch_train_accuracies": [
      0.75,
      0.53125,
      0.5625,
      0.625,
      0.671875,
      0.5625,
      0.703125,
      0.671875,
      0.59375,
      0.71875,
      0.6875,
      0.640625,
      0.609375,
      0.71875,
      0.671875,
      0.71875,
      0.640625,
      0.78125,
      0.6875,
      0.78125,
      0.671875,
      0.609375,
      0.796875,
      0.6875,
      0.734375,
      0.671875,
      0.71875,
      0.796875,
      0.5625,
      0.671875,
      0.640625,
      0.703125,
      0.640625,
      0.515625,
      0.640625,
      0.65625,
      0.765625,
      0.625,
      0.5625,
      0.671875,
      0.6875,
      0.5625
   ],
   "batch_train_losses": [
      1.433079481124878,
      1.8399325609207153,
      1.7544299364089966,
      1.6697547435760498,
      1.59052574634552,
      1.7861628532409668,
      1.4789782762527466,
      1.6078503131866455,
      1.7273513078689575,
      1.5469732284545898,
      1.4743183851242065,
      1.4421812295913696,
      1.6920356750488281,
      1.4777761697769165,
      1.4216943979263306,
      1.5328779220581055,
      1.5754507780075073,
      1.3249984979629517,
      1.49966299533844,
      1.3748856782913208,
      1.5104224681854248,
      1.6022088527679443,
      1.3008370399475098,
      1.620453119277954,
      1.4727510213851929,
      1.4982092380523682,
      1.3947328329086304,
      1.2114685773849487,
      1.7268052101135254,
      1.5860878229141235,
      1.54622483253479,
      1.475378394126892,
      1.6039913892745972,
      1.8063313961029053,
      1.6967322826385498,
      1.5242118835449219,
      1.3629218339920044,
      1.6949104070663452,
      1.7906702756881714,
      1.668831467628479,
      1.5937095880508423,
      2.087677001953125
   ],
   "batch_train_times": [],
   "val_accuracy": 0.4391891891891892,
   "val_loss": 2.3479927488275476,
   "val_accuracy_per_label": [
      0.9090909090909091,
      0.0,
      0.0,
      0.0,
      0.6,
      0.2,
      0.0,
      0.85,
      0.0,
      0.0,
      0.0,
      0.0,
      0.0,
      0.6,
      0.0,
      0.0,
      0.0,
      0.0,
      0.0,
      0.9655172413793104,
      0.9230769230769231,
      0.0,
      0.0,
      0.2,
      0.0,
      0.0,
      0.0,
      0.6,
      0.0,
      0.0,
      0.0,
      1.0,
      0.0,
      0.0,
      0.0,
      0.0,
      0.0,
      0.0,
      0.4,
      0.5,
      0.0,
      0.625,
      0.0
   ]
}