{
   "epoch": 2,
   "batch_train_accuracies": [
      0.25,
      0.3125,
      0.328125,
      0.296875,
      0.28125,
      0.375,
      0.4375,
      0.421875,
      0.40625,
      0.453125,
      0.34375,
      0.3125,
      0.28125,
      0.359375,
      0.3125,
      0.421875,
      0.390625,
      0.40625,
      0.34375,
      0.390625,
      0.46875,
      0.421875,
      0.375,
      0.359375,
      0.421875,
      0.453125,
      0.375,
      0.484375,
      0.34375,
      0.359375,
      0.4375,
      0.453125,
      0.46875,
      0.40625,
      0.359375,
      0.453125,
      0.359375,
      0.234375,
      0.296875,
      0.40625,
      0.40625,
      0.5625
   ],
   "batch_train_losses": [
      3.223489284515381,
      3.0601892471313477,
      3.114466428756714,
      3.239433765411377,
      3.088642120361328,
      3.065469980239868,
      3.034888982772827,
      2.977883815765381,
      2.9967615604400635,
      2.973676919937134,
      3.020108222961426,
      3.1129283905029297,
      3.0819246768951416,
      2.9838907718658447,
      3.07242488861084,
      2.9098100662231445,
      2.9453351497650146,
      2.9302282333374023,
      3.0054771900177,
      2.958513021469116,
      2.808318614959717,
      2.851705312728882,
      2.982818603515625,
      2.9533629417419434,
      2.908616065979004,
      2.9030802249908447,
      2.899514675140381,
      2.7996366024017334,
      2.985163927078247,
      2.9220564365386963,
      2.7757577896118164,
      2.8506813049316406,
      2.754659652709961,
      2.949605941772461,
      2.9253952503204346,
      2.77807879447937,
      2.8997576236724854,
      3.1322875022888184,
      3.006291389465332,
      2.916473627090454,
      2.7428765296936035,
      2.8824000358581543
   ],
   "batch_train_times": [],
   "val_accuracy": 0.24662162162162163,
   "val_loss": 3.109004955033998,
   "val_accuracy_per_label": [
      0.5454545454545454,
      0.0,
      0.0,
      0.0,
      0.0,
      0.0,
      0.0,
      0.5,
      0.0,
      0.0,
      0.0,
      0.0,
      0.0,
      0.6,
      0.0,
      0.0,
      0.0,
      0.0,
      1.0,
      0.6551724137931034,
      0.5384615384615384,
      0.0,
      0.0,
      0.4,
      0.0,
      0.0,
      0.0,
      0.1,
      0.0,
      0.0,
      0.0,
      0.0,
      0.0,
      0.0,
      0.0,
      0.0,
      0.0,
      0.0,
      0.13333333333333333,
      0.0,
      0.0,
      0.5,
      0.0
   ]
}