{
   "epoch": 5,
   "batch_train_accuracies": [
      0.59375,
      0.359375,
      0.421875,
      0.5625,
      0.515625,
      0.53125,
      0.40625,
      0.40625,
      0.546875,
      0.484375,
      0.484375,
      0.546875,
      0.390625,
      0.671875,
      0.46875,
      0.40625,
      0.484375,
      0.5,
      0.578125,
      0.5,
      0.421875,
      0.421875,
      0.390625,
      0.5,
      0.40625,
      0.515625,
      0.359375,
      0.421875,
      0.46875,
      0.484375,
      0.4375,
      0.40625,
      0.4375,
      0.5,
      0.453125,
      0.484375,
      0.5,
      0.578125,
      0.484375,
      0.421875,
      0.4375,
      0.4375
   ],
   "batch_train_losses": [
      2.274256467819214,
      2.6278793811798096,
      2.535261869430542,
      2.399719715118408,
      2.366743326187134,
      2.283388137817383,
      2.4395546913146973,
      2.575115442276001,
      2.3568382263183594,
      2.500248670578003,
      2.322305917739868,
      2.332721471786499,
      2.5165774822235107,
      2.1685471534729004,
      2.3383827209472656,
      2.480168581008911,
      2.419083595275879,
      2.2626893520355225,
      2.295070171356201,
      2.3374874591827393,
      2.535356283187866,
      2.385500431060791,
      2.4051458835601807,
      2.342773914337158,
      2.404104471206665,
      2.454113721847534,
      2.571226119995117,
      2.419721841812134,
      2.489459753036499,
      2.413515329360962,
      2.3536434173583984,
      2.48346209526062,
      2.4503798484802246,
      2.304164409637451,
      2.3855299949645996,
      2.394878625869751,
      2.43359637260437,
      2.195718288421631,
      2.316014528274536,
      2.4595954418182373,
      2.5010435581207275,
      2.761467933654785
   ],
   "batch_train_times": [],
   "val_accuracy": 0.3614864864864865,
   "val_loss": 2.800468754123997,
   "val_accuracy_per_label": [
      0.7272727272727273,
      0.0,
      0.0,
      0.0,
      0.2,
      0.0,
      0.0,
      0.9,
      0.0,
      0.0,
      0.0,
      0.0,
      0.0,
      0.4,
      0.0,
      0.0,
      0.0,
      0.0,
      0.0,
      0.7241379310344828,
      0.8461538461538461,
      0.0,
      0.0,
      0.2,
      0.0,
      0.2,
      0.0,
      0.3,
      0.0,
      0.0,
      0.0,
      0.0,
      0.0,
      0.0,
      0.0,
      0.0,
      0.0,
      0.0,
      0.7333333333333333,
      0.1,
      0.0,
      0.75,
      0.0
   ]
}