{
   "epoch": 28,
   "batch_train_accuracies": [
      0.671875,
      0.671875,
      0.75,
      0.75,
      0.609375,
      0.671875,
      0.71875,
      0.65625,
      0.640625,
      0.59375,
      0.78125,
      0.5625,
      0.671875,
      0.5625,
      0.625,
      0.625,
      0.6875,
      0.75,
      0.625,
      0.671875,
      0.625,
      0.75,
      0.640625,
      0.6875,
      0.734375,
      0.734375,
      0.8125,
      0.671875,
      0.71875,
      0.6875,
      0.6875,
      0.734375,
      0.71875,
      0.65625,
      0.71875,
      0.734375,
      0.6875,
      0.71875,
      0.71875,
      0.703125,
      0.734375,
      0.625
   ],
   "batch_train_losses": [
      1.4981147050857544,
      1.4696789979934692,
      1.4290142059326172,
      1.3474799394607544,
      1.5844602584838867,
      1.4022799730300903,
      1.3716119527816772,
      1.5087789297103882,
      1.5219300985336304,
      1.6107897758483887,
      1.2547351121902466,
      1.6132506132125854,
      1.5995908975601196,
      1.723447561264038,
      1.4466272592544556,
      1.5156358480453491,
      1.6108412742614746,
      1.2603038549423218,
      1.5527352094650269,
      1.347756028175354,
      1.5739670991897583,
      1.294998049736023,
      1.3782176971435547,
      1.4521681070327759,
      1.4055203199386597,
      1.4812560081481934,
      1.2920033931732178,
      1.466782808303833,
      1.3609402179718018,
      1.4695616960525513,
      1.3919473886489868,
      1.416304111480713,
      1.3479732275009155,
      1.4255285263061523,
      1.4324901103973389,
      1.4709599018096924,
      1.5553044080734253,
      1.3518266677856445,
      1.3187215328216553,
      1.4106049537658691,
      1.4739352464675903,
      1.4546875953674316
   ],
   "batch_train_times": [],
   "val_accuracy": 0.5135135135135135,
   "val_loss": 2.198760184081825,
   "val_accuracy_per_label": [
      0.9090909090909091,
      0.0,
      0.3333333333333333,
      0.0,
      0.4,
      0.6,
      0.3333333333333333,
      0.9,
      0.0,
      0.0,
      0.0,
      0.0,
      0.0,
      0.8,
      0.0,
      0.0,
      0.0,
      0.0,
      0.0,
      1.0,
      0.6538461538461539,
      0.0,
      0.0,
      0.2,
      0.0,
      0.3,
      0.0,
      1.0,
      0.0,
      0.0,
      0.0,
      0.8,
      0.0,
      0.0,
      0.0,
      0.0,
      0.0,
      0.0,
      0.8666666666666667,
      0.8,
      0.0,
      0.625,
      0.4
   ]
}