{
   "epoch": 27,
   "batch_train_accuracies": [
      0.765625,
      0.671875,
      0.609375,
      0.671875,
      0.65625,
      0.6875,
      0.6875,
      0.703125,
      0.59375,
      0.625,
      0.640625,
      0.703125,
      0.671875,
      0.640625,
      0.71875,
      0.828125,
      0.703125,
      0.71875,
      0.6875,
      0.765625,
      0.671875,
      0.671875,
      0.734375,
      0.75,
      0.65625,
      0.625,
      0.65625,
      0.671875,
      0.71875,
      0.6875,
      0.640625,
      0.703125,
      0.71875,
      0.734375,
      0.6875,
      0.6875,
      0.609375,
      0.6875,
      0.65625,
      0.59375,
      0.8125,
      0.625
   ],
   "batch_train_losses": [
      1.3070404529571533,
      1.5193976163864136,
      1.538283348083496,
      1.529299020767212,
      1.4568895101547241,
      1.435034990310669,
      1.461242437362671,
      1.3335901498794556,
      1.575852870941162,
      1.5226277112960815,
      1.6429040431976318,
      1.3879551887512207,
      1.4194332361221313,
      1.5057642459869385,
      1.4501875638961792,
      1.1429121494293213,
      1.3503626585006714,
      1.3573230504989624,
      1.4906184673309326,
      1.2129004001617432,
      1.4884963035583496,
      1.4004456996917725,
      1.3648171424865723,
      1.4306628704071045,
      1.4544647932052612,
      1.6761280298233032,
      1.4372076988220215,
      1.5731230974197388,
      1.338487982749939,
      1.5486518144607544,
      1.586789608001709,
      1.3225432634353638,
      1.3178373575210571,
      1.4372659921646118,
      1.3552205562591553,
      1.4246307611465454,
      1.5336525440216064,
      1.3612302541732788,
      1.449662446975708,
      1.6874773502349854,
      1.2593964338302612,
      1.8849694728851318
   ],
   "batch_train_times": [],
   "val_accuracy": 0.46621621621621623,
   "val_loss": 2.2215249216234363,
   "val_accuracy_per_label": [
      0.9090909090909091,
      0.0,
      0.3333333333333333,
      0.0,
      0.4,
      0.2,
      0.0,
      0.8,
      0.0,
      0.0,
      0.0,
      0.0,
      0.0,
      0.4,
      0.0,
      0.0,
      0.0,
      0.0,
      0.0,
      1.0,
      0.7692307692307693,
      0.0,
      0.0,
      0.2,
      0.0,
      0.0,
      0.0,
      0.8,
      0.0,
      0.0,
      0.0,
      1.0,
      0.0,
      0.0,
      0.0,
      0.0,
      0.0,
      0.0,
      0.6666666666666666,
      0.8,
      0.0,
      0.375,
      0.6
   ]
}