{
   "epoch": 44,
   "batch_train_accuracies": [
      0.8125,
      0.671875,
      0.828125,
      0.671875,
      0.703125,
      0.703125,
      0.71875,
      0.78125,
      0.703125,
      0.734375,
      0.71875,
      0.6875,
      0.8125,
      0.765625,
      0.796875,
      0.6875,
      0.765625,
      0.8125,
      0.765625,
      0.765625,
      0.8125,
      0.75,
      0.84375,
      0.6875,
      0.765625,
      0.734375,
      0.703125,
      0.765625,
      0.796875,
      0.71875,
      0.78125,
      0.6875,
      0.75,
      0.75,
      0.78125,
      0.75,
      0.671875,
      0.765625,
      0.703125,
      0.6875,
      0.78125,
      0.625
   ],
   "batch_train_losses": [
      1.2044931650161743,
      1.4727057218551636,
      1.1680408716201782,
      1.5473161935806274,
      1.3664697408676147,
      1.245125412940979,
      1.2039730548858643,
      1.213388204574585,
      1.2288494110107422,
      1.318329930305481,
      1.3238234519958496,
      1.194145679473877,
      1.2126582860946655,
      1.2311674356460571,
      1.0585254430770874,
      1.3544135093688965,
      1.1983377933502197,
      1.1637427806854248,
      1.2830634117126465,
      1.3096383810043335,
      1.0409907102584839,
      1.3574848175048828,
      1.1770976781845093,
      1.3969807624816895,
      1.3284990787506104,
      1.2856324911117554,
      1.448708176612854,
      1.1838793754577637,
      1.1692436933517456,
      1.3063409328460693,
      1.1785917282104492,
      1.3899446725845337,
      1.3715059757232666,
      1.2892905473709106,
      1.197374701499939,
      1.2604576349258423,
      1.4853686094284058,
      1.3735941648483276,
      1.3713263273239136,
      1.3004047870635986,
      1.3447247743606567,
      1.5026841163635254
   ],
   "batch_train_times": [],
   "val_accuracy": 0.47297297297297297,
   "val_loss": 2.2215500844491496,
   "val_accuracy_per_label": [
      0.7272727272727273,
      0.0,
      0.3333333333333333,
      0.0,
      1.0,
      0.2,
      0.3333333333333333,
      0.8,
      0.0,
      0.0,
      0.0,
      0.0,
      0.0,
      0.8,
      0.0,
      0.0,
      0.0,
      0.0,
      0.0,
      0.9310344827586207,
      0.9230769230769231,
      0.0,
      0.0,
      0.6,
      0.0,
      0.1,
      0.0,
      0.8,
      0.0,
      0.0,
      0.2,
      0.0,
      0.0,
      0.0,
      0.0,
      0.0,
      0.0,
      0.0,
      0.8,
      0.8,
      0.0,
      0.375,
      0.0
   ]
}