{
   "epoch": 38,
   "batch_train_accuracies": [
      0.84375,
      0.671875,
      0.703125,
      0.71875,
      0.65625,
      0.765625,
      0.8125,
      0.625,
      0.6875,
      0.71875,
      0.796875,
      0.78125,
      0.796875,
      0.703125,
      0.734375,
      0.78125,
      0.75,
      0.671875,
      0.71875,
      0.671875,
      0.6875,
      0.796875,
      0.671875,
      0.71875,
      0.796875,
      0.71875,
      0.703125,
      0.734375,
      0.65625,
      0.6875,
      0.703125,
      0.78125,
      0.703125,
      0.78125,
      0.75,
      0.6875,
      0.765625,
      0.671875,
      0.625,
      0.8125,
      0.703125,
      0.8125
   ],
   "batch_train_losses": [
      1.138197422027588,
      1.3987857103347778,
      1.4566963911056519,
      1.2665581703186035,
      1.4180628061294556,
      1.2201882600784302,
      1.311028003692627,
      1.4773378372192383,
      1.5538192987442017,
      1.2298096418380737,
      1.244937539100647,
      1.155992865562439,
      1.373242974281311,
      1.376623272895813,
      1.2321486473083496,
      1.3263996839523315,
      1.2939213514328003,
      1.3075203895568848,
      1.337126612663269,
      1.43880033493042,
      1.493080496788025,
      1.230269432067871,
      1.504564642906189,
      1.408634066581726,
      1.2773165702819824,
      1.3372712135314941,
      1.3666043281555176,
      1.2102106809616089,
      1.5191162824630737,
      1.3980389833450317,
      1.425844430923462,
      1.2887803316116333,
      1.3510977029800415,
      1.3178791999816895,
      1.4056450128555298,
      1.4697554111480713,
      1.2721219062805176,
      1.440311074256897,
      1.5151206254959106,
      1.139056921005249,
      1.404173731803894,
      1.0776047706604004
   ],
   "batch_train_times": [],
   "val_accuracy": 0.5168918918918919,
   "val_loss": 2.1766093614939095,
   "val_accuracy_per_label": [
      0.7272727272727273,
      0.0,
      0.3333333333333333,
      0.0,
      1.0,
      0.4,
      0.0,
      0.8,
      0.0,
      0.0,
      0.0,
      0.0,
      0.0,
      0.8,
      0.0,
      0.0,
      0.0,
      0.0,
      0.0,
      0.9655172413793104,
      0.9230769230769231,
      0.0,
      0.0,
      0.8,
      0.0,
      0.1,
      0.0,
      1.0,
      0.0,
      0.0,
      0.0,
      1.0,
      0.0,
      0.0,
      0.0,
      0.0,
      0.0,
      0.0,
      1.0,
      0.7,
      0.0,
      0.5,
      0.0
   ]
}