{
   "epoch": 48,
   "batch_train_accuracies": [
      0.8125,
      0.8125,
      0.71875,
      0.671875,
      0.71875,
      0.671875,
      0.765625,
      0.78125,
      0.828125,
      0.875,
      0.75,
      0.703125,
      0.8125,
      0.703125,
      0.71875,
      0.703125,
      0.859375,
      0.765625,
      0.796875,
      0.765625,
      0.765625,
      0.734375,
      0.671875,
      0.765625,
      0.890625,
      0.765625,
      0.609375,
      0.734375,
      0.703125,
      0.75,
      0.71875,
      0.6875,
      0.796875,
      0.734375,
      0.75,
      0.6875,
      0.8125,
      0.78125,
      0.703125,
      0.75,
      0.75,
      0.6875
   ],
   "batch_train_losses": [
      1.147758960723877,
      1.1693581342697144,
      1.4436628818511963,
      1.4159780740737915,
      1.3682399988174438,
      1.520534873008728,
      1.3024338483810425,
      1.157494306564331,
      1.2316393852233887,
      1.0146342515945435,
      1.1568045616149902,
      1.3046690225601196,
      1.1385682821273804,
      1.5264958143234253,
      1.329725980758667,
      1.322641372680664,
      1.0856597423553467,
      1.200018048286438,
      1.149849534034729,
      1.3143348693847656,
      1.2131880521774292,
      1.3184338808059692,
      1.4338661432266235,
      1.3409267663955688,
      0.9260759949684143,
      1.1861228942871094,
      1.4870448112487793,
      1.196053385734558,
      1.2711182832717896,
      1.313360333442688,
      1.3439459800720215,
      1.29490065574646,
      1.237188458442688,
      1.2861837148666382,
      1.3572437763214111,
      1.5793997049331665,
      1.1872162818908691,
      1.2347121238708496,
      1.3387296199798584,
      1.2773687839508057,
      1.2201697826385498,
      1.609467625617981
   ],
   "batch_train_times": [],
   "val_accuracy": 0.5033783783783784,
   "val_loss": 2.2158606535679586,
   "val_accuracy_per_label": [
      0.6818181818181818,
      0.0,
      0.3333333333333333,
      0.0,
      0.8,
      0.0,
      0.0,
      0.8,
      0.0,
      0.0,
      0.0,
      0.0,
      0.0,
      0.0,
      0.0,
      0.0,
      0.0,
      0.0,
      0.0,
      0.9655172413793104,
      0.8461538461538461,
      0.0,
      0.6,
      1.0,
      0.0,
      0.6,
      0.0,
      0.95,
      0.0,
      0.0,
      0.0,
      0.4,
      0.0,
      0.0,
      0.0,
      0.0,
      0.0,
      0.0,
      0.8666666666666667,
      0.6,
      0.0,
      0.75,
      0.4
   ]
}