{
   "epoch": 12,
   "batch_train_accuracies": [
      0.53125,
      0.46875,
      0.59375,
      0.578125,
      0.640625,
      0.59375,
      0.578125,
      0.578125,
      0.46875,
      0.515625,
      0.578125,
      0.625,
      0.5,
      0.484375,
      0.578125,
      0.5625,
      0.46875,
      0.609375,
      0.640625,
      0.578125,
      0.578125,
      0.484375,
      0.515625,
      0.515625,
      0.578125,
      0.5625,
      0.5625,
      0.625,
      0.671875,
      0.5,
      0.546875,
      0.515625,
      0.609375,
      0.53125,
      0.59375,
      0.5,
      0.484375,
      0.609375,
      0.671875,
      0.578125,
      0.578125,
      0.625
   ],
   "batch_train_losses": [
      1.8179470300674438,
      1.8856499195098877,
      1.6999844312667847,
      1.7717654705047607,
      1.7621021270751953,
      1.6938472986221313,
      1.6406149864196777,
      1.7959567308425903,
      1.9613984823226929,
      1.9557640552520752,
      1.8583959341049194,
      1.6415843963623047,
      1.8622336387634277,
      1.8301814794540405,
      1.8040739297866821,
      1.8481755256652832,
      1.946091890335083,
      1.7163660526275635,
      1.579204797744751,
      1.7548797130584717,
      1.7174662351608276,
      1.8148876428604126,
      1.9165083169937134,
      1.863159418106079,
      1.9505759477615356,
      1.8069863319396973,
      1.8858453035354614,
      1.7275748252868652,
      1.5758918523788452,
      1.8890790939331055,
      1.7851552963256836,
      1.8069273233413696,
      1.6730014085769653,
      1.8135442733764648,
      1.7302000522613525,
      1.770392656326294,
      1.8347042798995972,
      1.6226252317428589,
      1.6189372539520264,
      1.8362144231796265,
      1.7904222011566162,
      1.5973131656646729
   ],
   "batch_train_times": [],
   "val_accuracy": 0.35135135135135137,
   "val_loss": 2.4070715775360934,
   "val_accuracy_per_label": [
      0.8181818181818182,
      0.0,
      0.0,
      0.0,
      0.0,
      0.0,
      0.0,
      0.65,
      0.0,
      0.0,
      0.0,
      0.0,
      0.4,
      0.2,
      0.0,
      0.0,
      0.0,
      0.0,
      0.8,
      0.2413793103448276,
      1.0,
      0.0,
      0.0,
      0.0,
      0.0,
      0.0,
      0.0,
      0.65,
      0.0,
      0.0,
      0.0,
      1.0,
      1.0,
      0.0,
      0.0,
      0.0,
      0.0,
      0.0,
      0.26666666666666666,
      0.1,
      0.0,
      0.625,
      0.0
   ]
}