{
   "epoch": 1,
   "batch_train_accuracies": [
      0.09375,
      0.0625,
      0.0625,
      0.0625,
      0.15625,
      0.125,
      0.078125,
      0.078125,
      0.046875,
      0.140625,
      0.09375,
      0.203125,
      0.265625,
      0.171875,
      0.1875,
      0.203125,
      0.296875,
      0.1875,
      0.15625,
      0.25,
      0.359375,
      0.1875,
      0.34375,
      0.3125,
      0.28125,
      0.234375,
      0.3125,
      0.25,
      0.25,
      0.328125,
      0.328125,
      0.28125,
      0.296875,
      0.328125,
      0.28125,
      0.28125,
      0.234375,
      0.34375,
      0.40625,
      0.390625,
      0.359375,
      0.3125
   ],
   "batch_train_losses": [
      3.6603705883026123,
      3.6337780952453613,
      3.649049758911133,
      3.783350706100464,
      3.592822790145874,
      3.5582690238952637,
      3.6133246421813965,
      3.526618719100952,
      3.5189521312713623,
      3.4877383708953857,
      3.531757354736328,
      3.408902883529663,
      3.347658395767212,
      3.3743910789489746,
      3.343597888946533,
      3.416133165359497,
      3.2610926628112793,
      3.3425958156585693,
      3.3527097702026367,
      3.266554355621338,
      3.246262311935425,
      3.3556175231933594,
      3.2394561767578125,
      3.189345121383667,
      3.22944712638855,
      3.2649636268615723,
      3.2025063037872314,
      3.328526735305786,
      3.2333974838256836,
      3.156789541244507,
      3.133857250213623,
      3.142453908920288,
      3.141799211502075,
      3.100588798522949,
      3.1829800605773926,
      3.182462215423584,
      3.240757942199707,
      3.0720746517181396,
      3.040163993835449,
      2.9510300159454346,
      2.951333999633789,
      3.1228244304656982
   ],
   "batch_train_times": [],
   "val_accuracy": 0.010135135135135136,
   "val_loss": 3.684381575197787,
   "val_accuracy_per_label": [
      0.0,
      0.0,
      0.0,
      0.0,
      0.0,
      0.0,
      1.0,
      0.0,
      0.0,
      0.0,
      0.0,
      0.0,
      0.0,
      0.0,
      0.0,
      0.0,
      0.0,
      0.0,
      0.0,
      0.0,
      0.0,
      0.0,
      0.0,
      0.0,
      0.0,
      0.0,
      0.0,
      0.0,
      0.0,
      0.0,
      0.0,
      0.0,
      0.0,
      0.0,
      0.0,
      0.0,
      0.0,
      0.0,
      0.0,
      0.0,
      0.0,
      0.0,
      0.0
   ]
}