{
   "epoch": 18,
   "batch_train_accuracies": [
      0.609375,
      0.640625,
      0.625,
      0.640625,
      0.40625,
      0.625,
      0.625,
      0.65625,
      0.6875,
      0.71875,
      0.625,
      0.5625,
      0.484375,
      0.75,
      0.578125,
      0.609375,
      0.59375,
      0.6875,
      0.71875,
      0.671875,
      0.671875,
      0.59375,
      0.515625,
      0.484375,
      0.703125,
      0.828125,
      0.75,
      0.671875,
      0.625,
      0.53125,
      0.671875,
      0.609375,
      0.578125,
      0.578125,
      0.625,
      0.640625,
      0.65625,
      0.5625,
      0.671875,
      0.546875,
      0.625,
      0.6875
   ],
   "batch_train_losses": [
      1.4347532987594604,
      1.4758023023605347,
      1.4930999279022217,
      1.5978590250015259,
      1.799904465675354,
      1.5590120553970337,
      1.4731758832931519,
      1.549464464187622,
      1.5534104108810425,
      1.3781702518463135,
      1.5753979682922363,
      1.7007501125335693,
      1.752265453338623,
      1.4442291259765625,
      1.5688138008117676,
      1.5566738843917847,
      1.5616883039474487,
      1.4851402044296265,
      1.4280582666397095,
      1.551485538482666,
      1.4491348266601562,
      1.4787060022354126,
      1.7126094102859497,
      1.8702718019485474,
      1.4489192962646484,
      1.2228424549102783,
      1.447216272354126,
      1.7630414962768555,
      1.5925899744033813,
      1.6348052024841309,
      1.4718296527862549,
      1.5049469470977783,
      1.6707557439804077,
      1.692440152168274,
      1.5154780149459839,
      1.500244140625,
      1.4987181425094604,
      1.575826644897461,
      1.5532481670379639,
      1.6167271137237549,
      1.5924328565597534,
      1.5001716613769531
   ],
   "batch_train_times": [],
   "val_accuracy": 0.3952702702702703,
   "val_loss": 2.1576986248428756,
   "val_accuracy_per_label": [
      0.6363636363636364,
      0.0,
      0.5,
      0.0,
      0.0,
      0.6,
      0.0,
      0.7,
      0.0,
      0.0,
      0.0,
      0.0,
      0.4,
      0.2,
      0.2,
      0.0,
      0.0,
      0.0,
      0.2,
      0.6896551724137931,
      0.9615384615384616,
      0.0,
      0.0,
      0.2,
      0.0,
      0.0,
      0.0,
      0.65,
      0.0,
      0.0,
      0.0,
      0.4,
      1.0,
      0.0,
      0.0,
      0.0,
      0.0,
      0.0,
      0.3333333333333333,
      0.1,
      0.0,
      0.625,
      0.2
   ]
}