{
   "epoch": 33,
   "batch_train_accuracies": [
      0.6875,
      0.703125,
      0.8125,
      0.703125,
      0.765625,
      0.6875,
      0.734375,
      0.71875,
      0.734375,
      0.796875,
      0.734375,
      0.75,
      0.765625,
      0.765625,
      0.6875,
      0.703125,
      0.6875,
      0.734375,
      0.8125,
      0.75,
      0.796875,
      0.78125,
      0.734375,
      0.703125,
      0.671875,
      0.796875,
      0.78125,
      0.75,
      0.765625,
      0.65625,
      0.671875,
      0.734375,
      0.734375,
      0.765625,
      0.71875,
      0.59375,
      0.71875,
      0.859375,
      0.625,
      0.71875,
      0.75,
      0.625
   ],
   "batch_train_losses": [
      1.3501497507095337,
      1.287997841835022,
      1.1182016134262085,
      1.2460237741470337,
      1.1230688095092773,
      1.2551780939102173,
      1.2381340265274048,
      1.2172822952270508,
      1.269423246383667,
      1.1018540859222412,
      1.1868617534637451,
      1.323717713356018,
      1.16037118434906,
      1.1765879392623901,
      1.4381183385849,
      1.2668348550796509,
      1.471187949180603,
      1.1975637674331665,
      1.029558539390564,
      1.3008110523223877,
      1.060378074645996,
      1.1710193157196045,
      1.1728142499923706,
      1.372779130935669,
      1.3053635358810425,
      1.1803159713745117,
      1.1678963899612427,
      1.2035943269729614,
      1.1786112785339355,
      1.406363844871521,
      1.2497096061706543,
      1.2994136810302734,
      1.2332147359848022,
      1.1199204921722412,
      1.2528941631317139,
      1.4894095659255981,
      1.3897720575332642,
      1.0540865659713745,
      1.3400237560272217,
      1.334747314453125,
      1.2732034921646118,
      1.493653655052185
   ],
   "batch_train_times": [],
   "val_accuracy": 0.5067567567567568,
   "val_loss": 1.9954237809052338,
   "val_accuracy_per_label": [
      0.8181818181818182,
      0.0,
      0.5,
      0.4,
      0.2,
      0.0,
      0.0,
      0.7,
      0.0,
      0.0,
      0.0,
      0.0,
      0.6,
      0.2,
      0.8,
      0.0,
      0.0,
      0.0,
      0.0,
      0.9655172413793104,
      0.8076923076923077,
      0.0,
      0.0,
      0.0,
      0.0,
      0.5,
      0.0,
      0.75,
      0.0,
      0.0,
      0.0,
      1.0,
      0.8,
      0.0,
      0.0,
      0.0,
      0.6,
      0.0,
      1.0,
      0.4,
      0.0,
      0.5,
      0.0
   ]
}