{
   "epoch": 37,
   "batch_train_accuracies": [
      0.75,
      0.703125,
      0.671875,
      0.640625,
      0.71875,
      0.75,
      0.859375,
      0.75,
      0.75,
      0.6875,
      0.765625,
      0.796875,
      0.734375,
      0.671875,
      0.71875,
      0.703125,
      0.78125,
      0.78125,
      0.765625,
      0.78125,
      0.6875,
      0.765625,
      0.765625,
      0.8125,
      0.6875,
      0.703125,
      0.671875,
      0.71875,
      0.796875,
      0.78125,
      0.765625,
      0.71875,
      0.6875,
      0.75,
      0.765625,
      0.75,
      0.734375,
      0.75,
      0.703125,
      0.734375,
      0.765625,
      0.75
   ],
   "batch_train_losses": [
      1.1760722398757935,
      1.3974759578704834,
      1.2440105676651,
      1.3684414625167847,
      1.2532943487167358,
      1.3104320764541626,
      0.9711536765098572,
      1.372395396232605,
      1.2927145957946777,
      1.2959951162338257,
      1.1614211797714233,
      1.116033673286438,
      1.327298879623413,
      1.3476248979568481,
      1.224997639656067,
      1.2868152856826782,
      1.2386865615844727,
      1.05422043800354,
      1.1861047744750977,
      1.1303249597549438,
      1.3090472221374512,
      1.2519394159317017,
      1.2703100442886353,
      1.078743577003479,
      1.318709373474121,
      1.3438057899475098,
      1.354905605316162,
      1.2119925022125244,
      1.061023235321045,
      1.1115719079971313,
      1.0740859508514404,
      1.2882786989212036,
      1.3430240154266357,
      1.2846739292144775,
      1.2088451385498047,
      1.1456248760223389,
      1.0881619453430176,
      1.118479609489441,
      1.3793309926986694,
      1.2307509183883667,
      1.188909888267517,
      1.4331172704696655
   ],
   "batch_train_times": [],
   "val_accuracy": 0.5236486486486487,
   "val_loss": 1.9261350406182778,
   "val_accuracy_per_label": [
      0.6818181818181818,
      0.0,
      0.5,
      0.0,
      0.4,
      0.4,
      0.0,
      0.85,
      0.0,
      0.4,
      0.0,
      0.0,
      0.2,
      0.2,
      0.8,
      0.0,
      0.0,
      0.0,
      0.2,
      0.9655172413793104,
      0.8076923076923077,
      0.0,
      0.0,
      0.2,
      0.0,
      0.8,
      0.0,
      0.8,
      0.0,
      0.0,
      0.0,
      0.6,
      0.8,
      0.0,
      0.0,
      0.0,
      0.2,
      0.0,
      0.9333333333333333,
      0.7,
      0.0,
      0.5,
      0.0
   ]
}