{
   "epoch": 26,
   "batch_train_accuracies": [
      0.75,
      0.640625,
      0.640625,
      0.609375,
      0.703125,
      0.6875,
      0.796875,
      0.703125,
      0.59375,
      0.71875,
      0.703125,
      0.625,
      0.65625,
      0.796875,
      0.703125,
      0.75,
      0.703125,
      0.6875,
      0.734375,
      0.6875,
      0.671875,
      0.515625,
      0.734375,
      0.625,
      0.734375,
      0.828125,
      0.71875,
      0.59375,
      0.6875,
      0.765625,
      0.65625,
      0.703125,
      0.6875,
      0.59375,
      0.671875,
      0.734375,
      0.65625,
      0.71875,
      0.734375,
      0.71875,
      0.6875,
      0.625
   ],
   "batch_train_losses": [
      1.266708493232727,
      1.4132118225097656,
      1.4284918308258057,
      1.5016053915023804,
      1.3830467462539673,
      1.2362083196640015,
      1.1651549339294434,
      1.3479677438735962,
      1.4755562543869019,
      1.410075306892395,
      1.3877522945404053,
      1.3848551511764526,
      1.4859542846679688,
      1.31390380859375,
      1.437068223953247,
      1.115476369857788,
      1.3102318048477173,
      1.4245210886001587,
      1.4362714290618896,
      1.4168273210525513,
      1.2969881296157837,
      1.6305173635482788,
      1.339221715927124,
      1.4797112941741943,
      1.2964407205581665,
      1.1331506967544556,
      1.3533053398132324,
      1.5496107339859009,
      1.4084241390228271,
      1.1804158687591553,
      1.3669712543487549,
      1.280144453048706,
      1.372829794883728,
      1.620719313621521,
      1.3682478666305542,
      1.3895254135131836,
      1.4234354496002197,
      1.3512452840805054,
      1.3435170650482178,
      1.387076497077942,
      1.3727655410766602,
      1.447832465171814
   ],
   "batch_train_times": [],
   "val_accuracy": 0.47297297297297297,
   "val_loss": 1.9935980100889463,
   "val_accuracy_per_label": [
      0.9090909090909091,
      0.0,
      0.0,
      0.0,
      1.0,
      0.2,
      0.0,
      0.8,
      0.0,
      0.4,
      0.0,
      0.0,
      0.6,
      0.0,
      0.0,
      0.0,
      0.0,
      0.0,
      0.2,
      1.0,
      0.7692307692307693,
      0.0,
      0.0,
      0.0,
      0.0,
      0.4,
      0.0,
      0.6,
      0.0,
      0.0,
      0.0,
      0.8,
      0.6,
      0.0,
      0.0,
      0.0,
      0.0,
      0.0,
      0.7333333333333333,
      0.6,
      0.0,
      0.375,
      0.0
   ]
}