{
   "epoch": 38,
   "batch_train_accuracies": [
      0.828125,
      0.75,
      0.765625,
      0.796875,
      0.796875,
      0.71875,
      0.65625,
      0.71875,
      0.703125,
      0.703125,
      0.75,
      0.734375,
      0.65625,
      0.75,
      0.65625,
      0.8125,
      0.6875,
      0.78125,
      0.828125,
      0.828125,
      0.75,
      0.734375,
      0.84375,
      0.75,
      0.765625,
      0.8125,
      0.703125,
      0.75,
      0.703125,
      0.8125,
      0.609375,
      0.78125,
      0.765625,
      0.6875,
      0.8125,
      0.765625,
      0.71875,
      0.8125,
      0.75,
      0.734375,
      0.703125,
      0.75
   ],
   "batch_train_losses": [
      1.168967366218567,
      1.233475923538208,
      1.106133222579956,
      1.032564640045166,
      1.0838375091552734,
      1.2063108682632446,
      1.3011471033096313,
      1.2752920389175415,
      1.2902883291244507,
      1.3910859823226929,
      1.1172045469284058,
      1.190361738204956,
      1.272368311882019,
      1.174928903579712,
      1.4223028421401978,
      1.1182883977890015,
      1.25288987159729,
      1.1645796298980713,
      1.2190487384796143,
      1.0351476669311523,
      1.2133774757385254,
      1.1465314626693726,
      1.0308269262313843,
      1.017690658569336,
      1.1335593461990356,
      1.081972599029541,
      1.2892647981643677,
      1.241219162940979,
      1.2561049461364746,
      1.1284664869308472,
      1.4887609481811523,
      1.2029587030410767,
      1.34237802028656,
      1.2466566562652588,
      1.0799076557159424,
      1.20920991897583,
      1.2613389492034912,
      1.1660914421081543,
      1.1773357391357422,
      1.2029528617858887,
      1.3201147317886353,
      1.364033579826355
   ],
   "batch_train_times": [],
   "val_accuracy": 0.4797297297297297,
   "val_loss": 1.8745702601767875,
   "val_accuracy_per_label": [
      0.7727272727272727,
      0.0,
      0.5,
      0.0,
      0.0,
      0.2,
      0.0,
      0.75,
      0.0,
      0.0,
      0.0,
      0.0,
      0.0,
      0.8,
      0.6,
      0.0,
      0.0,
      0.0,
      0.2,
      0.9655172413793104,
      0.8846153846153846,
      0.0,
      0.0,
      0.2,
      0.0,
      0.2,
      0.0,
      0.65,
      0.0,
      0.0,
      0.0,
      0.8,
      1.0,
      0.0,
      0.0,
      0.0,
      0.2,
      0.0,
      0.9333333333333333,
      0.4,
      0.0,
      0.25,
      0.2
   ]
}