{
   "epoch": 48,
   "batch_train_accuracies": [
      0.75,
      0.78125,
      0.78125,
      0.78125,
      0.640625,
      0.703125,
      0.8125,
      0.765625,
      0.796875,
      0.8125,
      0.640625,
      0.625,
      0.8125,
      0.75,
      0.765625,
      0.765625,
      0.734375,
      0.75,
      0.78125,
      0.78125,
      0.625,
      0.6875,
      0.8125,
      0.75,
      0.796875,
      0.734375,
      0.734375,
      0.75,
      0.8125,
      0.796875,
      0.671875,
      0.671875,
      0.703125,
      0.8125,
      0.703125,
      0.65625,
      0.796875,
      0.6875,
      0.796875,
      0.78125,
      0.8125,
      0.75
   ],
   "batch_train_losses": [
      1.0993905067443848,
      1.0640393495559692,
      1.1227041482925415,
      1.1325490474700928,
      1.2998019456863403,
      1.2734780311584473,
      1.078094244003296,
      1.0857421159744263,
      1.137312412261963,
      1.160375714302063,
      1.344395399093628,
      1.3616375923156738,
      1.0365394353866577,
      1.145772933959961,
      1.130706548690796,
      1.045802116394043,
      1.211411714553833,
      1.250959038734436,
      1.1354315280914307,
      1.127923607826233,
      1.3101516962051392,
      1.163392424583435,
      1.0584070682525635,
      1.1668386459350586,
      1.128180980682373,
      1.2645739316940308,
      1.1775814294815063,
      1.0819849967956543,
      1.012252926826477,
      1.1706182956695557,
      1.2528446912765503,
      1.3585031032562256,
      1.2309118509292603,
      1.0365678071975708,
      1.1736042499542236,
      1.3723585605621338,
      1.1396002769470215,
      1.3243534564971924,
      1.0773097276687622,
      1.0329985618591309,
      1.1402440071105957,
      1.1550260782241821
   ],
   "batch_train_times": [],
   "val_accuracy": 0.5236486486486487,
   "val_loss": 1.9097157845626007,
   "val_accuracy_per_label": [
      0.6363636363636364,
      0.0,
      0.6666666666666666,
      0.0,
      0.4,
      1.0,
      0.0,
      0.85,
      0.0,
      0.4,
      0.0,
      0.0,
      0.2,
      0.2,
      0.8,
      0.0,
      0.0,
      0.0,
      0.4,
      0.9655172413793104,
      0.9615384615384616,
      0.0,
      0.0,
      0.2,
      0.0,
      0.8,
      0.0,
      0.65,
      0.0,
      0.0,
      0.0,
      1.0,
      0.8,
      0.0,
      0.0,
      0.0,
      0.2,
      0.0,
      0.6666666666666666,
      0.4,
      0.0,
      0.5,
      0.0
   ]
}