{
   "epoch": 17,
   "batch_train_accuracies": [
      0.546875,
      0.625,
      0.671875,
      0.703125,
      0.65625,
      0.5,
      0.546875,
      0.65625,
      0.546875,
      0.671875,
      0.609375,
      0.625,
      0.59375,
      0.578125,
      0.578125,
      0.578125,
      0.65625,
      0.53125,
      0.625,
      0.65625,
      0.625,
      0.671875,
      0.65625,
      0.640625,
      0.546875,
      0.5,
      0.5625,
      0.578125,
      0.578125,
      0.59375,
      0.640625,
      0.734375,
      0.59375,
      0.4375,
      0.5625,
      0.5625,
      0.59375,
      0.59375,
      0.640625,
      0.765625,
      0.640625,
      0.625
   ],
   "batch_train_losses": [
      1.7910809516906738,
      1.5811378955841064,
      1.4223555326461792,
      1.4535504579544067,
      1.427778720855713,
      1.675035834312439,
      1.600651502609253,
      1.4718254804611206,
      1.710275650024414,
      1.361593246459961,
      1.6224513053894043,
      1.4947575330734253,
      1.627254605293274,
      1.6089441776275635,
      1.5574177503585815,
      1.5951355695724487,
      1.4496829509735107,
      1.624422550201416,
      1.525822401046753,
      1.6859309673309326,
      1.5536738634109497,
      1.4169398546218872,
      1.6383130550384521,
      1.5242321491241455,
      1.6050676107406616,
      1.8522529602050781,
      1.6533342599868774,
      1.6179754734039307,
      1.7285089492797852,
      1.6976838111877441,
      1.5331486463546753,
      1.3039278984069824,
      1.6457880735397339,
      1.773646354675293,
      1.5210145711898804,
      1.6569528579711914,
      1.5614794492721558,
      1.596219539642334,
      1.5762430429458618,
      1.4036509990692139,
      1.449242353439331,
      1.7344850301742554
   ],
   "batch_train_times": [],
   "val_accuracy": 0.4222972972972973,
   "val_loss": 2.1421947801435315,
   "val_accuracy_per_label": [
      0.8181818181818182,
      0.0,
      0.0,
      0.0,
      0.2,
      0.0,
      0.0,
      0.75,
      0.0,
      0.4,
      0.0,
      0.0,
      0.0,
      0.2,
      0.0,
      0.0,
      0.0,
      0.0,
      0.6,
      0.9655172413793104,
      0.9230769230769231,
      0.0,
      0.0,
      0.2,
      0.0,
      0.0,
      0.0,
      0.7,
      0.0,
      0.0,
      0.0,
      0.4,
      0.8,
      0.0,
      0.0,
      0.0,
      0.0,
      0.0,
      0.26666666666666666,
      0.3,
      0.0,
      0.625,
      0.0
   ]
}