{
   "epoch": 25,
   "batch_train_accuracies": [
      0.578125,
      0.65625,
      0.71875,
      0.765625,
      0.65625,
      0.75,
      0.65625,
      0.71875,
      0.796875,
      0.765625,
      0.59375,
      0.609375,
      0.59375,
      0.703125,
      0.671875,
      0.734375,
      0.671875,
      0.71875,
      0.703125,
      0.5625,
      0.625,
      0.625,
      0.765625,
      0.6875,
      0.75,
      0.71875,
      0.703125,
      0.75,
      0.765625,
      0.640625,
      0.640625,
      0.703125,
      0.640625,
      0.640625,
      0.625,
      0.640625,
      0.75,
      0.640625,
      0.6875,
      0.640625,
      0.734375,
      0.625
   ],
   "batch_train_losses": [
      1.4365746974945068,
      1.3312920331954956,
      1.403560996055603,
      1.1630349159240723,
      1.3953652381896973,
      1.1167165040969849,
      1.5123085975646973,
      1.180192232131958,
      1.2561750411987305,
      1.3151917457580566,
      1.4174177646636963,
      1.459094762802124,
      1.5681819915771484,
      1.3548462390899658,
      1.4075596332550049,
      1.231893539428711,
      1.4426372051239014,
      1.290007472038269,
      1.4916025400161743,
      1.522494912147522,
      1.5001015663146973,
      1.4131797552108765,
      1.346994400024414,
      1.332946538925171,
      1.285837173461914,
      1.4042749404907227,
      1.4039306640625,
      1.3713468313217163,
      1.1174432039260864,
      1.4438560009002686,
      1.4895050525665283,
      1.2802820205688477,
      1.3020111322402954,
      1.5388622283935547,
      1.4371631145477295,
      1.5083106756210327,
      1.2391252517700195,
      1.5514262914657593,
      1.3795552253723145,
      1.5571396350860596,
      1.4826467037200928,
      1.8393874168395996
   ],
   "batch_train_times": [],
   "val_accuracy": 0.46959459459459457,
   "val_loss": 1.9715413757272668,
   "val_accuracy_per_label": [
      0.7272727272727273,
      0.0,
      0.3333333333333333,
      0.0,
      0.4,
      1.0,
      0.0,
      0.75,
      0.0,
      0.2,
      0.0,
      0.0,
      0.4,
      0.2,
      0.6,
      0.0,
      0.0,
      0.0,
      0.4,
      1.0,
      0.7692307692307693,
      0.0,
      0.0,
      0.2,
      0.0,
      0.0,
      0.0,
      0.55,
      0.0,
      0.0,
      0.0,
      0.8,
      0.8,
      0.0,
      0.0,
      0.0,
      0.0,
      0.0,
      0.8,
      0.5,
      0.0,
      0.5,
      0.0
   ]
}