{
   "epoch": 11,
   "batch_train_accuracies": [
      0.546875,
      0.46875,
      0.5625,
      0.515625,
      0.46875,
      0.578125,
      0.5625,
      0.5,
      0.46875,
      0.46875,
      0.59375,
      0.515625,
      0.453125,
      0.625,
      0.546875,
      0.453125,
      0.6875,
      0.5625,
      0.546875,
      0.5,
      0.53125,
      0.5,
      0.625,
      0.546875,
      0.546875,
      0.515625,
      0.53125,
      0.578125,
      0.578125,
      0.578125,
      0.5625,
      0.46875,
      0.671875,
      0.46875,
      0.578125,
      0.546875,
      0.53125,
      0.609375,
      0.515625,
      0.453125,
      0.578125,
      0.25
   ],
   "batch_train_losses": [
      1.8126895427703857,
      1.8267914056777954,
      1.8396953344345093,
      1.9256004095077515,
      1.8942421674728394,
      1.8416880369186401,
      1.7468026876449585,
      1.8453831672668457,
      1.9590601921081543,
      1.9741915464401245,
      1.7228461503982544,
      1.9371668100357056,
      1.9989699125289917,
      1.6975462436676025,
      1.9426898956298828,
      2.0117194652557373,
      1.5818361043930054,
      1.807403326034546,
      1.8760840892791748,
      2.0814340114593506,
      1.8601346015930176,
      1.7744089365005493,
      1.8003016710281372,
      1.7970305681228638,
      1.9169381856918335,
      1.8848681449890137,
      2.000220775604248,
      1.784584403038025,
      1.9137449264526367,
      1.932405710220337,
      1.7941644191741943,
      1.9794282913208008,
      1.6251364946365356,
      1.9557584524154663,
      1.8072319030761719,
      1.7687636613845825,
      1.7362059354782104,
      1.7620229721069336,
      1.8366094827651978,
      1.8628686666488647,
      1.6763666868209839,
      2.336308479309082
   ],
   "batch_train_times": [],
   "val_accuracy": 0.34459459459459457,
   "val_loss": 2.383617252916903,
   "val_accuracy_per_label": [
      0.7727272727272727,
      0.0,
      0.16666666666666666,
      0.0,
      0.2,
      0.8,
      0.0,
      0.7,
      0.0,
      0.0,
      0.0,
      0.0,
      0.0,
      0.0,
      0.0,
      0.0,
      0.0,
      0.0,
      0.2,
      0.3103448275862069,
      1.0,
      0.0,
      0.0,
      0.2,
      0.0,
      0.0,
      0.0,
      0.7,
      0.0,
      0.0,
      0.0,
      0.8,
      0.4,
      0.0,
      0.0,
      0.0,
      0.0,
      0.0,
      0.13333333333333333,
      0.1,
      0.0,
      0.625,
      0.0
   ]
}