{
   "epoch": 19,
   "batch_train_accuracies": [
      0.5625,
      0.59375,
      0.59375,
      0.609375,
      0.609375,
      0.640625,
      0.671875,
      0.609375,
      0.734375,
      0.59375,
      0.53125,
      0.71875,
      0.609375,
      0.625,
      0.734375,
      0.703125,
      0.640625,
      0.59375,
      0.609375,
      0.59375,
      0.5625,
      0.546875,
      0.703125,
      0.71875,
      0.671875,
      0.671875,
      0.546875,
      0.59375,
      0.59375,
      0.515625,
      0.46875,
      0.53125,
      0.640625,
      0.578125,
      0.71875,
      0.734375,
      0.5,
      0.5625,
      0.671875,
      0.703125,
      0.671875,
      0.4375
   ],
   "batch_train_losses": [
      1.6700488328933716,
      1.5593774318695068,
      1.5537179708480835,
      1.5516759157180786,
      1.5204920768737793,
      1.3973183631896973,
      1.4512455463409424,
      1.5765725374221802,
      1.3510655164718628,
      1.5647882223129272,
      1.6306512355804443,
      1.5736044645309448,
      1.6364562511444092,
      1.3860129117965698,
      1.3404971361160278,
      1.3685290813446045,
      1.4192392826080322,
      1.654527187347412,
      1.5265047550201416,
      1.6470913887023926,
      1.5934399366378784,
      1.6014044284820557,
      1.4435316324234009,
      1.3288270235061646,
      1.4513925313949585,
      1.3988187313079834,
      1.5862005949020386,
      1.5488630533218384,
      1.4920920133590698,
      1.711087942123413,
      1.8470033407211304,
      1.6630665063858032,
      1.4988387823104858,
      1.5861989259719849,
      1.399990439414978,
      1.4213230609893799,
      1.7772772312164307,
      1.5083199739456177,
      1.5330859422683716,
      1.3701155185699463,
      1.4223341941833496,
      2.3490681648254395
   ],
   "batch_train_times": [],
   "val_accuracy": 0.38513513513513514,
   "val_loss": 2.167701141254322,
   "val_accuracy_per_label": [
      0.7272727272727273,
      0.0,
      0.5,
      0.0,
      0.0,
      0.0,
      0.0,
      0.5,
      0.0,
      0.0,
      0.0,
      0.0,
      0.0,
      0.2,
      0.0,
      0.0,
      0.0,
      0.0,
      0.0,
      1.0,
      0.7692307692307693,
      0.0,
      0.0,
      0.2,
      0.0,
      0.0,
      0.0,
      0.7,
      0.0,
      0.0,
      0.0,
      0.6,
      0.6,
      0.0,
      0.0,
      0.0,
      0.0,
      0.0,
      0.4666666666666667,
      0.1,
      0.0,
      0.75,
      0.0
   ]
}