{
   "epoch": 13,
   "batch_train_accuracies": [
      0.578125,
      0.53125,
      0.53125,
      0.59375,
      0.578125,
      0.65625,
      0.578125,
      0.53125,
      0.65625,
      0.546875,
      0.609375,
      0.609375,
      0.59375,
      0.484375,
      0.53125,
      0.625,
      0.53125,
      0.578125,
      0.640625,
      0.515625,
      0.546875,
      0.640625,
      0.703125,
      0.5,
      0.640625,
      0.640625,
      0.46875,
      0.5625,
      0.46875,
      0.5625,
      0.53125,
      0.578125,
      0.546875,
      0.578125,
      0.65625,
      0.578125,
      0.5625,
      0.53125,
      0.578125,
      0.53125,
      0.421875,
      0.75
   ],
   "batch_train_losses": [
      1.7460718154907227,
      1.7578362226486206,
      1.8282289505004883,
      1.6461539268493652,
      1.6456505060195923,
      1.6673920154571533,
      1.8544707298278809,
      1.743672251701355,
      1.499064326286316,
      1.7972990274429321,
      1.6917442083358765,
      1.7057417631149292,
      1.7293895483016968,
      1.7770518064498901,
      1.9761472940444946,
      1.7395230531692505,
      1.8016246557235718,
      1.5686450004577637,
      1.5953373908996582,
      1.7881108522415161,
      1.7449108362197876,
      1.6975817680358887,
      1.6291497945785522,
      1.8490887880325317,
      1.7175145149230957,
      1.5920323133468628,
      1.8063386678695679,
      1.7176393270492554,
      1.7809011936187744,
      1.8992500305175781,
      1.872348666191101,
      1.7857345342636108,
      1.7852072715759277,
      1.6919269561767578,
      1.512555718421936,
      1.8097889423370361,
      1.632602572441101,
      1.767676830291748,
      1.677217960357666,
      1.7585654258728027,
      1.872849702835083,
      1.690901279449463
   ],
   "batch_train_times": [],
   "val_accuracy": 0.3547297297297297,
   "val_loss": 2.4163151560602962,
   "val_accuracy_per_label": [
      0.7727272727272727,
      0.0,
      0.0,
      0.0,
      0.2,
      0.0,
      0.0,
      0.75,
      0.0,
      0.0,
      0.0,
      0.0,
      0.4,
      0.0,
      0.0,
      0.0,
      0.0,
      0.0,
      0.2,
      0.27586206896551724,
      1.0,
      0.0,
      0.0,
      0.0,
      0.0,
      0.0,
      0.0,
      0.8,
      0.0,
      0.0,
      0.0,
      0.8,
      1.0,
      0.0,
      0.0,
      0.0,
      0.0,
      0.0,
      0.26666666666666666,
      0.1,
      0.0,
      0.625,
      0.0
   ]
}