{
   "epoch": 22,
   "batch_train_accuracies": [
      0.75,
      0.578125,
      0.65625,
      0.59375,
      0.609375,
      0.515625,
      0.6875,
      0.65625,
      0.703125,
      0.6875,
      0.625,
      0.609375,
      0.703125,
      0.640625,
      0.6875,
      0.640625,
      0.671875,
      0.640625,
      0.609375,
      0.71875,
      0.796875,
      0.609375,
      0.71875,
      0.59375,
      0.609375,
      0.609375,
      0.625,
      0.671875,
      0.640625,
      0.6875,
      0.734375,
      0.703125,
      0.71875,
      0.640625,
      0.578125,
      0.65625,
      0.625,
      0.703125,
      0.671875,
      0.71875,
      0.71875,
      0.5
   ],
   "batch_train_losses": [
      1.2872658967971802,
      1.5200326442718506,
      1.4561285972595215,
      1.4056713581085205,
      1.5692905187606812,
      1.6364392042160034,
      1.3723044395446777,
      1.3548862934112549,
      1.4839751720428467,
      1.3283876180648804,
      1.6548386812210083,
      1.6853278875350952,
      1.414834976196289,
      1.5296273231506348,
      1.4751936197280884,
      1.5480791330337524,
      1.3826980590820312,
      1.5214961767196655,
      1.431069254875183,
      1.2722382545471191,
      1.2404470443725586,
      1.5072170495986938,
      1.3314138650894165,
      1.4744247198104858,
      1.555175542831421,
      1.4211028814315796,
      1.3400299549102783,
      1.3628590106964111,
      1.5637662410736084,
      1.4046722650527954,
      1.3288757801055908,
      1.3128840923309326,
      1.4035391807556152,
      1.4294928312301636,
      1.7101762294769287,
      1.596941351890564,
      1.5561773777008057,
      1.380689024925232,
      1.4736803770065308,
      1.3576046228408813,
      1.3477528095245361,
      2.220010280609131
   ],
   "batch_train_times": [],
   "val_accuracy": 0.43243243243243246,
   "val_loss": 2.1232847716357255,
   "val_accuracy_per_label": [
      0.7727272727272727,
      0.0,
      0.16666666666666666,
      0.0,
      0.8,
      1.0,
      0.0,
      0.75,
      0.0,
      0.2,
      0.0,
      0.0,
      0.0,
      0.0,
      0.2,
      0.0,
      0.0,
      0.0,
      0.6,
      1.0,
      0.8461538461538461,
      0.0,
      0.0,
      0.4,
      0.0,
      0.0,
      0.0,
      0.4,
      0.0,
      0.0,
      0.0,
      0.8,
      0.4,
      0.0,
      0.0,
      0.0,
      0.0,
      0.0,
      0.3333333333333333,
      0.3,
      0.0,
      0.625,
      0.2
   ]
}