{
   "epoch": 42,
   "batch_train_accuracies": [
      0.734375,
      0.703125,
      0.625,
      0.796875,
      0.796875,
      0.75,
      0.765625,
      0.78125,
      0.765625,
      0.75,
      0.71875,
      0.671875,
      0.65625,
      0.71875,
      0.78125,
      0.578125,
      0.75,
      0.765625,
      0.71875,
      0.78125,
      0.796875,
      0.84375,
      0.703125,
      0.8125,
      0.84375,
      0.890625,
      0.765625,
      0.765625,
      0.8125,
      0.703125,
      0.71875,
      0.734375,
      0.78125,
      0.609375,
      0.734375,
      0.6875,
      0.734375,
      0.65625,
      0.703125,
      0.828125,
      0.71875,
      0.75
   ],
   "batch_train_losses": [
      1.2573617696762085,
      1.3019357919692993,
      1.5657767057418823,
      1.145017147064209,
      1.1432517766952515,
      1.1688382625579834,
      1.1440433263778687,
      1.147089958190918,
      1.1793694496154785,
      1.2450454235076904,
      1.1776793003082275,
      1.3634307384490967,
      1.3458119630813599,
      1.2667428255081177,
      1.1737507581710815,
      1.5206401348114014,
      1.1915167570114136,
      1.0478756427764893,
      1.2689625024795532,
      1.1081353425979614,
      1.1201729774475098,
      1.070621132850647,
      1.270017385482788,
      1.1293823719024658,
      0.8780474662780762,
      0.927446722984314,
      1.1926862001419067,
      1.1328094005584717,
      1.1282895803451538,
      1.2261890172958374,
      1.1791629791259766,
      1.1556847095489502,
      1.1368095874786377,
      1.431580901145935,
      1.1406501531600952,
      1.1649305820465088,
      1.215126633644104,
      1.2884565591812134,
      1.2435302734375,
      1.0637949705123901,
      1.270468831062317,
      1.458867073059082
   ],
   "batch_train_times": [],
   "val_accuracy": 0.47297297297297297,
   "val_loss": 1.8936887496226542,
   "val_accuracy_per_label": [
      0.7272727272727273,
      0.0,
      0.16666666666666666,
      0.0,
      0.2,
      1.0,
      0.0,
      0.7,
      0.0,
      0.0,
      0.0,
      0.0,
      0.0,
      0.8,
      0.8,
      0.0,
      0.0,
      0.0,
      0.2,
      0.9655172413793104,
      1.0,
      0.0,
      0.0,
      0.2,
      0.0,
      0.0,
      0.0,
      0.7,
      0.0,
      0.0,
      0.0,
      0.6,
      1.0,
      0.0,
      0.0,
      0.25,
      0.0,
      0.0,
      0.4666666666666667,
      0.5,
      0.0,
      0.5,
      0.0
   ]
}