{
   "epoch": 21,
   "batch_train_accuracies": [
      0.671875,
      0.46875,
      0.734375,
      0.5,
      0.515625,
      0.5625,
      0.640625,
      0.5625,
      0.59375,
      0.5625,
      0.671875,
      0.671875,
      0.5625,
      0.6875,
      0.71875,
      0.59375,
      0.609375,
      0.671875,
      0.71875,
      0.65625,
      0.671875,
      0.75,
      0.59375,
      0.71875,
      0.65625,
      0.609375,
      0.703125,
      0.6875,
      0.609375,
      0.703125,
      0.734375,
      0.609375,
      0.671875,
      0.609375,
      0.578125,
      0.5,
      0.65625,
      0.703125,
      0.734375,
      0.71875,
      0.71875,
      0.5625
   ],
   "batch_train_losses": [
      1.39371657371521,
      1.7484617233276367,
      1.2944592237472534,
      1.6740597486495972,
      1.7311489582061768,
      1.7130142450332642,
      1.5259910821914673,
      1.5571916103363037,
      1.6871458292007446,
      1.6395691633224487,
      1.451513648033142,
      1.4650784730911255,
      1.7000230550765991,
      1.421059250831604,
      1.3258265256881714,
      1.676190733909607,
      1.5215139389038086,
      1.5502749681472778,
      1.3299520015716553,
      1.5811830759048462,
      1.4840108156204224,
      1.2473061084747314,
      1.5766319036483765,
      1.3300766944885254,
      1.4965269565582275,
      1.6211566925048828,
      1.4961785078048706,
      1.3293229341506958,
      1.5876898765563965,
      1.4158427715301514,
      1.3675792217254639,
      1.5764635801315308,
      1.274153470993042,
      1.6030423641204834,
      1.4262858629226685,
      1.7964597940444946,
      1.4717952013015747,
      1.2971594333648682,
      1.4154131412506104,
      1.2550405263900757,
      1.409428596496582,
      1.6369990110397339
   ],
   "batch_train_times": [],
   "val_accuracy": 0.44256756756756754,
   "val_loss": 2.0854433098354854,
   "val_accuracy_per_label": [
      0.8181818181818182,
      0.0,
      0.3333333333333333,
      0.0,
      0.0,
      1.0,
      0.0,
      0.75,
      0.0,
      0.0,
      0.0,
      0.0,
      0.6,
      0.0,
      0.4,
      0.0,
      0.0,
      0.0,
      0.2,
      0.7931034482758621,
      0.7692307692307693,
      0.0,
      0.0,
      0.2,
      0.0,
      0.0,
      0.0,
      0.75,
      0.0,
      0.0,
      0.0,
      0.4,
      1.0,
      0.0,
      0.0,
      0.0,
      0.0,
      0.0,
      0.6666666666666666,
      0.4,
      0.0,
      0.625,
      0.0
   ]
}