{
   "epoch": 10,
   "batch_train_accuracies": [
      0.5625,
      0.5625,
      0.484375,
      0.5,
      0.5625,
      0.515625,
      0.59375,
      0.65625,
      0.578125,
      0.5625,
      0.609375,
      0.671875,
      0.546875,
      0.515625,
      0.546875,
      0.453125,
      0.546875,
      0.5,
      0.484375,
      0.578125,
      0.515625,
      0.4375,
      0.53125,
      0.515625,
      0.484375,
      0.546875,
      0.5,
      0.421875,
      0.484375,
      0.515625,
      0.5625,
      0.546875,
      0.5,
      0.484375,
      0.46875,
      0.53125,
      0.5,
      0.578125,
      0.4375,
      0.65625,
      0.515625,
      0.4375
   ],
   "batch_train_losses": [
      1.8228559494018555,
      1.8546249866485596,
      2.012021541595459,
      2.0613596439361572,
      1.804075002670288,
      2.0099406242370605,
      1.8816958665847778,
      1.7958993911743164,
      1.8589167594909668,
      1.9534249305725098,
      1.6556589603424072,
      1.68211829662323,
      1.8343915939331055,
      1.9546737670898438,
      1.8618791103363037,
      2.0794966220855713,
      1.9014605283737183,
      1.9380574226379395,
      2.0995428562164307,
      1.8723154067993164,
      2.04194712638855,
      2.1323678493499756,
      1.8709043264389038,
      1.82998526096344,
      1.98667311668396,
      1.8815463781356812,
      1.9551457166671753,
      1.9822988510131836,
      1.8419482707977295,
      1.8204718828201294,
      1.8307256698608398,
      1.8619505167007446,
      1.8060581684112549,
      1.9720220565795898,
      1.9094555377960205,
      1.8411543369293213,
      1.8954722881317139,
      1.8390864133834839,
      1.95175302028656,
      1.7023147344589233,
      2.0133073329925537,
      1.940005898475647
   ],
   "batch_train_times": [],
   "val_accuracy": 0.3581081081081081,
   "val_loss": 2.439453988461881,
   "val_accuracy_per_label": [
      0.7727272727272727,
      0.0,
      0.0,
      0.0,
      0.2,
      0.0,
      0.0,
      0.75,
      0.0,
      0.2,
      0.0,
      0.0,
      0.0,
      0.0,
      0.0,
      0.0,
      0.0,
      0.0,
      0.6,
      0.5172413793103449,
      1.0,
      0.0,
      0.0,
      0.0,
      0.0,
      0.0,
      0.0,
      0.55,
      0.0,
      0.0,
      0.0,
      0.8,
      0.2,
      0.0,
      0.0,
      0.0,
      0.0,
      0.0,
      0.3333333333333333,
      0.2,
      0.0,
      0.625,
      0.0
   ]
}