{
   "epoch": 47,
   "batch_train_accuracies": [
      0.65625,
      0.703125,
      0.8125,
      0.84375,
      0.75,
      0.609375,
      0.859375,
      0.671875,
      0.703125,
      0.828125,
      0.828125,
      0.828125,
      0.6875,
      0.65625,
      0.65625,
      0.734375,
      0.765625,
      0.765625,
      0.78125,
      0.703125,
      0.84375,
      0.75,
      0.875,
      0.703125,
      0.703125,
      0.796875,
      0.75,
      0.796875,
      0.71875,
      0.765625,
      0.671875,
      0.734375,
      0.78125,
      0.84375,
      0.765625,
      0.8125,
      0.625,
      0.765625,
      0.828125,
      0.78125,
      0.75,
      0.875
   ],
   "batch_train_losses": [
      1.2620182037353516,
      1.341184377670288,
      1.09474515914917,
      1.0040069818496704,
      1.2664903402328491,
      1.4365160465240479,
      0.9980924129486084,
      1.3003730773925781,
      1.2090109586715698,
      1.0430701971054077,
      0.9183406233787537,
      1.010019063949585,
      1.3270719051361084,
      1.3343040943145752,
      1.2977224588394165,
      1.2396118640899658,
      1.1514084339141846,
      1.3388450145721436,
      1.1401801109313965,
      1.2949333190917969,
      0.9839752912521362,
      1.0549609661102295,
      1.0047742128372192,
      1.2892415523529053,
      1.2422077655792236,
      1.047142744064331,
      1.079944133758545,
      1.1164305210113525,
      1.2143195867538452,
      1.1621596813201904,
      1.3020609617233276,
      1.1470098495483398,
      1.0719332695007324,
      1.0028138160705566,
      1.103116512298584,
      1.0309513807296753,
      1.4283485412597656,
      1.164031744003296,
      0.9293899536132812,
      1.1902858018875122,
      1.1163198947906494,
      1.0520106554031372
   ],
   "batch_train_times": [],
   "val_accuracy": 0.46283783783783783,
   "val_loss": 1.8953835384265796,
   "val_accuracy_per_label": [
      0.7272727272727273,
      0.0,
      0.0,
      0.0,
      0.8,
      0.4,
      0.0,
      0.75,
      0.0,
      0.0,
      0.0,
      0.0,
      0.2,
      0.6,
      0.8,
      0.0,
      0.0,
      0.0,
      0.2,
      0.9655172413793104,
      0.8846153846153846,
      0.0,
      0.0,
      0.2,
      0.0,
      0.5,
      0.0,
      0.65,
      0.0,
      0.0,
      0.0,
      0.6,
      1.0,
      0.0,
      0.0,
      0.0,
      0.4,
      0.0,
      0.4666666666666667,
      0.2,
      0.0,
      0.25,
      0.0
   ]
}