{
   "epoch": 43,
   "batch_train_accuracies": [
      0.8125,
      0.703125,
      0.8125,
      0.609375,
      0.703125,
      0.796875,
      0.765625,
      0.75,
      0.828125,
      0.8125,
      0.796875,
      0.734375,
      0.796875,
      0.734375,
      0.796875,
      0.78125,
      0.671875,
      0.78125,
      0.6875,
      0.765625,
      0.765625,
      0.703125,
      0.71875,
      0.65625,
      0.859375,
      0.75,
      0.75,
      0.78125,
      0.765625,
      0.796875,
      0.703125,
      0.78125,
      0.765625,
      0.6875,
      0.796875,
      0.65625,
      0.703125,
      0.765625,
      0.78125,
      0.765625,
      0.765625,
      0.8125
   ],
   "batch_train_losses": [
      1.048010230064392,
      1.2541166543960571,
      1.0262426137924194,
      1.4750956296920776,
      1.3210721015930176,
      0.9875447750091553,
      1.2100958824157715,
      1.1214966773986816,
      1.0235252380371094,
      1.0644851922988892,
      1.14614999294281,
      1.2433781623840332,
      1.193255066871643,
      1.1490296125411987,
      1.1593743562698364,
      1.0946513414382935,
      1.290616512298584,
      1.2514642477035522,
      1.4063559770584106,
      1.2238802909851074,
      1.1738886833190918,
      1.2729085683822632,
      1.3869708776474,
      1.3355491161346436,
      0.9730709195137024,
      1.1996678113937378,
      1.2594786882400513,
      1.0800176858901978,
      1.2772574424743652,
      1.10142183303833,
      1.328582525253296,
      1.1261543035507202,
      1.1201181411743164,
      1.3264306783676147,
      1.0748581886291504,
      1.396618366241455,
      1.3063180446624756,
      1.1687723398208618,
      1.0241191387176514,
      1.1218377351760864,
      1.1507593393325806,
      1.1850495338439941
   ],
   "batch_train_times": [],
   "val_accuracy": 0.49324324324324326,
   "val_loss": 1.9589616607975315,
   "val_accuracy_per_label": [
      0.9090909090909091,
      0.0,
      0.16666666666666666,
      0.4,
      1.0,
      1.0,
      0.0,
      0.85,
      0.0,
      0.0,
      0.0,
      0.0,
      0.0,
      0.6,
      0.8,
      0.0,
      0.0,
      0.0,
      0.2,
      0.9655172413793104,
      0.9615384615384616,
      0.0,
      0.0,
      0.0,
      0.0,
      0.2,
      0.0,
      0.5,
      0.0,
      0.0,
      0.0,
      0.8,
      0.6,
      0.0,
      0.0,
      0.0,
      0.0,
      0.0,
      0.5333333333333333,
      0.4,
      0.0,
      0.5,
      0.0
   ]
}