{
   "epoch": 9,
   "batch_train_accuracies": [
      0.578125,
      0.4375,
      0.453125,
      0.484375,
      0.59375,
      0.515625,
      0.4375,
      0.546875,
      0.546875,
      0.46875,
      0.578125,
      0.421875,
      0.546875,
      0.5625,
      0.625,
      0.59375,
      0.453125,
      0.453125,
      0.4375,
      0.546875,
      0.59375,
      0.484375,
      0.53125,
      0.453125,
      0.390625,
      0.515625,
      0.546875,
      0.546875,
      0.40625,
      0.515625,
      0.515625,
      0.5625,
      0.578125,
      0.40625,
      0.453125,
      0.609375,
      0.515625,
      0.53125,
      0.515625,
      0.484375,
      0.421875,
      0.3125
   ],
   "batch_train_losses": [
      1.9401310682296753,
      2.064114570617676,
      2.042396306991577,
      2.0683155059814453,
      1.857979655265808,
      2.055460214614868,
      2.1264169216156006,
      1.9577813148498535,
      1.945770502090454,
      2.0769290924072266,
      2.021519660949707,
      2.1463963985443115,
      1.914102554321289,
      1.9336433410644531,
      1.8983545303344727,
      1.8540592193603516,
      2.0642080307006836,
      2.07401180267334,
      2.1634268760681152,
      1.8890546560287476,
      1.784993290901184,
      1.9542710781097412,
      1.8965400457382202,
      1.9617440700531006,
      2.0997583866119385,
      2.002939224243164,
      1.8660346269607544,
      1.883379578590393,
      2.1446049213409424,
      1.945455551147461,
      1.9251868724822998,
      1.8829236030578613,
      1.8018954992294312,
      2.1545724868774414,
      2.150062084197998,
      1.8801984786987305,
      1.8202738761901855,
      1.9943355321884155,
      2.0723469257354736,
      1.949282169342041,
      2.131228446960449,
      2.7442619800567627
   ],
   "batch_train_times": [],
   "val_accuracy": 0.3310810810810811,
   "val_loss": 2.5147397324845597,
   "val_accuracy_per_label": [
      0.6363636363636364,
      0.0,
      0.0,
      0.0,
      0.0,
      0.4,
      0.0,
      0.75,
      0.0,
      0.0,
      0.0,
      0.0,
      0.0,
      0.2,
      0.0,
      0.0,
      0.0,
      0.0,
      0.8,
      0.7931034482758621,
      0.8076923076923077,
      0.0,
      0.0,
      0.0,
      0.0,
      0.0,
      0.0,
      0.2,
      0.0,
      0.0,
      0.0,
      0.2,
      0.0,
      0.0,
      0.0,
      0.0,
      0.0,
      0.0,
      0.4,
      0.2,
      0.0,
      0.5,
      0.2
   ]
}