{
   "epoch": 12,
   "batch_train_accuracies": [
      0.59375,
      0.46875,
      0.5,
      0.671875,
      0.40625,
      0.53125,
      0.59375,
      0.578125,
      0.515625,
      0.703125,
      0.5625,
      0.5,
      0.546875,
      0.5,
      0.484375,
      0.515625,
      0.578125,
      0.4375,
      0.4375,
      0.578125,
      0.609375,
      0.515625,
      0.578125,
      0.671875,
      0.515625,
      0.53125,
      0.484375,
      0.5625,
      0.625,
      0.59375,
      0.53125,
      0.484375,
      0.625,
      0.484375,
      0.46875,
      0.59375,
      0.5625,
      0.578125,
      0.59375,
      0.484375,
      0.625,
      0.375
   ],
   "batch_train_losses": [
      1.71905517578125,
      2.0000956058502197,
      1.9426559209823608,
      1.564615249633789,
      2.1262848377227783,
      1.9178212881088257,
      1.7287975549697876,
      1.7929046154022217,
      1.8300102949142456,
      1.6991333961486816,
      1.693851113319397,
      2.0019237995147705,
      1.798067569732666,
      1.9560883045196533,
      1.8460355997085571,
      1.8359037637710571,
      1.7906286716461182,
      1.9730584621429443,
      1.9676649570465088,
      1.716281533241272,
      1.7165100574493408,
      2.00551176071167,
      1.7810393571853638,
      1.635568618774414,
      1.848719596862793,
      1.8291174173355103,
      1.9580081701278687,
      1.771994948387146,
      1.686200499534607,
      1.676693320274353,
      1.7926186323165894,
      1.9914798736572266,
      1.6417925357818604,
      1.8311687707901,
      2.0378687381744385,
      1.6583845615386963,
      1.6706504821777344,
      1.6968045234680176,
      1.7290643453598022,
      1.7179735898971558,
      1.6749504804611206,
      2.2029008865356445
   ],
   "batch_train_times": [],
   "val_accuracy": 0.34121621621621623,
   "val_loss": 2.5070460680368782,
   "val_accuracy_per_label": [
      0.7727272727272727,
      0.0,
      0.0,
      0.0,
      0.0,
      0.4,
      0.0,
      0.75,
      0.0,
      0.0,
      0.0,
      0.0,
      0.0,
      0.0,
      0.0,
      0.0,
      0.0,
      0.0,
      0.6,
      0.5172413793103449,
      0.8846153846153846,
      0.0,
      0.0,
      0.0,
      0.0,
      0.0,
      0.0,
      0.5,
      0.0,
      0.0,
      0.0,
      0.0,
      0.8,
      0.0,
      0.0,
      0.0,
      0.0,
      0.0,
      0.2,
      0.2,
      0.0,
      0.625,
      0.4
   ]
}