{
   "epoch": 27,
   "batch_train_accuracies": [
      0.609375,
      0.65625,
      0.796875,
      0.609375,
      0.640625,
      0.578125,
      0.703125,
      0.765625,
      0.671875,
      0.671875,
      0.6875,
      0.78125,
      0.625,
      0.671875,
      0.6875,
      0.703125,
      0.671875,
      0.640625,
      0.71875,
      0.765625,
      0.671875,
      0.78125,
      0.671875,
      0.625,
      0.6875,
      0.65625,
      0.6875,
      0.71875,
      0.734375,
      0.734375,
      0.78125,
      0.796875,
      0.671875,
      0.671875,
      0.703125,
      0.609375,
      0.640625,
      0.78125,
      0.734375,
      0.71875,
      0.796875,
      0.6875
   ],
   "batch_train_losses": [
      1.471841812133789,
      1.3766142129898071,
      1.1148635149002075,
      1.5850342512130737,
      1.5897456407546997,
      1.516137719154358,
      1.4783498048782349,
      1.2792365550994873,
      1.419071078300476,
      1.4168615341186523,
      1.4181807041168213,
      1.2549424171447754,
      1.3548029661178589,
      1.564989686012268,
      1.3007094860076904,
      1.371500015258789,
      1.4299503564834595,
      1.3539483547210693,
      1.2977776527404785,
      1.1683807373046875,
      1.3211729526519775,
      1.2540490627288818,
      1.5086886882781982,
      1.439800500869751,
      1.416072130203247,
      1.3966153860092163,
      1.5083987712860107,
      1.3224308490753174,
      1.23903489112854,
      1.2169219255447388,
      1.2257295846939087,
      1.2818050384521484,
      1.3175947666168213,
      1.3747068643569946,
      1.3314604759216309,
      1.63852858543396,
      1.2791516780853271,
      1.2286325693130493,
      1.2481398582458496,
      1.4540075063705444,
      1.0763746500015259,
      1.429571270942688
   ],
   "batch_train_times": [],
   "val_accuracy": 0.4594594594594595,
   "val_loss": 2.0587849810316756,
   "val_accuracy_per_label": [
      0.8181818181818182,
      0.0,
      0.16666666666666666,
      0.0,
      1.0,
      0.4,
      0.0,
      0.85,
      0.0,
      0.0,
      0.0,
      0.0,
      0.0,
      0.0,
      0.6,
      0.0,
      0.0,
      0.0,
      0.0,
      1.0,
      0.9230769230769231,
      0.0,
      0.0,
      0.2,
      0.0,
      0.0,
      0.0,
      0.65,
      0.0,
      0.0,
      0.0,
      0.0,
      0.6,
      0.0,
      0.0,
      0.0,
      0.2,
      0.0,
      0.5333333333333333,
      0.7,
      0.0,
      0.5,
      0.0
   ]
}