{
   "epoch": 5,
   "batch_train_accuracies": [
      0.40625,
      0.4375,
      0.46875,
      0.46875,
      0.40625,
      0.40625,
      0.53125,
      0.578125,
      0.375,
      0.46875,
      0.5625,
      0.4375,
      0.375,
      0.28125,
      0.5,
      0.53125,
      0.4375,
      0.453125,
      0.546875,
      0.328125,
      0.5,
      0.546875,
      0.515625,
      0.375,
      0.390625,
      0.53125,
      0.515625,
      0.375,
      0.359375,
      0.59375,
      0.453125,
      0.484375,
      0.515625,
      0.515625,
      0.359375,
      0.453125,
      0.453125,
      0.390625,
      0.5,
      0.4375,
      0.4375,
      0.5
   ],
   "batch_train_losses": [
      2.40732479095459,
      2.4613547325134277,
      2.300285816192627,
      2.439727544784546,
      2.409712076187134,
      2.4419186115264893,
      2.3828868865966797,
      2.2557270526885986,
      2.5536417961120605,
      2.4350366592407227,
      2.2131049633026123,
      2.4356460571289062,
      2.4226582050323486,
      2.578361749649048,
      2.26345157623291,
      2.3076517581939697,
      2.350212812423706,
      2.3679630756378174,
      2.2915894985198975,
      2.549421548843384,
      2.326347827911377,
      2.119659423828125,
      2.206681728363037,
      2.4726219177246094,
      2.509481906890869,
      2.19567608833313,
      2.279900312423706,
      2.349855899810791,
      2.4201788902282715,
      2.1505751609802246,
      2.273577928543091,
      2.242051124572754,
      2.2015764713287354,
      2.274981737136841,
      2.4659459590911865,
      2.1829993724823,
      2.27296781539917,
      2.451359987258911,
      2.2117395401000977,
      2.306523323059082,
      2.301691770553589,
      2.3009231090545654
   ],
   "batch_train_times": [],
   "val_accuracy": 0.3344594594594595,
   "val_loss": 2.7150937286583154,
   "val_accuracy_per_label": [
      0.5909090909090909,
      0.0,
      0.0,
      0.2,
      0.6,
      0.4,
      0.0,
      0.65,
      0.0,
      0.0,
      0.0,
      0.0,
      0.0,
      0.0,
      0.0,
      0.0,
      0.0,
      0.0,
      0.0,
      0.8275862068965517,
      0.6923076923076923,
      0.0,
      0.0,
      0.0,
      0.0,
      0.0,
      0.0,
      0.45,
      0.0,
      0.0,
      0.0,
      0.0,
      0.0,
      0.0,
      0.0,
      0.0,
      0.0,
      0.0,
      0.6,
      0.2,
      0.0,
      0.625,
      0.0
   ]
}