{
   "epoch": 19,
   "batch_train_accuracies": [
      0.6875,
      0.59375,
      0.671875,
      0.671875,
      0.671875,
      0.546875,
      0.609375,
      0.546875,
      0.578125,
      0.703125,
      0.6875,
      0.6875,
      0.625,
      0.671875,
      0.703125,
      0.6875,
      0.59375,
      0.640625,
      0.5625,
      0.6875,
      0.625,
      0.65625,
      0.625,
      0.546875,
      0.59375,
      0.734375,
      0.703125,
      0.640625,
      0.59375,
      0.71875,
      0.59375,
      0.65625,
      0.671875,
      0.59375,
      0.609375,
      0.578125,
      0.578125,
      0.59375,
      0.625,
      0.59375,
      0.609375,
      0.5625
   ],
   "batch_train_losses": [
      1.4364030361175537,
      1.6019986867904663,
      1.4198673963546753,
      1.6112656593322754,
      1.42617928981781,
      1.6442527770996094,
      1.4372129440307617,
      1.693290114402771,
      1.570764183998108,
      1.3409851789474487,
      1.3967629671096802,
      1.5018422603607178,
      1.67202889919281,
      1.5865448713302612,
      1.4595272541046143,
      1.442241907119751,
      1.621627688407898,
      1.473901391029358,
      1.7777659893035889,
      1.2357430458068848,
      1.498034954071045,
      1.5592982769012451,
      1.5070037841796875,
      1.6294333934783936,
      1.6030200719833374,
      1.286476731300354,
      1.2939932346343994,
      1.3897485733032227,
      1.4239914417266846,
      1.5855823755264282,
      1.5331941843032837,
      1.5776206254959106,
      1.4972113370895386,
      1.6123534440994263,
      1.566232442855835,
      1.5617562532424927,
      1.528342843055725,
      1.6406402587890625,
      1.6196975708007812,
      1.6366100311279297,
      1.611246109008789,
      1.8617234230041504
   ],
   "batch_train_times": [],
   "val_accuracy": 0.3952702702702703,
   "val_loss": 2.1931818240397685,
   "val_accuracy_per_label": [
      0.7272727272727273,
      0.0,
      0.0,
      0.0,
      0.8,
      0.8,
      0.0,
      0.85,
      0.0,
      0.2,
      0.0,
      0.0,
      0.0,
      0.0,
      0.0,
      0.0,
      0.0,
      0.0,
      0.0,
      0.6551724137931034,
      0.8846153846153846,
      0.0,
      0.0,
      0.0,
      0.0,
      0.0,
      0.0,
      0.75,
      0.0,
      0.0,
      0.0,
      0.0,
      0.6,
      0.0,
      0.0,
      0.0,
      0.0,
      0.0,
      0.4666666666666667,
      0.4,
      0.0,
      0.5,
      0.0
   ]
}