{
   "epoch": 2,
   "batch_train_accuracies": [
      0.359375,
      0.296875,
      0.359375,
      0.265625,
      0.34375,
      0.28125,
      0.21875,
      0.359375,
      0.265625,
      0.265625,
      0.359375,
      0.25,
      0.265625,
      0.25,
      0.234375,
      0.390625,
      0.4375,
      0.265625,
      0.25,
      0.296875,
      0.25,
      0.40625,
      0.4375,
      0.34375,
      0.171875,
      0.265625,
      0.4375,
      0.375,
      0.40625,
      0.328125,
      0.390625,
      0.375,
      0.296875,
      0.375,
      0.34375,
      0.28125,
      0.28125,
      0.34375,
      0.234375,
      0.34375,
      0.328125,
      0.375
   ],
   "batch_train_losses": [
      3.0687365531921387,
      2.9167604446411133,
      2.9496030807495117,
      3.048382043838501,
      2.9642622470855713,
      3.0004167556762695,
      3.047433614730835,
      2.895287275314331,
      3.052614688873291,
      2.9042253494262695,
      2.9933550357818604,
      3.0123043060302734,
      2.94757080078125,
      2.9886295795440674,
      2.9661645889282227,
      2.7970964908599854,
      2.740654945373535,
      2.900023937225342,
      2.9560089111328125,
      2.920379161834717,
      2.991445302963257,
      2.79500675201416,
      2.689941644668579,
      2.945927381515503,
      3.0980594158172607,
      2.8985438346862793,
      2.6719119548797607,
      2.7672159671783447,
      2.752079963684082,
      2.895291566848755,
      2.7353501319885254,
      2.77644419670105,
      2.9116017818450928,
      2.747471570968628,
      2.822934627532959,
      2.8055121898651123,
      2.864844560623169,
      2.818314552307129,
      2.966892719268799,
      2.7542247772216797,
      2.862982988357544,
      2.770972490310669
   ],
   "batch_train_times": [],
   "val_accuracy": 0.21283783783783783,
   "val_loss": 3.0629247330330513,
   "val_accuracy_per_label": [
      0.5454545454545454,
      0.0,
      0.0,
      0.0,
      0.0,
      0.0,
      0.0,
      0.3,
      0.0,
      0.4,
      0.0,
      0.0,
      0.0,
      0.2,
      0.0,
      0.0,
      0.0,
      0.0,
      0.8,
      0.3103448275862069,
      0.8461538461538461,
      0.0,
      0.0,
      0.0,
      0.0,
      0.0,
      0.0,
      0.05,
      0.0,
      0.0,
      0.0,
      0.0,
      0.0,
      0.0,
      0.0,
      0.0,
      0.0,
      0.0,
      0.0,
      0.1,
      0.0,
      0.625,
      0.0
   ]
}