{
   "epoch": 4,
   "batch_train_accuracies": [
      0.375,
      0.390625,
      0.4375,
      0.453125,
      0.4375,
      0.421875,
      0.53125,
      0.484375,
      0.484375,
      0.421875,
      0.359375,
      0.375,
      0.515625,
      0.390625,
      0.40625,
      0.4375,
      0.34375,
      0.296875,
      0.46875,
      0.46875,
      0.40625,
      0.5,
      0.5,
      0.484375,
      0.484375,
      0.421875,
      0.40625,
      0.40625,
      0.484375,
      0.515625,
      0.4375,
      0.40625,
      0.375,
      0.390625,
      0.40625,
      0.375,
      0.46875,
      0.296875,
      0.421875,
      0.46875,
      0.5,
      0.5
   ],
   "batch_train_losses": [
      2.727857828140259,
      2.676382064819336,
      2.493382453918457,
      2.5928916931152344,
      2.3776910305023193,
      2.4529178142547607,
      2.3885397911071777,
      2.538820743560791,
      2.3727290630340576,
      2.5078790187835693,
      2.7174782752990723,
      2.6348049640655518,
      2.4179978370666504,
      2.5090463161468506,
      2.6124520301818848,
      2.434584856033325,
      2.700043201446533,
      2.6982007026672363,
      2.4489526748657227,
      2.437485933303833,
      2.4477198123931885,
      2.38796329498291,
      2.524286985397339,
      2.2887134552001953,
      2.4333839416503906,
      2.4242162704467773,
      2.4276256561279297,
      2.5415425300598145,
      2.3326611518859863,
      2.4072983264923096,
      2.4480273723602295,
      2.4382925033569336,
      2.6025240421295166,
      2.473456382751465,
      2.5104005336761475,
      2.414534568786621,
      2.4411118030548096,
      2.646926164627075,
      2.4013514518737793,
      2.33598256111145,
      2.3553459644317627,
      2.4937171936035156
   ],
   "batch_train_times": [],
   "val_accuracy": 0.2972972972972973,
   "val_loss": 2.7850816185409957,
   "val_accuracy_per_label": [
      0.5909090909090909,
      0.0,
      0.0,
      0.0,
      0.2,
      0.6,
      0.0,
      0.6,
      0.0,
      0.0,
      0.0,
      0.0,
      0.0,
      0.2,
      0.0,
      0.0,
      0.0,
      0.0,
      0.2,
      0.6206896551724138,
      0.7307692307692307,
      0.0,
      0.0,
      0.0,
      0.0,
      0.0,
      0.0,
      0.4,
      0.0,
      0.0,
      0.0,
      0.0,
      0.0,
      0.0,
      0.0,
      0.0,
      0.0,
      0.0,
      0.4666666666666667,
      0.0,
      0.0,
      0.625,
      0.0
   ]
}