{
   "epoch": 32,
   "batch_train_accuracies": [
      0.828125,
      0.71875,
      0.65625,
      0.75,
      0.640625,
      0.59375,
      0.765625,
      0.640625,
      0.765625,
      0.734375,
      0.703125,
      0.796875,
      0.640625,
      0.828125,
      0.75,
      0.75,
      0.734375,
      0.71875,
      0.796875,
      0.796875,
      0.703125,
      0.65625,
      0.71875,
      0.75,
      0.78125,
      0.796875,
      0.796875,
      0.703125,
      0.8125,
      0.828125,
      0.59375,
      0.765625,
      0.765625,
      0.703125,
      0.734375,
      0.703125,
      0.6875,
      0.78125,
      0.625,
      0.6875,
      0.796875,
      0.6875
   ],
   "batch_train_losses": [
      1.0732494592666626,
      1.3367993831634521,
      1.3738785982131958,
      1.2058653831481934,
      1.405893087387085,
      1.6465271711349487,
      1.1932477951049805,
      1.4139585494995117,
      1.2273908853530884,
      1.2433733940124512,
      1.3977316617965698,
      1.16610848903656,
      1.243451714515686,
      1.097507119178772,
      1.3285983800888062,
      1.1878321170806885,
      1.2067443132400513,
      1.3240840435028076,
      1.1337119340896606,
      1.1250100135803223,
      1.194657325744629,
      1.3680815696716309,
      1.3277109861373901,
      1.2988251447677612,
      1.1128249168395996,
      1.2398557662963867,
      1.1522626876831055,
      1.3623045682907104,
      1.111836314201355,
      1.1234608888626099,
      1.5140867233276367,
      1.1749544143676758,
      1.1754299402236938,
      1.2640070915222168,
      1.1440114974975586,
      1.291857123374939,
      1.3776825666427612,
      1.1383308172225952,
      1.4456465244293213,
      1.3098633289337158,
      1.1702333688735962,
      1.5290336608886719
   ],
   "batch_train_times": [],
   "val_accuracy": 0.4594594594594595,
   "val_loss": 1.9373717050294619,
   "val_accuracy_per_label": [
      0.6818181818181818,
      0.0,
      0.0,
      0.0,
      1.0,
      0.2,
      0.0,
      0.8,
      0.0,
      0.0,
      0.0,
      0.0,
      0.0,
      0.4,
      0.0,
      0.0,
      0.0,
      0.0,
      0.0,
      1.0,
      0.8461538461538461,
      0.0,
      0.0,
      0.4,
      0.0,
      0.6,
      0.0,
      0.8,
      0.0,
      0.0,
      0.0,
      0.0,
      0.6,
      0.0,
      0.0,
      0.0,
      0.2,
      0.0,
      0.7333333333333333,
      0.3,
      0.0,
      0.5,
      0.0
   ]
}