{
   "epoch": 7,
   "batch_train_accuracies": [
      0.5,
      0.59375,
      0.453125,
      0.390625,
      0.46875,
      0.453125,
      0.421875,
      0.46875,
      0.53125,
      0.421875,
      0.53125,
      0.421875,
      0.5625,
      0.53125,
      0.40625,
      0.359375,
      0.40625,
      0.46875,
      0.546875,
      0.46875,
      0.453125,
      0.53125,
      0.46875,
      0.609375,
      0.359375,
      0.4375,
      0.390625,
      0.578125,
      0.453125,
      0.4375,
      0.4375,
      0.453125,
      0.421875,
      0.515625,
      0.515625,
      0.484375,
      0.46875,
      0.59375,
      0.578125,
      0.40625,
      0.484375,
      0.5625
   ],
   "batch_train_losses": [
      2.0785765647888184,
      2.112745523452759,
      2.1800589561462402,
      2.257298231124878,
      2.0946412086486816,
      2.282177209854126,
      2.116720676422119,
      2.1129462718963623,
      2.3178834915161133,
      2.1140236854553223,
      2.0484650135040283,
      2.149162769317627,
      1.9249056577682495,
      2.0976598262786865,
      2.1360228061676025,
      2.3651678562164307,
      2.1204307079315186,
      2.1325385570526123,
      2.005577564239502,
      2.1632251739501953,
      2.22347092628479,
      2.107900857925415,
      2.177490472793579,
      1.9343349933624268,
      2.4358012676239014,
      2.306304454803467,
      2.267756223678589,
      2.1066184043884277,
      2.142467498779297,
      2.063432455062866,
      2.1926488876342773,
      2.21176815032959,
      2.183722496032715,
      2.0434329509735107,
      2.022146463394165,
      2.2039167881011963,
      2.1082959175109863,
      1.9236119985580444,
      2.023735523223877,
      2.386420726776123,
      2.0299811363220215,
      2.1721231937408447
   ],
   "batch_train_times": [],
   "val_accuracy": 0.35135135135135137,
   "val_loss": 2.5726303281010807,
   "val_accuracy_per_label": [
      0.5909090909090909,
      0.0,
      0.0,
      0.0,
      0.6,
      1.0,
      0.0,
      0.75,
      0.0,
      0.0,
      0.0,
      0.0,
      0.0,
      0.4,
      0.0,
      0.0,
      0.0,
      0.0,
      0.0,
      0.7241379310344828,
      0.6538461538461539,
      0.0,
      0.0,
      0.0,
      0.0,
      0.0,
      0.0,
      0.4,
      0.0,
      0.0,
      0.0,
      0.0,
      0.0,
      0.0,
      0.0,
      0.0,
      0.0,
      0.0,
      0.8,
      0.3,
      0.0,
      0.625,
      0.0
   ]
}