{
   "epoch": 14,
   "batch_train_accuracies": [
      0.59375,
      0.578125,
      0.609375,
      0.625,
      0.59375,
      0.53125,
      0.59375,
      0.578125,
      0.515625,
      0.390625,
      0.578125,
      0.6875,
      0.609375,
      0.421875,
      0.640625,
      0.609375,
      0.609375,
      0.5625,
      0.640625,
      0.671875,
      0.578125,
      0.53125,
      0.46875,
      0.53125,
      0.515625,
      0.59375,
      0.546875,
      0.625,
      0.703125,
      0.625,
      0.578125,
      0.71875,
      0.6875,
      0.625,
      0.546875,
      0.546875,
      0.640625,
      0.53125,
      0.515625,
      0.734375,
      0.484375,
      0.5
   ],
   "batch_train_losses": [
      1.7482445240020752,
      1.6488094329833984,
      1.6734120845794678,
      1.6920822858810425,
      1.7054214477539062,
      1.8453370332717896,
      1.7953094244003296,
      1.8049076795578003,
      1.7256535291671753,
      1.964228630065918,
      1.660098910331726,
      1.504802942276001,
      1.7072035074234009,
      1.9283033609390259,
      1.5352648496627808,
      1.7258254289627075,
      1.604617714881897,
      1.7600032091140747,
      1.623046875,
      1.4931108951568604,
      1.6665385961532593,
      1.7679105997085571,
      1.865462303161621,
      1.7076650857925415,
      1.8963457345962524,
      1.7187128067016602,
      1.6544075012207031,
      1.6383157968521118,
      1.652833342552185,
      1.6770210266113281,
      1.7452141046524048,
      1.5303276777267456,
      1.416727066040039,
      1.6118674278259277,
      1.7603317499160767,
      1.8876718282699585,
      1.6812156438827515,
      1.8220425844192505,
      1.8967608213424683,
      1.504682183265686,
      2.019623279571533,
      2.013280153274536
   ],
   "batch_train_times": [],
   "val_accuracy": 0.375,
   "val_loss": 2.31581449508667,
   "val_accuracy_per_label": [
      0.6818181818181818,
      0.0,
      0.0,
      0.0,
      0.4,
      0.4,
      0.0,
      0.75,
      0.0,
      0.0,
      0.0,
      0.0,
      0.0,
      0.2,
      0.0,
      0.0,
      0.0,
      0.0,
      0.0,
      0.7241379310344828,
      0.7307692307692307,
      0.0,
      0.0,
      0.2,
      0.0,
      0.0,
      0.0,
      0.8,
      0.0,
      0.0,
      0.0,
      0.0,
      0.6,
      0.0,
      0.0,
      0.0,
      0.0,
      0.0,
      0.5333333333333333,
      0.4,
      0.0,
      0.5,
      0.0
   ]
}