{
   "epoch": 15,
   "batch_train_accuracies": [
      0.703125,
      0.578125,
      0.5625,
      0.578125,
      0.46875,
      0.5625,
      0.578125,
      0.71875,
      0.671875,
      0.5,
      0.59375,
      0.5,
      0.59375,
      0.671875,
      0.640625,
      0.484375,
      0.46875,
      0.578125,
      0.5625,
      0.59375,
      0.53125,
      0.53125,
      0.65625,
      0.609375,
      0.609375,
      0.578125,
      0.5625,
      0.640625,
      0.5625,
      0.609375,
      0.5,
      0.671875,
      0.515625,
      0.578125,
      0.640625,
      0.546875,
      0.640625,
      0.421875,
      0.453125,
      0.671875,
      0.65625,
      0.3125
   ],
   "batch_train_losses": [
      1.5700188875198364,
      1.7211203575134277,
      1.6936297416687012,
      1.6140815019607544,
      1.7572673559188843,
      1.7547502517700195,
      1.6742867231369019,
      1.4473075866699219,
      1.6677868366241455,
      1.9051984548568726,
      1.6084177494049072,
      1.8315925598144531,
      1.6413792371749878,
      1.5533034801483154,
      1.5804601907730103,
      1.7949689626693726,
      1.783914566040039,
      1.7240554094314575,
      1.7175626754760742,
      1.6280916929244995,
      1.8670721054077148,
      1.7468328475952148,
      1.6272839307785034,
      1.708404779434204,
      1.6169248819351196,
      1.5911211967468262,
      1.7119243144989014,
      1.6166719198226929,
      1.751035451889038,
      1.4975420236587524,
      1.799219012260437,
      1.4344358444213867,
      1.868608832359314,
      1.6970136165618896,
      1.4581512212753296,
      1.807942509651184,
      1.518521785736084,
      1.9927935600280762,
      1.7678979635238647,
      1.512215256690979,
      1.6326708793640137,
      2.182415008544922
   ],
   "batch_train_times": [],
   "val_accuracy": 0.3716216216216216,
   "val_loss": 2.278693154051497,
   "val_accuracy_per_label": [
      0.7727272727272727,
      0.0,
      0.0,
      0.0,
      0.0,
      0.4,
      0.0,
      0.85,
      0.0,
      0.0,
      0.0,
      0.0,
      0.0,
      0.2,
      0.2,
      0.0,
      0.0,
      0.0,
      0.0,
      0.7241379310344828,
      0.7307692307692307,
      0.0,
      0.0,
      0.2,
      0.0,
      0.0,
      0.0,
      0.7,
      0.0,
      0.0,
      0.0,
      0.0,
      0.8,
      0.0,
      0.0,
      0.0,
      0.0,
      0.0,
      0.4,
      0.2,
      0.0,
      0.5,
      0.2
   ]
}