{
   "epoch": 13,
   "batch_train_accuracies": [
      0.53125,
      0.609375,
      0.484375,
      0.609375,
      0.5625,
      0.625,
      0.53125,
      0.46875,
      0.59375,
      0.515625,
      0.515625,
      0.546875,
      0.578125,
      0.703125,
      0.546875,
      0.625,
      0.53125,
      0.53125,
      0.5,
      0.6875,
      0.625,
      0.609375,
      0.59375,
      0.5625,
      0.4375,
      0.53125,
      0.625,
      0.515625,
      0.53125,
      0.625,
      0.546875,
      0.59375,
      0.59375,
      0.46875,
      0.359375,
      0.65625,
      0.625,
      0.625,
      0.578125,
      0.59375,
      0.484375,
      0.75
   ],
   "batch_train_losses": [
      1.8756036758422852,
      1.707453966140747,
      1.8413968086242676,
      1.7186522483825684,
      1.801803469657898,
      1.6210755109786987,
      1.9068033695220947,
      1.8245004415512085,
      1.8039747476577759,
      1.8937321901321411,
      1.8021830320358276,
      1.762015461921692,
      1.7133686542510986,
      1.6375541687011719,
      1.7617075443267822,
      1.6019630432128906,
      1.6925504207611084,
      1.80913245677948,
      1.9675025939941406,
      1.4870972633361816,
      1.7351670265197754,
      1.6685365438461304,
      1.713751196861267,
      1.638810157775879,
      1.9480130672454834,
      1.7870872020721436,
      1.7461001873016357,
      1.7303434610366821,
      1.765812635421753,
      1.552652359008789,
      1.8335378170013428,
      1.7734942436218262,
      1.634890079498291,
      1.8568816184997559,
      2.1342978477478027,
      1.6401331424713135,
      1.6725245714187622,
      1.5217010974884033,
      1.7696342468261719,
      1.7112727165222168,
      1.8919192552566528,
      1.3547601699829102
   ],
   "batch_train_times": [],
   "val_accuracy": 0.36824324324324326,
   "val_loss": 2.3230104639723494,
   "val_accuracy_per_label": [
      0.7727272727272727,
      0.0,
      0.0,
      0.0,
      0.0,
      0.4,
      0.0,
      0.75,
      0.0,
      0.6,
      0.0,
      0.0,
      0.0,
      0.2,
      0.0,
      0.0,
      0.0,
      0.0,
      0.0,
      0.8275862068965517,
      0.7692307692307693,
      0.0,
      0.0,
      0.4,
      0.0,
      0.0,
      0.0,
      0.4,
      0.0,
      0.0,
      0.0,
      0.0,
      0.0,
      0.0,
      0.0,
      0.0,
      0.0,
      0.0,
      0.6666666666666666,
      0.1,
      0.0,
      0.625,
      0.2
   ]
}