{
   "epoch": 20,
   "batch_train_accuracies": [
      0.734375,
      0.765625,
      0.5625,
      0.546875,
      0.546875,
      0.5625,
      0.578125,
      0.703125,
      0.625,
      0.609375,
      0.59375,
      0.578125,
      0.71875,
      0.640625,
      0.65625,
      0.484375,
      0.578125,
      0.609375,
      0.609375,
      0.59375,
      0.6875,
      0.609375,
      0.578125,
      0.734375,
      0.734375,
      0.6875,
      0.640625,
      0.6875,
      0.671875,
      0.671875,
      0.703125,
      0.65625,
      0.671875,
      0.640625,
      0.796875,
      0.609375,
      0.703125,
      0.6875,
      0.640625,
      0.734375,
      0.59375,
      0.5625
   ],
   "batch_train_losses": [
      1.3185901641845703,
      1.3502246141433716,
      1.5704773664474487,
      1.6262149810791016,
      1.7985177040100098,
      1.7001841068267822,
      1.5840702056884766,
      1.59178626537323,
      1.492367148399353,
      1.5848298072814941,
      1.6370583772659302,
      1.6342343091964722,
      1.34954833984375,
      1.6752089262008667,
      1.5254733562469482,
      1.6324796676635742,
      1.623911738395691,
      1.4412758350372314,
      1.5752164125442505,
      1.6214770078659058,
      1.418128252029419,
      1.4916163682937622,
      1.5291023254394531,
      1.3143690824508667,
      1.4306257963180542,
      1.4887150526046753,
      1.5710980892181396,
      1.358967900276184,
      1.4933781623840332,
      1.3948073387145996,
      1.3823305368423462,
      1.4640731811523438,
      1.3949371576309204,
      1.5284626483917236,
      1.1935012340545654,
      1.5400851964950562,
      1.4534469842910767,
      1.392161250114441,
      1.4884991645812988,
      1.3216028213500977,
      1.559841275215149,
      1.5285292863845825
   ],
   "batch_train_times": [],
   "val_accuracy": 0.41216216216216217,
   "val_loss": 2.110187027905438,
   "val_accuracy_per_label": [
      0.6363636363636364,
      0.0,
      0.0,
      0.0,
      0.8,
      0.6,
      0.0,
      0.8,
      0.0,
      0.0,
      0.0,
      0.0,
      0.2,
      0.0,
      0.2,
      0.0,
      0.0,
      0.0,
      0.0,
      0.8275862068965517,
      0.8461538461538461,
      0.0,
      0.0,
      0.2,
      0.0,
      0.1,
      0.0,
      0.7,
      0.0,
      0.0,
      0.0,
      0.2,
      0.6,
      0.0,
      0.0,
      0.0,
      0.0,
      0.0,
      0.5333333333333333,
      0.6,
      0.0,
      0.375,
      0.0
   ]
}