{
   "epoch": 36,
   "batch_train_accuracies": [
      0.671875,
      0.8125,
      0.765625,
      0.78125,
      0.6875,
      0.703125,
      0.734375,
      0.796875,
      0.71875,
      0.59375,
      0.78125,
      0.796875,
      0.703125,
      0.75,
      0.8125,
      0.734375,
      0.75,
      0.671875,
      0.75,
      0.75,
      0.765625,
      0.71875,
      0.6875,
      0.75,
      0.78125,
      0.75,
      0.765625,
      0.71875,
      0.75,
      0.734375,
      0.84375,
      0.65625,
      0.8125,
      0.78125,
      0.65625,
      0.9375,
      0.671875,
      0.78125,
      0.734375,
      0.6875,
      0.84375,
      0.6875
   ],
   "batch_train_losses": [
      1.2496217489242554,
      1.0815222263336182,
      1.2446649074554443,
      1.1337918043136597,
      1.2949265241622925,
      1.1919808387756348,
      1.246603012084961,
      1.0672111511230469,
      1.1750009059906006,
      1.468597650527954,
      1.2450239658355713,
      1.1212395429611206,
      1.4446576833724976,
      1.2088872194290161,
      1.1073788404464722,
      1.1919336318969727,
      1.267234444618225,
      1.4216458797454834,
      1.2659205198287964,
      1.2559114694595337,
      1.088188886642456,
      1.2938499450683594,
      1.3714513778686523,
      1.079766035079956,
      1.1878962516784668,
      1.257417917251587,
      1.067755937576294,
      1.2677689790725708,
      1.2059552669525146,
      1.2549675703048706,
      0.9761502742767334,
      1.4163622856140137,
      1.0459511280059814,
      1.0905081033706665,
      1.320412278175354,
      0.9524128437042236,
      1.4080339670181274,
      1.1676186323165894,
      1.2530919313430786,
      1.3469023704528809,
      0.9129747152328491,
      1.1712125539779663
   ],
   "batch_train_times": [],
   "val_accuracy": 0.46621621621621623,
   "val_loss": 1.9605523508948248,
   "val_accuracy_per_label": [
      0.6363636363636364,
      0.0,
      0.0,
      0.0,
      0.4,
      0.4,
      0.0,
      0.8,
      0.0,
      0.0,
      0.0,
      0.0,
      0.2,
      0.8,
      0.6,
      0.0,
      0.0,
      0.0,
      0.4,
      1.0,
      0.6538461538461539,
      0.0,
      0.0,
      0.2,
      0.0,
      0.6,
      0.0,
      0.9,
      0.0,
      0.0,
      0.0,
      0.2,
      0.6,
      0.0,
      0.0,
      0.0,
      0.2,
      0.0,
      0.6,
      0.6,
      0.0,
      0.375,
      0.0
   ]
}