{
   "epoch": 6,
   "batch_train_accuracies": [
      0.453125,
      0.6875,
      0.484375,
      0.421875,
      0.453125,
      0.4375,
      0.4375,
      0.53125,
      0.4375,
      0.453125,
      0.484375,
      0.46875,
      0.46875,
      0.46875,
      0.453125,
      0.5,
      0.359375,
      0.578125,
      0.5,
      0.484375,
      0.5,
      0.484375,
      0.5,
      0.40625,
      0.5,
      0.5,
      0.515625,
      0.4375,
      0.5625,
      0.421875,
      0.359375,
      0.546875,
      0.4375,
      0.5,
      0.46875,
      0.453125,
      0.40625,
      0.5,
      0.59375,
      0.5,
      0.53125,
      0.1875
   ],
   "batch_train_losses": [
      2.4502336978912354,
      1.9993185997009277,
      2.333578586578369,
      2.3730480670928955,
      2.4468777179718018,
      2.267271041870117,
      2.2962021827697754,
      2.0879201889038086,
      2.2414212226867676,
      2.3227109909057617,
      2.246345043182373,
      2.262746572494507,
      2.3767807483673096,
      2.233088254928589,
      2.2748804092407227,
      2.132920265197754,
      2.4594626426696777,
      2.208413600921631,
      2.0851030349731445,
      2.1496970653533936,
      2.1670854091644287,
      2.13641095161438,
      2.235874891281128,
      2.4022815227508545,
      2.2565505504608154,
      2.1625633239746094,
      2.0624754428863525,
      2.2024354934692383,
      2.223661422729492,
      2.1479580402374268,
      2.3850936889648438,
      2.194061517715454,
      2.1954846382141113,
      2.154763698577881,
      2.353485584259033,
      2.199558734893799,
      2.233546495437622,
      2.099828004837036,
      2.036017894744873,
      2.1751492023468018,
      2.0695135593414307,
      2.9150099754333496
   ],
   "batch_train_times": [],
   "val_accuracy": 0.3277027027027027,
   "val_loss": 2.68381760571454,
   "val_accuracy_per_label": [
      0.6363636363636364,
      0.0,
      0.0,
      0.0,
      0.2,
      0.4,
      0.0,
      0.75,
      0.0,
      0.0,
      0.0,
      0.0,
      0.0,
      0.4,
      0.0,
      0.0,
      0.0,
      0.0,
      0.0,
      0.4827586206896552,
      0.7692307692307693,
      0.0,
      0.0,
      0.0,
      0.0,
      0.0,
      0.0,
      0.75,
      0.0,
      0.0,
      0.0,
      0.0,
      0.0,
      0.0,
      0.0,
      0.0,
      0.0,
      0.0,
      0.3333333333333333,
      0.3,
      0.0,
      0.625,
      0.2
   ]
}