{
   "epoch": 44,
   "batch_train_accuracies": [
      0.6875,
      0.859375,
      0.859375,
      0.8125,
      0.828125,
      0.78125,
      0.75,
      0.84375,
      0.796875,
      0.78125,
      0.71875,
      0.703125,
      0.828125,
      0.625,
      0.734375,
      0.859375,
      0.75,
      0.8125,
      0.765625,
      0.8125,
      0.75,
      0.8125,
      0.796875,
      0.828125,
      0.78125,
      0.765625,
      0.6875,
      0.78125,
      0.796875,
      0.734375,
      0.75,
      0.75,
      0.703125,
      0.765625,
      0.6875,
      0.625,
      0.765625,
      0.734375,
      0.75,
      0.65625,
      0.765625,
      0.5
   ],
   "batch_train_losses": [
      1.3472669124603271,
      0.9721714854240417,
      1.0586395263671875,
      1.093998908996582,
      1.1015082597732544,
      1.1395201683044434,
      1.1791399717330933,
      0.9491875171661377,
      1.1608372926712036,
      1.1411447525024414,
      1.161689043045044,
      1.2589794397354126,
      1.1129252910614014,
      1.3939073085784912,
      1.2061119079589844,
      1.0550001859664917,
      1.1502496004104614,
      1.1992876529693604,
      1.2034884691238403,
      1.18826162815094,
      1.1627516746520996,
      1.0604140758514404,
      1.1779004335403442,
      1.07585871219635,
      1.2681416273117065,
      1.0942565202713013,
      1.3278312683105469,
      1.1066778898239136,
      1.0854331254959106,
      1.1039237976074219,
      1.1223993301391602,
      1.262728214263916,
      1.2479114532470703,
      1.1916147470474243,
      1.2708122730255127,
      1.4807530641555786,
      1.1686761379241943,
      1.3178105354309082,
      1.1830109357833862,
      1.3482609987258911,
      1.0685560703277588,
      1.5682270526885986
   ],
   "batch_train_times": [],
   "val_accuracy": 0.5371621621621622,
   "val_loss": 1.851682424545288,
   "val_accuracy_per_label": [
      0.6818181818181818,
      0.0,
      0.6666666666666666,
      0.0,
      0.6,
      0.6,
      0.0,
      0.85,
      0.0,
      0.0,
      0.0,
      0.0,
      0.6,
      0.8,
      1.0,
      0.0,
      0.0,
      0.0,
      0.0,
      1.0,
      0.7307692307692307,
      0.0,
      0.0,
      0.4,
      0.0,
      0.6,
      0.0,
      1.0,
      0.0,
      0.0,
      0.0,
      0.0,
      0.8,
      0.0,
      0.0,
      0.0,
      0.2,
      0.0,
      0.7333333333333333,
      0.8,
      0.0,
      0.5,
      0.2
   ]
}