{
   "epoch": 35,
   "batch_train_accuracies": [
      0.78125,
      0.734375,
      0.765625,
      0.6875,
      0.734375,
      0.59375,
      0.734375,
      0.734375,
      0.78125,
      0.828125,
      0.71875,
      0.78125,
      0.65625,
      0.78125,
      0.765625,
      0.6875,
      0.65625,
      0.75,
      0.75,
      0.6875,
      0.859375,
      0.796875,
      0.78125,
      0.640625,
      0.796875,
      0.71875,
      0.703125,
      0.75,
      0.875,
      0.75,
      0.703125,
      0.6875,
      0.75,
      0.796875,
      0.734375,
      0.765625,
      0.734375,
      0.734375,
      0.78125,
      0.53125,
      0.671875,
      0.75
   ],
   "batch_train_losses": [
      1.1618547439575195,
      1.1779661178588867,
      1.2376636266708374,
      1.4282406568527222,
      1.2294235229492188,
      1.510133147239685,
      1.3336082696914673,
      1.1893078088760376,
      1.2157176733016968,
      1.069346308708191,
      1.2844703197479248,
      1.2398934364318848,
      1.3319545984268188,
      1.1815656423568726,
      1.211483120918274,
      1.4522874355316162,
      1.384956955909729,
      1.1035819053649902,
      1.3447068929672241,
      1.3920243978500366,
      1.0689841508865356,
      1.0890346765518188,
      1.073209285736084,
      1.471562385559082,
      1.171568751335144,
      1.2121886014938354,
      1.2929898500442505,
      1.1575592756271362,
      1.1005470752716064,
      1.2069387435913086,
      1.2245525121688843,
      1.205018401145935,
      1.217131495475769,
      1.2754111289978027,
      1.2221931219100952,
      1.1663814783096313,
      1.1425586938858032,
      1.1593562364578247,
      1.176140546798706,
      1.5323330163955688,
      1.2575428485870361,
      1.1685467958450317
   ],
   "batch_train_times": [],
   "val_accuracy": 0.4966216216216216,
   "val_loss": 1.876982308722831,
   "val_accuracy_per_label": [
      0.5909090909090909,
      0.0,
      0.0,
      0.0,
      1.0,
      0.2,
      0.0,
      0.8,
      0.0,
      0.0,
      0.0,
      0.0,
      0.4,
      0.6,
      0.6,
      0.0,
      0.0,
      0.0,
      0.4,
      1.0,
      0.9230769230769231,
      0.0,
      0.0,
      0.6,
      0.0,
      0.6,
      0.0,
      0.75,
      0.0,
      0.0,
      0.0,
      0.6,
      0.8,
      0.0,
      0.0,
      0.0,
      0.2,
      0.0,
      0.4666666666666667,
      0.6,
      0.0,
      0.375,
      0.2
   ]
}