{
   "epoch": 39,
   "batch_train_accuracies": [
      0.765625,
      0.65625,
      0.734375,
      0.6875,
      0.734375,
      0.6875,
      0.75,
      0.734375,
      0.78125,
      0.828125,
      0.796875,
      0.734375,
      0.765625,
      0.75,
      0.703125,
      0.8125,
      0.765625,
      0.734375,
      0.875,
      0.703125,
      0.75,
      0.75,
      0.75,
      0.796875,
      0.796875,
      0.75,
      0.8125,
      0.78125,
      0.78125,
      0.71875,
      0.734375,
      0.765625,
      0.734375,
      0.796875,
      0.65625,
      0.78125,
      0.65625,
      0.8125,
      0.71875,
      0.75,
      0.71875,
      0.75
   ],
   "batch_train_losses": [
      1.187367558479309,
      1.3855637311935425,
      1.1358124017715454,
      1.3001950979232788,
      1.1979260444641113,
      1.3001073598861694,
      1.1193652153015137,
      1.2232943773269653,
      1.2963433265686035,
      1.0509361028671265,
      1.1282418966293335,
      1.235216498374939,
      1.2083966732025146,
      1.1748744249343872,
      1.3755781650543213,
      1.1003594398498535,
      1.150789737701416,
      1.1783225536346436,
      0.9590103030204773,
      1.252236008644104,
      1.3325115442276,
      1.1917154788970947,
      1.199364185333252,
      1.249099612236023,
      1.2372543811798096,
      1.108743667602539,
      1.0441868305206299,
      0.9960802793502808,
      1.2106879949569702,
      1.2152514457702637,
      1.2360550165176392,
      1.1238012313842773,
      1.2566101551055908,
      1.0099022388458252,
      1.2160719633102417,
      1.1516857147216797,
      1.4182045459747314,
      1.0977516174316406,
      1.2004075050354004,
      1.1688874959945679,
      1.3746260404586792,
      1.4086647033691406
   ],
   "batch_train_times": [],
   "val_accuracy": 0.4527027027027027,
   "val_loss": 1.9244396042179417,
   "val_accuracy_per_label": [
      0.7272727272727273,
      0.0,
      0.0,
      0.0,
      0.2,
      0.2,
      0.0,
      0.75,
      0.0,
      0.2,
      0.0,
      0.0,
      0.0,
      0.6,
      0.4,
      0.0,
      0.0,
      0.0,
      0.0,
      1.0,
      0.9615384615384616,
      0.0,
      0.0,
      0.4,
      0.0,
      0.4,
      0.0,
      0.55,
      0.0,
      0.0,
      0.0,
      0.2,
      0.8,
      0.0,
      0.0,
      0.0,
      0.2,
      0.0,
      0.4666666666666667,
      0.6,
      0.0,
      0.5,
      0.2
   ]
}