{
   "epoch": 31,
   "batch_train_accuracies": [
      0.75,
      0.828125,
      0.71875,
      0.734375,
      0.703125,
      0.71875,
      0.75,
      0.71875,
      0.765625,
      0.84375,
      0.796875,
      0.765625,
      0.640625,
      0.8125,
      0.71875,
      0.78125,
      0.703125,
      0.671875,
      0.71875,
      0.703125,
      0.703125,
      0.734375,
      0.640625,
      0.671875,
      0.71875,
      0.765625,
      0.75,
      0.765625,
      0.734375,
      0.796875,
      0.765625,
      0.734375,
      0.671875,
      0.75,
      0.75,
      0.65625,
      0.765625,
      0.8125,
      0.640625,
      0.71875,
      0.703125,
      0.5625
   ],
   "batch_train_losses": [
      1.2494068145751953,
      1.1236450672149658,
      1.3766396045684814,
      1.314003825187683,
      1.2553349733352661,
      1.307421326637268,
      1.176160454750061,
      1.421913504600525,
      1.2531235218048096,
      1.0754361152648926,
      1.1365611553192139,
      1.2447211742401123,
      1.339561104774475,
      1.1601773500442505,
      1.4129260778427124,
      1.1218323707580566,
      1.3181602954864502,
      1.3511390686035156,
      1.2955100536346436,
      1.3527165651321411,
      1.3636796474456787,
      1.35834801197052,
      1.4939360618591309,
      1.4679019451141357,
      1.2774205207824707,
      1.117530345916748,
      1.131127953529358,
      1.2224398851394653,
      1.2522777318954468,
      1.2070965766906738,
      1.1523057222366333,
      1.2007442712783813,
      1.38547682762146,
      1.1757768392562866,
      1.201149344444275,
      1.4021344184875488,
      1.29521906375885,
      1.1393444538116455,
      1.3866666555404663,
      1.4108821153640747,
      1.2227330207824707,
      1.5903979539871216
   ],
   "batch_train_times": [],
   "val_accuracy": 0.48986486486486486,
   "val_loss": 1.936124563217163,
   "val_accuracy_per_label": [
      0.8181818181818182,
      0.0,
      0.3333333333333333,
      0.0,
      1.0,
      0.2,
      0.0,
      0.85,
      0.0,
      0.0,
      0.0,
      0.0,
      0.0,
      0.8,
      0.8,
      0.0,
      0.0,
      0.0,
      0.0,
      1.0,
      0.8461538461538461,
      0.0,
      0.0,
      0.4,
      0.0,
      0.7,
      0.0,
      0.6,
      0.0,
      0.0,
      0.0,
      0.0,
      0.8,
      0.0,
      0.0,
      0.0,
      0.2,
      0.0,
      0.26666666666666666,
      0.8,
      0.0,
      0.625,
      0.0
   ]
}