{
   "epoch": 28,
   "batch_train_accuracies": [
      0.703125,
      0.625,
      0.671875,
      0.765625,
      0.796875,
      0.6875,
      0.671875,
      0.71875,
      0.734375,
      0.71875,
      0.78125,
      0.609375,
      0.765625,
      0.65625,
      0.6875,
      0.578125,
      0.765625,
      0.75,
      0.796875,
      0.703125,
      0.734375,
      0.703125,
      0.71875,
      0.671875,
      0.75,
      0.640625,
      0.6875,
      0.765625,
      0.8125,
      0.65625,
      0.65625,
      0.65625,
      0.734375,
      0.765625,
      0.734375,
      0.6875,
      0.796875,
      0.65625,
      0.71875,
      0.6875,
      0.8125,
      0.5
   ],
   "batch_train_losses": [
      1.3563249111175537,
      1.5253710746765137,
      1.4324010610580444,
      1.308824896812439,
      1.1524381637573242,
      1.360723853111267,
      1.518021821975708,
      1.3481014966964722,
      1.416232943534851,
      1.3945997953414917,
      1.2168902158737183,
      1.4151278734207153,
      1.2578930854797363,
      1.245741367340088,
      1.4010244607925415,
      1.4022578001022339,
      1.2547844648361206,
      1.230900526046753,
      1.192670464515686,
      1.1511012315750122,
      1.3498704433441162,
      1.328376054763794,
      1.2680846452713013,
      1.4223713874816895,
      1.2061069011688232,
      1.3316019773483276,
      1.3650308847427368,
      1.3228483200073242,
      1.063127875328064,
      1.3983780145645142,
      1.3025333881378174,
      1.3241400718688965,
      1.3005038499832153,
      1.1782238483428955,
      1.3742998838424683,
      1.3868801593780518,
      1.1052478551864624,
      1.4291791915893555,
      1.3061243295669556,
      1.3450783491134644,
      1.2508468627929688,
      1.9196193218231201
   ],
   "batch_train_times": [],
   "val_accuracy": 0.4831081081081081,
   "val_loss": 2.025307755212526,
   "val_accuracy_per_label": [
      0.7727272727272727,
      0.0,
      0.0,
      0.0,
      1.0,
      0.2,
      0.0,
      0.85,
      0.0,
      0.0,
      0.0,
      0.0,
      0.2,
      0.8,
      0.8,
      0.0,
      0.0,
      0.0,
      0.2,
      1.0,
      1.0,
      0.0,
      0.0,
      0.2,
      0.0,
      0.0,
      0.0,
      0.35,
      0.0,
      0.0,
      0.0,
      0.8,
      0.8,
      0.0,
      0.0,
      0.0,
      0.0,
      0.0,
      0.6666666666666666,
      0.8,
      0.0,
      0.375,
      0.2
   ]
}