{
   "epoch": 10,
   "batch_train_accuracies": [
      0.484375,
      0.4375,
      0.5,
      0.515625,
      0.5625,
      0.5,
      0.578125,
      0.46875,
      0.46875,
      0.453125,
      0.546875,
      0.59375,
      0.640625,
      0.5,
      0.53125,
      0.484375,
      0.578125,
      0.484375,
      0.515625,
      0.53125,
      0.5625,
      0.546875,
      0.53125,
      0.53125,
      0.546875,
      0.546875,
      0.421875,
      0.484375,
      0.484375,
      0.5625,
      0.515625,
      0.53125,
      0.484375,
      0.5,
      0.53125,
      0.453125,
      0.546875,
      0.609375,
      0.59375,
      0.46875,
      0.4375,
      0.3125
   ],
   "batch_train_losses": [
      1.9712969064712524,
      2.0651350021362305,
      1.9946616888046265,
      1.9764161109924316,
      1.9428653717041016,
      2.174436092376709,
      1.8213691711425781,
      2.0219388008117676,
      1.9063128232955933,
      2.0650525093078613,
      1.8660902976989746,
      1.683997631072998,
      1.8314012289047241,
      1.9329441785812378,
      2.0900254249572754,
      2.019239902496338,
      1.941379427909851,
      1.9573968648910522,
      1.8908523321151733,
      1.931125283241272,
      1.8229048252105713,
      1.8827472925186157,
      1.8762859106063843,
      1.7841569185256958,
      1.8870842456817627,
      1.8219937086105347,
      2.0486319065093994,
      2.049468994140625,
      1.8933111429214478,
      1.8747804164886475,
      1.931147813796997,
      1.9669421911239624,
      2.0062153339385986,
      1.9336278438568115,
      1.8770309686660767,
      1.9950553178787231,
      1.8887420892715454,
      1.7251267433166504,
      1.7656927108764648,
      1.9500839710235596,
      2.0337371826171875,
      2.250670909881592
   ],
   "batch_train_times": [],
   "val_accuracy": 0.3310810810810811,
   "val_loss": 2.4327805815516292,
   "val_accuracy_per_label": [
      0.6363636363636364,
      0.0,
      0.0,
      0.0,
      0.4,
      0.2,
      0.0,
      0.75,
      0.0,
      0.0,
      0.0,
      0.0,
      0.0,
      0.2,
      0.0,
      0.0,
      0.0,
      0.0,
      0.2,
      0.7241379310344828,
      0.9230769230769231,
      0.0,
      0.0,
      0.0,
      0.0,
      0.0,
      0.0,
      0.5,
      0.0,
      0.0,
      0.0,
      0.0,
      0.0,
      0.0,
      0.0,
      0.0,
      0.0,
      0.0,
      0.13333333333333333,
      0.1,
      0.0,
      0.625,
      0.2
   ]
}