{
   "epoch": 20,
   "batch_train_accuracies": [
      0.546875,
      0.59375,
      0.65625,
      0.5,
      0.578125,
      0.65625,
      0.5625,
      0.5,
      0.578125,
      0.484375,
      0.671875,
      0.6875,
      0.59375,
      0.6875,
      0.6875,
      0.6875,
      0.734375,
      0.484375,
      0.546875,
      0.515625,
      0.5625,
      0.703125,
      0.59375,
      0.59375,
      0.609375,
      0.59375,
      0.625,
      0.59375,
      0.546875,
      0.53125,
      0.640625,
      0.59375,
      0.53125,
      0.609375,
      0.671875,
      0.609375,
      0.5625,
      0.625,
      0.515625,
      0.625,
      0.609375,
      0.5625
   ],
   "batch_train_losses": [
      1.65464186668396,
      1.6762429475784302,
      1.448837161064148,
      1.7812647819519043,
      1.6603728532791138,
      1.4143965244293213,
      1.653670072555542,
      1.6972455978393555,
      1.5957821607589722,
      1.7245962619781494,
      1.5044023990631104,
      1.3332602977752686,
      1.6131926774978638,
      1.4153612852096558,
      1.5118547677993774,
      1.399653434753418,
      1.3104368448257446,
      1.906211495399475,
      1.6926957368850708,
      1.808135747909546,
      1.5298771858215332,
      1.4896794557571411,
      1.6848779916763306,
      1.6089717149734497,
      1.4704610109329224,
      1.6030158996582031,
      1.6014479398727417,
      1.4134674072265625,
      1.7012072801589966,
      1.8229676485061646,
      1.5853008031845093,
      1.622960090637207,
      1.5990819931030273,
      1.5991281270980835,
      1.4927037954330444,
      1.6182396411895752,
      1.7523736953735352,
      1.6118727922439575,
      1.6108527183532715,
      1.5572514533996582,
      1.6178123950958252,
      1.7701209783554077
   ],
   "batch_train_times": [],
   "val_accuracy": 0.4358108108108108,
   "val_loss": 2.23822579512725,
   "val_accuracy_per_label": [
      0.5909090909090909,
      0.0,
      0.0,
      0.0,
      0.6,
      0.0,
      0.0,
      0.85,
      0.0,
      0.4,
      0.0,
      0.0,
      0.0,
      0.8,
      0.0,
      0.0,
      0.0,
      0.0,
      0.0,
      0.8275862068965517,
      1.0,
      0.0,
      0.0,
      0.4,
      0.0,
      0.0,
      0.0,
      0.55,
      0.0,
      0.0,
      0.0,
      0.0,
      0.8,
      0.0,
      0.0,
      0.0,
      0.0,
      0.0,
      0.8666666666666667,
      0.5,
      0.0,
      0.625,
      0.0
   ]
}