{
   "epoch": 25,
   "batch_train_accuracies": [
      0.578125,
      0.609375,
      0.59375,
      0.71875,
      0.59375,
      0.6875,
      0.6875,
      0.65625,
      0.578125,
      0.640625,
      0.765625,
      0.734375,
      0.65625,
      0.625,
      0.5,
      0.5625,
      0.65625,
      0.734375,
      0.546875,
      0.6875,
      0.65625,
      0.640625,
      0.609375,
      0.65625,
      0.609375,
      0.65625,
      0.671875,
      0.640625,
      0.6875,
      0.671875,
      0.625,
      0.578125,
      0.71875,
      0.671875,
      0.71875,
      0.609375,
      0.703125,
      0.703125,
      0.5625,
      0.734375,
      0.625,
      0.375
   ],
   "batch_train_losses": [
      1.5867335796356201,
      1.5715328454971313,
      1.5741305351257324,
      1.3179326057434082,
      1.6262248754501343,
      1.5125974416732788,
      1.3918094635009766,
      1.4788367748260498,
      1.691910743713379,
      1.511940360069275,
      1.191542387008667,
      1.3913637399673462,
      1.4463579654693604,
      1.4147087335586548,
      1.8323453664779663,
      1.5611642599105835,
      1.29038405418396,
      1.3213053941726685,
      1.555080533027649,
      1.386013388633728,
      1.4531129598617554,
      1.5682547092437744,
      1.583378553390503,
      1.4962704181671143,
      1.5419663190841675,
      1.4445006847381592,
      1.4203693866729736,
      1.3436050415039062,
      1.405551791191101,
      1.389244556427002,
      1.4028884172439575,
      1.4636019468307495,
      1.3159517049789429,
      1.361613154411316,
      1.2741327285766602,
      1.5020781755447388,
      1.3826918601989746,
      1.3746514320373535,
      1.5840636491775513,
      1.1687742471694946,
      1.5379542112350464,
      1.8927834033966064
   ],
   "batch_train_times": [],
   "val_accuracy": 0.46283783783783783,
   "val_loss": 2.065927163974659,
   "val_accuracy_per_label": [
      0.6818181818181818,
      0.0,
      0.0,
      0.0,
      0.6,
      1.0,
      0.0,
      0.85,
      0.0,
      0.0,
      0.0,
      0.0,
      0.2,
      0.4,
      0.0,
      0.0,
      0.0,
      0.0,
      0.2,
      1.0,
      1.0,
      0.0,
      0.0,
      0.4,
      0.0,
      0.3,
      0.0,
      0.25,
      0.0,
      0.0,
      0.0,
      0.6,
      0.2,
      0.0,
      0.0,
      0.0,
      0.0,
      0.0,
      0.8,
      0.8,
      0.0,
      0.5,
      0.0
   ]
}