{
   "epoch": 4,
   "batch_train_accuracies": [
      0.375,
      0.375,
      0.4375,
      0.421875,
      0.484375,
      0.265625,
      0.4375,
      0.453125,
      0.4375,
      0.515625,
      0.40625,
      0.40625,
      0.328125,
      0.390625,
      0.484375,
      0.3125,
      0.4375,
      0.265625,
      0.484375,
      0.4375,
      0.421875,
      0.359375,
      0.34375,
      0.484375,
      0.484375,
      0.359375,
      0.4375,
      0.375,
      0.5,
      0.4375,
      0.578125,
      0.375,
      0.375,
      0.296875,
      0.390625,
      0.484375,
      0.359375,
      0.3125,
      0.4375,
      0.375,
      0.46875,
      0.5625
   ],
   "batch_train_losses": [
      2.768104076385498,
      2.802584648132324,
      2.6534721851348877,
      2.725205898284912,
      2.5607986450195312,
      2.7935242652893066,
      2.584394931793213,
      2.5545151233673096,
      2.6193270683288574,
      2.561065435409546,
      2.6335031986236572,
      2.701838493347168,
      2.8010053634643555,
      2.762570858001709,
      2.5751192569732666,
      2.8106887340545654,
      2.58842396736145,
      2.8442413806915283,
      2.679335355758667,
      2.5417346954345703,
      2.580916166305542,
      2.672679901123047,
      2.735222339630127,
      2.4835598468780518,
      2.5648133754730225,
      2.8050270080566406,
      2.61257004737854,
      2.58540940284729,
      2.509937286376953,
      2.682722330093384,
      2.463203191757202,
      2.6057450771331787,
      2.6837968826293945,
      2.740823745727539,
      2.58916974067688,
      2.473712205886841,
      2.6708266735076904,
      2.8363466262817383,
      2.535656452178955,
      2.656257152557373,
      2.5407521724700928,
      2.54530668258667
   ],
   "batch_train_times": [],
   "val_accuracy": 0.28378378378378377,
   "val_loss": 2.8865288399361275,
   "val_accuracy_per_label": [
      0.5909090909090909,
      0.0,
      0.0,
      0.0,
      0.2,
      0.0,
      0.0,
      0.8,
      0.0,
      0.0,
      0.0,
      0.0,
      0.0,
      0.0,
      0.0,
      0.0,
      0.0,
      0.0,
      0.6,
      0.034482758620689655,
      0.6153846153846154,
      0.0,
      0.0,
      0.0,
      0.0,
      0.0,
      0.0,
      1.0,
      0.0,
      0.0,
      0.0,
      0.0,
      0.0,
      0.0,
      0.0,
      0.0,
      0.0,
      0.0,
      0.4,
      0.3,
      0.0,
      0.625,
      0.0
   ]
}