{
   "epoch": 48,
   "batch_train_accuracies": [
      0.75,
      0.734375,
      0.65625,
      0.671875,
      0.765625,
      0.703125,
      0.59375,
      0.6875,
      0.78125,
      0.765625,
      0.8125,
      0.734375,
      0.78125,
      0.78125,
      0.640625,
      0.75,
      0.75,
      0.78125,
      0.734375,
      0.703125,
      0.671875,
      0.796875,
      0.828125,
      0.71875,
      0.84375,
      0.875,
      0.765625,
      0.671875,
      0.6875,
      0.71875,
      0.65625,
      0.75,
      0.8125,
      0.765625,
      0.78125,
      0.6875,
      0.78125,
      0.671875,
      0.6875,
      0.71875,
      0.671875,
      0.5625
   ],
   "batch_train_losses": [
      1.123223900794983,
      1.1480276584625244,
      1.3349648714065552,
      1.2566248178482056,
      1.2908697128295898,
      1.2066848278045654,
      1.5082999467849731,
      1.2412686347961426,
      1.0204925537109375,
      1.1515268087387085,
      1.0618101358413696,
      1.219257116317749,
      1.1207101345062256,
      1.079203724861145,
      1.4338691234588623,
      1.0898926258087158,
      1.1681883335113525,
      1.177280068397522,
      1.2681695222854614,
      1.2561726570129395,
      1.3695628643035889,
      1.031015396118164,
      1.0111004114151,
      1.274816632270813,
      1.0141712427139282,
      0.9110718369483948,
      1.103319525718689,
      1.3373547792434692,
      1.2157460451126099,
      1.2536166906356812,
      1.382767915725708,
      1.2108434438705444,
      1.2544541358947754,
      1.3349025249481201,
      1.2073246240615845,
      1.2201440334320068,
      1.1573612689971924,
      1.3991163969039917,
      1.1545912027359009,
      1.2661199569702148,
      1.4862167835235596,
      1.7610867023468018
   ],
   "batch_train_times": [],
   "val_accuracy": 0.543918918918919,
   "val_loss": 1.8189016612800393,
   "val_accuracy_per_label": [
      0.9090909090909091,
      0.0,
      0.5,
      0.0,
      1.0,
      0.6,
      0.0,
      0.8,
      0.0,
      0.0,
      0.0,
      0.0,
      0.4,
      0.8,
      0.2,
      0.0,
      0.0,
      0.0,
      0.0,
      1.0,
      0.8461538461538461,
      0.0,
      0.4,
      0.0,
      0.0,
      0.8,
      0.0,
      0.65,
      0.0,
      0.0,
      0.0,
      0.6,
      1.0,
      0.0,
      0.0,
      0.0,
      0.0,
      0.0,
      0.8,
      0.6,
      0.0,
      0.875,
      0.0
   ]
}