{
   "epoch": 38,
   "batch_train_accuracies": [
      0.6875,
      0.703125,
      0.578125,
      0.6875,
      0.703125,
      0.734375,
      0.671875,
      0.796875,
      0.65625,
      0.59375,
      0.671875,
      0.6875,
      0.734375,
      0.734375,
      0.765625,
      0.6875,
      0.75,
      0.78125,
      0.75,
      0.703125,
      0.6875,
      0.78125,
      0.640625,
      0.6875,
      0.734375,
      0.640625,
      0.609375,
      0.75,
      0.625,
      0.78125,
      0.671875,
      0.703125,
      0.734375,
      0.796875,
      0.703125,
      0.75,
      0.71875,
      0.6875,
      0.734375,
      0.6875,
      0.765625,
      0.6875
   ],
   "batch_train_losses": [
      1.3334052562713623,
      1.3378682136535645,
      1.5093328952789307,
      1.3623427152633667,
      1.263817548751831,
      1.1727421283721924,
      1.3548041582107544,
      1.0930932760238647,
      1.2486425638198853,
      1.461965799331665,
      1.332785725593567,
      1.2246075868606567,
      1.3428027629852295,
      1.2445588111877441,
      1.11932373046875,
      1.251190185546875,
      1.2802026271820068,
      1.1351453065872192,
      1.3746026754379272,
      1.266230583190918,
      1.3824310302734375,
      1.248869776725769,
      1.2656835317611694,
      1.4488917589187622,
      1.1473994255065918,
      1.5085800886154175,
      1.4092609882354736,
      1.1331044435501099,
      1.4557915925979614,
      1.1537467241287231,
      1.2894322872161865,
      1.3504453897476196,
      1.1569286584854126,
      1.0209437608718872,
      1.2412382364273071,
      1.2013142108917236,
      1.283176064491272,
      1.3944827318191528,
      1.1402758359909058,
      1.194069504737854,
      1.2003918886184692,
      1.4509201049804688
   ],
   "batch_train_times": [],
   "val_accuracy": 0.46959459459459457,
   "val_loss": 1.9741941690444946,
   "val_accuracy_per_label": [
      0.7272727272727273,
      0.0,
      0.0,
      0.0,
      1.0,
      0.8,
      0.0,
      0.85,
      0.0,
      0.0,
      0.0,
      0.0,
      0.0,
      0.8,
      0.0,
      0.0,
      0.0,
      0.2,
      0.0,
      1.0,
      0.9615384615384616,
      0.0,
      0.0,
      0.0,
      0.0,
      0.5,
      0.0,
      0.35,
      0.0,
      0.0,
      0.0,
      0.4,
      0.8,
      0.0,
      0.0,
      0.0,
      0.0,
      0.0,
      0.6666666666666666,
      0.5,
      0.0,
      0.625,
      0.0
   ]
}