{
   "epoch": 30,
   "batch_train_accuracies": [
      0.6875,
      0.703125,
      0.65625,
      0.65625,
      0.65625,
      0.890625,
      0.6875,
      0.765625,
      0.734375,
      0.65625,
      0.71875,
      0.640625,
      0.609375,
      0.5625,
      0.640625,
      0.640625,
      0.546875,
      0.65625,
      0.625,
      0.625,
      0.6875,
      0.640625,
      0.75,
      0.6875,
      0.703125,
      0.796875,
      0.59375,
      0.65625,
      0.703125,
      0.765625,
      0.59375,
      0.671875,
      0.625,
      0.609375,
      0.671875,
      0.671875,
      0.65625,
      0.6875,
      0.65625,
      0.625,
      0.703125,
      0.8125
   ],
   "batch_train_losses": [
      1.3456737995147705,
      1.2445693016052246,
      1.4684641361236572,
      1.2907804250717163,
      1.3296633958816528,
      1.0338481664657593,
      1.3262698650360107,
      1.237302541732788,
      1.2106162309646606,
      1.3958879709243774,
      1.201585292816162,
      1.496355652809143,
      1.507798433303833,
      1.5427148342132568,
      1.5200856924057007,
      1.393658995628357,
      1.4932234287261963,
      1.3852994441986084,
      1.5474509000778198,
      1.3564993143081665,
      1.4101636409759521,
      1.4123680591583252,
      1.1728509664535522,
      1.3921641111373901,
      1.2959190607070923,
      1.1215405464172363,
      1.4363806247711182,
      1.5665301084518433,
      1.2646033763885498,
      1.3356267213821411,
      1.5413299798965454,
      1.351353406906128,
      1.6445651054382324,
      1.4015864133834839,
      1.4235719442367554,
      1.3863290548324585,
      1.288288950920105,
      1.3351515531539917,
      1.3518271446228027,
      1.4278855323791504,
      1.22794771194458,
      1.2264741659164429
   ],
   "batch_train_times": [],
   "val_accuracy": 0.46283783783783783,
   "val_loss": 2.0019529123564026,
   "val_accuracy_per_label": [
      0.7272727272727273,
      0.0,
      0.0,
      0.0,
      0.0,
      0.6,
      0.0,
      0.8,
      0.0,
      0.0,
      0.0,
      0.0,
      0.0,
      0.4,
      0.0,
      0.0,
      0.0,
      0.0,
      0.8,
      0.9655172413793104,
      0.6923076923076923,
      0.0,
      0.0,
      0.0,
      0.0,
      0.4,
      0.0,
      1.0,
      0.0,
      0.0,
      0.0,
      1.0,
      0.4,
      0.0,
      0.0,
      0.0,
      0.0,
      0.0,
      0.4666666666666667,
      0.6,
      0.0,
      0.75,
      0.0
   ]
}