{
   "epoch": 26,
   "batch_train_accuracies": [
      0.59375,
      0.625,
      0.65625,
      0.734375,
      0.609375,
      0.640625,
      0.78125,
      0.640625,
      0.671875,
      0.671875,
      0.65625,
      0.59375,
      0.765625,
      0.671875,
      0.65625,
      0.71875,
      0.65625,
      0.75,
      0.71875,
      0.671875,
      0.65625,
      0.546875,
      0.640625,
      0.71875,
      0.609375,
      0.703125,
      0.65625,
      0.609375,
      0.640625,
      0.703125,
      0.703125,
      0.546875,
      0.546875,
      0.765625,
      0.6875,
      0.625,
      0.6875,
      0.53125,
      0.640625,
      0.671875,
      0.546875,
      0.5625
   ],
   "batch_train_losses": [
      1.5219815969467163,
      1.531469702720642,
      1.4931436777114868,
      1.3161929845809937,
      1.4404454231262207,
      1.4187839031219482,
      1.3106328248977661,
      1.4500956535339355,
      1.4145011901855469,
      1.3760539293289185,
      1.5408034324645996,
      1.4639582633972168,
      1.2859008312225342,
      1.287143588066101,
      1.2557752132415771,
      1.3216732740402222,
      1.4510092735290527,
      1.315116286277771,
      1.2969286441802979,
      1.3981289863586426,
      1.4203166961669922,
      1.5832295417785645,
      1.4181314706802368,
      1.280216932296753,
      1.3353230953216553,
      1.324539065361023,
      1.5414403676986694,
      1.535505771636963,
      1.4852790832519531,
      1.4434243440628052,
      1.3472801446914673,
      1.7371809482574463,
      1.6421165466308594,
      1.2859894037246704,
      1.3468905687332153,
      1.4906882047653198,
      1.2732579708099365,
      1.6258387565612793,
      1.449553370475769,
      1.2903319597244263,
      1.4957760572433472,
      1.6119226217269897
   ],
   "batch_train_times": [],
   "val_accuracy": 0.46621621621621623,
   "val_loss": 2.116053739109555,
   "val_accuracy_per_label": [
      0.7272727272727273,
      0.0,
      0.0,
      0.0,
      0.4,
      0.4,
      0.0,
      0.8,
      0.0,
      0.0,
      0.0,
      0.0,
      0.2,
      0.8,
      0.0,
      0.0,
      0.0,
      0.0,
      0.0,
      0.9310344827586207,
      0.8846153846153846,
      0.0,
      0.0,
      0.2,
      0.0,
      0.5,
      0.0,
      0.65,
      0.0,
      0.0,
      0.0,
      0.4,
      0.6,
      0.0,
      0.0,
      0.0,
      0.0,
      0.0,
      0.8,
      0.7,
      0.0,
      0.5,
      0.0
   ]
}