{
   "epoch": 50,
   "batch_train_accuracies": [
      0.6875,
      0.703125,
      0.828125,
      0.6875,
      0.765625,
      0.75,
      0.71875,
      0.625,
      0.796875,
      0.796875,
      0.828125,
      0.734375,
      0.625,
      0.6875,
      0.765625,
      0.765625,
      0.8125,
      0.75,
      0.75,
      0.734375,
      0.78125,
      0.78125,
      0.765625,
      0.78125,
      0.65625,
      0.765625,
      0.6875,
      0.640625,
      0.8125,
      0.6875,
      0.78125,
      0.8125,
      0.75,
      0.671875,
      0.671875,
      0.609375,
      0.765625,
      0.78125,
      0.796875,
      0.71875,
      0.765625,
      0.5
   ],
   "batch_train_losses": [
      1.3558568954467773,
      1.1490812301635742,
      1.0537289381027222,
      1.3135526180267334,
      1.1046780347824097,
      1.2669636011123657,
      1.164022445678711,
      1.2708549499511719,
      1.1260234117507935,
      1.0765016078948975,
      1.077030897140503,
      1.235092282295227,
      1.4657566547393799,
      1.3252451419830322,
      1.224238395690918,
      1.0647003650665283,
      1.1359182596206665,
      1.151228904724121,
      1.3239898681640625,
      1.166730284690857,
      1.1424829959869385,
      1.0492719411849976,
      1.2155178785324097,
      1.1263463497161865,
      1.2794874906539917,
      1.2122936248779297,
      1.3132811784744263,
      1.4321833848953247,
      1.149741291999817,
      1.2873518466949463,
      1.060546875,
      1.033586025238037,
      1.039284110069275,
      1.3121036291122437,
      1.3061503171920776,
      1.4367990493774414,
      1.1187801361083984,
      1.1388893127441406,
      1.2873330116271973,
      1.330147385597229,
      1.178985595703125,
      1.496172547340393
   ],
   "batch_train_times": [],
   "val_accuracy": 0.5743243243243243,
   "val_loss": 1.73792797165948,
   "val_accuracy_per_label": [
      0.7272727272727273,
      0.0,
      0.16666666666666666,
      0.0,
      1.0,
      1.0,
      0.0,
      0.85,
      0.0,
      0.0,
      0.0,
      0.0,
      0.6,
      0.4,
      0.8,
      0.0,
      0.0,
      0.0,
      0.4,
      0.9655172413793104,
      0.8846153846153846,
      0.0,
      0.0,
      0.0,
      0.0,
      0.5,
      0.0,
      1.0,
      0.0,
      0.0,
      0.0,
      1.0,
      1.0,
      0.0,
      0.0,
      0.0,
      0.0,
      0.0,
      0.9333333333333333,
      0.9,
      0.0,
      0.75,
      0.0
   ]
}