{
   "epoch": 1,
   "batch_train_accuracies": [
      0.015625,
      0.015625,
      0.03125,
      0.015625,
      0.09375,
      0.0625,
      0.03125,
      0.046875,
      0.046875,
      0.078125,
      0.15625,
      0.109375,
      0.140625,
      0.09375,
      0.078125,
      0.125,
      0.109375,
      0.0625,
      0.140625,
      0.15625,
      0.15625,
      0.125,
      0.171875,
      0.140625,
      0.1875,
      0.234375,
      0.1875,
      0.125,
      0.171875,
      0.21875,
      0.234375,
      0.171875,
      0.171875,
      0.171875,
      0.3125,
      0.234375,
      0.1875,
      0.3125,
      0.234375,
      0.234375,
      0.28125,
      0.5
   ],
   "batch_train_losses": [
      3.907057762145996,
      3.849247455596924,
      3.753095865249634,
      3.756908893585205,
      3.6084232330322266,
      3.6366934776306152,
      3.6644184589385986,
      3.577923536300659,
      3.670053005218506,
      3.6277682781219482,
      3.4703822135925293,
      3.5312626361846924,
      3.489948272705078,
      3.54262113571167,
      3.5070106983184814,
      3.4257078170776367,
      3.4490559101104736,
      3.5651042461395264,
      3.47774338722229,
      3.380725860595703,
      3.4794070720672607,
      3.4738879203796387,
      3.3535397052764893,
      3.485637903213501,
      3.311711311340332,
      3.3321785926818848,
      3.3025665283203125,
      3.350952625274658,
      3.392469644546509,
      3.3387463092803955,
      3.3310985565185547,
      3.3884449005126953,
      3.345907211303711,
      3.3104705810546875,
      3.2594988346099854,
      3.2965915203094482,
      3.3467555046081543,
      3.145566701889038,
      3.259990930557251,
      3.2895524501800537,
      3.212880849838257,
      2.9258341789245605
   ],
   "batch_train_times": [],
   "val_accuracy": 0.033783783783783786,
   "val_loss": 3.6902889109946586,
   "val_accuracy_per_label": [
      0.0,
      0.0,
      0.0,
      0.0,
      0.0,
      0.0,
      0.0,
      0.0,
      0.0,
      0.0,
      0.0,
      0.0,
      0.0,
      0.0,
      0.0,
      0.0,
      0.0,
      0.0,
      0.0,
      0.0,
      0.0,
      0.0,
      0.0,
      0.0,
      0.0,
      0.0,
      0.0,
      0.0,
      0.0,
      0.0,
      0.0,
      0.0,
      0.0,
      0.0,
      0.0,
      0.0,
      0.0,
      0.0,
      0.0,
      1.0,
      0.0,
      0.0,
      0.0
   ]
}