{
   "epoch": 39,
   "batch_train_accuracies": [
      0.75,
      0.6875,
      0.546875,
      0.640625,
      0.6875,
      0.734375,
      0.71875,
      0.6875,
      0.828125,
      0.75,
      0.796875,
      0.75,
      0.65625,
      0.78125,
      0.671875,
      0.640625,
      0.65625,
      0.703125,
      0.625,
      0.703125,
      0.71875,
      0.703125,
      0.6875,
      0.71875,
      0.609375,
      0.78125,
      0.71875,
      0.796875,
      0.71875,
      0.78125,
      0.71875,
      0.75,
      0.75,
      0.703125,
      0.609375,
      0.703125,
      0.765625,
      0.6875,
      0.6875,
      0.765625,
      0.75,
      0.75
   ],
   "batch_train_losses": [
      1.2261327505111694,
      1.2888532876968384,
      1.4993120431900024,
      1.3168065547943115,
      1.2677901983261108,
      1.2532740831375122,
      1.278272271156311,
      1.2570381164550781,
      1.147894263267517,
      1.2278294563293457,
      1.0951919555664062,
      1.1694316864013672,
      1.4043383598327637,
      1.1455447673797607,
      1.2832221984863281,
      1.4445685148239136,
      1.46981942653656,
      1.2379990816116333,
      1.3465001583099365,
      1.2241477966308594,
      1.3609563112258911,
      1.235019326210022,
      1.293492078781128,
      1.3626434803009033,
      1.42079758644104,
      1.2007735967636108,
      1.309915542602539,
      1.1149593591690063,
      1.2546675205230713,
      1.211904525756836,
      1.224851369857788,
      1.319309115409851,
      1.198294997215271,
      1.3255128860473633,
      1.4200496673583984,
      1.1858774423599243,
      1.150353193283081,
      1.2927899360656738,
      1.333408236503601,
      1.1752970218658447,
      1.219826579093933,
      0.9975358247756958
   ],
   "batch_train_times": [],
   "val_accuracy": 0.5101351351351351,
   "val_loss": 1.9749347551448926,
   "val_accuracy_per_label": [
      0.7272727272727273,
      0.0,
      0.0,
      0.0,
      1.0,
      0.2,
      0.0,
      0.8,
      0.0,
      0.0,
      0.0,
      0.0,
      0.0,
      1.0,
      0.6,
      0.0,
      0.0,
      0.4,
      0.0,
      0.9310344827586207,
      0.9230769230769231,
      0.0,
      0.0,
      0.2,
      0.0,
      0.7,
      0.0,
      0.85,
      0.0,
      0.0,
      0.0,
      0.4,
      0.6,
      0.0,
      0.0,
      0.0,
      0.0,
      0.0,
      0.7333333333333333,
      0.6,
      0.0,
      0.625,
      0.0
   ]
}