{
   "epoch": 3,
   "batch_train_accuracies": [
      0.34375,
      0.484375,
      0.21875,
      0.375,
      0.375,
      0.34375,
      0.40625,
      0.375,
      0.28125,
      0.40625,
      0.375,
      0.390625,
      0.296875,
      0.328125,
      0.296875,
      0.21875,
      0.40625,
      0.234375,
      0.328125,
      0.421875,
      0.390625,
      0.234375,
      0.34375,
      0.375,
      0.4375,
      0.40625,
      0.46875,
      0.375,
      0.390625,
      0.328125,
      0.484375,
      0.40625,
      0.296875,
      0.375,
      0.40625,
      0.375,
      0.40625,
      0.421875,
      0.40625,
      0.375,
      0.484375,
      0.3125
   ],
   "batch_train_losses": [
      2.975508689880371,
      2.7724997997283936,
      3.0895133018493652,
      2.958709716796875,
      2.94698429107666,
      2.9255077838897705,
      2.8077921867370605,
      2.9044268131256104,
      2.885148048400879,
      2.840301990509033,
      2.925297975540161,
      2.8982720375061035,
      2.9208405017852783,
      2.9561104774475098,
      2.9906530380249023,
      2.9373881816864014,
      2.709465503692627,
      2.9616289138793945,
      2.912382125854492,
      2.7267584800720215,
      2.7829172611236572,
      3.035162925720215,
      2.7750132083892822,
      2.760223388671875,
      2.712986946105957,
      2.7155323028564453,
      2.686157464981079,
      2.842203378677368,
      2.8685336112976074,
      2.7957382202148438,
      2.7745254039764404,
      2.73199725151062,
      2.8104677200317383,
      2.8743324279785156,
      2.7168030738830566,
      2.672177791595459,
      2.714442729949951,
      2.6970958709716797,
      2.817056179046631,
      2.839830160140991,
      2.6668496131896973,
      2.802917003631592
   ],
   "batch_train_times": [],
   "val_accuracy": 0.22972972972972974,
   "val_loss": 3.0517152451180123,
   "val_accuracy_per_label": [
      0.4090909090909091,
      0.0,
      0.0,
      0.0,
      0.0,
      0.0,
      0.0,
      0.75,
      0.0,
      0.0,
      0.0,
      0.0,
      0.0,
      0.0,
      0.0,
      0.0,
      0.0,
      0.0,
      0.6,
      0.0,
      0.9615384615384616,
      0.0,
      0.0,
      0.0,
      0.0,
      0.0,
      0.0,
      0.0,
      0.0,
      0.0,
      0.0,
      0.0,
      0.0,
      0.0,
      0.0,
      0.0,
      0.0,
      0.0,
      0.3333333333333333,
      0.3,
      0.0,
      1.0,
      0.0
   ]
}