{
   "epoch": 43,
   "batch_train_accuracies": [
      0.65625,
      0.765625,
      0.8125,
      0.703125,
      0.671875,
      0.625,
      0.6875,
      0.671875,
      0.6875,
      0.75,
      0.6875,
      0.78125,
      0.65625,
      0.6875,
      0.875,
      0.71875,
      0.640625,
      0.65625,
      0.703125,
      0.765625,
      0.765625,
      0.734375,
      0.765625,
      0.78125,
      0.734375,
      0.8125,
      0.734375,
      0.6875,
      0.78125,
      0.640625,
      0.796875,
      0.65625,
      0.765625,
      0.78125,
      0.75,
      0.609375,
      0.734375,
      0.65625,
      0.734375,
      0.703125,
      0.671875,
      0.8125
   ],
   "batch_train_losses": [
      1.404283881187439,
      1.1986851692199707,
      1.1231133937835693,
      1.3182471990585327,
      1.2287418842315674,
      1.3927137851715088,
      1.151397943496704,
      1.3146589994430542,
      1.4046437740325928,
      1.2450634241104126,
      1.3310078382492065,
      1.2256639003753662,
      1.406007170677185,
      1.332562804222107,
      1.0506665706634521,
      1.2687009572982788,
      1.4342833757400513,
      1.3796415328979492,
      1.1923086643218994,
      1.2133798599243164,
      1.2122790813446045,
      1.1382439136505127,
      1.195302963256836,
      1.0940064191818237,
      1.2101880311965942,
      0.9708490967750549,
      1.1651781797409058,
      1.3179508447647095,
      1.0680928230285645,
      1.2184687852859497,
      1.078662395477295,
      1.315859317779541,
      1.1458173990249634,
      1.1947673559188843,
      1.2345571517944336,
      1.3394371271133423,
      1.3386452198028564,
      1.3380690813064575,
      1.3241568803787231,
      1.1848093271255493,
      1.437491536140442,
      0.969433069229126
   ],
   "batch_train_times": [],
   "val_accuracy": 0.5608108108108109,
   "val_loss": 1.8468181281476408,
   "val_accuracy_per_label": [
      0.9090909090909091,
      0.0,
      0.0,
      0.0,
      1.0,
      0.8,
      0.0,
      0.85,
      0.0,
      0.0,
      0.0,
      0.0,
      0.6,
      1.0,
      0.4,
      0.0,
      0.0,
      0.0,
      0.2,
      0.9310344827586207,
      0.9615384615384616,
      0.0,
      0.0,
      0.2,
      0.0,
      0.9,
      0.0,
      0.8,
      0.0,
      0.0,
      0.0,
      0.2,
      1.0,
      0.0,
      0.0,
      0.0,
      0.0,
      0.0,
      0.8,
      0.6,
      0.0,
      0.75,
      0.2
   ]
}