{
   "epoch": 36,
   "batch_train_accuracies": [
      0.671875,
      0.78125,
      0.65625,
      0.640625,
      0.71875,
      0.703125,
      0.6875,
      0.71875,
      0.671875,
      0.6875,
      0.65625,
      0.65625,
      0.734375,
      0.78125,
      0.75,
      0.6875,
      0.65625,
      0.75,
      0.609375,
      0.640625,
      0.71875,
      0.8125,
      0.703125,
      0.75,
      0.71875,
      0.6875,
      0.65625,
      0.65625,
      0.671875,
      0.78125,
      0.703125,
      0.65625,
      0.625,
      0.765625,
      0.703125,
      0.765625,
      0.625,
      0.765625,
      0.6875,
      0.78125,
      0.671875,
      0.6875
   ],
   "batch_train_losses": [
      1.352368950843811,
      1.2050589323043823,
      1.3773726224899292,
      1.3703534603118896,
      1.242827296257019,
      1.3550299406051636,
      1.243384838104248,
      1.272779941558838,
      1.3376576900482178,
      1.303276777267456,
      1.385179042816162,
      1.412041187286377,
      1.1724880933761597,
      1.1302379369735718,
      1.1312371492385864,
      1.357850193977356,
      1.3610644340515137,
      1.2565666437149048,
      1.4426788091659546,
      1.377149224281311,
      1.2451472282409668,
      1.1113864183425903,
      1.3752042055130005,
      1.1595680713653564,
      1.2830349206924438,
      1.3216694593429565,
      1.196026086807251,
      1.3898019790649414,
      1.4723074436187744,
      1.2771247625350952,
      1.2563382387161255,
      1.4403347969055176,
      1.5036425590515137,
      1.1586518287658691,
      1.3409168720245361,
      1.2415401935577393,
      1.4647819995880127,
      1.2645670175552368,
      1.3696486949920654,
      1.243021845817566,
      1.357532262802124,
      1.0804396867752075
   ],
   "batch_train_times": [],
   "val_accuracy": 0.5168918918918919,
   "val_loss": 1.9781825026950322,
   "val_accuracy_per_label": [
      0.7727272727272727,
      0.0,
      0.0,
      0.0,
      1.0,
      1.0,
      0.0,
      0.75,
      0.0,
      0.0,
      0.0,
      0.0,
      0.6,
      0.8,
      0.0,
      0.0,
      0.0,
      0.0,
      0.0,
      1.0,
      0.8076923076923077,
      0.0,
      0.0,
      0.0,
      0.0,
      0.5,
      0.0,
      1.0,
      0.0,
      0.0,
      0.0,
      0.2,
      1.0,
      0.0,
      0.0,
      0.0,
      0.0,
      0.0,
      1.0,
      0.3,
      0.0,
      0.5,
      0.2
   ]
}