{
   "epoch": 14,
   "batch_train_accuracies": [
      0.515625,
      0.640625,
      0.546875,
      0.484375,
      0.515625,
      0.578125,
      0.609375,
      0.53125,
      0.53125,
      0.609375,
      0.515625,
      0.59375,
      0.53125,
      0.59375,
      0.6875,
      0.5625,
      0.4375,
      0.53125,
      0.546875,
      0.53125,
      0.515625,
      0.515625,
      0.5625,
      0.515625,
      0.53125,
      0.515625,
      0.625,
      0.53125,
      0.484375,
      0.5625,
      0.578125,
      0.578125,
      0.5625,
      0.5,
      0.5625,
      0.515625,
      0.5,
      0.515625,
      0.625,
      0.578125,
      0.5625,
      0.5
   ],
   "batch_train_losses": [
      1.8028396368026733,
      1.719719648361206,
      1.7130017280578613,
      1.9041686058044434,
      1.7958499193191528,
      1.8251241445541382,
      1.757657766342163,
      1.8542304039001465,
      1.7947051525115967,
      1.6750656366348267,
      1.777868390083313,
      1.8362908363342285,
      1.8389475345611572,
      1.8194365501403809,
      1.4364140033721924,
      1.7469868659973145,
      2.0082123279571533,
      1.7983624935150146,
      1.7197314500808716,
      1.8402925729751587,
      1.6967358589172363,
      1.855448842048645,
      1.6941214799880981,
      1.7840454578399658,
      1.7607827186584473,
      1.7191994190216064,
      1.6953731775283813,
      1.9059474468231201,
      1.8790820837020874,
      1.7557110786437988,
      1.8217525482177734,
      1.6275856494903564,
      1.689770221710205,
      1.8376946449279785,
      1.6581965684890747,
      1.7379873991012573,
      1.920798659324646,
      1.8579105138778687,
      1.6536452770233154,
      1.7921142578125,
      1.7609325647354126,
      2.0381133556365967
   ],
   "batch_train_times": [],
   "val_accuracy": 0.35135135135135137,
   "val_loss": 2.474196318033579,
   "val_accuracy_per_label": [
      0.6818181818181818,
      0.0,
      0.0,
      0.0,
      0.0,
      0.4,
      0.0,
      0.75,
      0.0,
      0.0,
      0.0,
      0.0,
      0.0,
      0.2,
      0.0,
      0.0,
      0.0,
      0.0,
      0.6,
      0.4482758620689655,
      0.5384615384615384,
      0.0,
      0.0,
      0.2,
      0.0,
      0.0,
      0.0,
      0.8,
      0.0,
      0.0,
      0.0,
      0.0,
      0.2,
      0.0,
      0.0,
      0.0,
      0.0,
      0.0,
      0.8666666666666667,
      0.5,
      0.0,
      0.625,
      0.0
   ]
}