{
   "epoch": 29,
   "batch_train_accuracies": [
      0.640625,
      0.671875,
      0.65625,
      0.5625,
      0.65625,
      0.671875,
      0.71875,
      0.640625,
      0.609375,
      0.671875,
      0.59375,
      0.671875,
      0.640625,
      0.640625,
      0.6875,
      0.734375,
      0.71875,
      0.640625,
      0.71875,
      0.671875,
      0.6875,
      0.5625,
      0.703125,
      0.640625,
      0.65625,
      0.734375,
      0.765625,
      0.734375,
      0.703125,
      0.640625,
      0.703125,
      0.59375,
      0.703125,
      0.765625,
      0.671875,
      0.625,
      0.640625,
      0.6875,
      0.75,
      0.71875,
      0.59375,
      0.625
   ],
   "batch_train_losses": [
      1.446460247039795,
      1.388974905014038,
      1.3736753463745117,
      1.4973989725112915,
      1.4627406597137451,
      1.386094093322754,
      1.3372939825057983,
      1.4076828956604004,
      1.4624533653259277,
      1.4067686796188354,
      1.4545073509216309,
      1.2594072818756104,
      1.5592539310455322,
      1.4393824338912964,
      1.4069221019744873,
      1.0850940942764282,
      1.2827554941177368,
      1.476415753364563,
      1.266311526298523,
      1.3394826650619507,
      1.3845731019973755,
      1.736908197402954,
      1.3380399942398071,
      1.4830472469329834,
      1.4459763765335083,
      1.3926379680633545,
      1.2425376176834106,
      1.2511227130889893,
      1.308874487876892,
      1.472365140914917,
      1.3057925701141357,
      1.505178451538086,
      1.282967209815979,
      1.2291496992111206,
      1.3592296838760376,
      1.3919757604599,
      1.474216103553772,
      1.4564802646636963,
      1.3380663394927979,
      1.270390272140503,
      1.5133057832717896,
      1.2223601341247559
   ],
   "batch_train_times": [],
   "val_accuracy": 0.49324324324324326,
   "val_loss": 2.041010524775531,
   "val_accuracy_per_label": [
      0.6818181818181818,
      0.0,
      0.0,
      0.0,
      0.8,
      1.0,
      0.0,
      1.0,
      0.0,
      0.0,
      0.0,
      0.0,
      0.0,
      0.0,
      0.0,
      0.0,
      0.0,
      0.0,
      0.0,
      0.9310344827586207,
      0.9615384615384616,
      0.0,
      0.0,
      0.2,
      0.0,
      0.6,
      0.0,
      0.7,
      0.0,
      0.0,
      0.0,
      0.0,
      0.6,
      0.0,
      0.0,
      0.0,
      0.0,
      0.0,
      0.9333333333333333,
      0.7,
      0.0,
      0.625,
      0.0
   ]
}