{
   "epoch": 27,
   "batch_train_accuracies": [
      0.640625,
      0.625,
      0.609375,
      0.5625,
      0.578125,
      0.703125,
      0.640625,
      0.671875,
      0.640625,
      0.703125,
      0.71875,
      0.671875,
      0.625,
      0.625,
      0.625,
      0.578125,
      0.625,
      0.765625,
      0.5625,
      0.765625,
      0.78125,
      0.671875,
      0.546875,
      0.734375,
      0.46875,
      0.5625,
      0.765625,
      0.6875,
      0.65625,
      0.640625,
      0.65625,
      0.6875,
      0.625,
      0.6875,
      0.6875,
      0.609375,
      0.703125,
      0.609375,
      0.703125,
      0.703125,
      0.65625,
      0.5625
   ],
   "batch_train_losses": [
      1.4457768201828003,
      1.4396913051605225,
      1.3970468044281006,
      1.6217212677001953,
      1.6015167236328125,
      1.2955067157745361,
      1.4582723379135132,
      1.4291075468063354,
      1.3663276433944702,
      1.394102931022644,
      1.2171745300292969,
      1.2682216167449951,
      1.455058217048645,
      1.5022680759429932,
      1.5402027368545532,
      1.6330013275146484,
      1.3725391626358032,
      1.1934117078781128,
      1.5455080270767212,
      1.2794594764709473,
      1.1905739307403564,
      1.4036709070205688,
      1.5192643404006958,
      1.1946742534637451,
      1.7858691215515137,
      1.5339223146438599,
      1.3307900428771973,
      1.3963468074798584,
      1.412202000617981,
      1.573140025138855,
      1.376713514328003,
      1.5219773054122925,
      1.4726191759109497,
      1.4259488582611084,
      1.3888757228851318,
      1.4009095430374146,
      1.3779456615447998,
      1.5999408960342407,
      1.31440269947052,
      1.4354584217071533,
      1.4670904874801636,
      1.43076753616333
   ],
   "batch_train_times": [],
   "val_accuracy": 0.3918918918918919,
   "val_loss": 2.3139756176922774,
   "val_accuracy_per_label": [
      0.6363636363636364,
      0.0,
      0.0,
      0.0,
      0.4,
      1.0,
      0.0,
      0.85,
      0.0,
      0.0,
      0.0,
      0.0,
      0.4,
      0.0,
      0.0,
      0.0,
      0.0,
      0.0,
      0.2,
      0.7931034482758621,
      1.0,
      0.0,
      0.0,
      0.4,
      0.0,
      0.0,
      0.0,
      0.05,
      0.0,
      0.0,
      0.0,
      0.8,
      0.0,
      0.0,
      0.0,
      0.0,
      0.0,
      0.0,
      0.6666666666666666,
      0.3,
      0.0,
      0.75,
      0.0
   ]
}