{
   "epoch": 19,
   "batch_train_accuracies": [
      0.578125,
      0.609375,
      0.65625,
      0.671875,
      0.421875,
      0.671875,
      0.546875,
      0.640625,
      0.640625,
      0.546875,
      0.53125,
      0.5,
      0.5,
      0.6875,
      0.578125,
      0.609375,
      0.546875,
      0.609375,
      0.625,
      0.578125,
      0.59375,
      0.546875,
      0.640625,
      0.59375,
      0.578125,
      0.609375,
      0.484375,
      0.578125,
      0.5,
      0.671875,
      0.578125,
      0.59375,
      0.53125,
      0.65625,
      0.734375,
      0.65625,
      0.671875,
      0.625,
      0.65625,
      0.546875,
      0.609375,
      0.4375
   ],
   "batch_train_losses": [
      1.63539719581604,
      1.6925530433654785,
      1.4897440671920776,
      1.5210225582122803,
      1.9697883129119873,
      1.512947678565979,
      1.6543643474578857,
      1.5943224430084229,
      1.5814414024353027,
      1.6977328062057495,
      1.703878402709961,
      1.8026766777038574,
      1.6926829814910889,
      1.3698190450668335,
      1.573062539100647,
      1.4198861122131348,
      1.6111319065093994,
      1.549195647239685,
      1.5219089984893799,
      1.7740081548690796,
      1.6514381170272827,
      1.6293468475341797,
      1.4160014390945435,
      1.5085700750350952,
      1.6804249286651611,
      1.7046270370483398,
      1.671297550201416,
      1.6655031442642212,
      1.7970861196517944,
      1.377066969871521,
      1.544358730316162,
      1.6597864627838135,
      1.700067400932312,
      1.5293974876403809,
      1.4582961797714233,
      1.463697910308838,
      1.551038384437561,
      1.4681921005249023,
      1.516248345375061,
      1.660947561264038,
      1.6238534450531006,
      1.9679666757583618
   ],
   "batch_train_times": [],
   "val_accuracy": 0.4189189189189189,
   "val_loss": 2.21777326996262,
   "val_accuracy_per_label": [
      0.7727272727272727,
      0.0,
      0.0,
      0.0,
      0.4,
      0.4,
      0.0,
      0.85,
      0.0,
      0.0,
      0.0,
      0.0,
      0.0,
      0.4,
      0.0,
      0.0,
      0.0,
      0.0,
      0.0,
      0.8620689655172413,
      1.0,
      0.0,
      0.0,
      0.4,
      0.0,
      0.1,
      0.0,
      0.3,
      0.0,
      0.0,
      0.0,
      0.4,
      0.0,
      0.0,
      0.0,
      0.0,
      0.0,
      0.0,
      0.8666666666666667,
      0.3,
      0.0,
      0.75,
      0.0
   ]
}