{
   "epoch": 16,
   "batch_train_accuracies": [
      0.640625,
      0.5625,
      0.484375,
      0.59375,
      0.515625,
      0.625,
      0.484375,
      0.484375,
      0.578125,
      0.4375,
      0.625,
      0.546875,
      0.609375,
      0.5625,
      0.5625,
      0.546875,
      0.625,
      0.5625,
      0.46875,
      0.640625,
      0.546875,
      0.515625,
      0.671875,
      0.546875,
      0.6875,
      0.59375,
      0.453125,
      0.421875,
      0.625,
      0.5625,
      0.546875,
      0.578125,
      0.53125,
      0.5,
      0.640625,
      0.6875,
      0.640625,
      0.53125,
      0.578125,
      0.609375,
      0.609375,
      0.625
   ],
   "batch_train_losses": [
      1.5646798610687256,
      1.5823487043380737,
      1.8485087156295776,
      1.6504156589508057,
      1.6672332286834717,
      1.6197845935821533,
      1.9433152675628662,
      1.8301277160644531,
      1.894626498222351,
      1.9261668920516968,
      1.729142189025879,
      1.6418758630752563,
      1.8019492626190186,
      1.8409208059310913,
      1.810849905014038,
      1.6610774993896484,
      1.512316346168518,
      1.641294002532959,
      1.8917192220687866,
      1.5608867406845093,
      1.773065447807312,
      1.773600697517395,
      1.5204672813415527,
      1.762050747871399,
      1.4963387250900269,
      1.6783424615859985,
      2.053508758544922,
      2.016117572784424,
      1.6381809711456299,
      1.7129842042922974,
      1.760811448097229,
      1.6173381805419922,
      1.704261064529419,
      1.8307380676269531,
      1.643298864364624,
      1.4555644989013672,
      1.5721161365509033,
      1.8452253341674805,
      1.6072925329208374,
      1.7648029327392578,
      1.5090960264205933,
      1.7667820453643799
   ],
   "batch_train_times": [],
   "val_accuracy": 0.36486486486486486,
   "val_loss": 2.3277480280077136,
   "val_accuracy_per_label": [
      0.7727272727272727,
      0.0,
      0.0,
      0.0,
      1.0,
      0.2,
      0.0,
      0.7,
      0.0,
      0.0,
      0.0,
      0.0,
      0.0,
      0.2,
      0.0,
      0.0,
      0.0,
      0.0,
      0.0,
      0.7241379310344828,
      1.0,
      0.0,
      0.0,
      0.2,
      0.0,
      0.0,
      0.0,
      0.25,
      0.0,
      0.0,
      0.0,
      0.0,
      0.0,
      0.0,
      0.0,
      0.0,
      0.0,
      0.0,
      0.4,
      0.4,
      0.0,
      0.875,
      0.0
   ]
}