{
   "epoch": 21,
   "batch_train_accuracies": [
      0.71875,
      0.5,
      0.578125,
      0.5625,
      0.484375,
      0.65625,
      0.6875,
      0.6875,
      0.59375,
      0.578125,
      0.640625,
      0.59375,
      0.625,
      0.5,
      0.59375,
      0.640625,
      0.59375,
      0.640625,
      0.59375,
      0.640625,
      0.71875,
      0.65625,
      0.625,
      0.640625,
      0.546875,
      0.546875,
      0.625,
      0.65625,
      0.609375,
      0.5625,
      0.65625,
      0.578125,
      0.65625,
      0.578125,
      0.703125,
      0.625,
      0.59375,
      0.65625,
      0.6875,
      0.65625,
      0.5,
      0.4375
   ],
   "batch_train_losses": [
      1.5374616384506226,
      1.7008767127990723,
      1.4220471382141113,
      1.567262053489685,
      1.8181623220443726,
      1.3583093881607056,
      1.5393692255020142,
      1.4091830253601074,
      1.5907907485961914,
      1.6380198001861572,
      1.579412579536438,
      1.6242716312408447,
      1.4622218608856201,
      1.7241027355194092,
      1.6492284536361694,
      1.5585887432098389,
      1.553817629814148,
      1.5546330213546753,
      1.5716850757598877,
      1.5530601739883423,
      1.3398263454437256,
      1.4437752962112427,
      1.493018627166748,
      1.5895501375198364,
      1.5540388822555542,
      1.7224630117416382,
      1.4045114517211914,
      1.4107493162155151,
      1.715715765953064,
      1.6883126497268677,
      1.4548983573913574,
      1.6259000301361084,
      1.399063229560852,
      1.6624587774276733,
      1.3420437574386597,
      1.5346729755401611,
      1.4786491394042969,
      1.4181156158447266,
      1.4465073347091675,
      1.4620964527130127,
      1.7386947870254517,
      2.0887084007263184
   ],
   "batch_train_times": [],
   "val_accuracy": 0.4594594594594595,
   "val_loss": 2.0793439472043835,
   "val_accuracy_per_label": [
      0.5909090909090909,
      0.0,
      0.0,
      0.0,
      0.0,
      1.0,
      0.0,
      0.85,
      0.0,
      0.0,
      0.0,
      0.0,
      0.0,
      0.0,
      0.0,
      0.0,
      0.0,
      0.0,
      0.8,
      0.9310344827586207,
      0.9615384615384616,
      0.0,
      0.0,
      0.4,
      0.0,
      0.2,
      0.0,
      0.6,
      0.0,
      0.0,
      0.0,
      0.0,
      0.6,
      0.0,
      0.0,
      0.0,
      0.0,
      0.0,
      0.9333333333333333,
      0.7,
      0.0,
      0.625,
      0.0
   ]
}