{
   "epoch": 35,
   "batch_train_accuracies": [
      0.65625,
      0.71875,
      0.71875,
      0.71875,
      0.640625,
      0.625,
      0.65625,
      0.625,
      0.765625,
      0.703125,
      0.609375,
      0.65625,
      0.625,
      0.734375,
      0.6875,
      0.796875,
      0.71875,
      0.65625,
      0.71875,
      0.703125,
      0.65625,
      0.640625,
      0.578125,
      0.6875,
      0.8125,
      0.71875,
      0.65625,
      0.703125,
      0.765625,
      0.765625,
      0.671875,
      0.765625,
      0.75,
      0.671875,
      0.703125,
      0.71875,
      0.765625,
      0.71875,
      0.703125,
      0.703125,
      0.5625,
      0.75
   ],
   "batch_train_losses": [
      1.3980604410171509,
      1.2054015398025513,
      1.3586703538894653,
      1.2213380336761475,
      1.41312575340271,
      1.4094278812408447,
      1.3598341941833496,
      1.408704400062561,
      1.1390957832336426,
      1.2218769788742065,
      1.462493658065796,
      1.2836847305297852,
      1.4346017837524414,
      1.3453874588012695,
      1.3245218992233276,
      1.1492875814437866,
      1.190625548362732,
      1.3163307905197144,
      1.3394558429718018,
      1.1716220378875732,
      1.2837188243865967,
      1.338871717453003,
      1.5010058879852295,
      1.3796021938323975,
      1.1299701929092407,
      1.3821431398391724,
      1.4813823699951172,
      1.4103264808654785,
      1.2337617874145508,
      1.2062978744506836,
      1.1760592460632324,
      1.2114514112472534,
      1.2772947549819946,
      1.2668635845184326,
      1.2890933752059937,
      1.3064708709716797,
      1.0585376024246216,
      1.2187936305999756,
      1.2285783290863037,
      1.3062814474105835,
      1.5189763307571411,
      1.4989111423492432
   ],
   "batch_train_times": [],
   "val_accuracy": 0.47635135135135137,
   "val_loss": 2.029189328889589,
   "val_accuracy_per_label": [
      0.9545454545454546,
      0.0,
      0.0,
      0.0,
      1.0,
      0.2,
      0.0,
      0.7,
      0.0,
      0.0,
      0.0,
      0.0,
      0.0,
      1.0,
      0.0,
      0.0,
      0.0,
      0.0,
      0.0,
      0.8275862068965517,
      1.0,
      0.0,
      0.0,
      0.2,
      0.0,
      0.2,
      0.0,
      0.75,
      0.0,
      0.0,
      0.2,
      0.0,
      1.0,
      0.0,
      0.0,
      0.0,
      0.0,
      0.0,
      0.8666666666666667,
      0.4,
      0.0,
      0.5,
      0.0
   ]
}