{
   "epoch": 36,
   "batch_train_accuracies": [
      0.78125,
      0.78125,
      0.75,
      0.75,
      0.765625,
      0.703125,
      0.796875,
      0.796875,
      0.8125,
      0.71875,
      0.765625,
      0.796875,
      0.75,
      0.84375,
      0.765625,
      0.875,
      0.8125,
      0.765625,
      0.828125,
      0.765625,
      0.71875,
      0.859375,
      0.8125,
      0.78125,
      0.828125,
      0.859375,
      0.890625,
      0.8125,
      0.78125,
      0.796875,
      0.765625,
      0.78125,
      0.703125,
      0.859375,
      0.875,
      0.890625,
      0.6875,
      0.734375,
      0.734375,
      0.8125,
      0.78125,
      0.8125
   ],
   "batch_train_losses": [
      0.9338548183441162,
      1.132813572883606,
      1.16164231300354,
      1.1996054649353027,
      1.2660107612609863,
      1.2228529453277588,
      1.1311320066452026,
      0.9502562284469604,
      1.046338677406311,
      1.1939774751663208,
      1.1831800937652588,
      1.1374404430389404,
      1.1764987707138062,
      0.9695199728012085,
      1.2279884815216064,
      0.9233349561691284,
      1.0739197731018066,
      1.1967183351516724,
      0.9620278477668762,
      1.0050173997879028,
      1.123511791229248,
      1.0332969427108765,
      1.0981823205947876,
      0.9964708685874939,
      1.0335582494735718,
      1.012624979019165,
      0.8883278369903564,
      1.0991146564483643,
      1.0350409746170044,
      1.1597881317138672,
      1.0409984588623047,
      0.963649570941925,
      1.2932146787643433,
      0.9299904704093933,
      1.1118768453598022,
      0.982084333896637,
      1.2777265310287476,
      1.1390701532363892,
      1.3260587453842163,
      1.0812287330627441,
      1.16336989402771,
      1.3116892576217651
   ],
   "batch_train_times": [],
   "val_accuracy": 0.527027027027027,
   "val_loss": 1.8645647442018665,
   "val_accuracy_per_label": [
      0.8636363636363636,
      0.0,
      0.16666666666666666,
      0.2,
      1.0,
      1.0,
      0.0,
      0.8,
      0.0,
      0.0,
      0.0,
      0.0,
      0.0,
      0.8,
      0.4,
      0.0,
      0.0,
      0.0,
      0.2,
      0.9655172413793104,
      0.9615384615384616,
      0.0,
      0.0,
      0.6,
      0.0,
      0.2,
      0.0,
      0.6,
      0.0,
      0.0,
      0.0,
      0.6,
      0.8,
      0.0,
      0.0,
      0.0,
      0.2,
      0.0,
      0.8,
      0.4,
      0.0,
      0.75,
      0.4
   ]
}