{
   "epoch": 42,
   "batch_train_accuracies": [
      0.796875,
      0.75,
      0.734375,
      0.875,
      0.796875,
      0.734375,
      0.828125,
      0.859375,
      0.859375,
      0.890625,
      0.828125,
      0.890625,
      0.6875,
      0.828125,
      0.84375,
      0.78125,
      0.71875,
      0.796875,
      0.8125,
      0.796875,
      0.8125,
      0.859375,
      0.828125,
      0.78125,
      0.828125,
      0.734375,
      0.84375,
      0.75,
      0.78125,
      0.75,
      0.84375,
      0.796875,
      0.890625,
      0.84375,
      0.8125,
      0.796875,
      0.8125,
      0.75,
      0.859375,
      0.796875,
      0.859375,
      0.6875
   ],
   "batch_train_losses": [
      1.097061038017273,
      1.2373249530792236,
      1.216794729232788,
      0.9039797782897949,
      1.0824966430664062,
      1.234076976776123,
      1.0065722465515137,
      0.9930260181427002,
      0.988723874092102,
      0.8413152694702148,
      1.0253582000732422,
      0.8805173635482788,
      1.2836540937423706,
      0.929174542427063,
      0.9524989128112793,
      1.0217403173446655,
      1.1663633584976196,
      0.9634655714035034,
      1.0501712560653687,
      1.204474925994873,
      1.1308854818344116,
      0.9311606287956238,
      1.0204569101333618,
      1.0489556789398193,
      1.0389933586120605,
      1.1390209197998047,
      0.8862202167510986,
      1.1077772378921509,
      1.142720103263855,
      1.235558032989502,
      0.9403210282325745,
      0.9594078660011292,
      0.8921341896057129,
      0.9433992505073547,
      1.1324471235275269,
      1.0648733377456665,
      1.0880361795425415,
      1.004868745803833,
      1.0349805355072021,
      1.091244101524353,
      0.8787714242935181,
      1.2634093761444092
   ],
   "batch_train_times": [],
   "val_accuracy": 0.4831081081081081,
   "val_loss": 1.9461717927778088,
   "val_accuracy_per_label": [
      0.7727272727272727,
      0.0,
      0.16666666666666666,
      0.4,
      1.0,
      0.2,
      0.0,
      0.8,
      0.0,
      0.0,
      0.0,
      0.0,
      0.6,
      0.6,
      0.4,
      0.0,
      0.0,
      0.0,
      0.0,
      1.0,
      0.7307692307692307,
      0.4,
      0.0,
      0.0,
      0.0,
      0.8,
      0.0,
      0.2,
      0.0,
      0.0,
      0.0,
      0.2,
      1.0,
      0.0,
      0.0,
      0.25,
      0.2,
      0.0,
      0.6666666666666666,
      0.7,
      0.0,
      0.5,
      0.4
   ]
}