{
   "epoch": 27,
   "batch_train_accuracies": [
      0.6875,
      0.65625,
      0.75,
      0.734375,
      0.828125,
      0.6875,
      0.71875,
      0.765625,
      0.6875,
      0.734375,
      0.796875,
      0.78125,
      0.65625,
      0.765625,
      0.765625,
      0.65625,
      0.734375,
      0.6875,
      0.78125,
      0.703125,
      0.859375,
      0.8125,
      0.765625,
      0.75,
      0.75,
      0.703125,
      0.75,
      0.765625,
      0.734375,
      0.734375,
      0.6875,
      0.828125,
      0.78125,
      0.78125,
      0.6875,
      0.703125,
      0.671875,
      0.75,
      0.75,
      0.765625,
      0.734375,
      0.6875
   ],
   "batch_train_losses": [
      1.371832013130188,
      1.4153341054916382,
      1.1149237155914307,
      1.2677524089813232,
      1.106013298034668,
      1.2488819360733032,
      1.137476921081543,
      1.1810543537139893,
      1.3154467344284058,
      1.2150378227233887,
      1.1846286058425903,
      1.2677549123764038,
      1.3883174657821655,
      1.1327966451644897,
      1.2073603868484497,
      1.2317463159561157,
      1.2995508909225464,
      1.3541053533554077,
      1.2738255262374878,
      1.1594139337539673,
      1.0000115633010864,
      1.1047130823135376,
      1.1316767930984497,
      1.1164766550064087,
      1.2072479724884033,
      1.3351258039474487,
      1.081861138343811,
      1.23548424243927,
      1.131270170211792,
      1.3529152870178223,
      1.2332332134246826,
      1.2475298643112183,
      1.2147196531295776,
      1.0599462985992432,
      1.286850094795227,
      1.2994898557662964,
      1.359968662261963,
      1.1277645826339722,
      1.199664831161499,
      1.222616195678711,
      1.2883336544036865,
      1.4104324579238892
   ],
   "batch_train_times": [],
   "val_accuracy": 0.5033783783783784,
   "val_loss": 1.91182144268139,
   "val_accuracy_per_label": [
      0.5909090909090909,
      0.0,
      0.5,
      0.0,
      1.0,
      0.6,
      0.0,
      0.85,
      0.0,
      1.0,
      0.0,
      0.0,
      0.0,
      0.6,
      0.4,
      0.0,
      0.0,
      0.0,
      0.0,
      0.9655172413793104,
      1.0,
      0.0,
      0.0,
      0.4,
      0.0,
      0.4,
      0.0,
      0.5,
      0.0,
      0.0,
      0.0,
      0.6,
      1.0,
      0.0,
      0.0,
      0.0,
      0.2,
      0.4,
      0.4666666666666667,
      0.2,
      0.0,
      0.75,
      0.4
   ]
}