{
   "epoch": 20,
   "batch_train_accuracies": [
      0.703125,
      0.5625,
      0.640625,
      0.6875,
      0.65625,
      0.640625,
      0.703125,
      0.609375,
      0.65625,
      0.625,
      0.71875,
      0.546875,
      0.640625,
      0.671875,
      0.71875,
      0.75,
      0.703125,
      0.71875,
      0.75,
      0.703125,
      0.703125,
      0.8125,
      0.6875,
      0.71875,
      0.75,
      0.6875,
      0.703125,
      0.703125,
      0.625,
      0.75,
      0.75,
      0.703125,
      0.71875,
      0.6875,
      0.640625,
      0.796875,
      0.625,
      0.59375,
      0.640625,
      0.75,
      0.59375,
      0.5625
   ],
   "batch_train_losses": [
      1.3537641763687134,
      1.438137412071228,
      1.6171010732650757,
      1.3016339540481567,
      1.443844199180603,
      1.4324383735656738,
      1.3150700330734253,
      1.423443078994751,
      1.4862020015716553,
      1.4678332805633545,
      1.4602162837982178,
      1.4907017946243286,
      1.6112055778503418,
      1.4182391166687012,
      1.4209710359573364,
      1.3390965461730957,
      1.2433671951293945,
      1.3470760583877563,
      1.2969614267349243,
      1.3168460130691528,
      1.4290685653686523,
      1.155451774597168,
      1.399332880973816,
      1.2625571489334106,
      1.2621275186538696,
      1.3882009983062744,
      1.2363243103027344,
      1.3139158487319946,
      1.455372929573059,
      1.1988849639892578,
      1.279693365097046,
      1.2615407705307007,
      1.2552194595336914,
      1.4080650806427002,
      1.3690447807312012,
      1.1586625576019287,
      1.4337775707244873,
      1.5620002746582031,
      1.4277586936950684,
      1.228168249130249,
      1.3184763193130493,
      1.59834623336792
   ],
   "batch_train_times": [],
   "val_accuracy": 0.46959459459459457,
   "val_loss": 2.1545262336730957,
   "val_accuracy_per_label": [
      0.7272727272727273,
      0.0,
      0.0,
      0.0,
      0.8,
      1.0,
      0.0,
      0.75,
      0.0,
      0.2,
      0.0,
      0.0,
      0.0,
      0.4,
      0.2,
      0.0,
      0.0,
      0.0,
      0.0,
      0.9310344827586207,
      0.6538461538461539,
      0.0,
      0.0,
      0.0,
      0.0,
      0.9,
      0.0,
      0.6,
      0.0,
      0.0,
      0.0,
      0.2,
      0.8,
      0.0,
      0.0,
      0.0,
      0.2,
      0.0,
      0.5333333333333333,
      1.0,
      0.0,
      0.5,
      0.4
   ]
}