{
   "epoch": 41,
   "batch_train_accuracies": [
      0.71875,
      0.8125,
      0.765625,
      0.796875,
      0.828125,
      0.75,
      0.75,
      0.8125,
      0.765625,
      0.859375,
      0.828125,
      0.734375,
      0.828125,
      0.859375,
      0.78125,
      0.828125,
      0.828125,
      0.8125,
      0.796875,
      0.890625,
      0.796875,
      0.8125,
      0.78125,
      0.75,
      0.734375,
      0.84375,
      0.796875,
      0.78125,
      0.859375,
      0.78125,
      0.734375,
      0.859375,
      0.84375,
      0.78125,
      0.8125,
      0.828125,
      0.921875,
      0.796875,
      0.890625,
      0.8125,
      0.84375,
      0.4375
   ],
   "batch_train_losses": [
      1.2425416707992554,
      1.0440391302108765,
      1.24281907081604,
      1.0239531993865967,
      1.0213878154754639,
      1.0137964487075806,
      1.0474143028259277,
      0.909915030002594,
      1.1015818119049072,
      0.9280788898468018,
      0.9215782284736633,
      1.115183711051941,
      0.9471626281738281,
      1.0238611698150635,
      1.0940852165222168,
      0.9534102082252502,
      0.9450107216835022,
      0.9830088019371033,
      1.1646775007247925,
      0.8483868837356567,
      1.0752836465835571,
      0.9809216856956482,
      1.062289834022522,
      1.107584834098816,
      1.164267659187317,
      0.87283855676651,
      1.0645053386688232,
      1.092522144317627,
      0.9179647564888,
      1.0690537691116333,
      1.2156182527542114,
      0.945330798625946,
      1.0015298128128052,
      1.068878412246704,
      1.0680841207504272,
      1.0168215036392212,
      0.9447692632675171,
      1.0412492752075195,
      0.9251280426979065,
      1.041229486465454,
      1.0005773305892944,
      2.01012921333313
   ],
   "batch_train_times": [],
   "val_accuracy": 0.5506756756756757,
   "val_loss": 1.8228544351216909,
   "val_accuracy_per_label": [
      0.8181818181818182,
      0.0,
      0.3333333333333333,
      0.4,
      1.0,
      1.0,
      0.0,
      0.85,
      0.0,
      0.0,
      0.0,
      0.2,
      0.0,
      0.8,
      1.0,
      0.0,
      0.0,
      0.0,
      0.0,
      1.0,
      0.46153846153846156,
      0.0,
      0.4,
      0.0,
      0.0,
      1.0,
      0.0,
      0.9,
      0.0,
      0.0,
      0.0,
      0.6,
      1.0,
      0.0,
      0.0,
      0.0,
      0.2,
      0.4,
      0.6666666666666666,
      0.6,
      0.0,
      0.5,
      0.4
   ]
}