{
   "epoch": 29,
   "batch_train_accuracies": [
      0.734375,
      0.671875,
      0.671875,
      0.78125,
      0.6875,
      0.71875,
      0.828125,
      0.65625,
      0.71875,
      0.734375,
      0.8125,
      0.71875,
      0.90625,
      0.765625,
      0.765625,
      0.859375,
      0.734375,
      0.78125,
      0.765625,
      0.796875,
      0.734375,
      0.875,
      0.734375,
      0.765625,
      0.765625,
      0.6875,
      0.765625,
      0.703125,
      0.625,
      0.828125,
      0.734375,
      0.796875,
      0.734375,
      0.8125,
      0.828125,
      0.765625,
      0.6875,
      0.734375,
      0.75,
      0.78125,
      0.796875,
      0.3125
   ],
   "batch_train_losses": [
      1.2134861946105957,
      1.3411706686019897,
      1.1455215215682983,
      1.0231627225875854,
      1.3710434436798096,
      1.2157957553863525,
      1.0111818313598633,
      1.2798678874969482,
      1.187518835067749,
      1.225553035736084,
      1.1310532093048096,
      1.274033546447754,
      0.8929975628852844,
      1.2468929290771484,
      1.1402428150177002,
      1.0370805263519287,
      1.208009123802185,
      1.0907785892486572,
      1.1632238626480103,
      1.2125306129455566,
      1.2288475036621094,
      0.9624861478805542,
      1.1855578422546387,
      1.1773011684417725,
      1.4005801677703857,
      1.3406199216842651,
      1.1732934713363647,
      1.1332114934921265,
      1.4058470726013184,
      0.9717658162117004,
      1.194653868675232,
      1.1939328908920288,
      1.1780319213867188,
      1.0284032821655273,
      0.9903519153594971,
      1.2591382265090942,
      1.3543148040771484,
      1.180652379989624,
      1.2265725135803223,
      1.1414474248886108,
      1.1362097263336182,
      1.6635860204696655
   ],
   "batch_train_times": [],
   "val_accuracy": 0.5033783783783784,
   "val_loss": 1.9328929733585667,
   "val_accuracy_per_label": [
      0.7272727272727273,
      0.0,
      0.0,
      0.0,
      1.0,
      0.8,
      0.0,
      0.85,
      0.0,
      0.8,
      0.0,
      0.0,
      0.2,
      0.6,
      0.4,
      0.0,
      0.0,
      0.0,
      0.0,
      1.0,
      0.8076923076923077,
      0.0,
      0.2,
      0.2,
      0.0,
      0.5,
      0.0,
      0.4,
      0.0,
      0.0,
      0.0,
      0.6,
      0.8,
      0.0,
      0.0,
      0.0,
      0.4,
      0.0,
      0.6666666666666666,
      0.7,
      0.0,
      0.5,
      0.4
   ]
}