{
   "epoch": 19,
   "batch_train_accuracies": [
      0.75,
      0.65625,
      0.703125,
      0.625,
      0.609375,
      0.6875,
      0.71875,
      0.75,
      0.71875,
      0.6875,
      0.75,
      0.671875,
      0.78125,
      0.765625,
      0.65625,
      0.6875,
      0.71875,
      0.640625,
      0.59375,
      0.78125,
      0.703125,
      0.6875,
      0.71875,
      0.671875,
      0.734375,
      0.6875,
      0.84375,
      0.703125,
      0.703125,
      0.609375,
      0.65625,
      0.75,
      0.734375,
      0.65625,
      0.734375,
      0.578125,
      0.71875,
      0.640625,
      0.59375,
      0.765625,
      0.6875,
      0.6875
   ],
   "batch_train_losses": [
      1.2207920551300049,
      1.3959389925003052,
      1.2933984994888306,
      1.480621099472046,
      1.4296245574951172,
      1.3819119930267334,
      1.36391282081604,
      1.1655882596969604,
      1.3946341276168823,
      1.3013631105422974,
      1.2560936212539673,
      1.40297532081604,
      1.285172700881958,
      1.2916765213012695,
      1.3484547138214111,
      1.4196228981018066,
      1.3622002601623535,
      1.439141869544983,
      1.5941931009292603,
      1.211891531944275,
      1.3855488300323486,
      1.3278510570526123,
      1.2637481689453125,
      1.3110301494598389,
      1.2140603065490723,
      1.4865567684173584,
      1.0325474739074707,
      1.3286834955215454,
      1.2884122133255005,
      1.5789064168930054,
      1.4283421039581299,
      1.2602657079696655,
      1.320634126663208,
      1.4425597190856934,
      1.3706669807434082,
      1.644744873046875,
      1.322234869003296,
      1.580092191696167,
      1.459688663482666,
      1.270098090171814,
      1.4324268102645874,
      1.5440804958343506
   ],
   "batch_train_times": [],
   "val_accuracy": 0.40202702702702703,
   "val_loss": 2.1197245378752014,
   "val_accuracy_per_label": [
      0.6363636363636364,
      0.0,
      0.16666666666666666,
      0.0,
      0.4,
      0.8,
      0.0,
      0.75,
      0.0,
      0.0,
      0.0,
      0.0,
      0.0,
      0.8,
      0.4,
      0.0,
      0.0,
      0.0,
      0.2,
      1.0,
      0.5769230769230769,
      0.0,
      0.0,
      0.0,
      0.0,
      0.2,
      0.0,
      0.3,
      0.0,
      0.0,
      0.0,
      0.6,
      0.6,
      0.0,
      0.0,
      0.0,
      0.0,
      0.0,
      0.6666666666666666,
      0.0,
      0.0,
      0.875,
      0.2
   ]
}