{
   "epoch": 17,
   "batch_train_accuracies": [
      0.640625,
      0.625,
      0.65625,
      0.53125,
      0.6875,
      0.765625,
      0.578125,
      0.671875,
      0.640625,
      0.734375,
      0.78125,
      0.640625,
      0.734375,
      0.65625,
      0.703125,
      0.5,
      0.703125,
      0.640625,
      0.703125,
      0.734375,
      0.6875,
      0.671875,
      0.5625,
      0.71875,
      0.65625,
      0.671875,
      0.65625,
      0.796875,
      0.71875,
      0.65625,
      0.703125,
      0.578125,
      0.71875,
      0.6875,
      0.609375,
      0.671875,
      0.609375,
      0.734375,
      0.6875,
      0.640625,
      0.625,
      0.5
   ],
   "batch_train_losses": [
      1.4722973108291626,
      1.6288782358169556,
      1.4105428457260132,
      1.6140166521072388,
      1.3425137996673584,
      1.3363898992538452,
      1.5851621627807617,
      1.4329617023468018,
      1.4778506755828857,
      1.236472487449646,
      1.4009642601013184,
      1.5085500478744507,
      1.233075737953186,
      1.4551410675048828,
      1.49420166015625,
      1.5966205596923828,
      1.4225037097930908,
      1.486897587776184,
      1.3165866136550903,
      1.3780264854431152,
      1.3407025337219238,
      1.2905311584472656,
      1.5894584655761719,
      1.2993263006210327,
      1.4909734725952148,
      1.3689820766448975,
      1.3871225118637085,
      1.3037148714065552,
      1.287931203842163,
      1.415682315826416,
      1.37101149559021,
      1.500889539718628,
      1.3743797540664673,
      1.2446712255477905,
      1.585754632949829,
      1.4506357908248901,
      1.5809423923492432,
      1.2904033660888672,
      1.3342255353927612,
      1.3933439254760742,
      1.4465199708938599,
      1.9178258180618286
   ],
   "batch_train_times": [],
   "val_accuracy": 0.4358108108108108,
   "val_loss": 2.16984426653063,
   "val_accuracy_per_label": [
      0.7272727272727273,
      0.0,
      0.16666666666666666,
      0.0,
      1.0,
      0.8,
      0.0,
      0.8,
      0.0,
      0.0,
      0.0,
      0.0,
      0.0,
      0.6,
      0.2,
      0.0,
      0.0,
      0.0,
      0.0,
      0.9310344827586207,
      1.0,
      0.0,
      0.0,
      0.4,
      0.0,
      0.0,
      0.0,
      0.05,
      0.0,
      0.0,
      0.0,
      0.0,
      1.0,
      0.0,
      0.0,
      0.0,
      0.0,
      0.0,
      0.8,
      0.5,
      0.0,
      0.625,
      0.0
   ]
}