{
   "epoch": 34,
   "batch_train_accuracies": [
      0.765625,
      0.828125,
      0.796875,
      0.8125,
      0.8125,
      0.8125,
      0.78125,
      0.765625,
      0.78125,
      0.859375,
      0.765625,
      0.78125,
      0.84375,
      0.78125,
      0.796875,
      0.796875,
      0.84375,
      0.828125,
      0.796875,
      0.8125,
      0.84375,
      0.734375,
      0.703125,
      0.765625,
      0.828125,
      0.8125,
      0.765625,
      0.6875,
      0.75,
      0.796875,
      0.78125,
      0.796875,
      0.859375,
      0.765625,
      0.859375,
      0.734375,
      0.765625,
      0.71875,
      0.828125,
      0.796875,
      0.78125,
      0.5625
   ],
   "batch_train_losses": [
      1.1036951541900635,
      1.0560263395309448,
      1.0385485887527466,
      0.9521626830101013,
      0.9913357496261597,
      0.903038740158081,
      1.1107629537582397,
      1.2258206605911255,
      1.138553261756897,
      1.0197817087173462,
      1.1461302042007446,
      1.0360902547836304,
      1.0643641948699951,
      1.1061400175094604,
      1.0229742527008057,
      1.1213299036026,
      0.9687598943710327,
      1.0587072372436523,
      1.1340936422348022,
      1.0112024545669556,
      1.0693902969360352,
      1.1840794086456299,
      1.1995019912719727,
      1.1926312446594238,
      0.9711058735847473,
      1.1180932521820068,
      1.0983918905258179,
      1.1784489154815674,
      1.0862886905670166,
      1.0586265325546265,
      1.054720163345337,
      1.046331524848938,
      0.9069890379905701,
      0.9957151412963867,
      0.9862985610961914,
      1.2604925632476807,
      1.1475045680999756,
      1.2414255142211914,
      0.9833127856254578,
      1.1525627374649048,
      1.2188243865966797,
      1.497145652770996
   ],
   "batch_train_times": [],
   "val_accuracy": 0.5067567567567568,
   "val_loss": 1.9284709466470253,
   "val_accuracy_per_label": [
      0.6818181818181818,
      0.0,
      0.5,
      0.0,
      1.0,
      0.2,
      0.0,
      0.85,
      0.0,
      0.4,
      0.0,
      0.0,
      0.0,
      0.4,
      0.4,
      0.0,
      0.0,
      0.0,
      0.0,
      1.0,
      0.8076923076923077,
      0.2,
      0.6,
      0.2,
      0.0,
      0.7,
      0.0,
      0.6,
      0.0,
      0.0,
      0.0,
      0.6,
      0.8,
      0.0,
      0.0,
      0.0,
      0.4,
      0.0,
      0.4666666666666667,
      0.7,
      0.0,
      0.5,
      0.4
   ]
}