{
   "epoch": 28,
   "batch_train_accuracies": [
      0.828125,
      0.734375,
      0.796875,
      0.84375,
      0.734375,
      0.734375,
      0.71875,
      0.78125,
      0.6875,
      0.71875,
      0.703125,
      0.796875,
      0.734375,
      0.796875,
      0.703125,
      0.703125,
      0.765625,
      0.8125,
      0.703125,
      0.75,
      0.84375,
      0.78125,
      0.8125,
      0.625,
      0.71875,
      0.71875,
      0.828125,
      0.671875,
      0.796875,
      0.765625,
      0.828125,
      0.8125,
      0.75,
      0.71875,
      0.75,
      0.71875,
      0.671875,
      0.828125,
      0.703125,
      0.796875,
      0.640625,
      0.625
   ],
   "batch_train_losses": [
      1.068312168121338,
      1.2329918146133423,
      1.081321120262146,
      1.1555001735687256,
      1.0844656229019165,
      1.155529499053955,
      1.2241346836090088,
      1.2297403812408447,
      1.3194924592971802,
      1.1833406686782837,
      1.3171699047088623,
      1.1099220514297485,
      1.2209969758987427,
      1.0719623565673828,
      1.3177844285964966,
      1.3104654550552368,
      1.175100564956665,
      1.116923213005066,
      1.1746923923492432,
      1.1393002271652222,
      1.0483745336532593,
      1.112264633178711,
      1.1241073608398438,
      1.5538296699523926,
      1.2824090719223022,
      1.2927123308181763,
      1.1221598386764526,
      1.3289862871170044,
      1.0522996187210083,
      1.1355034112930298,
      1.0256117582321167,
      0.9489606618881226,
      1.1228326559066772,
      1.122010350227356,
      1.1531566381454468,
      1.2638723850250244,
      1.3925516605377197,
      1.0031827688217163,
      1.192453145980835,
      1.0700432062149048,
      1.3999143838882446,
      1.4326670169830322
   ],
   "batch_train_times": [],
   "val_accuracy": 0.4966216216216216,
   "val_loss": 1.9445340633392334,
   "val_accuracy_per_label": [
      0.7272727272727273,
      0.0,
      0.0,
      0.0,
      1.0,
      0.2,
      0.0,
      0.8,
      0.0,
      0.0,
      0.0,
      0.0,
      0.0,
      1.0,
      0.6,
      0.0,
      0.0,
      0.0,
      0.0,
      0.9655172413793104,
      0.7307692307692307,
      0.0,
      0.0,
      0.2,
      0.0,
      0.8,
      0.0,
      0.75,
      0.0,
      0.0,
      0.0,
      0.0,
      0.8,
      0.0,
      0.0,
      0.0,
      0.2,
      0.0,
      0.5333333333333333,
      0.9,
      0.0,
      0.625,
      0.6
   ]
}