{
   "epoch": 13,
   "batch_train_accuracies": [
      0.625,
      0.671875,
      0.609375,
      0.546875,
      0.59375,
      0.625,
      0.484375,
      0.6875,
      0.625,
      0.625,
      0.625,
      0.671875,
      0.546875,
      0.5625,
      0.546875,
      0.578125,
      0.609375,
      0.59375,
      0.640625,
      0.625,
      0.609375,
      0.734375,
      0.59375,
      0.625,
      0.609375,
      0.6875,
      0.65625,
      0.734375,
      0.53125,
      0.625,
      0.640625,
      0.609375,
      0.609375,
      0.59375,
      0.625,
      0.5625,
      0.578125,
      0.578125,
      0.640625,
      0.53125,
      0.625,
      0.4375
   ],
   "batch_train_losses": [
      1.5183225870132446,
      1.550662875175476,
      1.5780367851257324,
      1.679938554763794,
      1.6156917810440063,
      1.723776936531067,
      1.9396755695343018,
      1.4490059614181519,
      1.5819990634918213,
      1.5548051595687866,
      1.6016294956207275,
      1.5186984539031982,
      1.6797820329666138,
      1.6731480360031128,
      1.6407854557037354,
      1.624456524848938,
      1.7028964757919312,
      1.6821255683898926,
      1.6933836936950684,
      1.5774970054626465,
      1.624889850616455,
      1.3676317930221558,
      1.583464503288269,
      1.5120155811309814,
      1.6358942985534668,
      1.468953013420105,
      1.410788655281067,
      1.322341799736023,
      1.7774786949157715,
      1.5341079235076904,
      1.6234959363937378,
      1.542736530303955,
      1.6229535341262817,
      1.58782160282135,
      1.6257778406143188,
      1.6578410863876343,
      1.6325410604476929,
      1.6986273527145386,
      1.4514580965042114,
      1.9278104305267334,
      1.4561325311660767,
      1.918960690498352
   ],
   "batch_train_times": [],
   "val_accuracy": 0.40540540540540543,
   "val_loss": 2.2362075818551554,
   "val_accuracy_per_label": [
      0.7272727272727273,
      0.0,
      0.3333333333333333,
      0.0,
      0.8,
      0.0,
      0.0,
      0.75,
      0.0,
      0.0,
      0.0,
      0.0,
      0.2,
      0.0,
      0.0,
      0.0,
      0.0,
      0.0,
      0.0,
      0.9655172413793104,
      0.8846153846153846,
      0.0,
      0.0,
      0.0,
      0.0,
      0.4,
      0.0,
      0.3,
      0.0,
      0.0,
      0.0,
      0.0,
      0.4,
      0.0,
      0.0,
      0.0,
      0.0,
      0.0,
      0.6666666666666666,
      0.5,
      0.0,
      0.5,
      0.0
   ]
}