{
   "epoch": 9,
   "batch_train_accuracies": [
      0.625,
      0.453125,
      0.609375,
      0.640625,
      0.578125,
      0.546875,
      0.515625,
      0.609375,
      0.59375,
      0.515625,
      0.53125,
      0.609375,
      0.484375,
      0.671875,
      0.578125,
      0.53125,
      0.59375,
      0.5625,
      0.421875,
      0.53125,
      0.5,
      0.53125,
      0.53125,
      0.59375,
      0.484375,
      0.4375,
      0.609375,
      0.578125,
      0.5,
      0.59375,
      0.578125,
      0.5,
      0.578125,
      0.625,
      0.484375,
      0.59375,
      0.609375,
      0.484375,
      0.5,
      0.609375,
      0.5625,
      0.5625
   ],
   "batch_train_losses": [
      1.6528161764144897,
      2.018911600112915,
      1.7257513999938965,
      1.4937283992767334,
      1.7234216928482056,
      1.8312382698059082,
      1.9519290924072266,
      1.7307265996932983,
      1.8674877882003784,
      1.965469479560852,
      1.928926944732666,
      1.6149840354919434,
      1.85531747341156,
      1.6730461120605469,
      1.8603661060333252,
      1.879490852355957,
      1.8670730590820312,
      1.8489083051681519,
      2.0819551944732666,
      1.9760234355926514,
      2.0472564697265625,
      1.8734166622161865,
      1.932786464691162,
      1.7231804132461548,
      1.8600765466690063,
      2.0122134685516357,
      1.8005445003509521,
      1.8212581872940063,
      2.0102992057800293,
      1.7508208751678467,
      1.777663230895996,
      1.894899845123291,
      1.7983837127685547,
      1.6661947965621948,
      1.9286231994628906,
      1.8083202838897705,
      1.68244206905365,
      1.9588199853897095,
      1.9899680614471436,
      1.8496613502502441,
      1.9353697299957275,
      1.6809489727020264
   ],
   "batch_train_times": [],
   "val_accuracy": 0.3783783783783784,
   "val_loss": 2.361047667426032,
   "val_accuracy_per_label": [
      0.5909090909090909,
      0.0,
      0.0,
      0.0,
      0.0,
      1.0,
      0.0,
      0.8,
      0.0,
      0.0,
      0.0,
      0.0,
      0.0,
      0.0,
      0.0,
      0.0,
      0.0,
      0.0,
      0.0,
      1.0,
      0.7307692307692307,
      0.0,
      0.0,
      0.0,
      0.0,
      0.0,
      0.0,
      0.45,
      0.0,
      0.0,
      0.0,
      0.2,
      0.0,
      0.0,
      0.0,
      0.0,
      0.0,
      0.2,
      0.6666666666666666,
      0.1,
      0.0,
      1.0,
      0.0
   ]
}