{
   "epoch": 14,
   "batch_train_accuracies": [
      0.671875,
      0.625,
      0.59375,
      0.65625,
      0.640625,
      0.625,
      0.578125,
      0.703125,
      0.625,
      0.65625,
      0.609375,
      0.703125,
      0.625,
      0.640625,
      0.5625,
      0.6875,
      0.546875,
      0.671875,
      0.515625,
      0.609375,
      0.609375,
      0.671875,
      0.65625,
      0.609375,
      0.546875,
      0.625,
      0.5,
      0.671875,
      0.71875,
      0.59375,
      0.609375,
      0.65625,
      0.625,
      0.5,
      0.59375,
      0.59375,
      0.625,
      0.640625,
      0.546875,
      0.6875,
      0.640625,
      0.625
   ],
   "batch_train_losses": [
      1.5355454683303833,
      1.6287833452224731,
      1.5808606147766113,
      1.7059073448181152,
      1.6438267230987549,
      1.5175570249557495,
      1.6114189624786377,
      1.4360424280166626,
      1.6540186405181885,
      1.3920981884002686,
      1.4812391996383667,
      1.393784523010254,
      1.623774528503418,
      1.5404961109161377,
      1.6745598316192627,
      1.4382246732711792,
      1.5329945087432861,
      1.4045393466949463,
      1.655320167541504,
      1.5865896940231323,
      1.5389484167099,
      1.3486686944961548,
      1.437079906463623,
      1.5848037004470825,
      1.662852168083191,
      1.5265743732452393,
      1.7706255912780762,
      1.5648558139801025,
      1.3953078985214233,
      1.6398509740829468,
      1.5295263528823853,
      1.485280990600586,
      1.4861476421356201,
      1.755324363708496,
      1.603737235069275,
      1.7033857107162476,
      1.4815471172332764,
      1.5680350065231323,
      1.7268447875976562,
      1.4715323448181152,
      1.5354748964309692,
      1.6485133171081543
   ],
   "batch_train_times": [],
   "val_accuracy": 0.38175675675675674,
   "val_loss": 2.1866294564427555,
   "val_accuracy_per_label": [
      0.5,
      0.0,
      0.0,
      0.0,
      0.0,
      0.2,
      0.0,
      0.85,
      0.0,
      0.0,
      0.0,
      0.0,
      0.2,
      0.0,
      0.0,
      0.0,
      0.0,
      0.0,
      0.0,
      1.0,
      0.7692307692307693,
      0.0,
      0.0,
      0.0,
      0.0,
      0.3,
      0.0,
      0.6,
      0.0,
      0.0,
      0.0,
      0.0,
      0.0,
      0.0,
      0.0,
      0.0,
      0.0,
      0.0,
      0.8,
      0.3,
      0.0,
      0.5,
      0.0
   ]
}