{
   "epoch": 37,
   "batch_train_accuracies": [
      0.765625,
      0.875,
      0.828125,
      0.828125,
      0.75,
      0.78125,
      0.828125,
      0.75,
      0.859375,
      0.75,
      0.8125,
      0.859375,
      0.828125,
      0.75,
      0.796875,
      0.71875,
      0.71875,
      0.765625,
      0.828125,
      0.75,
      0.78125,
      0.8125,
      0.859375,
      0.828125,
      0.8125,
      0.78125,
      0.8125,
      0.78125,
      0.828125,
      0.71875,
      0.84375,
      0.703125,
      0.765625,
      0.78125,
      0.796875,
      0.859375,
      0.84375,
      0.828125,
      0.8125,
      0.8125,
      0.828125,
      0.8125
   ],
   "batch_train_losses": [
      1.058911681175232,
      0.9227460026741028,
      0.9961080551147461,
      0.9659302830696106,
      1.0453892946243286,
      1.1944642066955566,
      0.9138121604919434,
      1.0648844242095947,
      0.9592278599739075,
      1.1994211673736572,
      0.9765482544898987,
      0.9311755299568176,
      0.9775812029838562,
      1.248125433921814,
      1.1556172370910645,
      1.2374796867370605,
      1.2215352058410645,
      1.0730324983596802,
      1.0234084129333496,
      1.1575212478637695,
      1.1248290538787842,
      1.0257799625396729,
      0.9336127042770386,
      1.1325749158859253,
      1.0663738250732422,
      1.0632340908050537,
      1.0098230838775635,
      0.9661943912506104,
      0.9550111889839172,
      1.147541880607605,
      0.9201656579971313,
      1.1544122695922852,
      1.1885812282562256,
      1.2571394443511963,
      1.0510735511779785,
      0.9792222380638123,
      0.9592161178588867,
      0.9584589600563049,
      0.9388957023620605,
      1.0145426988601685,
      1.0603992938995361,
      1.270758032798767
   ],
   "batch_train_times": [],
   "val_accuracy": 0.48986486486486486,
   "val_loss": 1.8742692212800722,
   "val_accuracy_per_label": [
      0.7272727272727273,
      0.0,
      0.3333333333333333,
      0.4,
      1.0,
      0.0,
      0.0,
      0.85,
      0.0,
      0.0,
      0.0,
      0.0,
      0.0,
      0.2,
      0.4,
      0.0,
      0.0,
      0.0,
      0.0,
      1.0,
      0.8461538461538461,
      0.2,
      0.4,
      0.2,
      0.0,
      0.6,
      0.0,
      0.4,
      0.0,
      0.0,
      0.0,
      0.4,
      0.8,
      0.0,
      0.0,
      0.0,
      0.2,
      0.0,
      0.6666666666666666,
      0.5,
      0.0,
      0.875,
      0.4
   ]
}