{
   "epoch": 23,
   "batch_train_accuracies": [
      0.71875,
      0.703125,
      0.625,
      0.65625,
      0.734375,
      0.6875,
      0.796875,
      0.671875,
      0.84375,
      0.75,
      0.71875,
      0.703125,
      0.75,
      0.703125,
      0.6875,
      0.8125,
      0.625,
      0.734375,
      0.75,
      0.703125,
      0.765625,
      0.765625,
      0.65625,
      0.671875,
      0.703125,
      0.8125,
      0.8125,
      0.84375,
      0.828125,
      0.703125,
      0.6875,
      0.71875,
      0.65625,
      0.640625,
      0.765625,
      0.84375,
      0.703125,
      0.71875,
      0.75,
      0.6875,
      0.640625,
      0.8125
   ],
   "batch_train_losses": [
      1.1858011484146118,
      1.3759177923202515,
      1.4486145973205566,
      1.3683300018310547,
      1.2529677152633667,
      1.2802988290786743,
      1.1004979610443115,
      1.364772081375122,
      1.0974209308624268,
      1.1663625240325928,
      1.2589877843856812,
      1.2677663564682007,
      1.284660816192627,
      1.3169591426849365,
      1.3871990442276,
      1.140143632888794,
      1.321885347366333,
      1.3636764287948608,
      1.221200942993164,
      1.3015811443328857,
      1.2373846769332886,
      1.2934703826904297,
      1.4291833639144897,
      1.3606932163238525,
      1.271435260772705,
      1.0578877925872803,
      1.1618573665618896,
      1.0776171684265137,
      1.1489479541778564,
      1.4039286375045776,
      1.191545844078064,
      1.1903274059295654,
      1.288094401359558,
      1.4514657258987427,
      1.252557396888733,
      1.1429189443588257,
      1.2870674133300781,
      1.250211238861084,
      1.213681697845459,
      1.2587871551513672,
      1.4981340169906616,
      1.0894248485565186
   ],
   "batch_train_times": [],
   "val_accuracy": 0.4797297297297297,
   "val_loss": 2.035842805295377,
   "val_accuracy_per_label": [
      0.8636363636363636,
      0.0,
      0.0,
      0.0,
      1.0,
      0.4,
      0.0,
      0.8,
      0.0,
      0.0,
      0.0,
      0.0,
      0.2,
      0.6,
      0.4,
      0.0,
      0.0,
      0.0,
      0.0,
      0.8620689655172413,
      1.0,
      0.0,
      0.0,
      0.4,
      0.0,
      0.0,
      0.0,
      0.65,
      0.0,
      0.0,
      0.0,
      0.4,
      1.0,
      0.0,
      0.0,
      0.0,
      0.2,
      0.0,
      0.5333333333333333,
      0.7,
      0.0,
      0.5,
      0.2
   ]
}