{
   "epoch": 33,
   "batch_train_accuracies": [
      0.84375,
      0.78125,
      0.859375,
      0.6875,
      0.75,
      0.828125,
      0.765625,
      0.75,
      0.75,
      0.703125,
      0.734375,
      0.84375,
      0.734375,
      0.703125,
      0.71875,
      0.71875,
      0.859375,
      0.734375,
      0.765625,
      0.828125,
      0.796875,
      0.796875,
      0.890625,
      0.71875,
      0.75,
      0.796875,
      0.765625,
      0.75,
      0.796875,
      0.78125,
      0.765625,
      0.71875,
      0.84375,
      0.8125,
      0.734375,
      0.734375,
      0.859375,
      0.859375,
      0.8125,
      0.84375,
      0.65625,
      0.625
   ],
   "batch_train_losses": [
      1.0668977499008179,
      1.072100281715393,
      1.0270841121673584,
      1.2494256496429443,
      1.1084578037261963,
      1.0973001718521118,
      1.1833810806274414,
      1.1026768684387207,
      1.2190546989440918,
      1.1032530069351196,
      1.2595961093902588,
      0.9857557415962219,
      1.1642014980316162,
      1.086639165878296,
      1.042240858078003,
      1.2680414915084839,
      1.0128568410873413,
      1.2538748979568481,
      1.1843600273132324,
      0.9885901212692261,
      0.9633635878562927,
      1.177972674369812,
      0.9511733651161194,
      1.1965290307998657,
      1.227857232093811,
      1.043907642364502,
      1.0837293863296509,
      1.1692978143692017,
      1.1772022247314453,
      1.1764273643493652,
      1.21763014793396,
      1.3361620903015137,
      1.0765395164489746,
      1.0530064105987549,
      1.1573309898376465,
      1.349581241607666,
      0.9362643361091614,
      0.9795562624931335,
      1.0609887838363647,
      0.9726036190986633,
      1.2495108842849731,
      1.4735350608825684
   ],
   "batch_train_times": [],
   "val_accuracy": 0.5067567567567568,
   "val_loss": 1.9063098301758636,
   "val_accuracy_per_label": [
      0.6363636363636364,
      0.0,
      0.3333333333333333,
      0.0,
      1.0,
      0.0,
      0.0,
      0.85,
      0.0,
      0.0,
      0.0,
      0.0,
      0.6,
      0.2,
      0.6,
      0.0,
      0.0,
      0.0,
      0.0,
      0.9310344827586207,
      0.9615384615384616,
      0.0,
      0.0,
      0.4,
      0.0,
      0.6,
      0.0,
      0.55,
      0.0,
      0.0,
      0.0,
      0.6,
      1.0,
      0.0,
      0.0,
      0.0,
      0.4,
      0.0,
      0.7333333333333333,
      0.7,
      0.0,
      0.5,
      0.4
   ]
}