{
   "epoch": 8,
   "batch_train_accuracies": [
      0.484375,
      0.53125,
      0.5,
      0.4375,
      0.5,
      0.53125,
      0.546875,
      0.390625,
      0.5625,
      0.625,
      0.5,
      0.5625,
      0.515625,
      0.546875,
      0.46875,
      0.5625,
      0.609375,
      0.484375,
      0.484375,
      0.5625,
      0.59375,
      0.453125,
      0.578125,
      0.484375,
      0.59375,
      0.484375,
      0.65625,
      0.625,
      0.5,
      0.546875,
      0.625,
      0.453125,
      0.53125,
      0.65625,
      0.515625,
      0.65625,
      0.609375,
      0.5,
      0.453125,
      0.5,
      0.609375,
      0.4375
   ],
   "batch_train_losses": [
      2.090445041656494,
      2.025820016860962,
      1.947953462600708,
      2.0971360206604004,
      1.9605255126953125,
      1.9548025131225586,
      1.7470104694366455,
      2.1834020614624023,
      1.925217628479004,
      1.8363994359970093,
      2.0954434871673584,
      1.8843612670898438,
      2.01005220413208,
      1.851061463356018,
      1.9861356019973755,
      1.945474624633789,
      1.6274218559265137,
      1.9894076585769653,
      1.8817189931869507,
      1.8576750755310059,
      1.7698285579681396,
      2.038949728012085,
      1.866919994354248,
      1.9119023084640503,
      1.7430636882781982,
      1.9152649641036987,
      1.7343165874481201,
      1.7924195528030396,
      1.9094382524490356,
      2.0224432945251465,
      1.7594488859176636,
      2.019561767578125,
      1.9450876712799072,
      1.7050596475601196,
      1.8997657299041748,
      1.772872805595398,
      1.8107779026031494,
      1.8247978687286377,
      2.0078091621398926,
      1.8277034759521484,
      1.7399063110351562,
      2.143451690673828
   ],
   "batch_train_times": [],
   "val_accuracy": 0.36824324324324326,
   "val_loss": 2.4435480865272314,
   "val_accuracy_per_label": [
      0.7272727272727273,
      0.0,
      0.0,
      0.0,
      0.0,
      0.6,
      0.0,
      0.75,
      0.0,
      0.0,
      0.0,
      0.0,
      0.0,
      0.2,
      0.0,
      0.0,
      0.0,
      0.0,
      0.0,
      0.7931034482758621,
      0.9615384615384616,
      0.0,
      0.0,
      0.4,
      0.0,
      0.1,
      0.0,
      0.1,
      0.0,
      0.0,
      0.0,
      0.4,
      0.0,
      0.0,
      0.0,
      0.0,
      0.0,
      0.0,
      0.7333333333333333,
      0.1,
      0.0,
      0.875,
      0.0
   ]
}