{
   "epoch": 46,
   "batch_train_accuracies": [
      0.875,
      0.78125,
      0.84375,
      0.8125,
      0.78125,
      0.734375,
      0.921875,
      0.75,
      0.8125,
      0.75,
      0.8125,
      0.796875,
      0.78125,
      0.859375,
      0.828125,
      0.859375,
      0.859375,
      0.890625,
      0.8125,
      0.9375,
      0.828125,
      0.890625,
      0.796875,
      0.859375,
      0.875,
      0.75,
      0.78125,
      0.890625,
      0.828125,
      0.84375,
      0.84375,
      0.828125,
      0.859375,
      0.78125,
      0.796875,
      0.859375,
      0.78125,
      0.828125,
      0.84375,
      0.671875,
      0.828125,
      0.9375
   ],
   "batch_train_losses": [
      0.9619727730751038,
      1.0686147212982178,
      0.9744679927825928,
      0.9930552840232849,
      1.1482946872711182,
      1.2811375856399536,
      0.8431017994880676,
      1.2694107294082642,
      1.0179399251937866,
      1.10341215133667,
      0.9940800666809082,
      1.1056632995605469,
      1.0314509868621826,
      0.8877652287483215,
      1.0440502166748047,
      0.9841631054878235,
      0.8703747391700745,
      0.8822472095489502,
      1.0009115934371948,
      0.7618330121040344,
      0.9937953948974609,
      0.8462865352630615,
      1.0323596000671387,
      0.9357194900512695,
      0.9052112102508545,
      1.1393444538116455,
      1.1791448593139648,
      0.8687663674354553,
      1.0255069732666016,
      0.9373637437820435,
      0.8694620132446289,
      0.9996336102485657,
      0.9953827261924744,
      1.1494903564453125,
      0.9466530084609985,
      0.968065619468689,
      1.0903910398483276,
      1.0531046390533447,
      1.1468391418457031,
      1.2666529417037964,
      0.9612535238265991,
      1.104308009147644
   ],
   "batch_train_times": [],
   "val_accuracy": 0.5101351351351351,
   "val_loss": 1.9479076346835575,
   "val_accuracy_per_label": [
      0.5909090909090909,
      0.0,
      0.16666666666666666,
      0.2,
      1.0,
      0.0,
      0.0,
      0.8,
      0.0,
      0.6,
      0.0,
      0.0,
      0.0,
      0.6,
      1.0,
      0.0,
      0.0,
      0.0,
      0.0,
      1.0,
      0.8076923076923077,
      0.4,
      0.4,
      0.2,
      0.0,
      0.6,
      0.0,
      0.6,
      0.0,
      0.0,
      0.0,
      0.4,
      1.0,
      0.0,
      0.0,
      0.0,
      0.6,
      0.2,
      0.5333333333333333,
      0.4,
      0.0,
      0.625,
      0.6
   ]
}