{
   "epoch": 58,
   "batch_train_accuracies": [
      1.0,
      1.0,
      1.0,
      1.0,
      1.0,
      1.0,
      1.0,
      1.0,
      1.0,
      1.0,
      1.0,
      1.0,
      1.0,
      1.0,
      1.0,
      1.0,
      1.0,
      1.0,
      1.0,
      1.0,
      1.0,
      1.0,
      1.0,
      0.984375,
      1.0,
      1.0,
      1.0,
      1.0,
      1.0,
      1.0,
      1.0,
      1.0,
      1.0,
      1.0,
      1.0,
      1.0,
      1.0,
      1.0,
      1.0,
      1.0,
      1.0,
      1.0
   ],
   "batch_train_losses": [
      0.052741844207048416,
      0.06174333393573761,
      0.06327371299266815,
      0.052604593336582184,
      0.11176253855228424,
      0.05558176711201668,
      0.05317467823624611,
      0.07567678391933441,
      0.06130967661738396,
      0.05624319612979889,
      0.06147857382893562,
      0.04051929712295532,
      0.05214362591505051,
      0.053658921271562576,
      0.05006932094693184,
      0.06373844295740128,
      0.0488714836537838,
      0.049206092953681946,
      0.05536654591560364,
      0.06630642712116241,
      0.05276549980044365,
      0.05251834914088249,
      0.075240857899189,
      0.10010213404893875,
      0.05320385470986366,
      0.06737884879112244,
      0.08638506382703781,
      0.07076585292816162,
      0.08288288116455078,
      0.07674099504947662,
      0.06270972639322281,
      0.06724541634321213,
      0.0765676349401474,
      0.056791819632053375,
      0.04849541187286377,
      0.0713898167014122,
      0.06588700413703918,
      0.0686025395989418,
      0.06876369565725327,
      0.04987132549285889,
      0.09664392471313477,
      0.1751805692911148
   ],
   "batch_train_times": [
      294.66790771484375,
      293.04437255859375,
      292.3393249511719,
      294.2689208984375,
      293.0565490722656,
      293.4342956542969,
      291.6659240722656,
      293.23773193359375,
      290.85888671875,
      293.0992126464844,
      292.37774658203125,
      294.5270080566406,
      293.2162780761719,
      295.11273193359375,
      294.16998291015625,
      294.3062744140625,
      293.2981872558594,
      291.4226379394531,
      294.76458740234375,
      290.6460266113281,
      295.2991027832031,
      293.0053405761719,
      294.0374450683594,
      292.864013671875,
      293.866455078125,
      293.484375,
      293.3892517089844,
      294.9020690917969,
      295.5930480957031,
      291.62750244140625,
      290.4330139160156,
      290.861083984375,
      293.47100830078125,
      292.31103515625,
      292.95001220703125,
      293.63201904296875,
      293.66070556640625,
      292.55059814453125,
      292.07452392578125,
      291.94732666015625,
      294.06060791015625,
      91.77030181884766
   ],
   "val_accuracy": 0.8817567567567568,
   "val_loss": 0.5764794881279404,
   "val_accuracy_per_label": [
      0.9545454545454546,
      1.0,
      0.8333333333333334,
      0.8,
      0.6,
      0.6,
      0.3333333333333333,
      1.0,
      0.0,
      1.0,
      0.0,
      1.0,
      0.6,
      0.6,
      1.0,
      0.0,
      0.6,
      1.0,
      0.6,
      1.0,
      1.0,
      1.0,
      0.8,
      0.8,
      0.0,
      0.5,
      0.0,
      0.95,
      0.6,
      0.75,
      1.0,
      1.0,
      1.0,
      0.0,
      0.5,
      1.0,
      0.6,
      0.6,
      1.0,
      0.9,
      1.0,
      1.0,
      1.0
   ]
}