{
   "epoch": 51,
   "batch_train_accuracies": [
      1.0,
      1.0,
      1.0,
      1.0,
      1.0,
      1.0,
      1.0,
      1.0,
      1.0,
      1.0,
      1.0,
      1.0,
      1.0,
      1.0,
      1.0,
      1.0,
      1.0,
      1.0,
      1.0,
      1.0,
      1.0,
      1.0,
      1.0,
      1.0,
      1.0,
      1.0,
      1.0,
      1.0,
      1.0,
      1.0,
      1.0,
      1.0,
      1.0,
      1.0,
      1.0,
      1.0,
      1.0,
      1.0,
      1.0,
      1.0,
      1.0,
      1.0
   ],
   "batch_train_losses": [
      0.06381925195455551,
      0.10078533738851547,
      0.07062405347824097,
      0.0879194587469101,
      0.05913592129945755,
      0.06997784227132797,
      0.10831166803836823,
      0.09410036355257034,
      0.07570720463991165,
      0.07986291497945786,
      0.0970086082816124,
      0.06862261891365051,
      0.07492680102586746,
      0.09459745138883591,
      0.09690249711275101,
      0.06843293458223343,
      0.09144872426986694,
      0.10134360194206238,
      0.07431559264659882,
      0.0871901586651802,
      0.0880555734038353,
      0.0777834877371788,
      0.06387660652399063,
      0.09144589304924011,
      0.09821704775094986,
      0.048446957021951675,
      0.0559457391500473,
      0.07183817028999329,
      0.08740179240703583,
      0.06623786687850952,
      0.0633021891117096,
      0.05068599432706833,
      0.06164346635341644,
      0.15066422522068024,
      0.08804741501808167,
      0.08537641912698746,
      0.07885114848613739,
      0.06148403137922287,
      0.07246488332748413,
      0.07772088795900345,
      0.08539517223834991,
      0.1174459308385849
   ],
   "batch_train_times": [
      294.6575012207031,
      292.26416015625,
      294.74615478515625,
      290.7791442871094,
      293.3118896484375,
      293.4374084472656,
      293.3196105957031,
      296.0885314941406,
      293.20880126953125,
      292.407958984375,
      292.0008544921875,
      292.3177490234375,
      294.920166015625,
      294.5328674316406,
      294.6390686035156,
      294.41229248046875,
      294.60687255859375,
      293.7193603515625,
      294.3662109375,
      290.7566223144531,
      293.26953125,
      294.2457275390625,
      292.8927001953125,
      290.79638671875,
      295.4419860839844,
      293.12322998046875,
      295.301513671875,
      293.0257873535156,
      290.73272705078125,
      293.71636962890625,
      293.74365234375,
      293.68115234375,
      294.5148010253906,
      294.0296630859375,
      292.8763122558594,
      293.9308776855469,
      292.3455505371094,
      295.35400390625,
      293.300048828125,
      292.5323181152344,
      295.64324951171875,
      92.50611114501953
   ],
   "val_accuracy": 0.875,
   "val_loss": 0.5842333597105902,
   "val_accuracy_per_label": [
      1.0,
      1.0,
      1.0,
      0.8,
      0.6,
      0.4,
      0.3333333333333333,
      1.0,
      0.0,
      0.2,
      0.0,
      1.0,
      0.6,
      0.6,
      0.8,
      0.0,
      0.6,
      1.0,
      0.8,
      1.0,
      1.0,
      1.0,
      0.8,
      0.8,
      0.0,
      0.5,
      0.0,
      0.95,
      0.6,
      1.0,
      1.0,
      1.0,
      1.0,
      0.0,
      0.5,
      1.0,
      0.8,
      0.6,
      0.9333333333333333,
      0.9,
      1.0,
      1.0,
      1.0
   ]
}