{
   "epoch": 97,
   "batch_train_accuracies": [
      1.0,
      1.0,
      1.0,
      1.0,
      1.0,
      1.0,
      1.0,
      1.0,
      1.0,
      1.0,
      1.0,
      1.0,
      1.0,
      1.0,
      1.0,
      1.0,
      1.0,
      1.0,
      1.0,
      1.0,
      1.0,
      1.0,
      1.0,
      1.0,
      1.0,
      1.0,
      1.0,
      1.0,
      1.0,
      1.0,
      1.0,
      1.0,
      1.0,
      1.0,
      1.0,
      1.0,
      1.0,
      1.0,
      1.0,
      1.0,
      1.0,
      1.0
   ],
   "batch_train_losses": [
      0.036039579659700394,
      0.028901448473334312,
      0.046483755111694336,
      0.04483392462134361,
      0.05470521003007889,
      0.025356102734804153,
      0.04432982578873634,
      0.05360552668571472,
      0.07531322538852692,
      0.0804741308093071,
      0.031414128839969635,
      0.057537831366062164,
      0.04431010037660599,
      0.03241584077477455,
      0.06908558309078217,
      0.04022981598973274,
      0.031604669988155365,
      0.051748860627412796,
      0.01984964869916439,
      0.04558375105261803,
      0.055925630033016205,
      0.04138227179646492,
      0.04418793320655823,
      0.027685895562171936,
      0.03959013149142265,
      0.02752307802438736,
      0.03189846873283386,
      0.03147633746266365,
      0.03435738384723663,
      0.03439197689294815,
      0.03132067248225212,
      0.03271375596523285,
      0.030147554352879524,
      0.023003801703453064,
      0.029875487089157104,
      0.038923271000385284,
      0.02297048084437847,
      0.03930819779634476,
      0.019919903948903084,
      0.031052708625793457,
      0.025195416063070297,
      0.19193962216377258
   ],
   "batch_train_times": [
      292.6056213378906,
      290.92803955078125,
      292.2341613769531,
      295.6588439941406,
      292.81011962890625,
      291.45294189453125,
      294.3993225097656,
      293.2674865722656,
      295.3885803222656,
      291.6784973144531,
      293.47705078125,
      291.73760986328125,
      292.99847412109375,
      292.4154968261719,
      292.9172058105469,
      292.7272644042969,
      293.2940979003906,
      293.0748596191406,
      292.7291259765625,
      290.2899475097656,
      290.5594787597656,
      293.0295715332031,
      293.3554992675781,
      293.81427001953125,
      293.4571533203125,
      293.6463317871094,
      294.9992980957031,
      292.4090270996094,
      291.8752136230469,
      295.8162536621094,
      294.9102478027344,
      292.3747253417969,
      293.28179931640625,
      294.1521911621094,
      294.6742248535156,
      295.0696105957031,
      291.0417175292969,
      292.2628173828125,
      293.534423828125,
      294.70556640625,
      294.27099609375,
      90.82681274414062
   ],
   "val_accuracy": 0.8682432432432432,
   "val_loss": 0.6314678159919945,
   "val_accuracy_per_label": [
      1.0,
      1.0,
      0.8333333333333334,
      0.8,
      0.6,
      0.8,
      0.3333333333333333,
      1.0,
      0.0,
      0.0,
      0.0,
      0.8,
      0.6,
      0.6,
      1.0,
      0.0,
      0.6,
      1.0,
      0.6,
      1.0,
      1.0,
      1.0,
      1.0,
      0.4,
      0.0,
      0.7,
      0.0,
      1.0,
      0.6,
      0.75,
      1.0,
      1.0,
      0.8,
      0.0,
      0.5,
      1.0,
      0.6,
      0.6,
      1.0,
      0.9,
      1.0,
      0.875,
      1.0
   ]
}