{
   "epoch": 81,
   "batch_train_accuracies": [
      1.0,
      1.0,
      1.0,
      1.0,
      1.0,
      1.0,
      1.0,
      1.0,
      1.0,
      1.0,
      1.0,
      1.0,
      1.0,
      1.0,
      1.0,
      1.0,
      1.0,
      1.0,
      1.0,
      1.0,
      1.0,
      1.0,
      1.0,
      1.0,
      1.0,
      1.0,
      1.0,
      1.0,
      1.0,
      1.0,
      1.0,
      1.0,
      1.0,
      1.0,
      1.0,
      1.0,
      1.0,
      1.0,
      1.0,
      1.0,
      1.0,
      1.0
   ],
   "batch_train_losses": [
      0.0259157232940197,
      0.03555155545473099,
      0.059864308685064316,
      0.051038119941949844,
      0.02466028928756714,
      0.04815254732966423,
      0.04152803495526314,
      0.040663570165634155,
      0.0379483588039875,
      0.04678795114159584,
      0.03150402754545212,
      0.05495736375451088,
      0.05305812880396843,
      0.05322795361280441,
      0.030566463246941566,
      0.04043126851320267,
      0.03194199502468109,
      0.035794783383607864,
      0.05122678726911545,
      0.041317425668239594,
      0.027080515399575233,
      0.07100694626569748,
      0.04120098054409027,
      0.048285674303770065,
      0.03649725019931793,
      0.03994852676987648,
      0.034628428518772125,
      0.049394771456718445,
      0.052434634417295456,
      0.042438145726919174,
      0.043064430356025696,
      0.029522256925702095,
      0.04287661612033844,
      0.07748693972826004,
      0.03423616290092468,
      0.046247389167547226,
      0.03827014937996864,
      0.048680152744054794,
      0.05491599068045616,
      0.03199724107980728,
      0.04517890140414238,
      0.09884140640497208
   ],
   "batch_train_times": [
      294.6944580078125,
      293.205322265625,
      292.9910888671875,
      293.7310791015625,
      292.2795104980469,
      292.16455078125,
      295.9516906738281,
      291.2490234375,
      292.58050537109375,
      292.45849609375,
      294.0395812988281,
      293.86798095703125,
      293.0563659667969,
      290.7857666015625,
      293.9027099609375,
      291.9600524902344,
      295.0287780761719,
      292.3642883300781,
      293.24969482421875,
      292.61944580078125,
      290.9757080078125,
      290.0726623535156,
      292.584716796875,
      291.4467468261719,
      290.8590393066406,
      292.6817321777344,
      292.58123779296875,
      294.62799072265625,
      291.3443908691406,
      292.99664306640625,
      292.07952880859375,
      292.6551818847656,
      292.8353576660156,
      292.4543762207031,
      292.8988342285156,
      294.1251220703125,
      293.52484130859375,
      293.3719482421875,
      291.941650390625,
      292.2408752441406,
      293.13037109375,
      90.35858917236328
   ],
   "val_accuracy": 0.8817567567567568,
   "val_loss": 0.5787615147796837,
   "val_accuracy_per_label": [
      0.9545454545454546,
      1.0,
      0.8333333333333334,
      0.8,
      0.4,
      0.8,
      0.3333333333333333,
      1.0,
      0.0,
      1.0,
      0.0,
      0.8,
      0.6,
      0.6,
      1.0,
      0.0,
      0.6,
      1.0,
      1.0,
      1.0,
      1.0,
      1.0,
      0.8,
      0.8,
      0.0,
      0.6,
      0.0,
      0.9,
      0.6,
      0.75,
      1.0,
      1.0,
      0.8,
      0.0,
      0.5,
      1.0,
      0.6,
      0.6,
      1.0,
      0.9,
      1.0,
      1.0,
      1.0
   ]
}