{
   "epoch": 8,
   "batch_train_accuracies": [
      0.96875,
      0.96875,
      0.921875,
      0.96875,
      0.921875,
      0.9375,
      0.953125,
      0.953125,
      0.96875,
      0.96875,
      0.984375,
      0.96875,
      0.96875,
      0.9375,
      0.90625,
      0.9375,
      0.9375,
      0.9375,
      0.953125,
      0.953125,
      0.953125,
      0.9375,
      0.953125,
      0.9375,
      0.921875,
      0.96875,
      0.90625,
      0.875,
      0.953125,
      0.984375,
      0.984375,
      0.90625,
      0.9375,
      0.890625,
      0.96875,
      0.890625,
      0.953125,
      0.96875,
      0.9375,
      0.953125,
      0.96875,
      0.875
   ],
   "batch_train_losses": [
      0.5138707160949707,
      0.43753349781036377,
      0.5557149052619934,
      0.4941316246986389,
      0.5047350525856018,
      0.5652130842208862,
      0.4258522391319275,
      0.47654733061790466,
      0.38511836528778076,
      0.44652023911476135,
      0.45601385831832886,
      0.4744459092617035,
      0.41347435116767883,
      0.4864075481891632,
      0.5756961107254028,
      0.42971423268318176,
      0.4100613594055176,
      0.4848152995109558,
      0.5162258148193359,
      0.4729616940021515,
      0.4505801200866699,
      0.4523828327655792,
      0.4532858729362488,
      0.4573877453804016,
      0.5214992761611938,
      0.3965831995010376,
      0.5791988968849182,
      0.5816558003425598,
      0.38817963004112244,
      0.42531225085258484,
      0.40121904015541077,
      0.576151967048645,
      0.4126623868942261,
      0.49945375323295593,
      0.3184020221233368,
      0.5171998739242554,
      0.43611055612564087,
      0.3917103111743927,
      0.4833947718143463,
      0.4659300148487091,
      0.4690625071525574,
      0.5063928961753845
   ],
   "batch_train_times": [
      291.262451171875,
      291.8274841308594,
      292.9664001464844,
      293.72235107421875,
      293.3771667480469,
      292.7601318359375,
      292.7165832519531,
      293.794921875,
      292.435302734375,
      295.6267395019531,
      293.0590515136719,
      292.7041931152344,
      291.6410827636719,
      293.33282470703125,
      294.7242126464844,
      292.2906188964844,
      294.1464538574219,
      292.526611328125,
      292.81463623046875,
      291.01324462890625,
      291.94061279296875,
      294.0188903808594,
      293.5773010253906,
      290.7599182128906,
      293.1945495605469,
      291.2525939941406,
      292.8752746582031,
      290.2651062011719,
      293.4835205078125,
      293.0851745605469,
      293.8345031738281,
      292.2338562011719,
      292.7368469238281,
      291.5760498046875,
      290.69134521484375,
      292.20660400390625,
      293.6976318359375,
      290.7218017578125,
      291.3382263183594,
      292.57525634765625,
      292.32623291015625,
      91.80159759521484
   ],
   "val_accuracy": 0.7432432432432432,
   "val_loss": 0.9719691904815467,
   "val_accuracy_per_label": [
      1.0,
      0.8,
      1.0,
      0.8,
      0.0,
      0.0,
      0.0,
      0.95,
      0.0,
      0.0,
      0.0,
      0.8,
      0.4,
      1.0,
      0.8,
      0.0,
      0.0,
      0.0,
      0.6,
      1.0,
      1.0,
      0.6,
      0.4,
      0.4,
      0.0,
      0.3,
      0.0,
      0.75,
      0.0,
      1.0,
      0.8,
      1.0,
      0.8,
      0.0,
      0.5,
      1.0,
      0.8,
      0.6,
      0.8666666666666667,
      1.0,
      0.4,
      1.0,
      0.8
   ]
}