{
   "epoch": 42,
   "batch_train_accuracies": [
      1.0,
      1.0,
      1.0,
      1.0,
      1.0,
      1.0,
      1.0,
      1.0,
      1.0,
      1.0,
      1.0,
      1.0,
      1.0,
      1.0,
      1.0,
      1.0,
      1.0,
      1.0,
      1.0,
      0.984375,
      1.0,
      1.0,
      1.0,
      1.0,
      1.0,
      1.0,
      1.0,
      1.0,
      1.0,
      1.0,
      1.0,
      1.0,
      1.0,
      1.0,
      1.0,
      1.0,
      1.0,
      1.0,
      1.0,
      1.0,
      1.0,
      1.0
   ],
   "batch_train_losses": [
      0.08879806846380234,
      0.08592206239700317,
      0.05783228948712349,
      0.11917602270841599,
      0.08018872886896133,
      0.08372621983289719,
      0.11801642924547195,
      0.12341327965259552,
      0.0867997333407402,
      0.11312184482812881,
      0.144220232963562,
      0.12780039012432098,
      0.11907265335321426,
      0.072391077876091,
      0.08906994014978409,
      0.09503871202468872,
      0.08032205700874329,
      0.09910041093826294,
      0.07796741276979446,
      0.16147863864898682,
      0.10361748188734055,
      0.09404578804969788,
      0.10773084312677383,
      0.1433030068874359,
      0.0992618128657341,
      0.131174236536026,
      0.09160290658473969,
      0.07176448404788971,
      0.10738318413496017,
      0.09616774320602417,
      0.1262766718864441,
      0.1039402112364769,
      0.13359452784061432,
      0.12358894944190979,
      0.08781606703996658,
      0.09001567214727402,
      0.07235146313905716,
      0.11178413033485413,
      0.0985860675573349,
      0.1673201322555542,
      0.12109173834323883,
      0.2048533707857132
   ],
   "batch_train_times": [
      293.5500793457031,
      295.14605712890625,
      292.1418762207031,
      293.5107727050781,
      292.26483154296875,
      293.8143005371094,
      293.83135986328125,
      294.7809143066406,
      293.26544189453125,
      293.1732482910156,
      292.8268127441406,
      291.45703125,
      290.88543701171875,
      293.6178283691406,
      295.04522705078125,
      291.7846984863281,
      295.20953369140625,
      292.3601379394531,
      292.03460693359375,
      292.9703369140625,
      293.8071594238281,
      292.46875,
      292.6489562988281,
      293.1346435546875,
      292.6346435546875,
      293.0833740234375,
      292.8617858886719,
      293.5157775878906,
      292.0669860839844,
      293.8954162597656,
      294.8029479980469,
      293.9061584472656,
      294.1700134277344,
      292.87872314453125,
      293.1937561035156,
      295.92169189453125,
      294.8526306152344,
      294.719482421875,
      292.5140075683594,
      293.808837890625,
      295.06683349609375,
      91.24864196777344
   ],
   "val_accuracy": 0.875,
   "val_loss": 0.6022148470620852,
   "val_accuracy_per_label": [
      1.0,
      1.0,
      1.0,
      0.8,
      0.4,
      0.4,
      0.3333333333333333,
      0.95,
      0.0,
      1.0,
      0.0,
      1.0,
      0.4,
      0.6,
      0.8,
      0.0,
      0.6,
      1.0,
      0.6,
      1.0,
      1.0,
      1.0,
      0.8,
      0.8,
      0.0,
      0.5,
      0.0,
      0.8,
      0.6,
      1.0,
      1.0,
      1.0,
      1.0,
      0.0,
      0.5,
      1.0,
      1.0,
      0.6,
      1.0,
      1.0,
      1.0,
      1.0,
      1.0
   ]
}