{
   "epoch": 78,
   "batch_train_accuracies": [
      1.0,
      1.0,
      1.0,
      1.0,
      1.0,
      1.0,
      1.0,
      1.0,
      1.0,
      1.0,
      1.0,
      1.0,
      1.0,
      1.0,
      1.0,
      1.0,
      1.0,
      1.0,
      1.0,
      1.0,
      1.0,
      1.0,
      1.0,
      1.0,
      1.0,
      1.0,
      1.0,
      1.0,
      1.0,
      1.0,
      1.0,
      1.0,
      1.0,
      1.0,
      1.0,
      1.0,
      1.0,
      1.0,
      1.0,
      1.0,
      1.0,
      0.9375
   ],
   "batch_train_losses": [
      0.028142625465989113,
      0.06207156181335449,
      0.031834155321121216,
      0.044382333755493164,
      0.0456586554646492,
      0.034297626465559006,
      0.061087895184755325,
      0.03289792314171791,
      0.035906173288822174,
      0.04133826121687889,
      0.03162003681063652,
      0.04227941110730171,
      0.063459612429142,
      0.03695959597826004,
      0.02915019541978836,
      0.05053959786891937,
      0.06101812422275543,
      0.05485902354121208,
      0.040680836886167526,
      0.03676670044660568,
      0.03393274545669556,
      0.05064155533909798,
      0.033367037773132324,
      0.034210219979286194,
      0.050860445946455,
      0.03196771815419197,
      0.04168519750237465,
      0.031018059700727463,
      0.03078301250934601,
      0.03561045601963997,
      0.056694552302360535,
      0.06548619270324707,
      0.054570041596889496,
      0.04277573525905609,
      0.04424602538347244,
      0.029925882816314697,
      0.03396165370941162,
      0.03989102691411972,
      0.03384055569767952,
      0.024114878848195076,
      0.030151057988405228,
      0.3257177472114563
   ],
   "batch_train_times": [
      292.6922302246094,
      294.33447265625,
      293.5381774902344,
      294.2320556640625,
      294.32269287109375,
      293.26116943359375,
      294.2321472167969,
      291.3164367675781,
      292.037109375,
      293.50299072265625,
      291.6946105957031,
      292.47235107421875,
      289.8502197265625,
      291.8861999511719,
      293.3227844238281,
      294.9732971191406,
      291.76422119140625,
      293.8736572265625,
      292.61004638671875,
      290.9205322265625,
      292.158203125,
      293.7802734375,
      292.3970642089844,
      293.1568908691406,
      292.9587097167969,
      292.03662109375,
      293.43682861328125,
      294.38311767578125,
      290.7999267578125,
      291.8441162109375,
      291.34051513671875,
      293.6701965332031,
      293.06878662109375,
      293.43951416015625,
      291.355224609375,
      292.9190368652344,
      294.042724609375,
      293.8653869628906,
      291.975830078125,
      290.9204406738281,
      293.9084777832031,
      90.90259552001953
   ],
   "val_accuracy": 0.8783783783783784,
   "val_loss": 0.5808137647203497,
   "val_accuracy_per_label": [
      0.9545454545454546,
      1.0,
      0.8333333333333334,
      0.8,
      0.6,
      0.4,
      0.3333333333333333,
      1.0,
      0.0,
      0.2,
      0.0,
      1.0,
      0.6,
      0.6,
      1.0,
      0.0,
      0.6,
      1.0,
      0.8,
      1.0,
      1.0,
      1.0,
      0.8,
      1.0,
      0.0,
      0.7,
      0.0,
      1.0,
      0.6,
      0.75,
      1.0,
      1.0,
      0.8,
      0.0,
      0.5,
      1.0,
      0.6,
      0.6,
      1.0,
      0.9,
      1.0,
      1.0,
      1.0
   ]
}