{
   "epoch": 77,
   "batch_train_accuracies": [
      1.0,
      1.0,
      1.0,
      1.0,
      1.0,
      1.0,
      1.0,
      1.0,
      1.0,
      1.0,
      1.0,
      1.0,
      1.0,
      1.0,
      1.0,
      1.0,
      1.0,
      1.0,
      1.0,
      1.0,
      1.0,
      1.0,
      1.0,
      1.0,
      1.0,
      1.0,
      1.0,
      1.0,
      1.0,
      1.0,
      1.0,
      1.0,
      1.0,
      1.0,
      1.0,
      1.0,
      1.0,
      1.0,
      1.0,
      1.0,
      1.0,
      1.0
   ],
   "batch_train_losses": [
      0.044738996773958206,
      0.03236512094736099,
      0.03475385531783104,
      0.05425725877285004,
      0.040597978979349136,
      0.050624508410692215,
      0.03163721784949303,
      0.046362489461898804,
      0.03465941548347473,
      0.027752261608839035,
      0.04469066858291626,
      0.048025742173194885,
      0.03972315788269043,
      0.060290321707725525,
      0.06675411760807037,
      0.03574194759130478,
      0.03550343960523605,
      0.04214554280042648,
      0.04985219985246658,
      0.028608381748199463,
      0.04172724112868309,
      0.023210348561406136,
      0.04356639087200165,
      0.04626942053437233,
      0.04569041728973389,
      0.05730395019054413,
      0.046077288687229156,
      0.04909500852227211,
      0.04796570912003517,
      0.026212450116872787,
      0.03743920102715492,
      0.036675743758678436,
      0.03486870601773262,
      0.034154925495386124,
      0.05344265326857567,
      0.0449424684047699,
      0.03524238243699074,
      0.03839423134922981,
      0.048632629215717316,
      0.035424184054136276,
      0.0343046598136425,
      0.21555691957473755
   ],
   "batch_train_times": [
      292.6521301269531,
      294.44586181640625,
      293.9064636230469,
      293.31494140625,
      293.7037353515625,
      292.33868408203125,
      293.4825134277344,
      294.02398681640625,
      290.73614501953125,
      293.7804260253906,
      293.6535339355469,
      293.84912109375,
      293.5684509277344,
      292.9217834472656,
      291.6885986328125,
      293.1687316894531,
      293.2571716308594,
      293.8118591308594,
      293.9063415527344,
      291.5809631347656,
      295.5433044433594,
      293.9433898925781,
      294.0948791503906,
      295.71484375,
      293.58306884765625,
      293.23333740234375,
      293.37725830078125,
      295.2395935058594,
      293.28399658203125,
      293.319091796875,
      293.38873291015625,
      294.7823791503906,
      294.6252746582031,
      292.605712890625,
      291.47930908203125,
      292.9123840332031,
      294.0770568847656,
      293.3576354980469,
      294.0416259765625,
      291.71044921875,
      291.407470703125,
      92.58598327636719
   ],
   "val_accuracy": 0.8783783783783784,
   "val_loss": 0.5706841712062424,
   "val_accuracy_per_label": [
      0.9545454545454546,
      1.0,
      0.8333333333333334,
      0.8,
      0.8,
      0.4,
      0.3333333333333333,
      0.95,
      0.0,
      0.8,
      0.0,
      0.8,
      0.6,
      0.6,
      1.0,
      0.0,
      0.6,
      0.8,
      0.6,
      1.0,
      1.0,
      1.0,
      0.8,
      1.0,
      0.0,
      0.7,
      0.0,
      1.0,
      0.6,
      0.75,
      1.0,
      1.0,
      0.8,
      0.0,
      0.5,
      1.0,
      0.6,
      0.6,
      1.0,
      0.9,
      1.0,
      1.0,
      1.0
   ]
}