{
   "epoch": 59,
   "batch_train_accuracies": [
      1.0,
      1.0,
      1.0,
      1.0,
      1.0,
      1.0,
      1.0,
      1.0,
      1.0,
      1.0,
      1.0,
      1.0,
      1.0,
      1.0,
      1.0,
      1.0,
      1.0,
      1.0,
      1.0,
      1.0,
      1.0,
      1.0,
      1.0,
      1.0,
      1.0,
      1.0,
      1.0,
      1.0,
      1.0,
      1.0,
      1.0,
      1.0,
      1.0,
      1.0,
      1.0,
      1.0,
      1.0,
      1.0,
      1.0,
      1.0,
      1.0,
      1.0
   ],
   "batch_train_losses": [
      0.04369485750794411,
      0.06256863474845886,
      0.05440863221883774,
      0.04246416687965393,
      0.045490000396966934,
      0.045946717262268066,
      0.05759511888027191,
      0.05227329209446907,
      0.07288186997175217,
      0.05703471228480339,
      0.05960424989461899,
      0.05435002222657204,
      0.04529595375061035,
      0.07875800132751465,
      0.05376935005187988,
      0.05788685753941536,
      0.05009986087679863,
      0.05783170089125633,
      0.044105008244514465,
      0.0787588357925415,
      0.06966406852006912,
      0.04706542566418648,
      0.061064545065164566,
      0.06391718238592148,
      0.05634551867842674,
      0.07737710326910019,
      0.0627831295132637,
      0.051851652562618256,
      0.047190308570861816,
      0.04879554361104965,
      0.09981269389390945,
      0.06128745526075363,
      0.05788550525903702,
      0.062288835644721985,
      0.06912807375192642,
      0.07214324921369553,
      0.09973131865262985,
      0.06759347766637802,
      0.05485032871365547,
      0.07552490383386612,
      0.05506118759512901,
      0.07973811775445938
   ],
   "batch_train_times": [
      293.4006042480469,
      290.471923828125,
      291.9960021972656,
      293.44561767578125,
      295.0246276855469,
      292.99676513671875,
      291.3177185058594,
      292.0796813964844,
      293.0462646484375,
      293.5685119628906,
      292.5755310058594,
      294.1247863769531,
      292.9855651855469,
      292.3602294921875,
      293.074951171875,
      293.32073974609375,
      293.0472106933594,
      294.3851623535156,
      292.0248107910156,
      293.18597412109375,
      291.1129455566406,
      291.95843505859375,
      293.1817626953125,
      292.36212158203125,
      295.8319091796875,
      294.1983642578125,
      296.64434814453125,
      291.6905517578125,
      293.6569519042969,
      292.4080810546875,
      293.44677734375,
      295.0855407714844,
      290.6304626464844,
      292.99810791015625,
      295.49603271484375,
      295.2147521972656,
      293.0635070800781,
      294.80963134765625,
      293.4198913574219,
      294.8123474121094,
      292.5608825683594,
      90.07718658447266
   ],
   "val_accuracy": 0.8851351351351351,
   "val_loss": 0.5788120756278167,
   "val_accuracy_per_label": [
      1.0,
      1.0,
      0.8333333333333334,
      0.8,
      0.4,
      0.6,
      0.3333333333333333,
      1.0,
      0.0,
      1.0,
      0.0,
      1.0,
      0.6,
      0.6,
      1.0,
      0.0,
      0.6,
      1.0,
      0.6,
      1.0,
      1.0,
      1.0,
      0.8,
      0.8,
      0.0,
      0.5,
      0.0,
      1.0,
      0.8,
      0.75,
      1.0,
      1.0,
      0.8,
      0.0,
      0.5,
      1.0,
      0.6,
      0.6,
      1.0,
      0.9,
      1.0,
      1.0,
      1.0
   ]
}