{
   "epoch": 31,
   "batch_train_accuracies": [
      1.0,
      1.0,
      1.0,
      1.0,
      1.0,
      1.0,
      1.0,
      1.0,
      1.0,
      1.0,
      1.0,
      1.0,
      1.0,
      1.0,
      1.0,
      1.0,
      0.984375,
      0.984375,
      1.0,
      1.0,
      1.0,
      1.0,
      0.984375,
      1.0,
      1.0,
      1.0,
      1.0,
      1.0,
      1.0,
      1.0,
      1.0,
      0.96875,
      1.0,
      0.984375,
      1.0,
      1.0,
      1.0,
      1.0,
      1.0,
      1.0,
      1.0,
      1.0
   ],
   "batch_train_losses": [
      0.15765288472175598,
      0.1347954273223877,
      0.19320137798786163,
      0.15706931054592133,
      0.12626753747463226,
      0.12982015311717987,
      0.15919427573680878,
      0.1714198887348175,
      0.13127736747264862,
      0.21399304270744324,
      0.1862008273601532,
      0.18175695836544037,
      0.1850380152463913,
      0.1351604163646698,
      0.11729453504085541,
      0.1684020608663559,
      0.21984083950519562,
      0.17775914072990417,
      0.11573246866464615,
      0.14067110419273376,
      0.1544821411371231,
      0.17272745072841644,
      0.1799849271774292,
      0.15132515132427216,
      0.2638644874095917,
      0.13322947919368744,
      0.16624626517295837,
      0.1611633151769638,
      0.15156200528144836,
      0.1736820638179779,
      0.14813753962516785,
      0.1693882942199707,
      0.1963670402765274,
      0.16368092596530914,
      0.1579335629940033,
      0.09616559743881226,
      0.17956238985061646,
      0.1336478739976883,
      0.1453772336244583,
      0.133311927318573,
      0.14704272150993347,
      0.3087257146835327
   ],
   "batch_train_times": [
      291.3234558105469,
      292.0509338378906,
      294.940673828125,
      292.3012390136719,
      294.244384765625,
      292.5934143066406,
      291.3812561035156,
      292.59771728515625,
      293.94482421875,
      293.17529296875,
      295.58740234375,
      294.5885314941406,
      293.8095397949219,
      294.4040832519531,
      292.15087890625,
      292.794189453125,
      293.6401062011719,
      292.18170166015625,
      293.8421325683594,
      292.14959716796875,
      293.5849914550781,
      291.6381530761719,
      295.2461853027344,
      293.2057189941406,
      295.2724304199219,
      293.9024963378906,
      292.8323669433594,
      293.4515380859375,
      293.95281982421875,
      293.8717956542969,
      293.2698974609375,
      292.33319091796875,
      292.88037109375,
      295.2642517089844,
      293.7427978515625,
      294.422119140625,
      293.9442443847656,
      292.65570068359375,
      292.5250244140625,
      293.8576354980469,
      293.2654113769531,
      90.6219482421875
   ],
   "val_accuracy": 0.847972972972973,
   "val_loss": 0.6555205623845797,
   "val_accuracy_per_label": [
      0.9545454545454546,
      1.0,
      1.0,
      0.8,
      0.4,
      0.4,
      0.0,
      0.95,
      0.0,
      1.0,
      0.0,
      1.0,
      0.4,
      0.6,
      0.8,
      0.0,
      0.2,
      1.0,
      0.6,
      1.0,
      1.0,
      1.0,
      0.8,
      0.8,
      0.0,
      0.5,
      0.0,
      0.8,
      0.2,
      1.0,
      1.0,
      1.0,
      0.8,
      0.0,
      0.5,
      1.0,
      1.0,
      0.6,
      0.9333333333333333,
      1.0,
      1.0,
      1.0,
      1.0
   ]
}