{
   "epoch": 28,
   "batch_train_accuracies": [
      1.0,
      1.0,
      1.0,
      0.984375,
      1.0,
      1.0,
      0.984375,
      0.984375,
      1.0,
      1.0,
      1.0,
      1.0,
      1.0,
      0.984375,
      1.0,
      1.0,
      1.0,
      1.0,
      1.0,
      1.0,
      1.0,
      0.984375,
      0.984375,
      1.0,
      1.0,
      1.0,
      0.984375,
      1.0,
      1.0,
      0.984375,
      0.984375,
      1.0,
      1.0,
      1.0,
      1.0,
      1.0,
      1.0,
      1.0,
      1.0,
      1.0,
      0.984375,
      0.9375
   ],
   "batch_train_losses": [
      0.19411900639533997,
      0.16601021587848663,
      0.203697070479393,
      0.15334653854370117,
      0.1609935313463211,
      0.20504753291606903,
      0.2361551821231842,
      0.16197964549064636,
      0.1784791499376297,
      0.15936759114265442,
      0.1714072823524475,
      0.2262718677520752,
      0.18157485127449036,
      0.2653518617153168,
      0.1356423795223236,
      0.19366078078746796,
      0.1639830768108368,
      0.1792469173669815,
      0.1522950530052185,
      0.16818827390670776,
      0.2255314290523529,
      0.17099718749523163,
      0.20314684510231018,
      0.23526816070079803,
      0.20403939485549927,
      0.15136058628559113,
      0.17334315180778503,
      0.13480786979198456,
      0.15021935105323792,
      0.15366223454475403,
      0.20720526576042175,
      0.19488422572612762,
      0.16354604065418243,
      0.19266283512115479,
      0.15758351981639862,
      0.1405860334634781,
      0.14519621431827545,
      0.1443643569946289,
      0.18671958148479462,
      0.1597086787223816,
      0.16400475800037384,
      0.24454723298549652
   ],
   "batch_train_times": [
      294.7496032714844,
      291.913818359375,
      292.928955078125,
      294.6805725097656,
      293.25927734375,
      292.7761535644531,
      293.70928955078125,
      294.15020751953125,
      294.4871826171875,
      293.3288879394531,
      294.5686340332031,
      294.9181823730469,
      292.5629577636719,
      294.91741943359375,
      292.9848327636719,
      293.0534362792969,
      293.639892578125,
      292.8332824707031,
      293.09686279296875,
      295.1551818847656,
      292.8874816894531,
      294.0948486328125,
      293.28778076171875,
      293.7648010253906,
      292.8044738769531,
      293.3017883300781,
      291.6935729980469,
      291.79132080078125,
      293.9310302734375,
      292.9315185546875,
      291.9526672363281,
      293.73785400390625,
      293.7568359375,
      294.0459289550781,
      294.09283447265625,
      293.4203186035156,
      292.7104187011719,
      293.1541748046875,
      294.7236022949219,
      293.9137878417969,
      295.7726745605469,
      91.14009857177734
   ],
   "val_accuracy": 0.847972972972973,
   "val_loss": 0.6873477794028617,
   "val_accuracy_per_label": [
      1.0,
      1.0,
      1.0,
      0.8,
      0.4,
      0.4,
      0.3333333333333333,
      0.95,
      0.0,
      0.4,
      0.0,
      1.0,
      0.4,
      0.8,
      0.8,
      0.0,
      0.4,
      1.0,
      0.6,
      1.0,
      1.0,
      0.8,
      0.8,
      0.8,
      0.0,
      0.5,
      0.0,
      0.8,
      0.2,
      1.0,
      1.0,
      1.0,
      0.8,
      0.0,
      0.5,
      1.0,
      1.0,
      0.6,
      0.9333333333333333,
      1.0,
      1.0,
      1.0,
      1.0
   ]
}