{
   "epoch": 6,
   "batch_train_accuracies": [
      0.984375,
      0.890625,
      0.953125,
      0.9375,
      0.953125,
      0.96875,
      0.9375,
      1.0,
      0.890625,
      0.90625,
      0.9375,
      0.9375,
      0.953125,
      0.9375,
      0.90625,
      0.875,
      0.921875,
      0.96875,
      0.953125,
      0.90625,
      0.96875,
      0.9375,
      0.96875,
      0.96875,
      0.9375,
      0.96875,
      0.96875,
      0.890625,
      0.96875,
      0.890625,
      0.984375,
      0.953125,
      0.921875,
      0.9375,
      0.921875,
      0.90625,
      0.9375,
      0.90625,
      0.890625,
      0.96875,
      0.890625,
      1.0
   ],
   "batch_train_losses": [
      0.5138946175575256,
      0.5676087141036987,
      0.5399702787399292,
      0.5413318276405334,
      0.44351857900619507,
      0.5355696678161621,
      0.528602123260498,
      0.4671458899974823,
      0.5512744188308716,
      0.5622268915176392,
      0.45030704140663147,
      0.5839364528656006,
      0.4559759795665741,
      0.5217068195343018,
      0.575124204158783,
      0.6212297677993774,
      0.6269338130950928,
      0.5087822675704956,
      0.5124761462211609,
      0.5550364255905151,
      0.40256646275520325,
      0.5280798077583313,
      0.5316185355186462,
      0.49657613039016724,
      0.5428667068481445,
      0.47460538148880005,
      0.47500237822532654,
      0.5812191367149353,
      0.4996909499168396,
      0.5417839288711548,
      0.4724061191082001,
      0.48717910051345825,
      0.5128694176673889,
      0.4233238399028778,
      0.5823488235473633,
      0.6247580647468567,
      0.46130162477493286,
      0.4970816671848297,
      0.6376554369926453,
      0.4764016568660736,
      0.6247686743736267,
      0.6031553745269775
   ],
   "batch_train_times": [
      295.00213623046875,
      297.0155029296875,
      294.6666259765625,
      295.4280090332031,
      296.1755065917969,
      292.517822265625,
      295.6763000488281,
      294.9085388183594,
      295.7500305175781,
      294.9712829589844,
      291.7538146972656,
      295.80963134765625,
      293.4640808105469,
      294.6844787597656,
      296.4234619140625,
      292.99920654296875,
      294.8956604003906,
      295.65802001953125,
      293.5849304199219,
      295.8559875488281,
      293.98895263671875,
      294.6176452636719,
      296.2055969238281,
      294.1728515625,
      292.2311706542969,
      294.85894775390625,
      293.33514404296875,
      294.88092041015625,
      294.3354797363281,
      296.9128112792969,
      294.58251953125,
      296.0036926269531,
      294.905029296875,
      293.8757019042969,
      293.0831604003906,
      294.5464172363281,
      295.5865783691406,
      294.3027648925781,
      294.548828125,
      293.41552734375,
      292.354248046875,
      91.33670043945312
   ],
   "val_accuracy": 0.7195945945945946,
   "val_loss": 1.0389965321566608,
   "val_accuracy_per_label": [
      1.0,
      0.8,
      1.0,
      0.8,
      0.0,
      0.0,
      0.0,
      0.95,
      0.0,
      0.0,
      0.0,
      0.8,
      0.2,
      1.0,
      0.8,
      0.0,
      0.0,
      0.0,
      0.6,
      1.0,
      1.0,
      0.4,
      0.4,
      0.4,
      0.0,
      0.2,
      0.0,
      0.75,
      0.0,
      1.0,
      0.6,
      1.0,
      0.8,
      0.0,
      0.25,
      1.0,
      0.8,
      0.6,
      0.8666666666666667,
      1.0,
      0.0,
      1.0,
      0.8
   ]
}