{
   "epoch": 30,
   "batch_train_accuracies": [
      1.0,
      1.0,
      1.0,
      1.0,
      1.0,
      0.984375,
      1.0,
      0.984375,
      1.0,
      0.96875,
      1.0,
      1.0,
      1.0,
      1.0,
      1.0,
      1.0,
      1.0,
      1.0,
      1.0,
      1.0,
      0.984375,
      0.984375,
      1.0,
      1.0,
      1.0,
      1.0,
      1.0,
      0.984375,
      1.0,
      1.0,
      1.0,
      1.0,
      1.0,
      1.0,
      1.0,
      1.0,
      1.0,
      1.0,
      1.0,
      1.0,
      1.0,
      1.0
   ],
   "batch_train_losses": [
      0.18197301030158997,
      0.17050789296627045,
      0.17348848283290863,
      0.18295706808567047,
      0.187394917011261,
      0.13959459960460663,
      0.21297860145568848,
      0.17072349786758423,
      0.10839629918336868,
      0.20807263255119324,
      0.17345568537712097,
      0.20639880001544952,
      0.1224193274974823,
      0.10871334373950958,
      0.17596766352653503,
      0.16545113921165466,
      0.127982497215271,
      0.13767269253730774,
      0.22358068823814392,
      0.14202183485031128,
      0.18275530636310577,
      0.18295961618423462,
      0.19573330879211426,
      0.1772400438785553,
      0.17820513248443604,
      0.15680280327796936,
      0.1293410211801529,
      0.17666970193386078,
      0.18883252143859863,
      0.20266737043857574,
      0.13367322087287903,
      0.16122689843177795,
      0.12459529936313629,
      0.17424480617046356,
      0.13684053719043732,
      0.12782910466194153,
      0.17212854325771332,
      0.16820910573005676,
      0.11319628357887268,
      0.18419384956359863,
      0.13999608159065247,
      0.33441802859306335
   ],
   "batch_train_times": [
      292.3172302246094,
      291.2378234863281,
      291.915771484375,
      290.9059143066406,
      293.1899719238281,
      293.8757019042969,
      290.6398620605469,
      293.1653747558594,
      294.4237060546875,
      293.0769958496094,
      291.7478332519531,
      292.3125,
      295.0533447265625,
      294.4354553222656,
      293.55157470703125,
      294.6286926269531,
      292.8744201660156,
      295.0680847167969,
      293.2044372558594,
      293.1445617675781,
      291.9055480957031,
      292.75152587890625,
      291.8543395996094,
      294.9386291503906,
      293.0257873535156,
      294.9119873046875,
      293.0286865234375,
      292.3524169921875,
      293.1588439941406,
      292.8258056640625,
      293.44085693359375,
      293.1221008300781,
      292.4171447753906,
      292.423583984375,
      295.08990478515625,
      292.8967590332031,
      295.04376220703125,
      293.32489013671875,
      295.58935546875,
      294.09686279296875,
      293.5726013183594,
      90.44697570800781
   ],
   "val_accuracy": 0.8547297297297297,
   "val_loss": 0.6757486816999074,
   "val_accuracy_per_label": [
      0.9545454545454546,
      1.0,
      1.0,
      0.8,
      0.4,
      0.4,
      0.3333333333333333,
      0.95,
      0.0,
      1.0,
      0.0,
      1.0,
      0.4,
      0.8,
      0.8,
      0.0,
      0.4,
      1.0,
      0.6,
      1.0,
      1.0,
      0.8,
      0.8,
      0.8,
      0.0,
      0.5,
      0.0,
      0.8,
      0.2,
      1.0,
      1.0,
      1.0,
      0.8,
      0.0,
      0.5,
      1.0,
      1.0,
      0.6,
      1.0,
      1.0,
      1.0,
      1.0,
      0.8
   ]
}