{
   "epoch": 65,
   "batch_train_accuracies": [
      1.0,
      1.0,
      1.0,
      1.0,
      1.0,
      1.0,
      1.0,
      1.0,
      1.0,
      1.0,
      1.0,
      1.0,
      1.0,
      1.0,
      1.0,
      1.0,
      1.0,
      1.0,
      1.0,
      1.0,
      1.0,
      1.0,
      1.0,
      1.0,
      1.0,
      1.0,
      1.0,
      1.0,
      1.0,
      1.0,
      1.0,
      1.0,
      1.0,
      1.0,
      1.0,
      1.0,
      1.0,
      1.0,
      1.0,
      1.0,
      1.0,
      1.0
   ],
   "batch_train_losses": [
      0.062248408794403076,
      0.05964495986700058,
      0.06584851443767548,
      0.04228246584534645,
      0.04187699034810066,
      0.03323984146118164,
      0.04027293249964714,
      0.055855926126241684,
      0.051520805805921555,
      0.04618695005774498,
      0.05485880747437477,
      0.05774515122175217,
      0.06280240416526794,
      0.06862679868936539,
      0.07423806190490723,
      0.04155179485678673,
      0.04432724043726921,
      0.05483561009168625,
      0.05310995876789093,
      0.03904910758137703,
      0.05829532817006111,
      0.03841172903776169,
      0.05854099988937378,
      0.055004462599754333,
      0.07985296845436096,
      0.05634486302733421,
      0.05317363515496254,
      0.03673030063509941,
      0.06964298337697983,
      0.06259224563837051,
      0.04704410582780838,
      0.06269814074039459,
      0.0689401850104332,
      0.0593436136841774,
      0.054689377546310425,
      0.060356978327035904,
      0.07420463860034943,
      0.05613970384001732,
      0.0441102460026741,
      0.04939459636807442,
      0.05137509107589722,
      0.24522142112255096
   ],
   "batch_train_times": [
      294.9835510253906,
      293.00604248046875,
      292.44622802734375,
      291.56378173828125,
      293.4938049316406,
      293.039306640625,
      293.453857421875,
      293.4128723144531,
      293.1937561035156,
      295.487060546875,
      292.5488586425781,
      294.41229248046875,
      292.6152038574219,
      292.1804504394531,
      292.8538513183594,
      291.4959411621094,
      293.46136474609375,
      292.4742736816406,
      292.2804260253906,
      292.7711486816406,
      295.96881103515625,
      291.5594177246094,
      293.6463317871094,
      293.94659423828125,
      291.8935852050781,
      293.3419189453125,
      292.1415100097656,
      293.35272216796875,
      291.17510986328125,
      292.8373718261719,
      293.41851806640625,
      290.70654296875,
      292.1451416015625,
      293.78607177734375,
      293.7098388671875,
      291.4203796386719,
      293.3575134277344,
      293.27777099609375,
      294.666259765625,
      295.8233947753906,
      292.22900390625,
      91.65042877197266
   ],
   "val_accuracy": 0.875,
   "val_loss": 0.5676003646206211,
   "val_accuracy_per_label": [
      0.9545454545454546,
      1.0,
      0.8333333333333334,
      0.8,
      0.4,
      0.4,
      0.3333333333333333,
      1.0,
      0.0,
      0.8,
      0.0,
      1.0,
      0.6,
      0.6,
      1.0,
      0.0,
      0.6,
      1.0,
      0.8,
      1.0,
      1.0,
      1.0,
      0.8,
      0.8,
      0.0,
      0.5,
      0.0,
      0.95,
      0.6,
      0.75,
      1.0,
      1.0,
      1.0,
      0.0,
      0.5,
      1.0,
      0.6,
      0.6,
      1.0,
      0.9,
      1.0,
      1.0,
      1.0
   ]
}