{
   "epoch": 67,
   "batch_train_accuracies": [
      1.0,
      1.0,
      1.0,
      1.0,
      1.0,
      1.0,
      1.0,
      1.0,
      1.0,
      1.0,
      1.0,
      1.0,
      1.0,
      1.0,
      1.0,
      1.0,
      1.0,
      1.0,
      1.0,
      1.0,
      1.0,
      1.0,
      1.0,
      1.0,
      1.0,
      1.0,
      1.0,
      1.0,
      1.0,
      1.0,
      1.0,
      1.0,
      1.0,
      1.0,
      1.0,
      1.0,
      1.0,
      1.0,
      1.0,
      1.0,
      1.0,
      1.0
   ],
   "batch_train_losses": [
      0.04954948648810387,
      0.05456837639212608,
      0.03967154026031494,
      0.03146419674158096,
      0.04855499416589737,
      0.03670726716518402,
      0.03473386913537979,
      0.06384648382663727,
      0.09415213018655777,
      0.05444904416799545,
      0.03877197578549385,
      0.04904107376933098,
      0.039715975522994995,
      0.0450713112950325,
      0.0505552776157856,
      0.052060145884752274,
      0.06674068421125412,
      0.06499819457530975,
      0.05377146601676941,
      0.051676493138074875,
      0.03678581491112709,
      0.04398110881447792,
      0.04830673709511757,
      0.05912654846906662,
      0.05811234563589096,
      0.05114217475056648,
      0.04350116103887558,
      0.03923441842198372,
      0.06528764218091965,
      0.0406937338411808,
      0.07484158128499985,
      0.05550802871584892,
      0.050425589084625244,
      0.050407301634550095,
      0.0317620150744915,
      0.043008651584386826,
      0.05279231071472168,
      0.06608226150274277,
      0.054573092609643936,
      0.05712848901748657,
      0.08044516295194626,
      0.19459837675094604
   ],
   "batch_train_times": [
      291.486572265625,
      291.7757568359375,
      292.44415283203125,
      290.77093505859375,
      294.33740234375,
      294.139892578125,
      292.9751281738281,
      293.4546813964844,
      291.8707580566406,
      291.9695739746094,
      292.8804016113281,
      289.0377197265625,
      295.3400573730469,
      294.6244201660156,
      294.9964904785156,
      292.043701171875,
      291.8461608886719,
      292.85699462890625,
      290.97381591796875,
      292.2902526855469,
      292.8039245605469,
      291.35498046875,
      292.8799743652344,
      291.17034912109375,
      293.68707275390625,
      294.41070556640625,
      293.53375244140625,
      294.64166259765625,
      292.9007263183594,
      292.37286376953125,
      293.6082763671875,
      294.9670104980469,
      292.8947448730469,
      294.1781005859375,
      292.9290466308594,
      293.2710266113281,
      292.6819152832031,
      292.04888916015625,
      292.44842529296875,
      293.95965576171875,
      293.45391845703125,
      91.219970703125
   ],
   "val_accuracy": 0.8648648648648649,
   "val_loss": 0.5845811270378731,
   "val_accuracy_per_label": [
      0.9545454545454546,
      1.0,
      0.8333333333333334,
      0.8,
      0.6,
      0.6,
      0.3333333333333333,
      1.0,
      0.0,
      0.6,
      0.0,
      0.8,
      0.6,
      0.6,
      1.0,
      0.0,
      0.6,
      1.0,
      0.6,
      1.0,
      0.9615384615384616,
      1.0,
      0.8,
      0.8,
      0.0,
      0.5,
      0.0,
      0.9,
      0.6,
      0.75,
      1.0,
      1.0,
      1.0,
      0.0,
      0.5,
      1.0,
      0.6,
      0.6,
      1.0,
      0.9,
      1.0,
      1.0,
      1.0
   ]
}