{
   "epoch": 35,
   "batch_train_accuracies": [
      1.0,
      1.0,
      1.0,
      1.0,
      1.0,
      1.0,
      1.0,
      1.0,
      0.984375,
      1.0,
      1.0,
      1.0,
      0.984375,
      1.0,
      1.0,
      1.0,
      1.0,
      1.0,
      1.0,
      1.0,
      1.0,
      1.0,
      1.0,
      1.0,
      1.0,
      1.0,
      1.0,
      1.0,
      0.984375,
      1.0,
      1.0,
      1.0,
      1.0,
      1.0,
      1.0,
      1.0,
      1.0,
      1.0,
      1.0,
      1.0,
      1.0,
      1.0
   ],
   "batch_train_losses": [
      0.14750604331493378,
      0.12229660153388977,
      0.10432123392820358,
      0.14298796653747559,
      0.18930768966674805,
      0.14360089600086212,
      0.09635902941226959,
      0.12266163527965546,
      0.17370204627513885,
      0.12660729885101318,
      0.1432422250509262,
      0.1648864895105362,
      0.1969999372959137,
      0.17164815962314606,
      0.13490864634513855,
      0.15001285076141357,
      0.1356719434261322,
      0.1210283637046814,
      0.1518971472978592,
      0.1138165295124054,
      0.09546811878681183,
      0.16639789938926697,
      0.15932905673980713,
      0.1428145468235016,
      0.1558556854724884,
      0.14048993587493896,
      0.1173117533326149,
      0.18793737888336182,
      0.13524524867534637,
      0.08555502444505692,
      0.15858373045921326,
      0.10757998377084732,
      0.1141323372721672,
      0.1360340714454651,
      0.13733446598052979,
      0.13668562471866608,
      0.12299744039773941,
      0.15358930826187134,
      0.1139577329158783,
      0.10934367030858994,
      0.09485410898923874,
      0.2195262610912323
   ],
   "batch_train_times": [
      291.6823425292969,
      292.1062316894531,
      291.5287170410156,
      291.55548095703125,
      291.2958984375,
      293.80804443359375,
      293.4477233886719,
      292.3602294921875,
      293.9186096191406,
      294.6703796386719,
      291.82977294921875,
      293.71832275390625,
      291.8564147949219,
      294.3038330078125,
      293.47021484375,
      293.683837890625,
      293.2629699707031,
      292.8379211425781,
      292.35809326171875,
      292.262451171875,
      292.4234619140625,
      293.11181640625,
      292.564453125,
      293.320068359375,
      294.458251953125,
      296.15325927734375,
      291.6495361328125,
      295.3503112792969,
      293.4588623046875,
      295.57281494140625,
      293.1011657714844,
      294.4269104003906,
      294.0574035644531,
      291.95074462890625,
      293.5054016113281,
      293.0067138671875,
      294.92633056640625,
      292.76568603515625,
      292.8386535644531,
      293.907958984375,
      292.97247314453125,
      91.35926055908203
   ],
   "val_accuracy": 0.8547297297297297,
   "val_loss": 0.6452060261288205,
   "val_accuracy_per_label": [
      1.0,
      1.0,
      1.0,
      0.8,
      0.4,
      0.6,
      0.3333333333333333,
      0.95,
      0.0,
      0.2,
      0.0,
      1.0,
      0.4,
      0.8,
      0.8,
      0.0,
      0.4,
      1.0,
      0.6,
      1.0,
      1.0,
      1.0,
      0.8,
      0.8,
      0.0,
      0.5,
      0.0,
      0.8,
      0.2,
      1.0,
      1.0,
      1.0,
      1.0,
      0.0,
      0.5,
      1.0,
      1.0,
      0.6,
      0.9333333333333333,
      1.0,
      1.0,
      1.0,
      1.0
   ]
}