{
   "epoch": 43,
   "batch_train_accuracies": [
      1.0,
      1.0,
      1.0,
      1.0,
      1.0,
      1.0,
      1.0,
      1.0,
      1.0,
      1.0,
      1.0,
      1.0,
      1.0,
      1.0,
      1.0,
      1.0,
      1.0,
      1.0,
      1.0,
      1.0,
      1.0,
      1.0,
      1.0,
      1.0,
      1.0,
      1.0,
      1.0,
      1.0,
      1.0,
      1.0,
      1.0,
      1.0,
      1.0,
      1.0,
      1.0,
      1.0,
      1.0,
      1.0,
      1.0,
      1.0,
      1.0,
      1.0
   ],
   "batch_train_losses": [
      0.12720805406570435,
      0.09436840564012527,
      0.10706145316362381,
      0.11043274402618408,
      0.10260076820850372,
      0.09712538123130798,
      0.0815945491194725,
      0.07433916628360748,
      0.12119806557893753,
      0.11648391932249069,
      0.07946810871362686,
      0.09386490285396576,
      0.10825346410274506,
      0.0895661860704422,
      0.12881094217300415,
      0.08601437509059906,
      0.10484691709280014,
      0.16034668684005737,
      0.07187128067016602,
      0.15572088956832886,
      0.09651722759008408,
      0.107545405626297,
      0.08925674855709076,
      0.07742846012115479,
      0.10245560109615326,
      0.06731002777814865,
      0.0747016966342926,
      0.08190861344337463,
      0.14657357335090637,
      0.13392841815948486,
      0.11106185615062714,
      0.13451826572418213,
      0.09932336956262589,
      0.10474245995283127,
      0.11208538711071014,
      0.09184710681438446,
      0.08399440348148346,
      0.13626964390277863,
      0.06699167191982269,
      0.06430231779813766,
      0.10114865005016327,
      0.11877194792032242
   ],
   "batch_train_times": [
      293.5901184082031,
      293.5511779785156,
      291.70953369140625,
      291.69830322265625,
      294.19085693359375,
      291.7642517089844,
      293.9571533203125,
      291.0909423828125,
      292.2086486816406,
      294.7563781738281,
      291.1123962402344,
      292.12091064453125,
      293.2093200683594,
      295.2287292480469,
      294.32220458984375,
      292.9144287109375,
      293.137939453125,
      294.47576904296875,
      293.93365478515625,
      294.0682067871094,
      292.7329406738281,
      294.35772705078125,
      292.05889892578125,
      293.9637756347656,
      293.9661560058594,
      294.7290344238281,
      293.87890625,
      293.36785888671875,
      292.2782897949219,
      293.6279296875,
      293.2765197753906,
      293.77947998046875,
      294.5137634277344,
      294.4731750488281,
      292.8644104003906,
      292.2989501953125,
      294.602294921875,
      295.18878173828125,
      293.3776550292969,
      292.2793273925781,
      290.9715881347656,
      92.47395324707031
   ],
   "val_accuracy": 0.8581081081081081,
   "val_loss": 0.6026053670290354,
   "val_accuracy_per_label": [
      1.0,
      1.0,
      1.0,
      0.8,
      0.6,
      0.4,
      0.3333333333333333,
      0.95,
      0.0,
      0.2,
      0.0,
      1.0,
      0.4,
      0.6,
      0.8,
      0.0,
      0.6,
      1.0,
      0.6,
      1.0,
      1.0,
      1.0,
      0.8,
      0.8,
      0.0,
      0.5,
      0.0,
      0.85,
      0.4,
      0.75,
      1.0,
      1.0,
      0.8,
      0.0,
      0.5,
      1.0,
      1.0,
      0.6,
      1.0,
      1.0,
      1.0,
      1.0,
      1.0
   ]
}