{
   "epoch": 46,
   "batch_train_accuracies": [
      1.0,
      1.0,
      1.0,
      1.0,
      1.0,
      1.0,
      1.0,
      1.0,
      1.0,
      1.0,
      1.0,
      1.0,
      1.0,
      1.0,
      1.0,
      1.0,
      1.0,
      1.0,
      1.0,
      1.0,
      1.0,
      1.0,
      1.0,
      1.0,
      1.0,
      1.0,
      1.0,
      1.0,
      1.0,
      1.0,
      1.0,
      1.0,
      1.0,
      1.0,
      1.0,
      1.0,
      1.0,
      1.0,
      1.0,
      1.0,
      1.0,
      1.0
   ],
   "batch_train_losses": [
      0.07472898811101913,
      0.08802913129329681,
      0.10766156017780304,
      0.09763418883085251,
      0.11022379249334335,
      0.10085280239582062,
      0.1111525222659111,
      0.08265458792448044,
      0.10341311991214752,
      0.06823974847793579,
      0.08758064359426498,
      0.07211912423372269,
      0.07037344574928284,
      0.08895016461610794,
      0.10435347259044647,
      0.07235036045312881,
      0.05880117788910866,
      0.08038832992315292,
      0.08880283683538437,
      0.08329121768474579,
      0.07612526416778564,
      0.11952074617147446,
      0.07871269434690475,
      0.07858283072710037,
      0.1316923052072525,
      0.11729706823825836,
      0.10386146605014801,
      0.11502282321453094,
      0.0938282459974289,
      0.07757323980331421,
      0.054560352116823196,
      0.061011433601379395,
      0.10171246528625488,
      0.06226305291056633,
      0.0919613316655159,
      0.07226736098527908,
      0.091778963804245,
      0.11891692131757736,
      0.10135521739721298,
      0.06969888508319855,
      0.09047973901033401,
      0.16002066433429718
   ],
   "batch_train_times": [
      291.38031005859375,
      294.0574951171875,
      293.2698669433594,
      292.3294372558594,
      292.8824768066406,
      294.61328125,
      293.61090087890625,
      294.9980163574219,
      292.0622863769531,
      294.1319885253906,
      292.5378112792969,
      294.4798889160156,
      293.5167236328125,
      292.34234619140625,
      292.29669189453125,
      293.0738830566406,
      293.5419006347656,
      293.80328369140625,
      292.994384765625,
      294.3001403808594,
      294.3590393066406,
      294.2822265625,
      294.2464294433594,
      294.55560302734375,
      291.4908142089844,
      292.718505859375,
      293.86346435546875,
      292.4396667480469,
      293.8512878417969,
      293.5726318359375,
      291.81103515625,
      293.6279296875,
      290.7259216308594,
      292.72113037109375,
      294.22796630859375,
      294.5884094238281,
      293.7671813964844,
      292.3622741699219,
      291.9483947753906,
      294.586669921875,
      293.25189208984375,
      92.61373138427734
   ],
   "val_accuracy": 0.875,
   "val_loss": 0.6094290444979796,
   "val_accuracy_per_label": [
      0.9545454545454546,
      1.0,
      0.8333333333333334,
      0.8,
      0.4,
      0.4,
      0.3333333333333333,
      1.0,
      0.0,
      1.0,
      0.0,
      1.0,
      0.6,
      0.6,
      0.8,
      0.0,
      0.6,
      1.0,
      0.6,
      1.0,
      1.0,
      1.0,
      0.8,
      0.8,
      0.0,
      0.5,
      0.0,
      0.85,
      0.6,
      1.0,
      1.0,
      1.0,
      0.8,
      0.0,
      0.5,
      1.0,
      1.0,
      0.6,
      1.0,
      1.0,
      1.0,
      1.0,
      1.0
   ]
}