{
   "epoch": 73,
   "batch_train_accuracies": [
      1.0,
      1.0,
      1.0,
      1.0,
      1.0,
      1.0,
      1.0,
      1.0,
      1.0,
      1.0,
      1.0,
      1.0,
      1.0,
      1.0,
      1.0,
      1.0,
      1.0,
      1.0,
      1.0,
      1.0,
      1.0,
      1.0,
      1.0,
      1.0,
      1.0,
      1.0,
      1.0,
      1.0,
      1.0,
      1.0,
      1.0,
      1.0,
      1.0,
      1.0,
      1.0,
      1.0,
      1.0,
      1.0,
      1.0,
      1.0,
      1.0,
      1.0
   ],
   "batch_train_losses": [
      0.02951456420123577,
      0.03395915776491165,
      0.05361934378743172,
      0.040596164762973785,
      0.042216956615448,
      0.041013430804014206,
      0.05087057128548622,
      0.054512228816747665,
      0.0688018798828125,
      0.034990742802619934,
      0.04360303282737732,
      0.0395284928381443,
      0.05006692558526993,
      0.04245605692267418,
      0.035894524306058884,
      0.052173931151628494,
      0.09299740195274353,
      0.05568848177790642,
      0.03467486798763275,
      0.040196605026721954,
      0.050061602145433426,
      0.057754866778850555,
      0.035345617681741714,
      0.038930416107177734,
      0.04443465545773506,
      0.029857221990823746,
      0.04850234091281891,
      0.03751077875494957,
      0.08512953668832779,
      0.04450087994337082,
      0.0335516482591629,
      0.044876910746097565,
      0.049953095614910126,
      0.0489572249352932,
      0.025822818279266357,
      0.042009711265563965,
      0.09324727207422256,
      0.035744599997997284,
      0.035482194274663925,
      0.04595613852143288,
      0.03616860881447792,
      0.08958689123392105
   ],
   "batch_train_times": [
      291.3634033203125,
      292.53118896484375,
      292.4441223144531,
      294.9950866699219,
      291.3849792480469,
      294.45428466796875,
      291.0743103027344,
      293.68731689453125,
      293.8619384765625,
      295.34136962890625,
      292.5384216308594,
      295.6637268066406,
      292.4708251953125,
      291.6045227050781,
      291.6129150390625,
      293.6375732421875,
      293.8965759277344,
      293.7830505371094,
      293.52410888671875,
      294.81732177734375,
      294.6531982421875,
      292.61407470703125,
      293.7347717285156,
      292.6700744628906,
      293.33587646484375,
      292.5382080078125,
      293.4149475097656,
      292.7677001953125,
      292.942626953125,
      293.6604919433594,
      294.677734375,
      294.343505859375,
      293.193115234375,
      293.00146484375,
      292.29095458984375,
      295.3563232421875,
      293.69757080078125,
      293.8001403808594,
      294.53515625,
      294.5566711425781,
      292.5327453613281,
      90.32457733154297
   ],
   "val_accuracy": 0.8716216216216216,
   "val_loss": 0.5728639380351918,
   "val_accuracy_per_label": [
      0.8636363636363636,
      1.0,
      0.8333333333333334,
      0.8,
      0.4,
      0.8,
      0.3333333333333333,
      1.0,
      0.0,
      1.0,
      0.0,
      1.0,
      0.6,
      0.6,
      1.0,
      0.0,
      0.6,
      1.0,
      0.6,
      1.0,
      0.9615384615384616,
      1.0,
      0.8,
      0.8,
      0.0,
      0.5,
      0.0,
      1.0,
      0.6,
      0.75,
      1.0,
      1.0,
      0.8,
      0.0,
      0.5,
      1.0,
      0.6,
      0.6,
      1.0,
      0.9,
      1.0,
      1.0,
      1.0
   ]
}