{
   "epoch": 47,
   "batch_train_accuracies": [
      1.0,
      1.0,
      1.0,
      1.0,
      1.0,
      1.0,
      1.0,
      1.0,
      1.0,
      1.0,
      1.0,
      1.0,
      1.0,
      1.0,
      1.0,
      1.0,
      1.0,
      1.0,
      1.0,
      1.0,
      1.0,
      1.0,
      1.0,
      1.0,
      1.0,
      1.0,
      1.0,
      1.0,
      1.0,
      1.0,
      1.0,
      1.0,
      1.0,
      1.0,
      1.0,
      1.0,
      1.0,
      1.0,
      1.0,
      1.0,
      1.0,
      1.0
   ],
   "batch_train_losses": [
      0.07236084342002869,
      0.09675301611423492,
      0.09730727225542068,
      0.07535102218389511,
      0.07478384673595428,
      0.09252914786338806,
      0.0706111490726471,
      0.12109045684337616,
      0.07952334731817245,
      0.09915143251419067,
      0.10132806748151779,
      0.06079752370715141,
      0.12095562368631363,
      0.0919414684176445,
      0.08502670377492905,
      0.06449563056230545,
      0.09314119070768356,
      0.07028618454933167,
      0.12011288851499557,
      0.11462261527776718,
      0.0857183188199997,
      0.10789134353399277,
      0.08685003221035004,
      0.09775382280349731,
      0.09655465185642242,
      0.10646029561758041,
      0.08225630968809128,
      0.07678676396608353,
      0.06925967335700989,
      0.09050371497869492,
      0.13699060678482056,
      0.06582829356193542,
      0.1093660220503807,
      0.06357723474502563,
      0.06024693697690964,
      0.08826474845409393,
      0.08332391083240509,
      0.0775192379951477,
      0.09708449989557266,
      0.13136477768421173,
      0.09367276728153229,
      0.24359199404716492
   ],
   "batch_train_times": [
      291.62847900390625,
      293.809814453125,
      292.15264892578125,
      291.8359375,
      293.232666015625,
      293.28375244140625,
      294.3753662109375,
      292.3868408203125,
      293.9704895019531,
      293.1036071777344,
      293.9657287597656,
      294.62152099609375,
      290.3110656738281,
      290.8528747558594,
      295.49700927734375,
      293.9889221191406,
      292.7101135253906,
      293.8106994628906,
      292.1882019042969,
      293.3511657714844,
      292.6015930175781,
      292.7391357421875,
      293.7817077636719,
      293.7825622558594,
      291.3663330078125,
      294.4346923828125,
      295.1190185546875,
      291.9016418457031,
      293.697021484375,
      293.37396240234375,
      293.4742736816406,
      294.17047119140625,
      292.21258544921875,
      293.80426025390625,
      293.32855224609375,
      293.58856201171875,
      294.465087890625,
      293.99591064453125,
      293.57708740234375,
      293.56005859375,
      294.4471130371094,
      93.85164642333984
   ],
   "val_accuracy": 0.8648648648648649,
   "val_loss": 0.5773063849758457,
   "val_accuracy_per_label": [
      1.0,
      1.0,
      1.0,
      0.8,
      0.4,
      0.4,
      0.3333333333333333,
      0.95,
      0.0,
      0.4,
      0.0,
      1.0,
      0.4,
      0.6,
      0.8,
      0.0,
      0.6,
      1.0,
      0.6,
      1.0,
      1.0,
      1.0,
      0.8,
      0.8,
      0.0,
      0.5,
      0.0,
      0.8,
      0.8,
      1.0,
      1.0,
      1.0,
      0.8,
      0.0,
      0.5,
      1.0,
      1.0,
      0.6,
      1.0,
      1.0,
      1.0,
      1.0,
      1.0
   ]
}