{
   "epoch": 49,
   "batch_train_accuracies": [
      1.0,
      1.0,
      1.0,
      1.0,
      1.0,
      1.0,
      1.0,
      1.0,
      1.0,
      1.0,
      1.0,
      1.0,
      1.0,
      1.0,
      1.0,
      1.0,
      1.0,
      1.0,
      1.0,
      1.0,
      1.0,
      1.0,
      1.0,
      1.0,
      1.0,
      1.0,
      1.0,
      1.0,
      1.0,
      1.0,
      1.0,
      1.0,
      1.0,
      1.0,
      1.0,
      1.0,
      1.0,
      1.0,
      1.0,
      1.0,
      1.0,
      1.0
   ],
   "batch_train_losses": [
      0.10217969119548798,
      0.07336840033531189,
      0.07948953658342361,
      0.062203388661146164,
      0.09507494419813156,
      0.09072010219097137,
      0.057143013924360275,
      0.06163522228598595,
      0.062204018235206604,
      0.1186055839061737,
      0.06422028690576553,
      0.06648161262273788,
      0.0805785208940506,
      0.08711587637662888,
      0.09749218076467514,
      0.080890953540802,
      0.05222587659955025,
      0.10319827497005463,
      0.0978139266371727,
      0.10401559621095657,
      0.0762874111533165,
      0.09453901648521423,
      0.10006598383188248,
      0.05511976778507233,
      0.09112467616796494,
      0.07313541322946548,
      0.1109580248594284,
      0.1192893236875534,
      0.09210897982120514,
      0.07865951210260391,
      0.07077065110206604,
      0.08310672640800476,
      0.07051916420459747,
      0.0925421342253685,
      0.11249455064535141,
      0.07245269417762756,
      0.10039486736059189,
      0.06480827927589417,
      0.08479158580303192,
      0.0716497004032135,
      0.08252948522567749,
      0.23050884902477264
   ],
   "batch_train_times": [
      294.2319641113281,
      290.5502014160156,
      293.6051940917969,
      291.9120178222656,
      291.8154602050781,
      291.8485107421875,
      291.6298522949219,
      294.32220458984375,
      294.09344482421875,
      292.5450134277344,
      294.1457214355469,
      293.02386474609375,
      295.13623046875,
      293.0174255371094,
      294.1856994628906,
      293.7641296386719,
      296.4403381347656,
      293.1038818359375,
      295.2325134277344,
      291.3687744140625,
      292.5117492675781,
      293.301513671875,
      292.7502136230469,
      292.73553466796875,
      292.0732116699219,
      292.12261962890625,
      292.7472839355469,
      295.11376953125,
      292.96026611328125,
      291.9999694824219,
      292.3201599121094,
      294.1993408203125,
      293.1773681640625,
      293.84295654296875,
      292.44805908203125,
      293.309814453125,
      293.5067443847656,
      290.9664001464844,
      291.59832763671875,
      293.5541687011719,
      293.8368225097656,
      92.5040283203125
   ],
   "val_accuracy": 0.8783783783783784,
   "val_loss": 0.5746250434501751,
   "val_accuracy_per_label": [
      1.0,
      1.0,
      0.8333333333333334,
      0.8,
      0.6,
      0.6,
      0.3333333333333333,
      1.0,
      0.0,
      0.4,
      0.0,
      1.0,
      0.6,
      0.6,
      0.8,
      0.0,
      0.6,
      1.0,
      0.6,
      1.0,
      1.0,
      1.0,
      0.8,
      0.8,
      0.0,
      0.5,
      0.0,
      0.85,
      0.6,
      1.0,
      1.0,
      1.0,
      1.0,
      0.0,
      0.5,
      1.0,
      1.0,
      0.6,
      1.0,
      1.0,
      1.0,
      1.0,
      1.0
   ]
}