{
   "epoch": 61,
   "batch_train_accuracies": [
      1.0,
      1.0,
      1.0,
      1.0,
      1.0,
      1.0,
      1.0,
      1.0,
      1.0,
      1.0,
      1.0,
      1.0,
      1.0,
      1.0,
      1.0,
      1.0,
      1.0,
      1.0,
      1.0,
      1.0,
      1.0,
      1.0,
      1.0,
      1.0,
      1.0,
      1.0,
      1.0,
      1.0,
      1.0,
      1.0,
      1.0,
      1.0,
      1.0,
      1.0,
      1.0,
      1.0,
      1.0,
      1.0,
      1.0,
      1.0,
      1.0,
      1.0
   ],
   "batch_train_losses": [
      0.04298488423228264,
      0.058610763400793076,
      0.05729096010327339,
      0.039433691650629044,
      0.0514809712767601,
      0.05330557003617287,
      0.036012761294841766,
      0.03612186387181282,
      0.03994986414909363,
      0.06433898955583572,
      0.11059775948524475,
      0.04517195373773575,
      0.052366212010383606,
      0.06569056212902069,
      0.06782408803701401,
      0.06784343719482422,
      0.04764489829540253,
      0.04925947263836861,
      0.06081097945570946,
      0.07839807868003845,
      0.05339653044939041,
      0.07549294084310532,
      0.04329124838113785,
      0.10585307329893112,
      0.05533758923411369,
      0.03338633477687836,
      0.058233875781297684,
      0.07856182754039764,
      0.05850628390908241,
      0.06864020973443985,
      0.04957643896341324,
      0.05036184936761856,
      0.07964211702346802,
      0.062235940247774124,
      0.07254708558320999,
      0.0682724341750145,
      0.0643373355269432,
      0.048116542398929596,
      0.049022126942873,
      0.07709202170372009,
      0.0755980983376503,
      0.17883138358592987
   ],
   "batch_train_times": [
      292.3950500488281,
      295.35028076171875,
      292.9004821777344,
      293.43743896484375,
      291.2727355957031,
      293.0729064941406,
      294.645751953125,
      292.25872802734375,
      293.4783935546875,
      294.32830810546875,
      294.1419982910156,
      292.92138671875,
      294.0108947753906,
      290.9185791015625,
      291.8700866699219,
      291.6516418457031,
      291.4361877441406,
      292.16168212890625,
      291.4447326660156,
      294.498291015625,
      293.0790710449219,
      292.89581298828125,
      293.1097717285156,
      292.5429992675781,
      293.607421875,
      295.2903137207031,
      294.246826171875,
      293.7376708984375,
      293.7257080078125,
      293.18194580078125,
      292.4296569824219,
      293.7716064453125,
      293.3480529785156,
      293.5289306640625,
      292.0700378417969,
      296.3474426269531,
      293.1041259765625,
      292.9617004394531,
      293.5458984375,
      292.8043518066406,
      292.47686767578125,
      92.16770935058594
   ],
   "val_accuracy": 0.8716216216216216,
   "val_loss": 0.5892069758595647,
   "val_accuracy_per_label": [
      1.0,
      1.0,
      0.8333333333333334,
      0.8,
      0.6,
      0.4,
      0.3333333333333333,
      1.0,
      0.0,
      0.4,
      0.0,
      1.0,
      0.6,
      0.6,
      1.0,
      0.0,
      0.6,
      1.0,
      0.6,
      1.0,
      1.0,
      1.0,
      0.8,
      0.8,
      0.0,
      0.5,
      0.0,
      0.95,
      0.6,
      0.75,
      1.0,
      1.0,
      1.0,
      0.0,
      0.5,
      1.0,
      0.6,
      0.6,
      1.0,
      0.9,
      1.0,
      1.0,
      1.0
   ]
}