{
   "epoch": 87,
   "batch_train_accuracies": [
      1.0,
      1.0,
      1.0,
      1.0,
      1.0,
      1.0,
      1.0,
      1.0,
      1.0,
      1.0,
      1.0,
      1.0,
      1.0,
      1.0,
      1.0,
      1.0,
      1.0,
      1.0,
      1.0,
      1.0,
      1.0,
      1.0,
      1.0,
      1.0,
      1.0,
      1.0,
      1.0,
      1.0,
      1.0,
      1.0,
      1.0,
      1.0,
      1.0,
      1.0,
      1.0,
      1.0,
      1.0,
      1.0,
      1.0,
      1.0,
      1.0,
      1.0
   ],
   "batch_train_losses": [
      0.04012196138501167,
      0.021347252652049065,
      0.031011104583740234,
      0.03830961883068085,
      0.04949113726615906,
      0.04085039347410202,
      0.03697555512189865,
      0.0412522591650486,
      0.03341158851981163,
      0.03345870599150658,
      0.02490558847784996,
      0.024840323254466057,
      0.0627535954117775,
      0.03200986608862877,
      0.039555907249450684,
      0.0337214469909668,
      0.04212503507733345,
      0.028599562123417854,
      0.029491940513253212,
      0.03750297799706459,
      0.04345222935080528,
      0.033313553780317307,
      0.03950091823935509,
      0.04827636852860451,
      0.02866031415760517,
      0.03282919153571129,
      0.06242138519883156,
      0.027738939970731735,
      0.032460425049066544,
      0.033686812967061996,
      0.026500852778553963,
      0.03315082564949989,
      0.04981256276369095,
      0.02236671932041645,
      0.029136907309293747,
      0.06270645558834076,
      0.03245934844017029,
      0.024058248847723007,
      0.04119241610169411,
      0.04530917853116989,
      0.03958146274089813,
      0.12724892795085907
   ],
   "batch_train_times": [
      293.986328125,
      291.67047119140625,
      294.08642578125,
      292.97027587890625,
      292.8312683105469,
      294.4512023925781,
      294.0252380371094,
      292.6184997558594,
      295.1985778808594,
      293.9719543457031,
      292.9385681152344,
      293.2055969238281,
      295.7332458496094,
      294.36785888671875,
      293.85498046875,
      292.6776428222656,
      291.2645263671875,
      290.244384765625,
      294.4921875,
      293.0462646484375,
      293.79766845703125,
      292.4174499511719,
      292.734130859375,
      294.8244934082031,
      292.3274230957031,
      294.2689514160156,
      294.195068359375,
      292.04888916015625,
      291.88140869140625,
      295.3052062988281,
      292.3542785644531,
      293.2266845703125,
      294.90399169921875,
      295.4547424316406,
      293.1048583984375,
      293.9469299316406,
      292.663330078125,
      292.35369873046875,
      292.5457458496094,
      295.0287780761719,
      292.8924255371094,
      91.34178924560547
   ],
   "val_accuracy": 0.8817567567567568,
   "val_loss": 0.5861981946068842,
   "val_accuracy_per_label": [
      1.0,
      1.0,
      0.8333333333333334,
      0.8,
      0.4,
      0.6,
      0.3333333333333333,
      1.0,
      0.0,
      0.6,
      0.0,
      1.0,
      0.6,
      0.6,
      1.0,
      0.0,
      0.8,
      1.0,
      0.6,
      1.0,
      1.0,
      1.0,
      0.8,
      0.8,
      0.0,
      0.7,
      0.0,
      0.95,
      0.6,
      0.75,
      1.0,
      1.0,
      0.8,
      0.0,
      0.5,
      1.0,
      0.6,
      0.6,
      1.0,
      0.9,
      1.0,
      1.0,
      1.0
   ]
}