{
   "epoch": 80,
   "batch_train_accuracies": [
      1.0,
      1.0,
      1.0,
      1.0,
      1.0,
      1.0,
      1.0,
      1.0,
      1.0,
      1.0,
      1.0,
      1.0,
      1.0,
      1.0,
      0.984375,
      1.0,
      1.0,
      1.0,
      1.0,
      1.0,
      1.0,
      1.0,
      1.0,
      1.0,
      1.0,
      1.0,
      1.0,
      1.0,
      1.0,
      1.0,
      1.0,
      1.0,
      1.0,
      1.0,
      1.0,
      1.0,
      1.0,
      1.0,
      1.0,
      1.0,
      1.0,
      1.0
   ],
   "batch_train_losses": [
      0.033988043665885925,
      0.03128128498792648,
      0.04248833656311035,
      0.03081538714468479,
      0.051356978714466095,
      0.04286053404211998,
      0.04960931837558746,
      0.028073230758309364,
      0.038114022463560104,
      0.03440692275762558,
      0.052218977361917496,
      0.035696566104888916,
      0.040129560977220535,
      0.032961562275886536,
      0.06476400792598724,
      0.04392724856734276,
      0.04534048214554787,
      0.03197014331817627,
      0.038213327527046204,
      0.03507531061768532,
      0.03506886586546898,
      0.05632131174206734,
      0.0300007127225399,
      0.05996597185730934,
      0.03511485084891319,
      0.03667432442307472,
      0.027082178741693497,
      0.04689495638012886,
      0.038771387189626694,
      0.04485871642827988,
      0.04395030438899994,
      0.03776077181100845,
      0.04895719140768051,
      0.03464367613196373,
      0.05232364311814308,
      0.026376044377684593,
      0.04283144697546959,
      0.06087753176689148,
      0.04779503867030144,
      0.025734618306159973,
      0.051546860486269,
      0.16659413278102875
   ],
   "batch_train_times": [
      293.3736572265625,
      295.048828125,
      296.0834655761719,
      295.16510009765625,
      292.57525634765625,
      296.2903137207031,
      294.1276550292969,
      294.15679931640625,
      293.0471496582031,
      293.519287109375,
      294.9587097167969,
      295.357177734375,
      294.056396484375,
      293.8904113769531,
      292.6448974609375,
      294.1133117675781,
      295.4656982421875,
      292.5895690917969,
      292.0223083496094,
      293.25341796875,
      295.0632629394531,
      292.27459716796875,
      293.349365234375,
      293.0428466796875,
      292.28033447265625,
      292.1324157714844,
      294.20806884765625,
      293.3677978515625,
      292.2820739746094,
      292.6120910644531,
      294.2967224121094,
      291.3733825683594,
      293.4339294433594,
      295.477294921875,
      294.1986389160156,
      292.29229736328125,
      292.1759948730469,
      294.0174255371094,
      293.0807800292969,
      292.4664001464844,
      292.35614013671875,
      92.17616271972656
   ],
   "val_accuracy": 0.8817567567567568,
   "val_loss": 0.6070117692689638,
   "val_accuracy_per_label": [
      0.9545454545454546,
      1.0,
      0.8333333333333334,
      0.8,
      0.8,
      0.8,
      0.3333333333333333,
      1.0,
      0.0,
      1.0,
      0.0,
      0.8,
      0.6,
      0.6,
      1.0,
      0.0,
      0.6,
      1.0,
      0.6,
      1.0,
      0.9615384615384616,
      1.0,
      0.8,
      1.0,
      0.0,
      0.5,
      0.0,
      0.95,
      0.6,
      0.75,
      1.0,
      1.0,
      1.0,
      0.0,
      0.5,
      1.0,
      0.6,
      0.6,
      0.9333333333333333,
      0.9,
      1.0,
      1.0,
      1.0
   ]
}