{
   "epoch": 71,
   "batch_train_accuracies": [
      1.0,
      1.0,
      1.0,
      1.0,
      1.0,
      1.0,
      1.0,
      1.0,
      1.0,
      1.0,
      1.0,
      1.0,
      1.0,
      1.0,
      1.0,
      1.0,
      1.0,
      1.0,
      1.0,
      1.0,
      1.0,
      1.0,
      1.0,
      1.0,
      1.0,
      1.0,
      1.0,
      1.0,
      1.0,
      1.0,
      1.0,
      1.0,
      1.0,
      1.0,
      1.0,
      1.0,
      1.0,
      1.0,
      1.0,
      1.0,
      1.0,
      1.0
   ],
   "batch_train_losses": [
      0.05505172908306122,
      0.08005831390619278,
      0.04478638246655464,
      0.04828394576907158,
      0.06067012622952461,
      0.07799126207828522,
      0.06761132925748825,
      0.03488049656152725,
      0.05986534059047699,
      0.04623912274837494,
      0.04782162606716156,
      0.06772558391094208,
      0.0802072212100029,
      0.04934050515294075,
      0.05453427881002426,
      0.029614321887493134,
      0.03632735088467598,
      0.053023163229227066,
      0.032077327370643616,
      0.059456583112478256,
      0.04385875165462494,
      0.05697734281420708,
      0.03870321437716484,
      0.05978349223732948,
      0.06273355334997177,
      0.04127265140414238,
      0.06303298473358154,
      0.060186270624399185,
      0.06179102137684822,
      0.03229444846510887,
      0.09043624252080917,
      0.040735457092523575,
      0.0439939945936203,
      0.04609301686286926,
      0.03870461508631706,
      0.03609377518296242,
      0.03347324952483177,
      0.04577125608921051,
      0.059411946684122086,
      0.060061465948820114,
      0.05200010910630226,
      0.09683768451213837
   ],
   "batch_train_times": [
      290.3609619140625,
      293.3125305175781,
      293.3084411621094,
      293.70166015625,
      291.7355651855469,
      292.2701110839844,
      292.9482116699219,
      292.32659912109375,
      294.13580322265625,
      294.50640869140625,
      292.3561096191406,
      292.3458557128906,
      293.7200927734375,
      291.51641845703125,
      293.5247802734375,
      292.8616638183594,
      293.5004577636719,
      294.5269775390625,
      294.5083923339844,
      295.0103454589844,
      295.6261901855469,
      294.2139892578125,
      294.21527099609375,
      293.095458984375,
      293.5406188964844,
      292.6917419433594,
      294.7076110839844,
      292.732421875,
      294.111572265625,
      293.6435546875,
      294.7624816894531,
      293.5220947265625,
      291.4918518066406,
      292.30877685546875,
      293.8367919921875,
      294.58428955078125,
      294.1410217285156,
      295.4018249511719,
      291.580078125,
      293.5438537597656,
      293.82861328125,
      92.94493103027344
   ],
   "val_accuracy": 0.875,
   "val_loss": 0.5783676134573447,
   "val_accuracy_per_label": [
      0.8636363636363636,
      1.0,
      0.8333333333333334,
      0.8,
      0.4,
      1.0,
      0.6666666666666666,
      1.0,
      0.0,
      1.0,
      0.0,
      0.8,
      0.6,
      0.6,
      1.0,
      0.0,
      0.6,
      1.0,
      0.8,
      1.0,
      1.0,
      1.0,
      0.8,
      0.8,
      0.0,
      0.5,
      0.0,
      0.95,
      0.6,
      0.75,
      1.0,
      1.0,
      0.8,
      0.0,
      0.5,
      1.0,
      0.6,
      0.6,
      0.9333333333333333,
      0.9,
      1.0,
      1.0,
      1.0
   ]
}