{
   "epoch": 99,
   "batch_train_accuracies": [
      1.0,
      1.0,
      1.0,
      1.0,
      1.0,
      1.0,
      1.0,
      1.0,
      1.0,
      1.0,
      1.0,
      1.0,
      1.0,
      1.0,
      1.0,
      1.0,
      1.0,
      1.0,
      1.0,
      1.0,
      1.0,
      1.0,
      1.0,
      1.0,
      1.0,
      1.0,
      1.0,
      1.0,
      1.0,
      1.0,
      1.0,
      1.0,
      1.0,
      1.0,
      1.0,
      1.0,
      1.0,
      1.0,
      1.0,
      1.0,
      1.0,
      1.0
   ],
   "batch_train_losses": [
      0.037194810807704926,
      0.02290968783199787,
      0.04566913843154907,
      0.019775092601776123,
      0.04390966519713402,
      0.04452374204993248,
      0.0416337288916111,
      0.07664501667022705,
      0.039888378232717514,
      0.02105051651597023,
      0.019165225327014923,
      0.03203647956252098,
      0.06068241223692894,
      0.038713324815034866,
      0.03388434275984764,
      0.032305918633937836,
      0.045159678906202316,
      0.02701452560722828,
      0.044743508100509644,
      0.03293740749359131,
      0.026815365999937057,
      0.021195951849222183,
      0.024972720071673393,
      0.054655030369758606,
      0.041155289858579636,
      0.0108961695805192,
      0.028745044022798538,
      0.04142913222312927,
      0.04364941269159317,
      0.028159184381365776,
      0.029188580811023712,
      0.02828630432486534,
      0.029160872101783752,
      0.019844481721520424,
      0.042324695736169815,
      0.03187674283981323,
      0.04635618254542351,
      0.04880363494157791,
      0.027967208996415138,
      0.027291269972920418,
      0.02519163489341736,
      0.18168692290782928
   ],
   "batch_train_times": [
      294.0255126953125,
      294.4083557128906,
      293.4482421875,
      293.92547607421875,
      292.9416809082031,
      293.0567321777344,
      294.6522521972656,
      293.2224426269531,
      294.4593505859375,
      294.0600280761719,
      292.131591796875,
      292.9659118652344,
      293.9503479003906,
      294.275390625,
      292.5752258300781,
      295.8130187988281,
      293.6724548339844,
      291.3546447753906,
      293.446533203125,
      293.2655334472656,
      294.2486267089844,
      293.9449768066406,
      293.5945739746094,
      293.58526611328125,
      293.8081359863281,
      294.38629150390625,
      295.33392333984375,
      296.5902404785156,
      292.697021484375,
      294.25494384765625,
      291.5333251953125,
      296.19378662109375,
      292.2492980957031,
      295.95037841796875,
      294.4884033203125,
      296.125,
      293.0905456542969,
      293.18670654296875,
      295.0513000488281,
      294.0518493652344,
      294.3594055175781,
      90.80592346191406
   ],
   "val_accuracy": 0.8783783783783784,
   "val_loss": 0.6260392665863037,
   "val_accuracy_per_label": [
      1.0,
      0.8,
      0.8333333333333334,
      0.8,
      0.4,
      0.8,
      0.6666666666666666,
      1.0,
      0.0,
      1.0,
      0.0,
      0.8,
      0.6,
      0.6,
      1.0,
      0.0,
      0.4,
      1.0,
      0.6,
      1.0,
      1.0,
      1.0,
      1.0,
      0.6,
      0.0,
      0.8,
      0.0,
      0.95,
      0.6,
      0.75,
      1.0,
      1.0,
      0.8,
      0.0,
      0.5,
      1.0,
      0.2,
      0.6,
      1.0,
      1.0,
      1.0,
      0.875,
      1.0
   ]
}