{
   "epoch": 20,
   "batch_train_accuracies": [
      0.984375,
      0.984375,
      1.0,
      1.0,
      1.0,
      0.96875,
      0.984375,
      1.0,
      1.0,
      0.984375,
      1.0,
      1.0,
      1.0,
      0.96875,
      1.0,
      0.984375,
      0.953125,
      1.0,
      1.0,
      1.0,
      1.0,
      0.984375,
      0.96875,
      0.984375,
      0.984375,
      0.96875,
      1.0,
      1.0,
      0.984375,
      1.0,
      0.96875,
      1.0,
      0.96875,
      0.984375,
      1.0,
      0.984375,
      0.984375,
      0.96875,
      0.984375,
      1.0,
      0.96875,
      0.875
   ],
   "batch_train_losses": [
      0.3277404308319092,
      0.21135467290878296,
      0.23608724772930145,
      0.2259136140346527,
      0.21258366107940674,
      0.3284670412540436,
      0.21660347282886505,
      0.22803209722042084,
      0.25952956080436707,
      0.24540625512599945,
      0.29129406809806824,
      0.2372516542673111,
      0.19577090442180634,
      0.25660809874534607,
      0.27124887704849243,
      0.3933921754360199,
      0.3198091387748718,
      0.24893732368946075,
      0.22557225823402405,
      0.24274234473705292,
      0.25704216957092285,
      0.28684282302856445,
      0.30623260140419006,
      0.24910002946853638,
      0.23979955911636353,
      0.25913554430007935,
      0.2325199842453003,
      0.1469055414199829,
      0.2467171847820282,
      0.21956534683704376,
      0.24026833474636078,
      0.22037644684314728,
      0.20543813705444336,
      0.33624935150146484,
      0.32205140590667725,
      0.21319974958896637,
      0.2359076291322708,
      0.2347322255373001,
      0.30617356300354004,
      0.21850602328777313,
      0.24484403431415558,
      0.41126516461372375
   ],
   "batch_train_times": [
      293.0374450683594,
      293.01214599609375,
      292.93487548828125,
      292.2291259765625,
      290.914794921875,
      291.7666320800781,
      292.9224853515625,
      294.3692932128906,
      293.4169616699219,
      292.39910888671875,
      293.34564208984375,
      293.2276916503906,
      293.7007751464844,
      293.5010986328125,
      293.21044921875,
      293.7664489746094,
      293.5115966796875,
      294.2832946777344,
      292.8865661621094,
      291.4378967285156,
      293.5333251953125,
      295.4875183105469,
      294.1931457519531,
      295.04241943359375,
      295.122802734375,
      290.5784912109375,
      292.28033447265625,
      293.0045166015625,
      294.0230712890625,
      292.4156494140625,
      293.3913269042969,
      292.9731750488281,
      294.8500061035156,
      291.9833679199219,
      294.3548583984375,
      293.3597106933594,
      293.3371276855469,
      294.6371765136719,
      292.006591796875,
      291.1735534667969,
      294.5806579589844,
      92.48153686523438
   ],
   "val_accuracy": 0.8074324324324325,
   "val_loss": 0.7696910709948153,
   "val_accuracy_per_label": [
      1.0,
      1.0,
      1.0,
      0.8,
      0.4,
      0.0,
      0.0,
      0.95,
      0.0,
      0.2,
      0.0,
      1.0,
      0.4,
      0.8,
      0.8,
      0.0,
      0.0,
      0.4,
      0.6,
      1.0,
      1.0,
      0.6,
      0.8,
      0.8,
      0.0,
      0.5,
      0.0,
      0.8,
      0.2,
      1.0,
      1.0,
      1.0,
      0.8,
      0.0,
      0.5,
      1.0,
      0.8,
      0.6,
      0.9333333333333333,
      1.0,
      1.0,
      1.0,
      0.8
   ]
}