{
   "epoch": 1,
   "batch_train_accuracies": [
      0.78125,
      0.859375,
      0.90625,
      0.953125,
      0.84375,
      0.90625,
      0.875,
      0.828125,
      0.859375,
      0.96875,
      0.953125,
      0.875,
      0.859375,
      0.921875,
      0.84375,
      0.859375,
      0.875,
      0.796875,
      0.90625,
      0.84375,
      0.9375,
      0.890625,
      0.90625,
      0.921875,
      0.859375,
      0.828125,
      0.84375,
      0.90625,
      0.984375,
      0.78125,
      0.90625,
      0.90625,
      0.890625,
      0.890625,
      0.8125,
      0.859375,
      0.84375,
      0.828125,
      0.84375,
      0.90625,
      0.875,
      1.0
   ],
   "batch_train_losses": [
      0.971656322479248,
      0.9993463754653931,
      0.8665045499801636,
      0.8236286640167236,
      0.8816773295402527,
      0.9239193797111511,
      0.8775638341903687,
      1.0574610233306885,
      0.8671246767044067,
      0.6946964263916016,
      0.7060601115226746,
      0.9516957998275757,
      0.8331969976425171,
      0.771310567855835,
      0.9485350251197815,
      0.8913050889968872,
      0.847666323184967,
      0.9354291558265686,
      0.7950514554977417,
      0.8192997574806213,
      0.7477941513061523,
      0.8172277212142944,
      0.7220062613487244,
      0.8463590145111084,
      0.9354797601699829,
      0.8192991614341736,
      1.0087780952453613,
      0.7611068487167358,
      0.7014521956443787,
      0.9881280064582825,
      0.7959837317466736,
      0.7673870921134949,
      0.7707827091217041,
      0.7710528373718262,
      0.9645246863365173,
      0.8873947858810425,
      0.9081337451934814,
      0.8338555693626404,
      0.7934522032737732,
      0.7518640756607056,
      0.8161677122116089,
      0.7505717873573303
   ],
   "batch_train_times": [
      807.522216796875,
      289.29638671875,
      290.0971984863281,
      290.2237854003906,
      288.8598327636719,
      290.1442565917969,
      291.1065979003906,
      291.8021240234375,
      289.6665344238281,
      293.28997802734375,
      291.37957763671875,
      293.4967346191406,
      291.92230224609375,
      292.7322998046875,
      292.67559814453125,
      294.8863220214844,
      293.6224060058594,
      293.02557373046875,
      292.355224609375,
      293.7999267578125,
      293.4492492675781,
      296.09710693359375,
      292.3024597167969,
      296.1203308105469,
      292.9704895019531,
      297.62628173828125,
      301.2220458984375,
      294.2423400878906,
      298.3275451660156,
      297.87908935546875,
      296.8621520996094,
      286.3759460449219,
      297.0574035644531,
      296.9026794433594,
      300.0097961425781,
      300.2814636230469,
      298.1846923828125,
      298.6511535644531,
      298.5430603027344,
      299.7043151855469,
      299.61761474609375,
      120.86892700195312
   ],
   "val_accuracy": 0.6824324324324325,
   "val_loss": 1.296684490667807,
   "val_accuracy_per_label": [
      1.0,
      1.0,
      1.0,
      0.8,
      0.0,
      0.0,
      0.0,
      0.95,
      0.0,
      0.0,
      0.0,
      0.6,
      0.2,
      1.0,
      0.8,
      0.0,
      0.0,
      0.0,
      0.8,
      1.0,
      0.9230769230769231,
      0.0,
      0.0,
      0.4,
      0.0,
      0.2,
      0.0,
      0.7,
      0.0,
      0.5,
      0.6,
      1.0,
      0.8,
      0.0,
      0.25,
      1.0,
      0.6,
      0.6,
      0.8666666666666667,
      0.9,
      0.0,
      1.0,
      0.6
   ]
}