{
   "epoch": 11,
   "batch_train_accuracies": [
      0.953125,
      0.96875,
      1.0,
      0.96875,
      0.953125,
      0.96875,
      0.984375,
      0.96875,
      0.984375,
      0.984375,
      0.9375,
      1.0,
      0.90625,
      0.9375,
      0.96875,
      0.984375,
      0.953125,
      0.953125,
      0.984375,
      0.921875,
      0.9375,
      0.953125,
      0.9375,
      0.953125,
      0.9375,
      0.96875,
      0.96875,
      0.96875,
      1.0,
      0.96875,
      0.984375,
      0.953125,
      0.984375,
      0.953125,
      0.9375,
      0.9375,
      0.921875,
      0.921875,
      0.96875,
      1.0,
      0.9375,
      1.0
   ],
   "batch_train_losses": [
      0.4348098933696747,
      0.3208913207054138,
      0.2432716339826584,
      0.4211830496788025,
      0.385311484336853,
      0.4049417972564697,
      0.42408210039138794,
      0.41695982217788696,
      0.36194056272506714,
      0.3906610608100891,
      0.46692243218421936,
      0.3761841654777527,
      0.42764127254486084,
      0.3809640109539032,
      0.3240191340446472,
      0.40352505445480347,
      0.3752027451992035,
      0.46024057269096375,
      0.4005591571331024,
      0.4478941261768341,
      0.4662472903728485,
      0.33845776319503784,
      0.4490317106246948,
      0.389653742313385,
      0.4276540279388428,
      0.3009929955005646,
      0.3753690719604492,
      0.39493659138679504,
      0.3779558539390564,
      0.4579278826713562,
      0.27739349007606506,
      0.4435834586620331,
      0.2830887734889984,
      0.49270015954971313,
      0.40573328733444214,
      0.4363013803958893,
      0.39308786392211914,
      0.4327462613582611,
      0.348251610994339,
      0.3475812077522278,
      0.45767658948898315,
      0.3701666295528412
   ],
   "batch_train_times": [
      290.4950866699219,
      293.2395324707031,
      292.8899841308594,
      293.7630615234375,
      294.041748046875,
      292.29669189453125,
      291.44476318359375,
      293.0079040527344,
      292.6184997558594,
      291.3199157714844,
      292.65484619140625,
      292.72015380859375,
      293.23876953125,
      294.4253234863281,
      294.7392883300781,
      292.5445861816406,
      294.3596496582031,
      292.80462646484375,
      292.9664001464844,
      293.73828125,
      293.9104919433594,
      293.73797607421875,
      291.8114318847656,
      296.39068603515625,
      291.4953918457031,
      294.1399230957031,
      293.3460693359375,
      294.47784423828125,
      293.5971374511719,
      294.03216552734375,
      291.974365234375,
      291.50048828125,
      293.7098388671875,
      292.9156188964844,
      295.7785949707031,
      291.68084716796875,
      293.0144958496094,
      293.7003479003906,
      291.573974609375,
      293.3329162597656,
      293.5018005371094,
      89.75762939453125
   ],
   "val_accuracy": 0.7702702702702703,
   "val_loss": 0.9025399088859558,
   "val_accuracy_per_label": [
      1.0,
      0.8,
      1.0,
      0.8,
      0.4,
      0.0,
      0.0,
      0.95,
      0.0,
      0.2,
      0.0,
      1.0,
      0.4,
      1.0,
      0.8,
      0.0,
      0.0,
      0.2,
      0.6,
      1.0,
      1.0,
      0.6,
      0.4,
      0.6,
      0.0,
      0.3,
      0.0,
      0.8,
      0.0,
      1.0,
      0.8,
      1.0,
      0.8,
      0.0,
      0.5,
      1.0,
      0.8,
      0.6,
      0.8666666666666667,
      1.0,
      0.6,
      1.0,
      0.8
   ]
}