{
   "epoch": 75,
   "batch_train_accuracies": [
      1.0,
      1.0,
      1.0,
      1.0,
      1.0,
      1.0,
      1.0,
      1.0,
      1.0,
      1.0,
      1.0,
      1.0,
      1.0,
      1.0,
      1.0,
      1.0,
      1.0,
      1.0,
      1.0,
      1.0,
      1.0,
      1.0,
      1.0,
      1.0,
      1.0,
      1.0,
      1.0,
      1.0,
      1.0,
      1.0,
      1.0,
      1.0,
      1.0,
      1.0,
      1.0,
      1.0,
      1.0,
      1.0,
      1.0,
      1.0,
      1.0,
      1.0
   ],
   "batch_train_losses": [
      0.031077327206730843,
      0.04087531566619873,
      0.03965893015265465,
      0.04057447984814644,
      0.047859128564596176,
      0.04725342616438866,
      0.03088916279375553,
      0.03816470131278038,
      0.07260535657405853,
      0.029051290825009346,
      0.03513963147997856,
      0.06491746008396149,
      0.038618654012680054,
      0.0410054586827755,
      0.04084761068224907,
      0.04077748954296112,
      0.04028681293129921,
      0.040575068444013596,
      0.03824404627084732,
      0.04991915822029114,
      0.030901776626706123,
      0.04124292731285095,
      0.035432759672403336,
      0.05335107073187828,
      0.043243881314992905,
      0.05734671652317047,
      0.03408954292535782,
      0.07939906418323517,
      0.07506527006626129,
      0.041170936077833176,
      0.03981131315231323,
      0.03794041648507118,
      0.033388651907444,
      0.0436503142118454,
      0.05509261041879654,
      0.032254550606012344,
      0.04543615132570267,
      0.036608532071113586,
      0.060735590755939484,
      0.04921652376651764,
      0.04250068590044975,
      0.1590823382139206
   ],
   "batch_train_times": [
      290.9284362792969,
      294.5520935058594,
      292.2291564941406,
      293.81427001953125,
      293.6202392578125,
      290.3681945800781,
      292.4690856933594,
      292.440185546875,
      290.2958068847656,
      293.8921203613281,
      291.9468688964844,
      293.353515625,
      292.1533508300781,
      292.19921875,
      294.3202209472656,
      292.88861083984375,
      292.708251953125,
      292.5199279785156,
      294.6088562011719,
      292.8959655761719,
      293.28179931640625,
      295.1618957519531,
      293.3094482421875,
      292.44757080078125,
      294.0834045410156,
      293.3166198730469,
      293.0271911621094,
      295.3895263671875,
      295.2581481933594,
      293.0647888183594,
      292.6133117675781,
      292.9111022949219,
      293.5447082519531,
      294.9066162109375,
      293.68524169921875,
      293.2285461425781,
      293.9883728027344,
      293.5091247558594,
      293.3097229003906,
      293.31353759765625,
      293.17181396484375,
      91.64409637451172
   ],
   "val_accuracy": 0.8918918918918919,
   "val_loss": 0.5836870775029466,
   "val_accuracy_per_label": [
      0.9545454545454546,
      1.0,
      0.8333333333333334,
      0.8,
      0.6,
      1.0,
      0.3333333333333333,
      1.0,
      0.0,
      1.0,
      0.0,
      0.8,
      0.6,
      0.6,
      1.0,
      0.0,
      0.6,
      1.0,
      0.6,
      1.0,
      1.0,
      1.0,
      0.8,
      1.0,
      0.0,
      0.6,
      0.0,
      0.95,
      0.6,
      0.75,
      1.0,
      1.0,
      1.0,
      0.0,
      0.5,
      1.0,
      0.6,
      0.6,
      1.0,
      0.9,
      1.0,
      1.0,
      1.0
   ]
}