{
   "epoch": 74,
   "batch_train_accuracies": [
      1.0,
      1.0,
      1.0,
      1.0,
      1.0,
      1.0,
      1.0,
      1.0,
      1.0,
      1.0,
      1.0,
      1.0,
      1.0,
      1.0,
      1.0,
      1.0,
      1.0,
      1.0,
      1.0,
      1.0,
      1.0,
      1.0,
      1.0,
      1.0,
      1.0,
      1.0,
      1.0,
      1.0,
      1.0,
      1.0,
      1.0,
      1.0,
      1.0,
      1.0,
      1.0,
      1.0,
      1.0,
      1.0,
      1.0,
      1.0,
      1.0,
      1.0
   ],
   "batch_train_losses": [
      0.040462225675582886,
      0.031757500022649765,
      0.0592191182076931,
      0.035004258155822754,
      0.04992848262190819,
      0.04080772399902344,
      0.04315517097711563,
      0.03061056137084961,
      0.044156137853860855,
      0.025879019871354103,
      0.03535212203860283,
      0.03623243421316147,
      0.02988666668534279,
      0.03212345391511917,
      0.038641996681690216,
      0.04224790260195732,
      0.03637451305985451,
      0.041291479021310806,
      0.03680873662233353,
      0.0390644297003746,
      0.047632817178964615,
      0.03387968987226486,
      0.0356876440346241,
      0.05047616735100746,
      0.046708229929208755,
      0.08862080425024033,
      0.058940839022397995,
      0.030020391568541527,
      0.042101483792066574,
      0.02807539701461792,
      0.054135218262672424,
      0.059585001319646835,
      0.04413948208093643,
      0.03511543944478035,
      0.04271494224667549,
      0.04431739076972008,
      0.05247880145907402,
      0.03694026917219162,
      0.05412371829152107,
      0.07979058474302292,
      0.039587341248989105,
      0.25962626934051514
   ],
   "batch_train_times": [
      293.1654052734375,
      293.453857421875,
      293.77777099609375,
      294.4206848144531,
      294.947509765625,
      294.26995849609375,
      293.2812805175781,
      294.6048278808594,
      292.5629577636719,
      292.4872131347656,
      293.0717468261719,
      295.0000915527344,
      293.4640808105469,
      295.80224609375,
      293.591064453125,
      291.82135009765625,
      295.84796142578125,
      294.170654296875,
      293.876708984375,
      293.6290588378906,
      294.9615173339844,
      293.9515075683594,
      294.01617431640625,
      293.23095703125,
      294.55157470703125,
      294.26849365234375,
      293.7323913574219,
      291.6434020996094,
      294.9078674316406,
      291.47552490234375,
      292.0690612792969,
      295.2314758300781,
      294.52496337890625,
      291.9977111816406,
      293.54193115234375,
      293.4996337890625,
      293.191162109375,
      292.26458740234375,
      292.528564453125,
      295.52581787109375,
      291.5610656738281,
      91.61727905273438
   ],
   "val_accuracy": 0.8851351351351351,
   "val_loss": 0.5789613546551885,
   "val_accuracy_per_label": [
      0.9545454545454546,
      1.0,
      0.8333333333333334,
      0.8,
      0.6,
      0.8,
      0.3333333333333333,
      1.0,
      0.0,
      0.4,
      0.0,
      1.0,
      0.6,
      0.6,
      1.0,
      0.0,
      1.0,
      1.0,
      0.6,
      1.0,
      0.9615384615384616,
      1.0,
      0.8,
      1.0,
      0.0,
      0.6,
      0.0,
      0.95,
      0.6,
      0.75,
      1.0,
      1.0,
      1.0,
      0.0,
      0.5,
      1.0,
      0.6,
      0.6,
      1.0,
      0.9,
      1.0,
      1.0,
      1.0
   ]
}