{
   "epoch": 72,
   "batch_train_accuracies": [
      1.0,
      1.0,
      1.0,
      1.0,
      1.0,
      1.0,
      1.0,
      1.0,
      1.0,
      1.0,
      1.0,
      1.0,
      1.0,
      1.0,
      1.0,
      1.0,
      1.0,
      1.0,
      1.0,
      1.0,
      1.0,
      1.0,
      1.0,
      1.0,
      1.0,
      1.0,
      1.0,
      1.0,
      1.0,
      1.0,
      1.0,
      1.0,
      1.0,
      1.0,
      1.0,
      1.0,
      1.0,
      1.0,
      1.0,
      1.0,
      1.0,
      1.0
   ],
   "batch_train_losses": [
      0.06602127850055695,
      0.03979329764842987,
      0.04191543534398079,
      0.046706873923540115,
      0.08268053084611893,
      0.03982817381620407,
      0.07279430329799652,
      0.04285825788974762,
      0.056364916265010834,
      0.03143506497144699,
      0.0392594076693058,
      0.028389116749167442,
      0.0324966125190258,
      0.05143936723470688,
      0.050972335040569305,
      0.028378207236528397,
      0.035634614527225494,
      0.06132591888308525,
      0.04098648205399513,
      0.04846065118908882,
      0.04693986475467682,
      0.03264705464243889,
      0.03374500572681427,
      0.03861764073371887,
      0.04349416494369507,
      0.05293160304427147,
      0.034703440964221954,
      0.03594079241156578,
      0.0371604822576046,
      0.061042945832014084,
      0.040120042860507965,
      0.04443877190351486,
      0.05550653487443924,
      0.029082439839839935,
      0.027712013572454453,
      0.03799429535865784,
      0.04117582365870476,
      0.06307966262102127,
      0.05278925597667694,
      0.03509638085961342,
      0.037274762988090515,
      0.1634814441204071
   ],
   "batch_train_times": [
      292.9243469238281,
      293.2099609375,
      294.2507629394531,
      294.4164123535156,
      292.2181091308594,
      294.8919982910156,
      293.0216979980469,
      291.28460693359375,
      291.31365966796875,
      291.80303955078125,
      291.3692932128906,
      293.37066650390625,
      290.6807556152344,
      294.0447082519531,
      294.2627868652344,
      293.50091552734375,
      290.8918151855469,
      293.3309020996094,
      293.3304443359375,
      291.3663024902344,
      294.2117614746094,
      293.9448547363281,
      293.06439208984375,
      293.08160400390625,
      292.3714904785156,
      293.9682312011719,
      293.9486083984375,
      293.87615966796875,
      291.40771484375,
      293.49896240234375,
      292.6394348144531,
      292.64666748046875,
      295.16412353515625,
      294.90789794921875,
      293.1466369628906,
      293.16461181640625,
      293.4772033691406,
      292.9275207519531,
      292.4941101074219,
      293.8183898925781,
      293.1315612792969,
      91.38368225097656
   ],
   "val_accuracy": 0.8885135135135135,
   "val_loss": 0.5735053420066833,
   "val_accuracy_per_label": [
      0.9545454545454546,
      1.0,
      0.8333333333333334,
      0.8,
      0.6,
      1.0,
      0.3333333333333333,
      1.0,
      0.0,
      1.0,
      0.0,
      0.8,
      0.6,
      0.6,
      1.0,
      0.0,
      0.4,
      1.0,
      0.6,
      1.0,
      1.0,
      1.0,
      0.8,
      1.0,
      0.0,
      0.6,
      0.0,
      0.95,
      0.6,
      0.75,
      1.0,
      1.0,
      1.0,
      0.0,
      0.5,
      1.0,
      0.6,
      0.6,
      1.0,
      0.9,
      1.0,
      1.0,
      1.0
   ]
}