{
   "epoch": 4,
   "batch_train_accuracies": [
      0.9375,
      0.890625,
      0.828125,
      0.921875,
      0.953125,
      0.90625,
      0.875,
      0.859375,
      0.921875,
      0.921875,
      0.9375,
      0.9375,
      0.9375,
      0.9375,
      0.890625,
      0.984375,
      0.875,
      0.9375,
      0.890625,
      0.90625,
      0.921875,
      0.921875,
      0.875,
      0.953125,
      0.875,
      0.921875,
      0.96875,
      0.875,
      0.9375,
      0.890625,
      0.890625,
      0.953125,
      0.953125,
      0.9375,
      0.96875,
      0.859375,
      0.890625,
      0.921875,
      0.953125,
      0.921875,
      0.921875,
      1.0
   ],
   "batch_train_losses": [
      0.6333168745040894,
      0.57254558801651,
      0.7596782445907593,
      0.6341872215270996,
      0.6001994013786316,
      0.5870362520217896,
      0.6837941408157349,
      0.6349934935569763,
      0.6684513092041016,
      0.5909422039985657,
      0.5696506500244141,
      0.5681027770042419,
      0.5963594317436218,
      0.5448663234710693,
      0.6476253867149353,
      0.5237933993339539,
      0.7001798152923584,
      0.712435245513916,
      0.6672362685203552,
      0.7462108731269836,
      0.47404149174690247,
      0.5554585456848145,
      0.6101831197738647,
      0.5032363533973694,
      0.6768500208854675,
      0.5934017300605774,
      0.5550324320793152,
      0.6855206489562988,
      0.6161895394325256,
      0.5865591764450073,
      0.6467052102088928,
      0.4943276047706604,
      0.5833317041397095,
      0.5448635220527649,
      0.533630907535553,
      0.7034099102020264,
      0.80081707239151,
      0.608303427696228,
      0.5336126089096069,
      0.5921646356582642,
      0.6431299448013306,
      0.605744481086731
   ],
   "batch_train_times": [
      287.98095703125,
      291.0781555175781,
      288.079833984375,
      288.5420227050781,
      289.84307861328125,
      289.5052795410156,
      292.0355529785156,
      290.68438720703125,
      290.5462951660156,
      289.15435791015625,
      289.2806701660156,
      291.5921936035156,
      290.33245849609375,
      291.1773986816406,
      290.4228820800781,
      291.7925109863281,
      289.24993896484375,
      290.9266052246094,
      289.6559753417969,
      291.77142333984375,
      292.3249816894531,
      291.6822509765625,
      291.6552429199219,
      291.7333068847656,
      290.8163146972656,
      291.0013427734375,
      291.7225036621094,
      291.93011474609375,
      292.1820068359375,
      292.9460144042969,
      292.5894470214844,
      292.1554260253906,
      293.73602294921875,
      292.9513854980469,
      293.1501770019531,
      291.9679870605469,
      293.51019287109375,
      292.974609375,
      292.6073913574219,
      291.2890930175781,
      292.84417724609375,
      91.55583953857422
   ],
   "val_accuracy": 0.7027027027027027,
   "val_loss": 1.1257407439721596,
   "val_accuracy_per_label": [
      1.0,
      0.8,
      1.0,
      0.8,
      0.2,
      0.0,
      0.0,
      0.95,
      0.0,
      0.0,
      0.0,
      0.8,
      0.2,
      1.0,
      0.8,
      0.0,
      0.0,
      0.0,
      0.6,
      1.0,
      1.0,
      0.2,
      0.0,
      0.4,
      0.0,
      0.2,
      0.0,
      0.7,
      0.0,
      1.0,
      0.6,
      1.0,
      0.8,
      0.0,
      0.25,
      1.0,
      0.6,
      0.6,
      0.8666666666666667,
      0.9,
      0.0,
      1.0,
      0.8
   ]
}