{
   "epoch": 25,
   "batch_train_accuracies": [
      1.0,
      0.984375,
      0.984375,
      0.984375,
      1.0,
      1.0,
      1.0,
      1.0,
      1.0,
      1.0,
      1.0,
      1.0,
      1.0,
      0.984375,
      1.0,
      1.0,
      0.984375,
      1.0,
      1.0,
      1.0,
      1.0,
      0.984375,
      1.0,
      1.0,
      1.0,
      1.0,
      0.96875,
      1.0,
      0.984375,
      1.0,
      0.984375,
      1.0,
      1.0,
      1.0,
      1.0,
      1.0,
      0.984375,
      0.984375,
      0.984375,
      1.0,
      0.984375,
      0.9375
   ],
   "batch_train_losses": [
      0.16632692515850067,
      0.2690439522266388,
      0.19983166456222534,
      0.20907385647296906,
      0.21506260335445404,
      0.17847345769405365,
      0.19120429456233978,
      0.23102498054504395,
      0.24202285706996918,
      0.24082058668136597,
      0.15700721740722656,
      0.14802008867263794,
      0.17619116604328156,
      0.27703607082366943,
      0.1635890156030655,
      0.14185811579227448,
      0.2174200862646103,
      0.222184419631958,
      0.19615007936954498,
      0.24883678555488586,
      0.1995524913072586,
      0.2379268854856491,
      0.18585751950740814,
      0.1496567726135254,
      0.22925196588039398,
      0.14333440363407135,
      0.2193828970193863,
      0.1674986481666565,
      0.24542178213596344,
      0.24044936895370483,
      0.2706635296344757,
      0.1629369854927063,
      0.1467101275920868,
      0.2270648181438446,
      0.1802712231874466,
      0.20352324843406677,
      0.2307639867067337,
      0.2587701678276062,
      0.24988429248332977,
      0.25152045488357544,
      0.19520197808742523,
      0.3726416230201721
   ],
   "batch_train_times": [
      294.53033447265625,
      294.1166076660156,
      294.0181884765625,
      294.03900146484375,
      291.45281982421875,
      293.9769287109375,
      292.8934326171875,
      294.1214904785156,
      294.3742370605469,
      294.3816833496094,
      293.11181640625,
      293.5685119628906,
      292.96075439453125,
      292.13677978515625,
      293.6180419921875,
      291.4161071777344,
      294.7144470214844,
      295.1551818847656,
      293.21533203125,
      294.93865966796875,
      292.8395690917969,
      293.9161071777344,
      294.31793212890625,
      294.3139953613281,
      291.7607421875,
      293.2162780761719,
      291.5942687988281,
      293.5144348144531,
      291.7171325683594,
      295.7736511230469,
      291.7871398925781,
      293.0364074707031,
      291.9023132324219,
      294.6576843261719,
      294.0517578125,
      295.1091613769531,
      291.8096923828125,
      295.26629638671875,
      291.2938232421875,
      292.81451416015625,
      294.11053466796875,
      92.36685180664062
   ],
   "val_accuracy": 0.8277027027027027,
   "val_loss": 0.7100810440810951,
   "val_accuracy_per_label": [
      1.0,
      1.0,
      1.0,
      0.8,
      0.2,
      0.4,
      0.0,
      0.95,
      0.0,
      0.2,
      0.0,
      1.0,
      0.4,
      0.8,
      0.8,
      0.0,
      0.2,
      0.6,
      0.6,
      1.0,
      1.0,
      0.8,
      0.8,
      0.8,
      0.0,
      0.5,
      0.0,
      0.8,
      0.2,
      1.0,
      1.0,
      1.0,
      0.8,
      0.0,
      0.5,
      1.0,
      1.0,
      0.6,
      0.9333333333333333,
      1.0,
      1.0,
      1.0,
      1.0
   ]
}