{
   "epoch": 66,
   "batch_train_accuracies": [
      1.0,
      1.0,
      1.0,
      1.0,
      1.0,
      1.0,
      1.0,
      1.0,
      1.0,
      1.0,
      1.0,
      1.0,
      1.0,
      1.0,
      1.0,
      1.0,
      1.0,
      1.0,
      1.0,
      1.0,
      1.0,
      1.0,
      1.0,
      1.0,
      1.0,
      1.0,
      1.0,
      1.0,
      1.0,
      1.0,
      1.0,
      1.0,
      1.0,
      1.0,
      1.0,
      1.0,
      1.0,
      1.0,
      1.0,
      1.0,
      1.0,
      1.0
   ],
   "batch_train_losses": [
      0.040906913578510284,
      0.048821549862623215,
      0.03680744022130966,
      0.05349251627922058,
      0.060001909732818604,
      0.05954865366220474,
      0.05372321978211403,
      0.054032303392887115,
      0.06132246181368828,
      0.0405665822327137,
      0.05846404284238815,
      0.04537026956677437,
      0.04622878134250641,
      0.058293476700782776,
      0.03519546613097191,
      0.05451537296175957,
      0.06281933933496475,
      0.05445129796862602,
      0.033963412046432495,
      0.0646165981888771,
      0.02370162308216095,
      0.06763927638530731,
      0.04482758790254593,
      0.0495789460837841,
      0.052926864475011826,
      0.07364683598279953,
      0.0671367272734642,
      0.052123669534921646,
      0.050444673746824265,
      0.03910369053483009,
      0.04586818814277649,
      0.060326822102069855,
      0.061642616987228394,
      0.07419896870851517,
      0.04801028594374657,
      0.0723937526345253,
      0.06854448467493057,
      0.039627306163311005,
      0.05100768432021141,
      0.041202664375305176,
      0.05030962824821472,
      0.10479671508073807
   ],
   "batch_train_times": [
      290.7995910644531,
      292.6082763671875,
      291.91571044921875,
      293.28070068359375,
      292.31292724609375,
      294.7230529785156,
      294.0927429199219,
      293.6238708496094,
      293.23980712890625,
      292.8415832519531,
      293.4958190917969,
      295.8213195800781,
      295.8917236328125,
      295.4875183105469,
      294.1673278808594,
      294.057373046875,
      293.5433044433594,
      293.2834777832031,
      293.18560791015625,
      295.31768798828125,
      293.61566162109375,
      293.73187255859375,
      291.8440856933594,
      296.7818298339844,
      295.0558776855469,
      295.29046630859375,
      292.7841491699219,
      292.9003601074219,
      293.6551208496094,
      293.1615295410156,
      292.22979736328125,
      292.2942810058594,
      295.0396728515625,
      293.6177062988281,
      292.7427978515625,
      292.56915283203125,
      291.57989501953125,
      294.4061584472656,
      293.98236083984375,
      293.5447082519531,
      293.56732177734375,
      90.429443359375
   ],
   "val_accuracy": 0.8851351351351351,
   "val_loss": 0.5590504891163594,
   "val_accuracy_per_label": [
      1.0,
      1.0,
      0.8333333333333334,
      0.8,
      0.6,
      0.4,
      0.3333333333333333,
      1.0,
      0.0,
      1.0,
      0.0,
      1.0,
      0.6,
      0.6,
      1.0,
      0.0,
      0.4,
      1.0,
      0.6,
      1.0,
      1.0,
      1.0,
      0.8,
      1.0,
      0.0,
      0.6,
      0.0,
      0.95,
      0.6,
      0.75,
      1.0,
      1.0,
      1.0,
      0.0,
      0.5,
      1.0,
      0.6,
      0.6,
      1.0,
      0.9,
      1.0,
      1.0,
      1.0
   ]
}