{
   "epoch": 48,
   "batch_train_accuracies": [
      0.46875,
      0.453125,
      0.546875,
      0.5,
      0.578125,
      0.578125,
      0.625,
      0.609375,
      0.609375,
      0.453125,
      0.546875,
      0.515625,
      0.671875,
      0.5,
      0.5,
      0.578125,
      0.5,
      0.453125,
      0.546875,
      0.59375,
      0.515625,
      0.515625,
      0.515625,
      0.515625,
      0.453125,
      0.6875,
      0.453125,
      0.5,
      0.578125,
      0.484375,
      0.4375,
      0.5625,
      0.609375,
      0.4375,
      0.484375,
      0.515625,
      0.46875,
      0.5625,
      0.5625,
      0.546875,
      0.5,
      0.5
   ],
   "batch_train_losses": [
      2.4102792739868164,
      2.5534560680389404,
      2.2689411640167236,
      2.407952070236206,
      2.2367639541625977,
      2.251826524734497,
      2.2475552558898926,
      2.087111234664917,
      2.2120773792266846,
      2.2544291019439697,
      2.2771522998809814,
      2.3491015434265137,
      2.1788089275360107,
      2.4464757442474365,
      2.261125326156616,
      2.2615628242492676,
      2.3852193355560303,
      2.4341368675231934,
      2.309701442718506,
      2.2382700443267822,
      2.399672508239746,
      2.382664918899536,
      2.290466785430908,
      2.2960598468780518,
      2.496215343475342,
      2.0085506439208984,
      2.368610143661499,
      2.328336000442505,
      2.2352895736694336,
      2.316946029663086,
      2.3962457180023193,
      2.2811505794525146,
      2.221555709838867,
      2.4359099864959717,
      2.4323551654815674,
      2.262202501296997,
      2.32344388961792,
      2.1693787574768066,
      2.2726545333862305,
      2.2530713081359863,
      2.436422109603882,
      2.4285426139831543
   ],
   "batch_train_times": [],
   "val_accuracy": 0.33783783783783783,
   "val_loss": 2.828950128039798,
   "val_accuracy_per_label": [
      0.8181818181818182,
      0.0,
      0.0,
      0.0,
      0.0,
      0.0,
      0.0,
      0.55,
      0.0,
      0.0,
      0.0,
      0.0,
      0.0,
      0.2,
      0.0,
      0.0,
      0.0,
      0.0,
      0.0,
      0.9310344827586207,
      0.38461538461538464,
      0.0,
      0.0,
      0.0,
      0.0,
      0.0,
      0.0,
      1.0,
      0.0,
      0.0,
      0.0,
      0.0,
      0.0,
      0.0,
      0.0,
      0.0,
      0.0,
      0.0,
      0.6666666666666666,
      0.2,
      0.0,
      0.125,
      0.0
   ]
}