{
   "epoch": 45,
   "batch_train_accuracies": [
      0.5625,
      0.609375,
      0.53125,
      0.640625,
      0.578125,
      0.515625,
      0.5,
      0.5625,
      0.453125,
      0.578125,
      0.53125,
      0.515625,
      0.546875,
      0.546875,
      0.515625,
      0.515625,
      0.59375,
      0.5625,
      0.484375,
      0.515625,
      0.5,
      0.546875,
      0.625,
      0.578125,
      0.703125,
      0.515625,
      0.5625,
      0.453125,
      0.609375,
      0.640625,
      0.546875,
      0.515625,
      0.5,
      0.625,
      0.53125,
      0.640625,
      0.484375,
      0.578125,
      0.515625,
      0.53125,
      0.5625,
      0.625
   ],
   "batch_train_losses": [
      2.0990688800811768,
      2.0361599922180176,
      2.2269601821899414,
      2.0379176139831543,
      2.0288796424865723,
      2.127096176147461,
      2.1930911540985107,
      2.103240489959717,
      2.3085994720458984,
      2.2522051334381104,
      2.2420432567596436,
      2.313875675201416,
      2.236612319946289,
      2.286310911178589,
      2.2470598220825195,
      2.358079433441162,
      2.0737781524658203,
      2.186650037765503,
      2.288027286529541,
      2.2384636402130127,
      2.262251853942871,
      2.2130091190338135,
      2.101731538772583,
      2.1659624576568604,
      1.929750919342041,
      2.259984254837036,
      2.1845016479492188,
      2.3191351890563965,
      2.0754053592681885,
      2.124624729156494,
      2.3060505390167236,
      2.2330751419067383,
      2.3228516578674316,
      2.115886926651001,
      2.2629547119140625,
      2.0528550148010254,
      2.3622446060180664,
      2.1703810691833496,
      2.242649555206299,
      2.2293496131896973,
      2.136835813522339,
      2.2240731716156006
   ],
   "batch_train_times": [],
   "val_accuracy": 0.28040540540540543,
   "val_loss": 2.999913093206045,
   "val_accuracy_per_label": [
      0.7727272727272727,
      0.0,
      0.0,
      0.0,
      0.0,
      0.0,
      0.0,
      0.75,
      0.0,
      0.0,
      0.0,
      0.0,
      0.0,
      0.2,
      0.0,
      0.0,
      0.0,
      0.0,
      1.0,
      0.7241379310344828,
      0.46153846153846156,
      0.0,
      0.0,
      0.0,
      0.0,
      0.0,
      0.0,
      0.0,
      0.0,
      0.0,
      0.0,
      0.0,
      0.0,
      0.0,
      0.0,
      0.0,
      0.0,
      0.0,
      0.3333333333333333,
      0.3,
      0.0,
      0.5,
      0.0
   ]
}