{
   "epoch": 37,
   "batch_train_accuracies": [
      0.5,
      0.4375,
      0.484375,
      0.5,
      0.5625,
      0.515625,
      0.484375,
      0.625,
      0.59375,
      0.625,
      0.5,
      0.453125,
      0.53125,
      0.625,
      0.515625,
      0.515625,
      0.671875,
      0.5625,
      0.609375,
      0.5,
      0.4375,
      0.546875,
      0.65625,
      0.6875,
      0.5625,
      0.640625,
      0.59375,
      0.515625,
      0.5,
      0.609375,
      0.5625,
      0.59375,
      0.5,
      0.59375,
      0.609375,
      0.6875,
      0.640625,
      0.453125,
      0.5625,
      0.609375,
      0.703125,
      0.625
   ],
   "batch_train_losses": [
      1.9636732339859009,
      2.104184150695801,
      2.084735155105591,
      1.9673106670379639,
      2.0169901847839355,
      1.8649473190307617,
      2.1128957271575928,
      1.8896888494491577,
      1.8569248914718628,
      1.8790682554244995,
      2.098008871078491,
      2.0869786739349365,
      1.9507558345794678,
      1.8617407083511353,
      2.121687412261963,
      2.096341371536255,
      1.9075396060943604,
      1.985156536102295,
      1.7971854209899902,
      2.1202917098999023,
      2.2031402587890625,
      2.0618088245391846,
      1.810525894165039,
      1.777815818786621,
      2.017296552658081,
      1.9157904386520386,
      1.9961947202682495,
      2.131725549697876,
      2.1719744205474854,
      1.9087265729904175,
      1.982317328453064,
      1.8726439476013184,
      2.0221357345581055,
      1.9837536811828613,
      1.8491467237472534,
      1.7918838262557983,
      1.8130429983139038,
      2.1699748039245605,
      1.910865068435669,
      1.8573529720306396,
      1.7783030271530151,
      1.899449110031128
   ],
   "batch_train_times": [],
   "val_accuracy": 0.4560810810810811,
   "val_loss": 2.6063039947200464,
   "val_accuracy_per_label": [
      0.9545454545454546,
      0.0,
      0.0,
      0.0,
      0.2,
      0.0,
      0.0,
      0.85,
      0.0,
      0.0,
      0.0,
      0.0,
      0.0,
      1.0,
      0.0,
      0.0,
      0.0,
      0.0,
      1.0,
      1.0,
      0.34615384615384615,
      0.0,
      0.0,
      0.2,
      0.0,
      0.0,
      0.0,
      1.0,
      0.0,
      0.0,
      0.0,
      0.0,
      0.0,
      0.0,
      0.0,
      0.0,
      0.0,
      0.0,
      0.6,
      1.0,
      0.0,
      1.0,
      0.0
   ]
}