{
   "epoch": 31,
   "batch_train_accuracies": [
      0.609375,
      0.5625,
      0.59375,
      0.515625,
      0.625,
      0.609375,
      0.546875,
      0.625,
      0.640625,
      0.640625,
      0.625,
      0.578125,
      0.5625,
      0.65625,
      0.640625,
      0.578125,
      0.546875,
      0.578125,
      0.625,
      0.65625,
      0.609375,
      0.5625,
      0.65625,
      0.5,
      0.5625,
      0.65625,
      0.5625,
      0.5625,
      0.53125,
      0.5625,
      0.671875,
      0.578125,
      0.671875,
      0.65625,
      0.546875,
      0.578125,
      0.578125,
      0.53125,
      0.59375,
      0.578125,
      0.453125,
      0.5
   ],
   "batch_train_losses": [
      1.797827959060669,
      1.7507351636886597,
      1.82985258102417,
      1.9633524417877197,
      1.8312593698501587,
      1.6674469709396362,
      1.8994797468185425,
      1.720792293548584,
      1.7429959774017334,
      1.5969362258911133,
      1.653933048248291,
      1.7407467365264893,
      1.9870922565460205,
      1.9142165184020996,
      1.8065181970596313,
      1.787507176399231,
      1.793010950088501,
      1.8799294233322144,
      1.7554676532745361,
      1.6630237102508545,
      1.8108800649642944,
      1.8369148969650269,
      1.6893364191055298,
      1.9286895990371704,
      1.7351109981536865,
      1.725394606590271,
      1.8189176321029663,
      1.815805196762085,
      1.8588221073150635,
      1.8946598768234253,
      1.6301939487457275,
      1.7867431640625,
      1.6197504997253418,
      1.6741807460784912,
      1.8348557949066162,
      1.8490124940872192,
      1.7211897373199463,
      1.7743704319000244,
      1.7229033708572388,
      1.874182939529419,
      2.116178512573242,
      2.046509265899658
   ],
   "batch_train_times": [],
   "val_accuracy": 0.27702702702702703,
   "val_loss": 3.730028539090543,
   "val_accuracy_per_label": [
      0.5,
      0.0,
      0.0,
      0.0,
      0.4,
      0.0,
      0.0,
      0.2,
      0.0,
      0.6,
      0.0,
      0.0,
      0.0,
      0.0,
      0.0,
      0.0,
      0.0,
      0.0,
      0.2,
      0.5172413793103449,
      0.34615384615384615,
      0.0,
      0.0,
      0.0,
      0.0,
      0.0,
      0.0,
      1.0,
      0.0,
      0.0,
      0.0,
      0.6,
      0.0,
      0.0,
      0.0,
      0.0,
      0.0,
      0.0,
      0.6666666666666666,
      0.0,
      0.0,
      0.5,
      0.0
   ]
}