{
   "epoch": 13,
   "batch_train_accuracies": [
      0.625,
      0.546875,
      0.578125,
      0.65625,
      0.546875,
      0.5,
      0.609375,
      0.5625,
      0.671875,
      0.484375,
      0.5625,
      0.5,
      0.5625,
      0.625,
      0.484375,
      0.5625,
      0.546875,
      0.609375,
      0.59375,
      0.578125,
      0.6875,
      0.703125,
      0.6875,
      0.546875,
      0.59375,
      0.625,
      0.703125,
      0.609375,
      0.578125,
      0.65625,
      0.625,
      0.6875,
      0.671875,
      0.5625,
      0.5625,
      0.671875,
      0.5625,
      0.65625,
      0.640625,
      0.609375,
      0.53125,
      0.625
   ],
   "batch_train_losses": [
      1.4482225179672241,
      1.652134895324707,
      1.6752058267593384,
      1.4834288358688354,
      1.6416629552841187,
      1.629865288734436,
      1.559611201286316,
      1.5635219812393188,
      1.3938145637512207,
      1.6732343435287476,
      1.7423840761184692,
      1.6078059673309326,
      1.6578857898712158,
      1.5004152059555054,
      1.6650876998901367,
      1.5361807346343994,
      1.6654380559921265,
      1.4528776407241821,
      1.489091396331787,
      1.584139347076416,
      1.429983377456665,
      1.382380723953247,
      1.2709945440292358,
      1.5641247034072876,
      1.5135928392410278,
      1.3940601348876953,
      1.334644079208374,
      1.598023772239685,
      1.459038496017456,
      1.4584746360778809,
      1.4667637348175049,
      1.383535385131836,
      1.3539961576461792,
      1.6277587413787842,
      1.6057255268096924,
      1.417212963104248,
      1.6207176446914673,
      1.3923107385635376,
      1.4736237525939941,
      1.6308481693267822,
      1.6526210308074951,
      1.2976503372192383
   ],
   "batch_train_times": [],
   "val_accuracy": 0.36824324324324326,
   "val_loss": 2.4889228215088717,
   "val_accuracy_per_label": [
      0.7727272727272727,
      0.0,
      0.0,
      0.0,
      0.4,
      0.8,
      0.0,
      0.5,
      0.0,
      0.0,
      0.0,
      0.0,
      0.0,
      0.8,
      0.0,
      0.0,
      0.0,
      0.0,
      0.8,
      0.5862068965517241,
      1.0,
      0.0,
      0.0,
      0.0,
      0.0,
      0.0,
      0.0,
      0.0,
      0.0,
      0.0,
      0.0,
      0.0,
      0.6,
      0.0,
      0.0,
      0.0,
      0.0,
      0.0,
      0.8666666666666667,
      0.1,
      0.0,
      1.0,
      0.0
   ]
}