{
   "epoch": 28,
   "batch_train_accuracies": [
      0.609375,
      0.625,
      0.5,
      0.625,
      0.59375,
      0.546875,
      0.6875,
      0.609375,
      0.578125,
      0.46875,
      0.53125,
      0.484375,
      0.640625,
      0.625,
      0.578125,
      0.703125,
      0.65625,
      0.46875,
      0.65625,
      0.5,
      0.46875,
      0.53125,
      0.59375,
      0.734375,
      0.65625,
      0.625,
      0.578125,
      0.625,
      0.578125,
      0.515625,
      0.671875,
      0.578125,
      0.703125,
      0.484375,
      0.59375,
      0.59375,
      0.703125,
      0.546875,
      0.5625,
      0.609375,
      0.75,
      0.625
   ],
   "batch_train_losses": [
      1.66819429397583,
      1.673449993133545,
      1.9534509181976318,
      1.724032998085022,
      1.6622188091278076,
      1.896509051322937,
      1.6028831005096436,
      1.7093603610992432,
      1.8440051078796387,
      1.8716574907302856,
      1.8697463274002075,
      1.8301211595535278,
      1.744741439819336,
      1.754546880722046,
      1.8935656547546387,
      1.4457943439483643,
      1.7459475994110107,
      1.7886340618133545,
      1.55763840675354,
      1.7162030935287476,
      2.021841049194336,
      1.8044743537902832,
      1.773332118988037,
      1.5060895681381226,
      1.6352063417434692,
      1.6643372774124146,
      1.740368366241455,
      1.6611615419387817,
      1.6878037452697754,
      1.860714316368103,
      1.6536216735839844,
      1.7369526624679565,
      1.5004522800445557,
      2.0139341354370117,
      1.604157567024231,
      1.6736527681350708,
      1.5739389657974243,
      1.850163459777832,
      1.762763261795044,
      1.7283891439437866,
      1.3637253046035767,
      1.661346673965454
   ],
   "batch_train_times": [],
   "val_accuracy": 0.47297297297297297,
   "val_loss": 2.3428772140193628,
   "val_accuracy_per_label": [
      0.9090909090909091,
      0.0,
      0.0,
      0.0,
      0.4,
      0.2,
      0.0,
      0.85,
      0.0,
      0.0,
      0.0,
      0.0,
      0.0,
      0.6,
      0.0,
      0.0,
      0.0,
      0.0,
      0.0,
      0.9655172413793104,
      0.7307692307692307,
      0.0,
      0.0,
      0.0,
      0.0,
      0.0,
      0.0,
      0.9,
      0.0,
      0.0,
      0.0,
      0.0,
      0.8,
      0.0,
      0.0,
      0.0,
      0.0,
      0.0,
      0.8666666666666667,
      0.9,
      0.0,
      0.625,
      0.2
   ]
}