{
   "epoch": 18,
   "batch_train_accuracies": [
      0.671875,
      0.671875,
      0.671875,
      0.578125,
      0.6875,
      0.6875,
      0.515625,
      0.609375,
      0.703125,
      0.59375,
      0.578125,
      0.640625,
      0.578125,
      0.578125,
      0.640625,
      0.578125,
      0.5625,
      0.640625,
      0.609375,
      0.625,
      0.609375,
      0.671875,
      0.59375,
      0.578125,
      0.609375,
      0.65625,
      0.734375,
      0.53125,
      0.59375,
      0.6875,
      0.578125,
      0.765625,
      0.6875,
      0.671875,
      0.6875,
      0.59375,
      0.578125,
      0.625,
      0.671875,
      0.5,
      0.59375,
      0.625
   ],
   "batch_train_losses": [
      1.4585950374603271,
      1.6087470054626465,
      1.4791501760482788,
      1.6767996549606323,
      1.3907660245895386,
      1.4786192178726196,
      1.771639108657837,
      1.5601803064346313,
      1.4133857488632202,
      1.499954342842102,
      1.5730468034744263,
      1.5280230045318604,
      1.6048773527145386,
      1.6086156368255615,
      1.4687929153442383,
      1.6469261646270752,
      1.6259747743606567,
      1.751678705215454,
      1.5600764751434326,
      1.4850640296936035,
      1.7067428827285767,
      1.5570346117019653,
      1.5695942640304565,
      1.5883417129516602,
      1.5749443769454956,
      1.4445692300796509,
      1.3677103519439697,
      1.559898853302002,
      1.575645089149475,
      1.4364904165267944,
      1.5612317323684692,
      1.221140742301941,
      1.4371976852416992,
      1.5207831859588623,
      1.4275133609771729,
      1.4128440618515015,
      1.705794095993042,
      1.4457268714904785,
      1.4704742431640625,
      1.7704923152923584,
      1.572933316230774,
      1.4822533130645752
   ],
   "batch_train_times": [],
   "val_accuracy": 0.4189189189189189,
   "val_loss": 2.39320673813691,
   "val_accuracy_per_label": [
      0.5454545454545454,
      0.0,
      0.0,
      0.0,
      1.0,
      1.0,
      0.0,
      0.9,
      0.0,
      0.0,
      0.0,
      0.0,
      1.0,
      1.0,
      0.0,
      0.0,
      0.0,
      0.0,
      0.2,
      0.8275862068965517,
      0.5769230769230769,
      0.0,
      0.0,
      0.2,
      0.0,
      0.0,
      0.0,
      0.0,
      0.0,
      0.0,
      0.0,
      1.0,
      1.0,
      0.0,
      0.0,
      0.0,
      0.2,
      0.0,
      0.8,
      1.0,
      0.0,
      0.0,
      0.0
   ]
}