{
   "epoch": 39,
   "batch_train_accuracies": [
      0.5625,
      0.5,
      0.546875,
      0.546875,
      0.53125,
      0.5625,
      0.59375,
      0.53125,
      0.546875,
      0.53125,
      0.5625,
      0.5,
      0.53125,
      0.59375,
      0.5625,
      0.625,
      0.578125,
      0.59375,
      0.515625,
      0.59375,
      0.6875,
      0.53125,
      0.53125,
      0.609375,
      0.484375,
      0.65625,
      0.625,
      0.640625,
      0.625,
      0.59375,
      0.59375,
      0.578125,
      0.4375,
      0.5625,
      0.5625,
      0.453125,
      0.640625,
      0.5,
      0.703125,
      0.640625,
      0.5,
      0.4375
   ],
   "batch_train_losses": [
      2.011112928390503,
      2.221275806427002,
      2.1289827823638916,
      2.045987844467163,
      2.0975310802459717,
      2.049306869506836,
      1.9650909900665283,
      2.084789752960205,
      1.9670490026474,
      2.098344326019287,
      1.9160265922546387,
      2.2280702590942383,
      2.0611190795898438,
      1.9812641143798828,
      2.0089340209960938,
      1.8609466552734375,
      1.9143975973129272,
      1.9727717638015747,
      2.1170153617858887,
      1.9490368366241455,
      1.8280856609344482,
      2.0636496543884277,
      2.1548213958740234,
      1.9057979583740234,
      2.137995719909668,
      1.9020519256591797,
      1.85951566696167,
      1.983465313911438,
      1.9072059392929077,
      1.9615963697433472,
      1.9979654550552368,
      2.042834758758545,
      2.1747190952301025,
      1.9888124465942383,
      2.001255750656128,
      2.1425609588623047,
      1.8604118824005127,
      2.0896055698394775,
      1.8222134113311768,
      1.8095194101333618,
      2.091533660888672,
      2.451961040496826
   ],
   "batch_train_times": [],
   "val_accuracy": 0.32094594594594594,
   "val_loss": 2.6165592348253406,
   "val_accuracy_per_label": [
      0.6363636363636364,
      0.0,
      0.0,
      0.0,
      0.0,
      0.0,
      0.0,
      1.0,
      0.0,
      0.0,
      0.0,
      0.0,
      0.0,
      0.0,
      0.0,
      0.0,
      0.0,
      0.0,
      0.4,
      0.9310344827586207,
      0.38461538461538464,
      0.0,
      0.0,
      0.2,
      0.0,
      0.0,
      0.0,
      0.25,
      0.0,
      0.0,
      0.0,
      0.0,
      0.0,
      0.0,
      0.0,
      0.0,
      0.0,
      0.0,
      0.7333333333333333,
      0.0,
      0.0,
      0.625,
      0.0
   ]
}