{
   "epoch": 21,
   "batch_train_accuracies": [
      0.578125,
      0.625,
      0.640625,
      0.703125,
      0.546875,
      0.578125,
      0.5625,
      0.671875,
      0.671875,
      0.515625,
      0.625,
      0.671875,
      0.578125,
      0.625,
      0.609375,
      0.5625,
      0.671875,
      0.640625,
      0.671875,
      0.546875,
      0.578125,
      0.6875,
      0.625,
      0.546875,
      0.703125,
      0.59375,
      0.609375,
      0.515625,
      0.578125,
      0.546875,
      0.609375,
      0.625,
      0.578125,
      0.65625,
      0.625,
      0.5,
      0.6875,
      0.734375,
      0.671875,
      0.703125,
      0.640625,
      0.5
   ],
   "batch_train_losses": [
      1.6856191158294678,
      1.5591044425964355,
      1.5481966733932495,
      1.593902826309204,
      1.6487454175949097,
      1.6733654737472534,
      1.7261106967926025,
      1.3659785985946655,
      1.5036165714263916,
      1.6602730751037598,
      1.635969638824463,
      1.4362844228744507,
      1.683788776397705,
      1.5305466651916504,
      1.4730125665664673,
      1.595445990562439,
      1.4640700817108154,
      1.4612137079238892,
      1.5057371854782104,
      1.8567886352539062,
      1.7173417806625366,
      1.5684070587158203,
      1.5433001518249512,
      1.720077633857727,
      1.3463650941848755,
      1.6098008155822754,
      1.4524304866790771,
      1.7033289670944214,
      1.6463748216629028,
      1.6269882917404175,
      1.7027380466461182,
      1.41591477394104,
      1.5830506086349487,
      1.5847147703170776,
      1.373570203781128,
      1.8658208847045898,
      1.4193204641342163,
      1.3914469480514526,
      1.4447085857391357,
      1.436234712600708,
      1.5636497735977173,
      2.075314521789551
   ],
   "batch_train_times": [],
   "val_accuracy": 0.44256756756756754,
   "val_loss": 2.0383755419705367,
   "val_accuracy_per_label": [
      0.7727272727272727,
      0.0,
      0.0,
      0.0,
      1.0,
      0.4,
      0.0,
      0.85,
      0.0,
      0.0,
      0.0,
      0.0,
      0.0,
      1.0,
      0.0,
      0.0,
      0.0,
      0.0,
      0.0,
      1.0,
      0.6538461538461539,
      0.0,
      0.0,
      0.0,
      0.0,
      0.4,
      0.0,
      0.35,
      0.0,
      0.0,
      0.0,
      0.2,
      0.2,
      0.0,
      0.0,
      0.0,
      0.0,
      0.0,
      0.6,
      1.0,
      0.0,
      0.875,
      0.0
   ]
}