{
   "epoch": 2,
   "batch_train_accuracies": [
      0.359375,
      0.375,
      0.484375,
      0.4375,
      0.375,
      0.53125,
      0.390625,
      0.4375,
      0.328125,
      0.34375,
      0.375,
      0.421875,
      0.5,
      0.46875,
      0.484375,
      0.640625,
      0.53125,
      0.453125,
      0.40625,
      0.4375,
      0.46875,
      0.328125,
      0.515625,
      0.453125,
      0.4375,
      0.40625,
      0.421875,
      0.390625,
      0.328125,
      0.28125,
      0.484375,
      0.515625,
      0.453125,
      0.34375,
      0.46875,
      0.421875,
      0.34375,
      0.453125,
      0.40625,
      0.484375,
      0.484375,
      0.5625
   ],
   "batch_train_losses": [
      2.5640716552734375,
      2.5733470916748047,
      2.4207513332366943,
      2.395272731781006,
      2.377251625061035,
      2.282402992248535,
      2.5390844345092773,
      2.286264181137085,
      2.532578706741333,
      2.5241026878356934,
      2.336564779281616,
      2.331226110458374,
      2.170210123062134,
      2.282442808151245,
      2.2679202556610107,
      1.9928762912750244,
      2.184704303741455,
      2.161587953567505,
      2.244669198989868,
      2.2925515174865723,
      2.1690685749053955,
      2.3568406105041504,
      2.0585687160491943,
      2.3954806327819824,
      2.269714593887329,
      2.2598822116851807,
      2.322558641433716,
      2.3463239669799805,
      2.437704086303711,
      2.457568883895874,
      2.138549566268921,
      2.146251678466797,
      2.1600239276885986,
      2.321510076522827,
      2.269439935684204,
      2.3450064659118652,
      2.341674327850342,
      2.1544570922851562,
      2.1745996475219727,
      2.028080463409424,
      2.0661771297454834,
      2.0438945293426514
   ],
   "batch_train_times": [],
   "val_accuracy": 0.17905405405405406,
   "val_loss": 3.0722899179200867,
   "val_accuracy_per_label": [
      0.7727272727272727,
      0.0,
      0.0,
      0.0,
      0.0,
      0.0,
      0.0,
      0.85,
      0.0,
      0.0,
      0.0,
      0.0,
      0.0,
      0.2,
      0.0,
      0.0,
      0.0,
      0.0,
      0.2,
      0.06896551724137931,
      0.19230769230769232,
      0.0,
      0.0,
      0.0,
      0.0,
      0.0,
      0.0,
      0.0,
      0.0,
      0.0,
      0.0,
      0.0,
      0.0,
      0.0,
      0.0,
      0.0,
      0.0,
      0.0,
      0.06666666666666667,
      0.9,
      0.0,
      0.0,
      0.0
   ]
}