{
   "epoch": 16,
   "batch_train_accuracies": [
      0.75,
      0.5625,
      0.65625,
      0.640625,
      0.609375,
      0.640625,
      0.65625,
      0.59375,
      0.578125,
      0.671875,
      0.578125,
      0.71875,
      0.5625,
      0.640625,
      0.5625,
      0.5625,
      0.625,
      0.609375,
      0.5,
      0.671875,
      0.703125,
      0.59375,
      0.453125,
      0.59375,
      0.578125,
      0.65625,
      0.75,
      0.65625,
      0.671875,
      0.578125,
      0.578125,
      0.578125,
      0.609375,
      0.6875,
      0.546875,
      0.640625,
      0.578125,
      0.5,
      0.59375,
      0.59375,
      0.65625,
      0.5
   ],
   "batch_train_losses": [
      1.3041561841964722,
      1.5612354278564453,
      1.400310754776001,
      1.5237611532211304,
      1.4786676168441772,
      1.421203851699829,
      1.6213700771331787,
      1.5971789360046387,
      1.6372967958450317,
      1.4441553354263306,
      1.4294739961624146,
      1.4610533714294434,
      1.827702283859253,
      1.5484797954559326,
      1.6283094882965088,
      1.6137008666992188,
      1.5484741926193237,
      1.5351699590682983,
      1.619445562362671,
      1.3667421340942383,
      1.4613865613937378,
      1.4948153495788574,
      1.8271242380142212,
      1.5599391460418701,
      1.5099111795425415,
      1.4414172172546387,
      1.271946907043457,
      1.4254642724990845,
      1.3234134912490845,
      1.691627025604248,
      1.6117255687713623,
      1.5941113233566284,
      1.6423311233520508,
      1.394100546836853,
      1.6894232034683228,
      1.6344712972640991,
      1.5680752992630005,
      1.7045704126358032,
      1.4910706281661987,
      1.414862871170044,
      1.385749340057373,
      1.7895894050598145
   ],
   "batch_train_times": [],
   "val_accuracy": 0.3783783783783784,
   "val_loss": 2.5308565223539197,
   "val_accuracy_per_label": [
      0.5,
      0.0,
      0.0,
      0.0,
      0.2,
      0.0,
      0.0,
      0.8,
      0.0,
      0.0,
      0.0,
      0.0,
      0.2,
      0.0,
      0.0,
      0.0,
      0.0,
      0.0,
      0.4,
      0.9655172413793104,
      0.2692307692307692,
      0.0,
      0.0,
      0.0,
      0.0,
      0.7,
      0.0,
      0.5,
      0.0,
      0.0,
      0.0,
      0.8,
      0.2,
      0.0,
      0.0,
      0.0,
      0.0,
      0.0,
      1.0,
      0.5,
      0.0,
      0.5,
      0.0
   ]
}