{
   "epoch": 1,
   "batch_train_accuracies": [
      0.0625,
      0.046875,
      0.234375,
      0.1875,
      0.1875,
      0.125,
      0.265625,
      0.21875,
      0.1875,
      0.234375,
      0.375,
      0.328125,
      0.21875,
      0.28125,
      0.25,
      0.296875,
      0.34375,
      0.1875,
      0.390625,
      0.4375,
      0.359375,
      0.4375,
      0.34375,
      0.421875,
      0.359375,
      0.3125,
      0.375,
      0.328125,
      0.453125,
      0.3125,
      0.328125,
      0.4375,
      0.421875,
      0.375,
      0.421875,
      0.234375,
      0.359375,
      0.359375,
      0.359375,
      0.484375,
      0.328125,
      0.3125
   ],
   "batch_train_losses": [
      3.7419161796569824,
      3.6438403129577637,
      3.4912872314453125,
      3.4220130443573,
      3.3069419860839844,
      3.386667490005493,
      3.3126516342163086,
      3.285600423812866,
      3.3043465614318848,
      3.2004077434539795,
      3.05047345161438,
      3.047365665435791,
      3.1150171756744385,
      3.004093885421753,
      3.0303587913513184,
      2.8441548347473145,
      2.8391571044921875,
      3.1268699169158936,
      2.824793577194214,
      2.7966089248657227,
      2.817356824874878,
      2.6837120056152344,
      2.732050657272339,
      2.68853497505188,
      2.708491086959839,
      2.774805784225464,
      2.62975811958313,
      2.698843002319336,
      2.5345711708068848,
      2.7239720821380615,
      2.710110664367676,
      2.5360658168792725,
      2.550452709197998,
      2.4754037857055664,
      2.4742109775543213,
      2.7562296390533447,
      2.5984179973602295,
      2.4855332374572754,
      2.5502231121063232,
      2.45762038230896,
      2.6228432655334473,
      2.982313632965088
   ],
   "batch_train_times": [],
   "val_accuracy": 0.06756756756756757,
   "val_loss": 3.5118847022185453,
   "val_accuracy_per_label": [
      0.0,
      0.0,
      0.0,
      0.0,
      0.0,
      0.0,
      0.0,
      0.75,
      0.0,
      0.0,
      0.0,
      0.0,
      0.0,
      0.0,
      0.0,
      0.0,
      0.0,
      0.0,
      0.0,
      0.1724137931034483,
      0.0,
      0.0,
      0.0,
      0.0,
      0.0,
      0.0,
      0.0,
      0.0,
      0.0,
      0.0,
      0.0,
      0.0,
      0.0,
      0.0,
      0.0,
      0.0,
      0.0,
      0.0,
      0.0,
      0.0,
      0.0,
      0.0,
      0.0
   ]
}