{
   "epoch": 15,
   "batch_train_accuracies": [
      0.859375,
      0.875,
      0.875,
      0.84375,
      0.859375,
      0.90625,
      0.734375,
      0.78125,
      0.84375,
      0.90625,
      0.8125,
      0.890625,
      0.75,
      0.71875,
      0.875,
      0.890625,
      0.859375,
      0.75,
      0.8125,
      0.828125,
      0.859375,
      0.8125,
      0.859375,
      0.90625,
      0.828125,
      0.765625,
      0.921875,
      0.78125,
      0.921875,
      0.796875,
      0.921875,
      0.859375,
      0.84375,
      0.8125,
      0.921875,
      0.859375,
      0.875,
      0.734375,
      0.921875,
      0.90625,
      0.875,
      0.859375,
      0.78125,
      0.90625,
      0.875,
      0.859375,
      0.890625,
      0.828125,
      0.734375,
      0.90625,
      0.828125,
      0.890625,
      0.84375,
      0.875,
      0.765625,
      0.875,
      0.796875,
      0.734375,
      0.84375,
      0.84375,
      0.859375,
      0.859375,
      0.921875,
      0.875,
      0.859375,
      0.84375,
      0.921875,
      0.796875,
      0.78125,
      0.890625,
      0.859375,
      0.9375,
      0.8125,
      0.796875,
      0.890625,
      0.859375,
      0.84375,
      0.828125,
      0.8125,
      0.84375,
      0.921875,
      0.828125,
      0.828125,
      0.796875,
      0.890625,
      0.859375,
      0.828125,
      0.859375,
      0.859375,
      0.828125,
      0.78125,
      0.921875,
      0.84375,
      0.78125,
      0.859375,
      0.859375,
      0.75,
      0.796875,
      0.890625,
      0.84375,
      0.90625,
      0.875,
      0.9375,
      0.90625,
      0.890625,
      0.859375,
      0.8125,
      0.84375,
      0.875,
      0.859375,
      0.84375,
      0.78125,
      0.875,
      0.875,
      0.90625,
      0.890625,
      0.890625,
      0.796875,
      0.90625,
      0.765625,
      0.859375,
      0.84375,
      0.78125,
      0.828125,
      0.796875,
      0.875,
      0.859375,
      0.765625,
      0.828125,
      0.78125,
      0.828125,
      0.875,
      0.859375,
      0.8125,
      0.796875,
      0.84375,
      0.875,
      0.859375,
      0.796875,
      0.921875,
      0.859375,
      0.875,
      0.890625,
      0.78125,
      0.875,
      0.875,
      0.859375,
      0.828125,
      0.875,
      0.859375,
      0.78125,
      0.796875,
      0.8125,
      0.78125,
      0.921875,
      0.890625,
      0.859375,
      0.78125,
      0.90625,
      0.875,
      0.859375,
      0.75,
      0.8125,
      0.828125,
      0.765625,
      0.921875,
      0.84375,
      0.859375,
      0.828125,
      0.875,
      0.890625,
      0.890625,
      0.90625,
      0.875,
      0.828125,
      0.78125,
      0.890625,
      0.875,
      0.890625,
      0.9375,
      0.796875,
      0.828125,
      0.796875,
      0.859375,
      0.84375,
      0.84375,
      0.890625,
      0.890625,
      0.75
   ],
   "batch_train_losses": [
      1.143188238143921,
      1.2176352739334106,
      1.1935224533081055,
      1.27826726436615,
      1.1834741830825806,
      1.130781888961792,
      1.3679207563400269,
      1.3191797733306885,
      1.1884146928787231,
      1.2998336553573608,
      1.3697775602340698,
      1.2871025800704956,
      1.3239914178848267,
      1.3408656120300293,
      1.150722861289978,
      1.0537525415420532,
      1.0574208498001099,
      1.3384286165237427,
      1.2319620847702026,
      1.255074381828308,
      1.1452559232711792,
      1.2020490169525146,
      1.2829413414001465,
      1.117389440536499,
      1.2056903839111328,
      1.3107004165649414,
      1.075385332107544,
      1.2118180990219116,
      1.0527889728546143,
      1.2791361808776855,
      1.1039515733718872,
      1.2188366651535034,
      1.2920888662338257,
      1.3406741619110107,
      1.0243351459503174,
      1.2082687616348267,
      1.132219910621643,
      1.3521878719329834,
      1.1469030380249023,
      1.0492889881134033,
      1.2558982372283936,
      1.3122048377990723,
      1.3394383192062378,
      1.0084279775619507,
      1.1819063425064087,
      1.186356782913208,
      1.0377637147903442,
      1.3875356912612915,
      1.3380439281463623,
      1.1032482385635376,
      1.2054046392440796,
      1.1503344774246216,
      1.0886869430541992,
      1.1532793045043945,
      1.32433021068573,
      1.2192153930664062,
      1.1965131759643555,
      1.369950771331787,
      1.24112868309021,
      1.1812479496002197,
      1.1297955513000488,
      1.2535805702209473,
      1.09391188621521,
      1.2224334478378296,
      1.2486069202423096,
      1.2088754177093506,
      1.1483213901519775,
      1.320312738418579,
      1.3158504962921143,
      1.11424720287323,
      1.1179516315460205,
      1.0834367275238037,
      1.3234262466430664,
      1.1670517921447754,
      1.1258904933929443,
      1.2030576467514038,
      1.1530570983886719,
      1.1825276613235474,
      1.1879241466522217,
      1.2193659543991089,
      1.2549619674682617,
      1.1839455366134644,
      1.2046334743499756,
      1.276748538017273,
      1.055402398109436,
      1.14972722530365,
      1.360249400138855,
      1.1654061079025269,
      1.277961254119873,
      1.1431039571762085,
      1.2883390188217163,
      1.1118897199630737,
      1.1736749410629272,
      1.4124442338943481,
      1.051964282989502,
      1.3093225955963135,
      1.2630796432495117,
      1.3337923288345337,
      1.1808806657791138,
      1.2301743030548096,
      1.159326195716858,
      1.1528021097183228,
      1.0565414428710938,
      1.1330664157867432,
      1.1737794876098633,
      1.1702862977981567,
      1.17813241481781,
      1.200238585472107,
      1.254180908203125,
      1.0979080200195312,
      1.1112515926361084,
      1.248518943786621,
      1.1109836101531982,
      1.1624201536178589,
      1.2176473140716553,
      1.0327708721160889,
      1.12211012840271,
      1.391720175743103,
      1.0774317979812622,
      1.3127710819244385,
      1.097510576248169,
      1.1430957317352295,
      1.279207468032837,
      1.2726504802703857,
      1.2069669961929321,
      1.1531504392623901,
      1.2160764932632446,
      1.2960965633392334,
      1.2075161933898926,
      1.273026943206787,
      1.2697153091430664,
      1.0983176231384277,
      1.1347153186798096,
      1.2088143825531006,
      1.299957513809204,
      1.1729850769042969,
      1.0993695259094238,
      1.2255868911743164,
      1.2186692953109741,
      1.1537442207336426,
      1.2013161182403564,
      1.1741342544555664,
      1.209324598312378,
      1.4055311679840088,
      1.1583460569381714,
      1.128919005393982,
      1.2254053354263306,
      1.2965986728668213,
      1.2960960865020752,
      1.1924468278884888,
      1.2870553731918335,
      1.164292335510254,
      1.2278423309326172,
      1.3073341846466064,
      1.1379374265670776,
      1.1950206756591797,
      1.2025187015533447,
      1.3150192499160767,
      1.1432645320892334,
      1.2586314678192139,
      1.1670814752578735,
      1.3270796537399292,
      1.2074865102767944,
      1.3041824102401733,
      1.3712985515594482,
      1.0541744232177734,
      1.2103333473205566,
      1.239968180656433,
      1.1802583932876587,
      1.2147955894470215,
      1.160845398902893,
      1.1150327920913696,
      1.1172034740447998,
      1.1982871294021606,
      1.2237335443496704,
      1.228566288948059,
      1.2113010883331299,
      1.1420818567276,
      1.0468813180923462,
      1.1482716798782349,
      1.2903087139129639,
      1.1484637260437012,
      1.1380683183670044,
      1.2143943309783936,
      1.1760488748550415,
      1.2960764169692993,
      1.157913327217102,
      1.1811100244522095,
      1.4714866876602173
   ],
   "batch_train_times": [],
   "val_accuracy": 0.4831081081081081,
   "val_loss": 2.1399696968697213,