{
   "epoch": 10,
   "batch_train_accuracies": [
      0.921875,
      0.765625,
      0.75,
      0.8125,
      0.859375,
      0.75,
      0.8125,
      0.734375,
      0.84375,
      0.796875,
      0.734375,
      0.796875,
      0.765625,
      0.8125,
      0.8125,
      0.796875,
      0.765625,
      0.859375,
      0.703125,
      0.640625,
      0.75,
      0.75,
      0.90625,
      0.796875,
      0.765625,
      0.734375,
      0.8125,
      0.65625,
      0.6875,
      0.828125,
      0.828125,
      0.796875,
      0.71875,
      0.84375,
      0.765625,
      0.8125,
      0.75,
      0.796875,
      0.75,
      0.8125,
      0.75,
      0.78125,
      0.828125,
      0.859375,
      0.765625,
      0.78125,
      0.75,
      0.78125,
      0.71875,
      0.78125,
      0.703125,
      0.78125,
      0.765625,
      0.8125,
      0.796875,
      0.78125,
      0.78125,
      0.765625,
      0.828125,
      0.8125,
      0.75,
      0.765625,
      0.765625,
      0.78125,
      0.796875,
      0.84375,
      0.8125,
      0.796875,
      0.75,
      0.796875,
      0.78125,
      0.859375,
      0.921875,
      0.765625,
      0.765625,
      0.84375,
      0.734375,
      0.6875,
      0.703125,
      0.765625,
      0.84375,
      0.75,
      0.765625,
      0.6875,
      0.734375,
      0.828125,
      0.828125,
      0.796875,
      0.765625,
      0.828125,
      0.765625,
      0.765625,
      0.796875,
      0.8125,
      0.8125,
      0.6875,
      0.84375,
      0.765625,
      0.859375,
      0.734375,
      0.796875,
      0.78125,
      0.765625,
      0.828125,
      0.78125,
      0.828125,
      0.75,
      0.78125,
      0.8125,
      0.71875,
      0.78125,
      0.765625,
      0.828125,
      0.828125,
      0.828125,
      0.796875,
      0.765625,
      0.71875,
      0.8125,
      0.734375,
      0.75,
      0.828125,
      0.796875,
      0.828125,
      0.8125,
      0.765625,
      0.703125,
      0.703125,
      0.8125,
      0.8125,
      0.671875,
      0.78125,
      0.734375,
      0.765625,
      0.765625,
      0.765625,
      0.796875,
      0.765625,
      0.828125,
      0.78125,
      0.796875,
      0.78125,
      0.765625,
      0.859375,
      0.703125,
      0.78125,
      0.796875,
      0.8125,
      0.796875,
      0.71875,
      0.796875,
      0.859375,
      0.796875,
      0.796875,
      0.671875,
      0.703125,
      0.796875,
      0.640625,
      0.828125,
      0.75,
      0.8125,
      0.78125,
      0.84375,
      0.6875,
      0.78125,
      0.75,
      0.78125,
      0.796875,
      0.734375,
      0.859375,
      0.828125,
      0.8125,
      0.765625,
      0.6875,
      0.890625,
      0.8125,
      0.84375,
      0.78125,
      0.8125,
      0.6875,
      0.765625,
      0.6875,
      0.828125,
      0.8125,
      0.75,
      0.859375,
      0.84375,
      0.796875,
      0.7916666666666666
   ],
   "batch_train_losses": [
      1.1913760900497437,
      1.3946387767791748,
      1.3558926582336426,
      1.2744759321212769,
      1.2403215169906616,
      1.3766906261444092,
      1.2869197130203247,
      1.3555454015731812,
      1.296665906906128,
      1.3477354049682617,
      1.3574979305267334,
      1.4095966815948486,
      1.4576956033706665,
      1.3302032947540283,
      1.2695561647415161,
      1.422498106956482,
      1.4068762063980103,
      1.3614044189453125,
      1.3600118160247803,
      1.6074665784835815,
      1.4443647861480713,
      1.4128751754760742,
      1.192131757736206,
      1.2716342210769653,
      1.3274966478347778,
      1.3894972801208496,
      1.4108003377914429,
      1.5513983964920044,
      1.4953306913375854,
      1.3429384231567383,
      1.3670927286148071,
      1.3944216966629028,
      1.4628726243972778,
      1.2690706253051758,
      1.4165544509887695,
      1.2865087985992432,
      1.3421934843063354,
      1.3515154123306274,
      1.43466317653656,
      1.3349682092666626,
      1.4112272262573242,
      1.2693555355072021,
      1.3341575860977173,
      1.3147118091583252,
      1.3950282335281372,
      1.2871185541152954,
      1.3616478443145752,
      1.2611650228500366,
      1.3653051853179932,
      1.297761082649231,
      1.6343073844909668,
      1.2877429723739624,
      1.4328252077102661,
      1.3368325233459473,
      1.3958353996276855,
      1.3675010204315186,
      1.3889451026916504,
      1.321082353591919,
      1.2725328207015991,
      1.2972310781478882,
      1.3790557384490967,
      1.4080066680908203,
      1.3778417110443115,
      1.4677038192749023,
      1.3429088592529297,
      1.3067059516906738,
      1.317907691001892,
      1.3247616291046143,
      1.4214459657669067,
      1.3738312721252441,
      1.2895658016204834,
      1.1695091724395752,
      1.173619031906128,
      1.27169668674469,
      1.3833492994308472,
      1.2982754707336426,
      1.4615015983581543,
      1.4504283666610718,
      1.5034921169281006,
      1.4091200828552246,
      1.2024850845336914,
      1.3765771389007568,
      1.318139672279358,
      1.4282763004302979,
      1.4747532606124878,
      1.3252925872802734,
      1.2521848678588867,
      1.4837589263916016,
      1.4475017786026,
      1.3252276182174683,
      1.4851584434509277,
      1.386783242225647,
      1.3117451667785645,
      1.3029956817626953,
      1.3345239162445068,
      1.4765838384628296,
      1.241478443145752,
      1.459930419921875,
      1.2408204078674316,
      1.4286625385284424,
      1.3333041667938232,
      1.4296979904174805,
      1.2971097230911255,
      1.2169712781906128,
      1.3444713354110718,
      1.2592703104019165,
      1.4021697044372559,
      1.389822006225586,
      1.3214061260223389,
      1.4531042575836182,
      1.4368163347244263,
      1.2672038078308105,
      1.3202160596847534,
      1.337467908859253,
      1.2750487327575684,
      1.287613868713379,
      1.334556221961975,
      1.4673444032669067,
      1.2716124057769775,
      1.3740462064743042,
      1.3180005550384521,
      1.1743825674057007,
      1.4317868947982788,
      1.300680160522461,
      1.3618245124816895,
      1.2822085618972778,
      1.5428414344787598,
      1.488541603088379,
      1.2888569831848145,
      1.3093808889389038,
      1.3247413635253906,
      1.4312056303024292,
      1.4144366979599,
      1.3901605606079102,
      1.4070069789886475,
      1.245490550994873,
      1.3597898483276367,
      1.3409061431884766,
      1.2789263725280762,
      1.3206106424331665,
      1.268764615058899,
      1.350819706916809,
      1.3172253370285034,
      1.2130166292190552,
      1.6957314014434814,
      1.3183412551879883,
      1.3532328605651855,
      1.2338937520980835,
      1.2580275535583496,
      1.4225398302078247,
      1.4080734252929688,
      1.1820801496505737,
      1.3649332523345947,
      1.3581225872039795,
      1.3991897106170654,
      1.3219072818756104,
      1.3475186824798584,
      1.5489766597747803,
      1.2371406555175781,
      1.3115936517715454,
      1.1845693588256836,
      1.4039480686187744,
      1.241607904434204,
      1.542645812034607,
      1.4120267629623413,
      1.5848288536071777,
      1.400534987449646,
      1.4475929737091064,
      1.3875268697738647,
      1.271175742149353,
      1.3081839084625244,
      1.392578125,
      1.3706402778625488,
      1.674916386604309,
      1.1328095197677612,
      1.3800121545791626,
      1.336084008216858,
      1.3569070100784302,
      1.4057220220565796,
      1.4693114757537842,
      1.2765494585037231,
      1.3836966753005981,
      1.1981233358383179,
      1.4008852243423462,
      1.3481354713439941,
      1.2449735403060913,
      1.2599200010299683,
      1.3276886940002441,
      1.3016597032546997
   ],
   "batch_train_times": [],
   "val_accuracy": 0.4358108108108108,
   "val_loss": 2.1335312482473014,