{
   "epoch": 12,
   "batch_train_accuracies": [
      0.828125,
      0.8125,
      0.859375,
      0.765625,
      0.8125,
      0.78125,
      0.859375,
      0.8125,
      0.796875,
      0.828125,
      0.84375,
      0.796875,
      0.796875,
      0.828125,
      0.78125,
      0.84375,
      0.828125,
      0.828125,
      0.890625,
      0.875,
      0.765625,
      0.71875,
      0.828125,
      0.75,
      0.8125,
      0.796875,
      0.765625,
      0.78125,
      0.734375,
      0.734375,
      0.734375,
      0.84375,
      0.8125,
      0.859375,
      0.828125,
      0.859375,
      0.78125,
      0.796875,
      0.8125,
      0.828125,
      0.796875,
      0.8125,
      0.765625,
      0.875,
      0.828125,
      0.796875,
      0.78125,
      0.8125,
      0.875,
      0.828125,
      0.84375,
      0.859375,
      0.875,
      0.828125,
      0.71875,
      0.859375,
      0.84375,
      0.9375,
      0.84375,
      0.71875,
      0.828125,
      0.8125,
      0.828125,
      0.890625,
      0.828125,
      0.828125,
      0.875,
      0.6875,
      0.78125,
      0.875,
      0.75,
      0.8125,
      0.90625,
      0.796875,
      0.8125,
      0.84375,
      0.78125,
      0.765625,
      0.828125,
      0.828125,
      0.859375,
      0.796875,
      0.78125,
      0.796875,
      0.78125,
      0.859375,
      0.8125,
      0.859375,
      0.828125,
      0.8125,
      0.875,
      0.796875,
      0.71875,
      0.75,
      0.90625,
      0.890625,
      0.875,
      0.84375,
      0.765625,
      0.796875,
      0.78125,
      0.828125,
      0.8125,
      0.796875,
      0.796875,
      0.90625,
      0.8125,
      0.890625,
      0.828125,
      0.84375,
      0.8125,
      0.828125,
      0.734375,
      0.75,
      0.859375,
      0.78125,
      0.828125,
      0.78125,
      0.671875,
      0.859375,
      0.859375,
      0.8125,
      0.828125,
      0.859375,
      0.796875,
      0.84375,
      0.875,
      0.765625,
      0.84375,
      0.84375,
      0.8125,
      0.8125,
      0.84375,
      0.84375,
      0.828125,
      0.8125,
      0.796875,
      0.859375,
      0.828125,
      0.75,
      0.78125,
      0.859375,
      0.875,
      0.859375,
      0.828125,
      0.828125,
      0.71875,
      0.875,
      0.828125,
      0.828125,
      0.828125,
      0.78125,
      0.765625,
      0.9375,
      0.828125,
      0.828125,
      0.765625,
      0.828125,
      0.796875,
      0.796875,
      0.8125,
      0.859375,
      0.765625,
      0.796875,
      0.765625,
      0.859375,
      0.828125,
      0.765625,
      0.828125,
      0.78125,
      0.765625,
      0.875,
      0.8125,
      0.859375,
      0.90625,
      0.859375,
      0.828125,
      0.890625,
      0.84375,
      0.765625,
      0.84375,
      0.828125,
      0.859375,
      0.796875,
      0.953125,
      0.75,
      0.84375,
      0.921875,
      0.7916666666666666
   ],
   "batch_train_losses": [
      1.265770673751831,
      1.308724284172058,
      1.1866230964660645,
      1.3833926916122437,
      1.2254990339279175,
      1.2951866388320923,
      1.175191044807434,
      1.3328404426574707,
      1.3388432264328003,
      1.2856698036193848,
      1.2181252241134644,
      1.258387804031372,
      1.2603552341461182,
      1.3046749830245972,
      1.4054805040359497,
      1.2359131574630737,
      1.2092084884643555,
      1.3286627531051636,
      1.2718793153762817,
      1.225119709968567,
      1.5358190536499023,
      1.3531203269958496,
      1.309584140777588,
      1.3775639533996582,
      1.2616369724273682,
      1.4405949115753174,
      1.4022362232208252,
      1.2488718032836914,
      1.3904136419296265,
      1.289621114730835,
      1.4161465167999268,
      1.2296751737594604,
      1.378748893737793,
      1.1772656440734863,
      1.248261570930481,
      1.2537429332733154,
      1.3054165840148926,
      1.2808971405029297,
      1.3182086944580078,
      1.2914069890975952,
      1.3149906396865845,
      1.3350443840026855,
      1.3437992334365845,
      1.1378462314605713,
      1.2507065534591675,
      1.2812546491622925,
      1.4061766862869263,
      1.2539398670196533,
      1.250824213027954,
      1.1872539520263672,
      1.1383626461029053,
      1.2125154733657837,
      1.2382159233093262,
      1.221693992614746,
      1.3267343044281006,
      1.221252202987671,
      1.16218900680542,
      1.0915015935897827,
      1.3060227632522583,
      1.380530595779419,
      1.2089498043060303,
      1.3249884843826294,
      1.2907806634902954,
      1.171132206916809,
      1.172098994255066,
      1.2243276834487915,
      1.1943371295928955,
      1.4918971061706543,
      1.3346285820007324,
      1.1633220911026,
      1.2260018587112427,
      1.1953880786895752,
      1.243222951889038,
      1.2897968292236328,
      1.2667362689971924,
      1.1865352392196655,
      1.3915156126022339,
      1.2782642841339111,
      1.3143868446350098,
      1.325355887413025,
      1.196539282798767,
      1.236019253730774,
      1.2765922546386719,
      1.2109975814819336,
      1.308274269104004,
      1.2558541297912598,
      1.3214166164398193,
      1.1099570989608765,
      1.1847381591796875,
      1.2897893190383911,
      1.1843541860580444,
      1.3192806243896484,
      1.3371471166610718,
      1.2313735485076904,
      1.2616528272628784,
      1.1599477529525757,
      1.2606462240219116,
      1.2194613218307495,
      1.266569972038269,
      1.349824070930481,
      1.3270221948623657,
      1.3880352973937988,
      1.1747325658798218,
      1.2924559116363525,
      1.3008373975753784,
      1.1964682340621948,
      1.1987214088439941,
      1.1621932983398438,
      1.2615066766738892,
      1.190697193145752,
      1.2449091672897339,
      1.2886825799942017,
      1.3514783382415771,
      1.347074031829834,
      1.2560451030731201,
      1.3069144487380981,
      1.3026777505874634,
      1.2352628707885742,
      1.4224671125411987,
      1.2240040302276611,
      1.2373127937316895,
      1.2193552255630493,
      1.286239504814148,
      1.1952641010284424,
      1.3575772047042847,
      1.2040261030197144,
      1.1982612609863281,
      1.4402134418487549,
      1.1953494548797607,
      1.2164117097854614,
      1.248133659362793,
      1.2806360721588135,
      1.2576994895935059,
      1.1737658977508545,
      1.2496415376663208,
      1.2620904445648193,
      1.2724027633666992,
      1.1865490674972534,
      1.244361162185669,
      1.3680955171585083,
      1.2859259843826294,
      1.1936777830123901,
      1.163198471069336,
      1.2871086597442627,
      1.271870732307434,
      1.306415319442749,
      1.4330567121505737,
      1.1946994066238403,
      1.161580204963684,
      1.2777796983718872,
      1.2304638624191284,
      1.3736464977264404,
      1.3706854581832886,
      1.1857471466064453,
      1.1872897148132324,
      1.212043285369873,
      1.2086156606674194,
      1.252347707748413,
      1.2824681997299194,
      1.2575302124023438,
      1.274997353553772,
      1.1856979131698608,
      1.3835252523422241,
      1.3473656177520752,
      1.2987518310546875,
      1.258522868156433,
      1.2109681367874146,
      1.3755919933319092,
      1.1835753917694092,
      1.241727590560913,
      1.2399309873580933,
      1.074633240699768,
      1.2154426574707031,
      1.2004963159561157,
      1.1693953275680542,
      1.1899594068527222,
      1.3609943389892578,
      1.2518330812454224,
      1.3160080909729004,
      1.4045910835266113,
      1.1558830738067627,
      1.2545852661132812,
      1.1582595109939575,
      1.4030671119689941,
      1.0684131383895874,
      1.3417009115219116,
      1.3143751621246338,
      1.1010565757751465,
      1.4886384010314941
   ],
   "batch_train_times": [],
   "val_accuracy": 0.46283783783783783,
   "val_loss": 2.185616602768769,