{
   "epoch": 19,
   "batch_train_accuracies": [
      0.875,
      0.84375,
      0.8125,
      0.875,
      0.890625,
      0.859375,
      0.828125,
      0.890625,
      0.8125,
      0.828125,
      0.921875,
      0.828125,
      0.875,
      0.875,
      0.90625,
      0.84375,
      0.875,
      0.875,
      0.875,
      0.859375,
      0.796875,
      0.875,
      0.90625,
      0.796875,
      0.890625,
      0.859375,
      0.890625,
      0.84375,
      0.796875,
      0.875,
      0.890625,
      0.953125,
      0.890625,
      0.9375,
      0.78125,
      0.859375,
      0.890625,
      0.921875,
      0.9375,
      0.890625,
      0.90625,
      0.84375,
      0.96875,
      0.84375,
      0.921875,
      0.859375,
      0.875,
      0.875,
      0.921875,
      0.828125,
      0.875,
      0.890625,
      0.875,
      0.828125,
      0.84375,
      0.9375,
      0.921875,
      0.84375,
      0.84375,
      0.859375,
      0.84375,
      0.875,
      0.9375,
      0.9375,
      0.84375,
      0.90625,
      0.875,
      0.84375,
      0.859375,
      0.84375,
      0.859375,
      0.890625,
      0.828125,
      0.859375,
      0.875,
      0.796875,
      0.84375,
      0.953125,
      0.828125,
      0.859375,
      0.859375,
      0.84375,
      0.875,
      0.859375,
      0.8125,
      0.796875,
      0.875,
      0.875,
      0.921875,
      0.8125,
      0.890625,
      0.9375,
      0.8125,
      0.859375,
      0.875,
      0.84375,
      0.875,
      0.84375,
      0.84375,
      0.828125,
      0.859375,
      0.875,
      0.78125,
      0.890625,
      0.890625,
      0.890625,
      0.828125,
      0.875,
      0.9375,
      0.8125,
      0.796875,
      0.875,
      0.796875,
      0.765625,
      0.8125,
      0.890625,
      0.890625,
      0.921875,
      0.84375,
      0.84375,
      0.921875,
      0.890625,
      0.796875,
      0.875,
      0.90625,
      0.859375,
      0.875,
      0.90625,
      0.90625,
      0.921875,
      0.90625,
      0.921875,
      0.8125,
      0.8125,
      0.796875,
      0.84375,
      0.875,
      0.9375,
      0.90625,
      0.90625,
      0.890625,
      0.859375,
      0.828125,
      0.875,
      0.875,
      0.90625,
      0.765625,
      0.875,
      0.875,
      0.9375,
      0.875,
      0.71875,
      0.828125,
      0.890625,
      0.90625,
      0.9375,
      0.90625,
      0.953125,
      0.90625,
      0.890625,
      0.8125,
      0.921875,
      0.953125,
      0.9375,
      0.90625,
      0.90625,
      0.859375,
      0.796875,
      0.96875,
      0.890625,
      0.78125,
      0.859375,
      0.828125,
      0.9375,
      0.84375,
      0.96875,
      0.859375,
      0.875,
      0.78125,
      0.859375,
      0.78125,
      0.875,
      0.78125,
      0.921875,
      0.890625,
      0.90625,
      0.828125,
      0.84375,
      0.8333333333333334
   ],
   "batch_train_losses": [
      1.2071127891540527,
      1.2045649290084839,
      1.2471801042556763,
      1.1630604267120361,
      1.1453046798706055,
      1.2258681058883667,
      1.257134199142456,
      1.2653971910476685,
      1.3189725875854492,
      1.2579339742660522,
      1.1115890741348267,
      1.2052809000015259,
      1.3264765739440918,
      1.2055367231369019,
      1.106650471687317,
      1.241417646408081,
      1.2254760265350342,
      1.1949447393417358,
      1.1395992040634155,
      1.1137409210205078,
      1.1554839611053467,
      1.1423354148864746,
      1.155930995941162,
      1.281752586364746,
      1.1923694610595703,
      1.2397159337997437,
      1.1421887874603271,
      1.1551800966262817,
      1.2672322988510132,
      1.118276834487915,
      1.1517835855484009,
      1.0820482969284058,
      1.0433694124221802,
      1.1632912158966064,
      1.2450600862503052,
      1.0780603885650635,
      1.1190704107284546,
      1.0413190126419067,
      1.0181714296340942,
      1.1250377893447876,
      1.1601160764694214,
      1.2975653409957886,
      1.0415488481521606,
      1.2031875848770142,
      1.044446587562561,
      1.2383227348327637,
      1.0964149236679077,
      1.2210170030593872,
      1.1926156282424927,
      1.1596190929412842,
      1.105230689048767,
      1.225682020187378,
      1.2035331726074219,
      1.2384885549545288,
      1.1507563591003418,
      1.1166036128997803,
      1.1433889865875244,
      1.2690201997756958,
      1.1707143783569336,
      1.1868919134140015,
      1.1995477676391602,
      1.2335824966430664,
      1.1727867126464844,
      1.0719759464263916,
      1.169424057006836,
      1.1405599117279053,
      1.1629858016967773,
      1.1496412754058838,
      1.249979019165039,
      1.148699164390564,
      1.1347663402557373,
      1.103963017463684,
      1.275099515914917,
      1.2622363567352295,
      1.1320747137069702,
      1.2908345460891724,
      1.220400333404541,
      1.1372147798538208,
      1.3169677257537842,
      1.2204105854034424,
      1.1480488777160645,
      1.2587499618530273,
      1.1440496444702148,
      1.2008548974990845,
      1.33087158203125,
      1.3235580921173096,
      1.2001146078109741,
      1.2238067388534546,
      1.1999645233154297,
      1.2248823642730713,
      1.1949214935302734,
      1.1458139419555664,
      1.3541524410247803,
      1.2017408609390259,
      1.1789236068725586,
      1.2038307189941406,
      1.1438835859298706,
      1.2619043588638306,
      1.1485185623168945,
      1.2845358848571777,
      1.3145023584365845,
      1.0655068159103394,
      1.3002206087112427,
      1.1829041242599487,
      1.1899760961532593,
      1.1154307126998901,
      1.2366077899932861,
      1.1724127531051636,
      1.0860804319381714,
      1.2054544687271118,
      1.1554468870162964,
      1.1958714723587036,
      1.2131893634796143,
      1.3595136404037476,
      1.2724456787109375,
      1.2417248487472534,
      1.238766074180603,
      1.1781291961669922,
      1.3630340099334717,
      1.2005614042282104,
      1.0581386089324951,
      1.2302998304367065,
      1.2336326837539673,
      1.175976037979126,
      1.1542751789093018,
      1.2015959024429321,
      1.1547396183013916,
      1.3027522563934326,
      1.2171608209609985,
      1.1341378688812256,
      1.2015273571014404,
      1.0086426734924316,
      1.2058535814285278,
      1.283979058265686,
      1.333689570426941,
      1.2042236328125,
      1.1950061321258545,
      1.1979143619537354,
      0.9973737597465515,
      1.0916725397109985,
      1.2252681255340576,
      1.114139437675476,
      1.2241588830947876,
      1.254183053970337,
      1.0965412855148315,
      1.1005258560180664,
      1.3934471607208252,
      1.2664546966552734,
      1.1902776956558228,
      1.0580759048461914,
      1.155898094177246,
      1.45125412940979,
      1.1122605800628662,
      1.160224437713623,
      1.1009305715560913,
      1.1226580142974854,
      1.2364174127578735,
      1.1556676626205444,
      1.0864248275756836,
      1.1591894626617432,
      1.2219233512878418,
      1.11283278465271,
      1.041214942932129,
      1.1582741737365723,
      1.0955629348754883,
      1.122513771057129,
      1.1614468097686768,
      1.3068770170211792,
      1.02334725856781,
      1.2210837602615356,
      1.312525987625122,
      1.2793512344360352,
      1.3947159051895142,
      1.1032506227493286,
      1.1937716007232666,
      1.0790568590164185,
      1.1596331596374512,
      1.118541955947876,
      1.3181617259979248,
      1.236712098121643,
      1.396980881690979,
      1.1669965982437134,
      1.2769653797149658,
      1.0699387788772583,
      1.1690291166305542,
      1.1635313034057617,
      1.2540613412857056,
      1.1971149444580078,
      1.503068447113037
   ],
   "batch_train_times": [],
   "val_accuracy": 0.5033783783783784,
   "val_loss": 2.097805300274411,