{
   "epoch": 20,
   "batch_train_accuracies": [
      0.875,
      0.828125,
      0.8125,
      0.859375,
      0.796875,
      0.84375,
      0.890625,
      0.890625,
      0.84375,
      0.90625,
      0.84375,
      0.90625,
      0.859375,
      0.859375,
      0.890625,
      0.9375,
      0.890625,
      0.8125,
      0.84375,
      0.9375,
      0.890625,
      0.84375,
      0.828125,
      0.859375,
      0.859375,
      0.84375,
      0.96875,
      0.921875,
      0.9375,
      0.78125,
      0.859375,
      0.890625,
      0.875,
      0.875,
      0.84375,
      0.890625,
      0.890625,
      0.859375,
      0.84375,
      0.921875,
      0.875,
      0.953125,
      0.921875,
      0.90625,
      0.90625,
      0.828125,
      0.71875,
      0.921875,
      0.890625,
      0.90625,
      0.875,
      0.84375,
      0.90625,
      0.90625,
      0.828125,
      0.8125,
      0.796875,
      0.84375,
      0.859375,
      0.9375,
      0.84375,
      0.890625,
      0.890625,
      0.90625,
      0.875,
      0.890625,
      0.875,
      0.921875,
      0.859375,
      0.921875,
      0.84375,
      0.890625,
      0.890625,
      0.90625,
      0.875,
      0.890625,
      0.890625,
      0.90625,
      0.84375,
      0.9375,
      0.796875,
      0.875,
      0.84375,
      0.875,
      0.875,
      0.8125,
      0.953125,
      0.8125,
      0.859375,
      0.8125,
      0.890625,
      0.9375,
      0.90625,
      0.9375,
      0.828125,
      0.90625,
      0.890625,
      0.921875,
      0.859375,
      0.859375,
      0.828125,
      0.796875,
      0.921875,
      0.921875,
      0.875,
      0.8125,
      0.875,
      0.90625,
      0.90625,
      0.890625,
      0.875,
      0.921875,
      0.90625,
      0.859375,
      0.921875,
      0.78125,
      0.890625,
      0.921875,
      0.84375,
      0.84375,
      0.84375,
      0.953125,
      0.875,
      0.828125,
      0.890625,
      0.921875,
      0.859375,
      0.875,
      0.84375,
      0.796875,
      0.921875,
      0.890625,
      0.875,
      0.84375,
      0.921875,
      0.90625,
      0.828125,
      0.890625,
      0.890625,
      0.921875,
      0.859375,
      0.90625,
      0.90625,
      0.796875,
      0.8125,
      0.828125,
      0.859375,
      0.921875,
      0.84375,
      0.890625,
      0.890625,
      0.890625,
      0.890625,
      0.84375,
      0.921875,
      0.90625,
      0.953125,
      0.921875,
      0.84375,
      0.8125,
      0.828125,
      0.828125,
      0.828125,
      0.859375,
      0.8125,
      0.875,
      0.984375,
      0.875,
      0.875,
      0.859375,
      0.9375,
      0.875,
      0.921875,
      0.796875,
      0.84375,
      0.890625,
      0.953125,
      0.90625,
      0.75,
      0.90625,
      0.84375,
      0.8125,
      0.890625,
      0.859375,
      0.796875,
      0.953125,
      0.859375,
      0.90625,
      0.875
   ],
   "batch_train_losses": [
      1.1717002391815186,
      1.2336030006408691,
      1.3368526697158813,
      1.1780308485031128,
      1.2909314632415771,
      1.3043062686920166,
      1.2012624740600586,
      1.1835637092590332,
      1.2037713527679443,
      1.2593189477920532,
      1.2157256603240967,
      1.1388380527496338,
      1.0988852977752686,
      1.1775609254837036,
      1.1290719509124756,
      1.1047850847244263,
      1.247589349746704,
      1.2521377801895142,
      1.3494302034378052,
      1.1131439208984375,
      1.1649608612060547,
      1.1471636295318604,
      1.185612678527832,
      1.2583189010620117,
      1.172200322151184,
      1.1769675016403198,
      1.00873863697052,
      1.079698085784912,
      1.1284970045089722,
      1.2962712049484253,
      1.2666488885879517,
      1.2276335954666138,
      1.1956254243850708,
      1.1854770183563232,
      1.212632656097412,
      1.2888014316558838,
      1.2586406469345093,
      1.2890139818191528,
      1.3091999292373657,
      1.2040736675262451,
      1.1873866319656372,
      1.1070088148117065,
      1.0915281772613525,
      1.2169604301452637,
      1.094842791557312,
      1.2490395307540894,
      1.3084166049957275,
      1.121196985244751,
      1.192551612854004,
      1.0940861701965332,
      1.1422686576843262,
      1.248403549194336,
      1.0342086553573608,
      1.1402921676635742,
      1.214573860168457,
      1.2542732954025269,
      1.2840185165405273,
      1.2549821138381958,
      1.0786212682724,
      1.1381791830062866,
      1.2706743478775024,
      1.2484307289123535,
      1.261339545249939,
      1.162291407585144,
      1.1355600357055664,
      1.1632107496261597,
      1.1193314790725708,
      1.1950764656066895,
      1.293014645576477,
      1.1564751863479614,
      1.2283731698989868,
      1.1919171810150146,
      1.242454171180725,
      1.2237740755081177,
      1.3018648624420166,
      1.183453917503357,
      1.1574161052703857,
      1.1778616905212402,
      1.1937354803085327,
      1.1602779626846313,
      1.2691779136657715,
      1.1438661813735962,
      1.3508925437927246,
      1.1224586963653564,
      1.1265984773635864,
      1.2869255542755127,
      1.1439789533615112,
      1.2295562028884888,
      1.1755387783050537,
      1.373440146446228,
      1.1413359642028809,
      1.1456105709075928,
      1.2628878355026245,
      1.1082627773284912,
      1.2022922039031982,
      1.2540489435195923,
      1.160707712173462,
      1.1702743768692017,
      1.241761326789856,
      1.3157072067260742,
      1.2403898239135742,
      1.2572370767593384,
      1.1823012828826904,
      1.2054520845413208,
      1.1484681367874146,
      1.2699800729751587,
      1.2421257495880127,
      1.0895347595214844,
      1.0895382165908813,
      1.1864122152328491,
      1.2276586294174194,
      1.1479414701461792,
      1.2297053337097168,
      1.2611109018325806,
      1.1412307024002075,
      1.2788562774658203,
      1.333519458770752,
      1.1258021593093872,
      1.2304039001464844,
      1.1575583219528198,
      1.238802194595337,
      1.0579372644424438,
      1.2693697214126587,
      1.2191526889801025,
      1.1706112623214722,
      1.1467846632003784,
      1.2910963296890259,
      1.2620279788970947,
      1.1766133308410645,
      1.2215598821640015,
      1.1063374280929565,
      1.1790860891342163,
      1.2270452976226807,
      1.207152009010315,
      1.2798681259155273,
      1.1478400230407715,
      1.3028881549835205,
      1.1580561399459839,
      1.2320455312728882,
      1.1884829998016357,
      1.2682948112487793,
      1.1521670818328857,
      1.212414026260376,
      1.264746069908142,
      1.3534234762191772,
      1.2569202184677124,
      1.2585642337799072,
      1.2381502389907837,
      1.2239856719970703,
      1.1884665489196777,
      1.216652750968933,
      1.199924349784851,
      1.1362072229385376,
      1.2383254766464233,
      1.1526756286621094,
      1.1568326950073242,
      0.9799933433532715,
      1.156443476676941,
      1.3162404298782349,
      1.2413477897644043,
      1.1717170476913452,
      1.214484691619873,
      1.2798007726669312,
      1.1969051361083984,
      1.308485746383667,
      1.2216107845306396,
      1.0650180578231812,
      1.250002145767212,
      1.1661629676818848,
      1.1219772100448608,
      1.0767310857772827,
      1.2260127067565918,
      1.2240434885025024,
      1.183107614517212,
      1.2016496658325195,
      1.1036049127578735,
      1.1214911937713623,
      1.1902621984481812,
      1.3515558242797852,
      1.1429054737091064,
      1.2444686889648438,
      1.2327018976211548,
      1.1607389450073242,
      1.1028248071670532,
      1.4072026014328003,
      0.9992907643318176,
      1.19752836227417,
      1.1378263235092163,
      1.2872053384780884
   ],
   "batch_train_times": [],
   "val_accuracy": 0.5,
   "val_loss": 2.224779831396567,