{
   "epoch": 16,
   "batch_train_accuracies": [
      0.78125,
      0.828125,
      0.765625,
      0.890625,
      0.859375,
      0.78125,
      0.828125,
      0.859375,
      0.9375,
      0.8125,
      0.875,
      0.84375,
      0.890625,
      0.84375,
      0.921875,
      0.96875,
      0.890625,
      0.78125,
      0.859375,
      0.859375,
      0.921875,
      0.921875,
      0.859375,
      0.828125,
      0.890625,
      0.875,
      0.765625,
      0.859375,
      0.84375,
      0.875,
      0.84375,
      0.875,
      0.796875,
      0.875,
      0.8125,
      0.9375,
      0.8125,
      0.890625,
      0.921875,
      0.875,
      0.84375,
      0.875,
      0.78125,
      0.78125,
      0.890625,
      0.875,
      0.84375,
      0.8125,
      0.859375,
      0.8125,
      0.859375,
      0.859375,
      0.8125,
      0.8125,
      0.875,
      0.84375,
      0.9375,
      0.84375,
      0.859375,
      0.8125,
      0.84375,
      0.84375,
      0.78125,
      0.78125,
      0.90625,
      0.890625,
      0.890625,
      0.8125,
      0.859375,
      0.921875,
      0.828125,
      0.875,
      0.796875,
      0.875,
      0.875,
      0.90625,
      0.890625,
      0.765625,
      0.875,
      0.875,
      0.8125,
      0.828125,
      0.90625,
      0.921875,
      0.84375,
      0.890625,
      0.859375,
      0.8125,
      0.9375,
      0.90625,
      0.84375,
      0.921875,
      0.828125,
      0.921875,
      0.90625,
      0.921875,
      0.859375,
      0.921875,
      0.875,
      0.828125,
      0.84375,
      0.828125,
      0.796875,
      0.78125,
      0.90625,
      0.875,
      0.8125,
      0.875,
      0.84375,
      0.796875,
      0.875,
      0.875,
      0.9375,
      0.828125,
      0.890625,
      0.796875,
      0.8125,
      0.828125,
      0.875,
      0.921875,
      0.796875,
      0.84375,
      0.859375,
      0.859375,
      0.9375,
      0.890625,
      0.921875,
      0.78125,
      0.921875,
      0.8125,
      0.875,
      0.859375,
      0.8125,
      0.890625,
      0.921875,
      0.859375,
      0.890625,
      0.875,
      0.875,
      0.765625,
      0.890625,
      0.875,
      0.765625,
      0.8125,
      0.859375,
      0.90625,
      0.890625,
      0.890625,
      0.859375,
      0.84375,
      0.875,
      0.859375,
      0.875,
      0.84375,
      0.796875,
      0.859375,
      0.859375,
      0.890625,
      0.8125,
      0.90625,
      0.84375,
      0.890625,
      0.84375,
      0.734375,
      0.875,
      0.828125,
      0.828125,
      0.875,
      0.796875,
      0.875,
      0.859375,
      0.78125,
      0.875,
      0.890625,
      0.859375,
      0.78125,
      0.84375,
      0.84375,
      0.875,
      0.875,
      0.859375,
      0.875,
      0.84375,
      0.90625,
      0.921875,
      0.890625,
      0.8125,
      0.875,
      0.9166666666666666
   ],
   "batch_train_losses": [
      1.2392719984054565,
      1.2786242961883545,
      1.2905828952789307,
      1.1287953853607178,
      1.287786841392517,
      1.200891375541687,
      1.1723523139953613,
      1.182177186012268,
      1.1103684902191162,
      1.1750380992889404,
      1.127133846282959,
      1.2152684926986694,
      1.0767579078674316,
      1.1423704624176025,
      1.0132924318313599,
      1.0300734043121338,
      1.0459264516830444,
      1.354171633720398,
      1.1108745336532593,
      1.1843832731246948,
      1.083833932876587,
      1.087514042854309,
      1.2352056503295898,
      1.2285165786743164,
      0.9990835785865784,
      1.183882713317871,
      1.2659510374069214,
      1.3377245664596558,
      1.1213364601135254,
      1.1187114715576172,
      1.2143183946609497,
      1.0674443244934082,
      1.28163743019104,
      1.1508574485778809,
      1.2965799570083618,
      1.115516185760498,
      1.219026803970337,
      1.197149395942688,
      1.162978172302246,
      1.2216131687164307,
      1.1894515752792358,
      1.1162989139556885,
      1.2823171615600586,
      1.1885814666748047,
      1.1699113845825195,
      1.1928911209106445,
      1.204718828201294,
      1.253983736038208,
      1.2072925567626953,
      1.2006468772888184,
      1.1159331798553467,
      1.2447173595428467,
      1.2507444620132446,
      1.1632667779922485,
      1.1403851509094238,
      1.182490587234497,
      1.0678331851959229,
      1.2632070779800415,
      1.1490517854690552,
      1.281325101852417,
      1.275473952293396,
      1.2799872159957886,
      1.2143406867980957,
      1.4573235511779785,
      1.174359679222107,
      1.0906682014465332,
      1.2104854583740234,
      1.3160293102264404,
      1.2401559352874756,
      1.0361427068710327,
      1.2776339054107666,
      1.3134040832519531,
      1.2402878999710083,
      1.2704848051071167,
      1.222192645072937,
      1.0375779867172241,
      1.1104474067687988,
      1.393035650253296,
      1.2095906734466553,
      1.2542489767074585,
      1.3044897317886353,
      1.1604937314987183,
      0.9973599314689636,
      1.0999811887741089,
      1.2037742137908936,
      1.1725752353668213,
      1.1976966857910156,
      1.1773468255996704,
      1.1259255409240723,
      1.2170706987380981,
      1.1782128810882568,
      1.2177534103393555,
      1.268402338027954,
      1.1013883352279663,
      1.0912424325942993,
      1.135923981666565,
      1.152458667755127,
      1.1236804723739624,
      1.1227320432662964,
      1.2029821872711182,
      1.3147820234298706,
      1.2706609964370728,
      1.3557512760162354,
      1.4505183696746826,
      1.1146050691604614,
      1.1946121454238892,
      1.3417928218841553,
      1.216948390007019,
      1.2344918251037598,
      1.2288813591003418,
      1.0344288349151611,
      1.171311378479004,
      0.9974814057350159,
      1.2458082437515259,
      1.1465089321136475,
      1.2627266645431519,
      1.2492456436157227,
      1.288893222808838,
      1.1684134006500244,
      1.0793336629867554,
      1.2924426794052124,
      1.215350866317749,
      1.2338999509811401,
      1.2128607034683228,
      1.0806547403335571,
      1.1457563638687134,
      1.0461822748184204,
      1.2973041534423828,
      1.1320713758468628,
      1.2492748498916626,
      1.134355068206787,
      1.21014404296875,
      1.189117670059204,
      1.1997356414794922,
      1.1041861772537231,
      1.1669656038284302,
      1.105441927909851,
      1.2269824743270874,
      1.2807800769805908,
      1.304560899734497,
      1.14803946018219,
      1.1352795362472534,
      1.340807557106018,
      1.266343593597412,
      1.1800026893615723,
      1.1006132364273071,
      1.08182692527771,
      1.131199598312378,
      1.1516339778900146,
      1.191321849822998,
      1.1073614358901978,
      1.1480385065078735,
      1.1529844999313354,
      1.1134661436080933,
      1.2905786037445068,
      1.153964638710022,
      1.1706656217575073,
      1.1943796873092651,
      1.3409775495529175,
      1.0671921968460083,
      1.1152726411819458,
      1.1059263944625854,
      1.163040041923523,
      1.4056717157363892,
      1.187445044517517,
      1.3229126930236816,
      1.2286651134490967,
      1.2344975471496582,
      1.2514269351959229,
      1.1821004152297974,
      1.2275850772857666,
      1.2545640468597412,
      1.1089550256729126,
      1.180425763130188,
      1.228471279144287,
      1.3082103729248047,
      1.2157618999481201,
      1.1574434041976929,
      1.160058617591858,
      1.1713324785232544,
      1.2299305200576782,
      1.1618857383728027,
      1.1686724424362183,
      1.081497311592102,
      1.1320219039916992,
      1.084245204925537,
      1.2280535697937012,
      1.0787410736083984,
      1.1073071956634521
   ],
   "batch_train_times": [],
   "val_accuracy": 0.5304054054054054,
   "val_loss": 2.0392469844302616,