{
   "epoch": 18,
   "batch_train_accuracies": [
      0.875,
      0.9375,
      0.84375,
      0.890625,
      0.890625,
      0.921875,
      0.90625,
      0.921875,
      0.859375,
      0.875,
      0.953125,
      0.875,
      0.9375,
      0.90625,
      0.953125,
      0.921875,
      0.8125,
      0.84375,
      0.921875,
      0.9375,
      0.875,
      0.875,
      0.828125,
      0.90625,
      0.875,
      0.859375,
      0.90625,
      0.8125,
      0.921875,
      0.90625,
      0.78125,
      0.9375,
      0.875,
      0.90625,
      0.890625,
      0.875,
      0.828125,
      0.921875,
      0.796875,
      0.890625,
      0.875,
      0.828125,
      0.890625,
      0.859375,
      0.859375,
      0.90625,
      0.890625,
      0.765625,
      0.84375,
      0.90625,
      0.90625,
      0.78125,
      0.921875,
      0.890625,
      0.796875,
      0.859375,
      0.890625,
      0.890625,
      0.875,
      0.90625,
      0.765625,
      0.921875,
      0.921875,
      0.875,
      0.875,
      0.890625,
      0.84375,
      0.796875,
      0.859375,
      0.859375,
      0.84375,
      0.8125,
      0.890625,
      0.890625,
      0.8125,
      0.828125,
      0.78125,
      0.859375,
      0.953125,
      0.8125,
      0.875,
      0.921875,
      0.875,
      0.859375,
      0.90625,
      0.875,
      0.90625,
      0.921875,
      0.78125,
      0.796875,
      0.859375,
      0.84375,
      0.9375,
      0.84375,
      0.921875,
      0.9375,
      0.890625,
      0.84375,
      0.890625,
      0.765625,
      0.859375,
      0.84375,
      0.796875,
      0.9375,
      0.90625,
      0.8125,
      0.9375,
      0.84375,
      0.90625,
      0.765625,
      0.859375,
      0.875,
      0.890625,
      0.875,
      0.8125,
      0.890625,
      0.9375,
      0.828125,
      0.890625,
      0.84375,
      0.875,
      0.890625,
      0.859375,
      0.890625,
      0.84375,
      0.890625,
      0.828125,
      0.875,
      0.90625,
      0.875,
      0.890625,
      0.828125,
      0.921875,
      0.875,
      0.828125,
      0.8125,
      0.84375,
      0.8125,
      0.859375,
      0.859375,
      0.828125,
      0.90625,
      0.9375,
      0.890625,
      0.859375,
      0.828125,
      0.90625,
      0.796875,
      0.84375,
      0.90625,
      0.8125,
      0.859375,
      0.859375,
      0.875,
      0.9375,
      0.859375,
      0.84375,
      0.90625,
      0.859375,
      0.890625,
      0.828125,
      0.8125,
      0.890625,
      0.859375,
      0.9375,
      0.90625,
      0.875,
      0.9375,
      0.9375,
      0.90625,
      0.859375,
      0.859375,
      0.875,
      0.796875,
      0.84375,
      0.859375,
      0.890625,
      0.859375,
      0.828125,
      0.859375,
      0.875,
      0.84375,
      0.78125,
      0.875,
      0.859375,
      0.859375,
      0.828125,
      0.890625,
      0.875
   ],
   "batch_train_losses": [
      1.243181586265564,
      1.0785167217254639,
      1.2748351097106934,
      1.082383632659912,
      1.1444003582000732,
      1.0384128093719482,
      1.0786484479904175,
      1.2027634382247925,
      1.2205469608306885,
      1.0902576446533203,
      0.9690681099891663,
      1.2603585720062256,
      1.1194182634353638,
      1.0678424835205078,
      1.0056549310684204,
      1.120726466178894,
      1.165724515914917,
      1.2038425207138062,
      1.150080680847168,
      1.1467090845108032,
      1.1321028470993042,
      1.1708508729934692,
      1.3009077310562134,
      1.1139429807662964,
      1.1387581825256348,
      1.206891655921936,
      1.1900367736816406,
      1.3070317506790161,
      1.1737459897994995,
      1.147546648979187,
      1.3298090696334839,
      1.080374836921692,
      1.2003779411315918,
      1.1970903873443604,
      1.236755609512329,
      1.1646380424499512,
      1.1863075494766235,
      1.0885088443756104,
      1.2600785493850708,
      1.2369588613510132,
      1.0815274715423584,
      1.229467749595642,
      1.2043752670288086,
      1.1171050071716309,
      1.2657870054244995,
      1.1541601419448853,
      1.1495457887649536,
      1.3779897689819336,
      1.2630259990692139,
      1.154244303703308,
      1.2338393926620483,
      1.3253690004348755,
      1.1025922298431396,
      1.1211614608764648,
      1.2261370420455933,
      1.0313944816589355,
      1.1970854997634888,
      1.1524403095245361,
      1.0845069885253906,
      1.1821496486663818,
      1.3066363334655762,
      1.1779526472091675,
      1.0730758905410767,
      1.1591284275054932,
      1.109005331993103,
      1.1953150033950806,
      1.1167564392089844,
      1.180866003036499,
      1.1800038814544678,
      1.1401891708374023,
      1.2454249858856201,
      1.218773365020752,
      1.2105848789215088,
      1.2728368043899536,
      1.3312065601348877,
      1.191123604774475,
      1.2196009159088135,
      1.2704989910125732,
      1.0815893411636353,
      1.2388845682144165,
      1.3004307746887207,
      1.0519171953201294,
      1.2042862176895142,
      1.118460774421692,
      1.177367091178894,
      1.100052833557129,
      1.0976083278656006,
      1.1493492126464844,
      1.3779937028884888,
      1.256439208984375,
      1.310949683189392,
      1.3369648456573486,
      1.0928410291671753,
      1.1949119567871094,
      1.1803115606307983,
      1.1103801727294922,
      1.1996793746948242,
      1.2034170627593994,
      1.2331937551498413,
      1.2478814125061035,
      1.1491410732269287,
      1.0566456317901611,
      1.3803304433822632,
      1.0937272310256958,
      1.1712632179260254,
      1.2610496282577515,
      1.1064361333847046,
      1.201789379119873,
      1.2342517375946045,
      1.1378865242004395,
      1.1585667133331299,
      1.2294185161590576,
      1.2086700201034546,
      1.1186065673828125,
      1.3175216913223267,
      1.1193760633468628,
      1.07925283908844,
      1.2531981468200684,
      1.0926004648208618,
      1.2022265195846558,
      1.200423240661621,
      1.157374382019043,
      1.1415410041809082,
      1.2401995658874512,
      1.2063473463058472,
      1.03266441822052,
      1.2822140455245972,
      1.253699541091919,
      1.1651979684829712,
      1.2670891284942627,
      1.1575169563293457,
      1.221073031425476,
      1.287731647491455,
      1.1928166151046753,
      1.1503386497497559,
      1.3075283765792847,
      1.2389944791793823,
      1.289428949356079,
      1.197371244430542,
      1.1854491233825684,
      1.233445167541504,
      1.2550160884857178,
      1.0981535911560059,
      1.145268440246582,
      1.232041358947754,
      1.1229194402694702,
      1.2531967163085938,
      1.3210150003433228,
      1.127153754234314,
      1.142804741859436,
      1.2454754114151,
      1.2178477048873901,
      1.1832294464111328,
      1.1640141010284424,
      1.0533313751220703,
      1.2009910345077515,
      1.1835906505584717,
      1.1355719566345215,
      1.1954082250595093,
      1.1372692584991455,
      1.1429964303970337,
      1.2892712354660034,
      1.0716489553451538,
      1.2618385553359985,
      1.1868528127670288,
      1.151615858078003,
      1.2145265340805054,
      1.1201609373092651,
      1.1364532709121704,
      1.0834509134292603,
      1.178183913230896,
      1.2620795965194702,
      1.2380729913711548,
      1.2102564573287964,
      1.2298293113708496,
      1.2042336463928223,
      1.0925252437591553,
      1.1813194751739502,
      1.2403569221496582,
      1.1973950862884521,
      1.2013498544692993,
      1.157952904701233,
      1.4050366878509521,
      1.0749937295913696,
      1.257609248161316,
      1.097764253616333,
      1.240574836730957,
      1.1099426746368408,
      1.2340341806411743
   ],
   "batch_train_times": [],
   "val_accuracy": 0.5912162162162162,
   "val_loss": 1.965696940550933,