{
   "epoch": 6,
   "batch_train_accuracies": [
      0.515625,
      0.40625,
      0.53125,
      0.40625,
      0.515625,
      0.453125,
      0.421875,
      0.515625,
      0.453125,
      0.453125,
      0.40625,
      0.53125,
      0.515625,
      0.390625,
      0.546875,
      0.40625,
      0.421875,
      0.5,
      0.515625,
      0.578125,
      0.53125,
      0.46875,
      0.53125,
      0.484375,
      0.5,
      0.53125,
      0.40625,
      0.546875,
      0.5625,
      0.65625,
      0.578125,
      0.515625,
      0.5,
      0.5625,
      0.578125,
      0.453125,
      0.5625,
      0.546875,
      0.546875,
      0.546875,
      0.5,
      0.625
   ],
   "batch_train_losses": [
      2.061173439025879,
      2.163296699523926,
      2.077686309814453,
      2.2714383602142334,
      2.1148250102996826,
      2.21799635887146,
      2.1901657581329346,
      2.0598056316375732,
      2.0285773277282715,
      2.0924017429351807,
      2.3300347328186035,
      2.030423879623413,
      1.931635856628418,
      2.125891923904419,
      1.9733407497406006,
      2.145432233810425,
      2.150440216064453,
      2.0976336002349854,
      2.026010513305664,
      2.0207488536834717,
      2.0303924083709717,
      2.187812328338623,
      2.003350257873535,
      2.0404043197631836,
      1.9952454566955566,
      2.039311647415161,
      2.1278789043426514,
      1.9955122470855713,
      1.9076875448226929,
      1.8476601839065552,
      1.9042028188705444,
      2.05049729347229,
      1.9928191900253296,
      1.9634976387023926,
      1.9759583473205566,
      2.0408835411071777,
      2.0144941806793213,
      1.9992265701293945,
      2.0090088844299316,
      2.0366158485412598,
      2.0183348655700684,
      1.8175556659698486
   ],
   "batch_train_times": [],
   "val_accuracy": 0.3108108108108108,
   "val_loss": 2.5393555293212065,
   "val_accuracy_per_label": [
      0.6818181818181818,
      0.0,
      0.0,
      0.0,
      0.0,
      0.8,
      0.0,
      0.85,
      0.0,
      0.0,
      0.0,
      0.0,
      0.0,
      0.2,
      0.0,
      0.0,
      0.0,
      0.0,
      0.0,
      0.7931034482758621,
      0.6923076923076923,
      0.0,
      0.0,
      0.0,
      0.0,
      0.0,
      0.0,
      0.0,
      0.0,
      0.0,
      0.0,
      0.0,
      0.0,
      0.0,
      0.0,
      0.0,
      0.0,
      0.0,
      0.4666666666666667,
      0.2,
      0.0,
      0.5,
      0.2
   ]
}