{
   "epoch": 40,
   "batch_train_accuracies": [
      0.828125,
      0.9375,
      0.8125,
      0.84375,
      0.8125,
      0.84375,
      0.921875,
      0.890625,
      0.859375,
      0.90625,
      0.765625,
      0.78125,
      0.78125,
      0.890625,
      0.90625,
      0.859375,
      0.796875,
      0.828125,
      0.9375,
      0.859375,
      0.84375,
      0.921875,
      0.796875,
      0.890625,
      0.953125,
      0.90625,
      0.859375,
      0.8125,
      0.828125,
      0.875,
      0.796875,
      0.84375,
      0.828125,
      0.875,
      0.796875,
      0.828125,
      0.78125,
      0.859375,
      0.8125,
      0.90625,
      0.84375,
      0.75
   ],
   "batch_train_losses": [
      0.9354854822158813,
      0.7871135473251343,
      0.8273786306381226,
      0.8877184391021729,
      0.9657300710678101,
      0.9430858492851257,
      0.8102327585220337,
      0.8465647101402283,
      0.8650628924369812,
      0.7631267309188843,
      0.9632501006126404,
      0.9515398740768433,
      1.0215239524841309,
      0.759181559085846,
      0.7442561984062195,
      0.8557839393615723,
      1.0111500024795532,
      0.9534063339233398,
      0.7086529731750488,
      0.8182159066200256,
      0.925643265247345,
      0.7115565538406372,
      0.9968035221099854,
      0.7900768518447876,
      0.6683781743049622,
      0.7279155850410461,
      0.9318240880966187,
      0.9648417830467224,
      0.9208260178565979,
      0.7881279587745667,
      1.071928858757019,
      0.977169394493103,
      0.8095176815986633,
      0.885087251663208,
      1.0053000450134277,
      0.9748574495315552,
      1.0476691722869873,
      0.7812461853027344,
      1.092689871788025,
      0.8568553328514099,
      0.9579748511314392,
      1.1718785762786865
   ],
   "batch_train_times": [],
   "val_accuracy": 0.5168918918918919,
   "val_loss": 2.002972873481544,
   "val_accuracy_per_label": [
      0.5909090909090909,
      0.0,
      0.3333333333333333,
      0.0,
      0.8,
      0.0,
      0.3333333333333333,
      0.7,
      0.0,
      0.0,
      0.0,
      0.0,
      0.2,
      1.0,
      0.8,
      0.0,
      0.0,
      0.4,
      0.0,
      0.7931034482758621,
      0.9230769230769231,
      0.0,
      0.8,
      0.8,
      0.0,
      0.3,
      0.0,
      0.9,
      0.0,
      0.0,
      0.4,
      0.4,
      0.6,
      0.0,
      0.0,
      0.5,
      0.0,
      0.0,
      0.8666666666666667,
      0.6,
      0.0,
      0.25,
      0.2
   ]
}