{
   "epoch": 3,
   "batch_train_accuracies": [
      0.28125,
      0.390625,
      0.328125,
      0.46875,
      0.34375,
      0.296875,
      0.40625,
      0.4375,
      0.515625,
      0.4375,
      0.34375,
      0.375,
      0.46875,
      0.421875,
      0.390625,
      0.4375,
      0.375,
      0.5625,
      0.421875,
      0.3125,
      0.4375,
      0.515625,
      0.390625,
      0.40625,
      0.453125,
      0.359375,
      0.4375,
      0.421875,
      0.390625,
      0.375,
      0.296875,
      0.34375,
      0.359375,
      0.453125,
      0.4375,
      0.34375,
      0.46875,
      0.40625,
      0.390625,
      0.5625,
      0.453125,
      0.5
   ],
   "batch_train_losses": [
      2.639310836791992,
      2.609225273132324,
      2.6459126472473145,
      2.4809000492095947,
      2.6122586727142334,
      2.6180152893066406,
      2.62278413772583,
      2.572129249572754,
      2.4136300086975098,
      2.587679386138916,
      2.7503843307495117,
      2.665499448776245,
      2.5004281997680664,
      2.492138624191284,
      2.7017416954040527,
      2.5157384872436523,
      2.635225296020508,
      2.4416022300720215,
      2.466538429260254,
      2.731630325317383,
      2.492446184158325,
      2.3422930240631104,
      2.55361270904541,
      2.5153605937957764,
      2.355393886566162,
      2.551996946334839,
      2.594327449798584,
      2.536257266998291,
      2.465277910232544,
      2.4182891845703125,
      2.6368188858032227,
      2.538022756576538,
      2.4396402835845947,
      2.4180729389190674,
      2.395972490310669,
      2.4808008670806885,
      2.3868870735168457,
      2.465540885925293,
      2.478997230529785,
      2.329636335372925,
      2.2522964477539062,
      2.2344820499420166
   ],
   "batch_train_times": [],
   "val_accuracy": 0.28716216216216217,
   "val_loss": 2.891417612900605,
   "val_accuracy_per_label": [
      0.6818181818181818,
      0.0,
      0.0,
      0.0,
      0.0,
      0.0,
      0.0,
      0.8,
      0.0,
      0.0,
      0.0,
      0.0,
      0.0,
      0.2,
      0.0,
      0.0,
      0.0,
      0.0,
      0.6,
      0.1724137931034483,
      0.6153846153846154,
      0.0,
      0.0,
      0.0,
      0.0,
      0.0,
      0.0,
      0.95,
      0.0,
      0.0,
      0.0,
      0.0,
      0.0,
      0.0,
      0.0,
      0.0,
      0.0,
      0.0,
      0.0,
      0.5,
      0.0,
      0.625,
      0.0
   ]
}