{
   "epoch": 50,
   "batch_train_accuracies": [
      0.828125,
      0.90625,
      0.8125,
      0.859375,
      0.9375,
      0.8125,
      0.890625,
      0.875,
      0.90625,
      0.90625,
      0.921875,
      0.859375,
      0.890625,
      0.875,
      0.890625,
      0.84375,
      0.90625,
      0.921875,
      0.84375,
      0.90625,
      0.859375,
      0.859375,
      0.90625,
      0.84375,
      0.828125,
      0.859375,
      0.90625,
      0.875,
      0.875,
      0.8125,
      0.9375,
      0.96875,
      0.890625,
      0.890625,
      0.84375,
      0.90625,
      0.90625,
      0.875,
      0.875,
      0.875,
      0.859375,
      0.75
   ],
   "batch_train_losses": [
      0.810064971446991,
      0.7658511996269226,
      0.9777504205703735,
      0.8251842260360718,
      0.6438926458358765,
      0.8684121966362,
      0.8814865946769714,
      0.8207889199256897,
      0.6985124349594116,
      0.8336860537528992,
      0.6662907004356384,
      0.7849396467208862,
      0.8838774561882019,
      0.9104203581809998,
      0.7545520663261414,
      0.8522831201553345,
      0.75783771276474,
      0.713539719581604,
      0.8257471919059753,
      0.7794074416160583,
      0.9281153678894043,
      0.9208053946495056,
      0.8531442880630493,
      0.8954087495803833,
      1.0022029876708984,
      0.889609158039093,
      0.8412753343582153,
      0.8028335571289062,
      0.826475977897644,
      0.9578837752342224,
      0.7062098383903503,
      0.7068355083465576,
      0.7671192288398743,
      0.7068315148353577,
      0.8830729722976685,
      0.8503692746162415,
      0.7338390946388245,
      0.8430272936820984,
      0.8062331080436707,
      0.8058941960334778,
      0.9195156693458557,
      1.0847145318984985
   ],
   "batch_train_times": [],
   "val_accuracy": 0.5101351351351351,
   "val_loss": 2.0138895962689376,
   "val_accuracy_per_label": [
      0.5909090909090909,
      0.0,
      0.16666666666666666,
      0.0,
      1.0,
      0.0,
      0.3333333333333333,
      0.8,
      0.0,
      0.0,
      0.0,
      0.2,
      0.0,
      1.0,
      0.8,
      0.0,
      0.0,
      0.0,
      0.0,
      0.9655172413793104,
      0.8846153846153846,
      0.2,
      0.6,
      0.2,
      0.0,
      0.6,
      0.0,
      0.6,
      0.0,
      0.0,
      0.4,
      0.0,
      0.8,
      0.0,
      0.0,
      0.0,
      0.2,
      0.0,
      0.8,
      0.7,
      0.0,
      0.375,
      0.4
   ]
}