{
   "epoch": 13,
   "batch_train_accuracies": [
      0.65625,
      0.625,
      0.6875,
      0.578125,
      0.703125,
      0.625,
      0.671875,
      0.671875,
      0.625,
      0.65625,
      0.578125,
      0.5625,
      0.671875,
      0.59375,
      0.6875,
      0.59375,
      0.625,
      0.59375,
      0.671875,
      0.65625,
      0.625,
      0.59375,
      0.5625,
      0.6875,
      0.59375,
      0.640625,
      0.625,
      0.6875,
      0.625,
      0.625,
      0.6875,
      0.59375,
      0.6875,
      0.5625,
      0.609375,
      0.640625,
      0.609375,
      0.546875,
      0.703125,
      0.71875,
      0.765625,
      0.6875
   ],
   "batch_train_losses": [
      1.3466335535049438,
      1.4188776016235352,
      1.4790629148483276,
      1.662634015083313,
      1.3630341291427612,
      1.413358211517334,
      1.4464231729507446,
      1.4545623064041138,
      1.472162127494812,
      1.575260043144226,
      1.6494885683059692,
      1.6605876684188843,
      1.624680995941162,
      1.5987848043441772,
      1.4858778715133667,
      1.5482673645019531,
      1.526403784751892,
      1.5449796915054321,
      1.5380325317382812,
      1.3051648139953613,
      1.5796180963516235,
      1.5674020051956177,
      1.7174497842788696,
      1.5847158432006836,
      1.6996139287948608,
      1.4913060665130615,
      1.4601647853851318,
      1.371195673942566,
      1.5406205654144287,
      1.556061029434204,
      1.343689203262329,
      1.4736027717590332,
      1.4398859739303589,
      1.6442673206329346,
      1.4962509870529175,
      1.3733716011047363,
      1.4948798418045044,
      1.6044303178787231,
      1.3704605102539062,
      1.351563572883606,
      1.2664928436279297,
      1.264066219329834
   ],
   "batch_train_times": [],
   "val_accuracy": 0.3952702702702703,
   "val_loss": 2.3872281925098315,
   "val_accuracy_per_label": [
      0.5454545454545454,
      0.0,
      0.0,
      0.2,
      1.0,
      0.8,
      0.0,
      0.85,
      0.0,
      0.2,
      0.0,
      0.0,
      0.4,
      0.2,
      0.0,
      0.0,
      0.0,
      0.0,
      0.0,
      0.7586206896551724,
      0.7307692307692307,
      0.0,
      0.2,
      0.2,
      0.0,
      0.1,
      0.0,
      0.5,
      0.0,
      0.0,
      0.0,
      0.0,
      0.2,
      0.0,
      0.0,
      0.0,
      0.0,
      0.0,
      0.5333333333333333,
      0.6,
      0.0,
      0.5,
      0.2
   ]
}