{
   "epoch": 47,
   "batch_train_accuracies": [
      0.921875,
      0.953125,
      0.84375,
      0.90625,
      0.84375,
      0.84375,
      0.859375,
      0.859375,
      0.890625,
      0.953125,
      0.859375,
      0.890625,
      0.890625,
      0.859375,
      0.859375,
      0.84375,
      0.859375,
      0.859375,
      0.875,
      0.875,
      0.890625,
      0.90625,
      0.84375,
      0.875,
      0.921875,
      0.890625,
      0.90625,
      0.796875,
      0.859375,
      0.859375,
      0.828125,
      0.84375,
      0.890625,
      0.875,
      0.9375,
      0.828125,
      0.875,
      0.921875,
      0.796875,
      0.875,
      0.859375,
      0.75
   ],
   "batch_train_losses": [
      0.7515541911125183,
      0.673656702041626,
      0.8681855797767639,
      0.864027202129364,
      0.8456025123596191,
      0.8063654899597168,
      0.8619593381881714,
      0.8546618223190308,
      0.7539407014846802,
      0.663895845413208,
      0.8347294926643372,
      0.9622125029563904,
      0.8115208745002747,
      0.8310493230819702,
      0.8349930644035339,
      0.8350699543952942,
      0.8365382552146912,
      0.7764233946800232,
      0.8006277084350586,
      0.8371548652648926,
      0.70750892162323,
      0.7081595063209534,
      1.0409491062164307,
      0.8333369493484497,
      0.7562743425369263,
      0.7312645316123962,
      0.8195707201957703,
      1.0210351943969727,
      0.742026150226593,
      0.897944986820221,
      0.9790045022964478,
      0.881696343421936,
      0.9461061954498291,
      1.0236742496490479,
      0.6695136427879333,
      1.0216310024261475,
      0.7486525774002075,
      0.6972323656082153,
      0.9863187074661255,
      0.7548317909240723,
      0.746834933757782,
      1.6280556917190552
   ],
   "batch_train_times": [],
   "val_accuracy": 0.527027027027027,
   "val_loss": 1.786268324465365,
   "val_accuracy_per_label": [
      0.6363636363636364,
      0.0,
      0.3333333333333333,
      0.8,
      1.0,
      0.0,
      0.0,
      0.8,
      0.0,
      0.0,
      0.0,
      0.0,
      1.0,
      1.0,
      0.8,
      0.0,
      0.0,
      0.0,
      0.0,
      0.9310344827586207,
      0.9615384615384616,
      0.2,
      0.2,
      0.6,
      0.0,
      0.2,
      0.0,
      0.8,
      0.0,
      0.0,
      0.0,
      1.0,
      0.8,
      0.0,
      0.0,
      0.25,
      0.0,
      0.0,
      0.4,
      0.7,
      0.0,
      0.375,
      0.0
   ]
}