{
   "epoch": 4,
   "batch_train_accuracies": [
      0.453125,
      0.53125,
      0.375,
      0.390625,
      0.390625,
      0.359375,
      0.390625,
      0.296875,
      0.4375,
      0.328125,
      0.40625,
      0.546875,
      0.421875,
      0.4375,
      0.546875,
      0.484375,
      0.421875,
      0.46875,
      0.375,
      0.4375,
      0.34375,
      0.515625,
      0.453125,
      0.390625,
      0.5625,
      0.359375,
      0.5,
      0.515625,
      0.5,
      0.40625,
      0.46875,
      0.390625,
      0.4375,
      0.390625,
      0.484375,
      0.5,
      0.4375,
      0.546875,
      0.53125,
      0.546875,
      0.46875,
      0.4375
   ],
   "batch_train_losses": [
      2.385645627975464,
      2.2592885494232178,
      2.4064807891845703,
      2.539402484893799,
      2.4585812091827393,
      2.470102548599243,
      2.427849054336548,
      2.573697328567505,
      2.3809516429901123,
      2.482703924179077,
      2.40041184425354,
      2.2531681060791016,
      2.3586196899414062,
      2.3001327514648438,
      2.2356066703796387,
      2.368927478790283,
      2.357517957687378,
      2.233980178833008,
      2.512497663497925,
      2.3596646785736084,
      2.5721850395202637,
      2.200867176055908,
      2.3121352195739746,
      2.535001516342163,
      2.220931053161621,
      2.429314136505127,
      2.3883590698242188,
      2.150064706802368,
      2.2061355113983154,
      2.4105989933013916,
      2.2137699127197266,
      2.400813341140747,
      2.3100600242614746,
      2.530214548110962,
      2.342829465866089,
      2.2548916339874268,
      2.1912193298339844,
      2.1257576942443848,
      2.201148748397827,
      2.1028544902801514,
      2.2020936012268066,
      2.538966655731201
   ],
   "batch_train_times": [],
   "val_accuracy": 0.2972972972972973,
   "val_loss": 2.7472505376145646,
   "val_accuracy_per_label": [
      0.6363636363636364,
      0.0,
      0.0,
      0.0,
      0.0,
      0.8,
      0.0,
      0.85,
      0.0,
      0.0,
      0.0,
      0.0,
      0.0,
      0.2,
      0.2,
      0.0,
      0.0,
      0.0,
      0.0,
      0.06896551724137931,
      0.6153846153846154,
      0.0,
      0.0,
      0.0,
      0.0,
      0.0,
      0.0,
      1.0,
      0.0,
      0.0,
      0.0,
      0.0,
      0.0,
      0.0,
      0.0,
      0.0,
      0.0,
      0.0,
      0.2,
      0.5,
      0.0,
      0.625,
      0.0
   ]
}