{
   "epoch": 34,
   "batch_train_accuracies": [
      0.796875,
      0.828125,
      0.78125,
      0.796875,
      0.84375,
      0.8125,
      0.875,
      0.828125,
      0.8125,
      0.859375,
      0.828125,
      0.875,
      0.890625,
      0.890625,
      0.84375,
      0.71875,
      0.828125,
      0.765625,
      0.828125,
      0.75,
      0.78125,
      0.75,
      0.84375,
      0.796875,
      0.875,
      0.828125,
      0.8125,
      0.765625,
      0.828125,
      0.84375,
      0.84375,
      0.84375,
      0.921875,
      0.890625,
      0.765625,
      0.796875,
      0.859375,
      0.71875,
      0.890625,
      0.84375,
      0.84375,
      0.875
   ],
   "batch_train_losses": [
      1.0493830442428589,
      0.8188037872314453,
      1.0333914756774902,
      1.0141795873641968,
      0.8537791967391968,
      0.937615156173706,
      0.7942755818367004,
      1.0107345581054688,
      1.0383906364440918,
      0.9780991673469543,
      0.9732421040534973,
      0.8186773061752319,
      0.834517240524292,
      0.8318741321563721,
      0.9066624641418457,
      1.1707093715667725,
      0.9762070178985596,
      1.0819666385650635,
      0.8837167620658875,
      1.1323325634002686,
      1.0085090398788452,
      1.020702838897705,
      0.9291012287139893,
      1.0829238891601562,
      0.8670421242713928,
      1.1072026491165161,
      0.9540417194366455,
      1.022682547569275,
      0.9838386178016663,
      0.8817334771156311,
      0.8774290680885315,
      0.9401164650917053,
      0.8471468091011047,
      0.7533721923828125,
      0.9708763360977173,
      0.9673655033111572,
      1.0619734525680542,
      1.1020288467407227,
      0.7913162708282471,
      0.9821906685829163,
      0.8082903623580933,
      0.8835365176200867
   ],
   "batch_train_times": [],
   "val_accuracy": 0.5236486486486487,
   "val_loss": 1.9737540322381097,
   "val_accuracy_per_label": [
      0.5,
      0.0,
      0.3333333333333333,
      0.0,
      1.0,
      0.6,
      0.0,
      0.8,
      0.0,
      0.0,
      0.0,
      0.0,
      1.0,
      0.4,
      0.8,
      0.0,
      0.0,
      0.0,
      0.0,
      0.9655172413793104,
      0.8846153846153846,
      0.4,
      0.8,
      0.0,
      0.0,
      0.1,
      0.0,
      0.6,
      0.0,
      0.0,
      0.4,
      0.6,
      0.6,
      0.0,
      0.0,
      0.0,
      0.2,
      0.0,
      0.9333333333333333,
      1.0,
      0.0,
      0.25,
      0.4
   ]
}