{
   "epoch": 28,
   "batch_train_accuracies": [
      0.84375,
      0.8125,
      0.859375,
      0.828125,
      0.828125,
      0.796875,
      0.875,
      0.78125,
      0.65625,
      0.75,
      0.859375,
      0.84375,
      0.75,
      0.65625,
      0.71875,
      0.8125,
      0.859375,
      0.921875,
      0.796875,
      0.84375,
      0.890625,
      0.765625,
      0.75,
      0.828125,
      0.84375,
      0.8125,
      0.75,
      0.78125,
      0.78125,
      0.890625,
      0.8125,
      0.71875,
      0.828125,
      0.75,
      0.765625,
      0.6875,
      0.78125,
      0.84375,
      0.796875,
      0.78125,
      0.90625,
      0.9375
   ],
   "batch_train_losses": [
      0.8843732476234436,
      1.1487280130386353,
      1.122369408607483,
      1.0577186346054077,
      1.0432159900665283,
      1.004044771194458,
      0.9729679226875305,
      1.0938113927841187,
      1.222324252128601,
      1.1295359134674072,
      0.9030125737190247,
      0.9405844807624817,
      1.254645824432373,
      1.2871754169464111,
      1.1756253242492676,
      0.895721435546875,
      0.9467629194259644,
      0.8786316514015198,
      1.1293344497680664,
      1.043169379234314,
      0.8577567338943481,
      1.0198962688446045,
      1.035756230354309,
      0.9780717492103577,
      0.9835119843482971,
      0.9938260316848755,
      1.0910674333572388,
      1.05333411693573,
      0.937041699886322,
      0.9240822196006775,
      1.0703517198562622,
      1.1442610025405884,
      0.9409857392311096,
      1.0983994007110596,
      1.0670452117919922,
      1.216593861579895,
      0.9856820702552795,
      0.9997223615646362,
      1.04044508934021,
      1.096646785736084,
      0.8634668588638306,
      0.6891637444496155
   ],
   "batch_train_times": [],
   "val_accuracy": 0.5135135135135135,
   "val_loss": 1.9268774277455099,
   "val_accuracy_per_label": [
      0.5909090909090909,
      0.2,
      0.3333333333333333,
      0.0,
      1.0,
      0.6,
      0.0,
      0.85,
      0.0,
      0.0,
      0.0,
      0.0,
      0.8,
      0.4,
      0.8,
      0.0,
      0.0,
      0.0,
      0.0,
      1.0,
      0.5769230769230769,
      0.0,
      0.0,
      0.0,
      0.0,
      0.5,
      0.0,
      1.0,
      0.0,
      0.0,
      0.0,
      0.6,
      0.8,
      0.0,
      0.0,
      0.0,
      0.0,
      0.0,
      0.8666666666666667,
      0.8,
      0.0,
      0.5,
      0.0
   ]
}