{
   "epoch": 24,
   "batch_train_accuracies": [
      0.765625,
      0.796875,
      0.734375,
      0.828125,
      0.671875,
      0.734375,
      0.8125,
      0.75,
      0.703125,
      0.765625,
      0.734375,
      0.8125,
      0.859375,
      0.734375,
      0.8125,
      0.8125,
      0.8125,
      0.734375,
      0.703125,
      0.75,
      0.765625,
      0.765625,
      0.8125,
      0.671875,
      0.765625,
      0.84375,
      0.78125,
      0.921875,
      0.84375,
      0.78125,
      0.640625,
      0.734375,
      0.734375,
      0.828125,
      0.796875,
      0.71875,
      0.734375,
      0.75,
      0.78125,
      0.84375,
      0.78125,
      0.75
   ],
   "batch_train_losses": [
      1.0245537757873535,
      1.0850287675857544,
      1.2375926971435547,
      1.0018306970596313,
      1.3677310943603516,
      1.1986855268478394,
      1.1070197820663452,
      1.0961635112762451,
      1.2409031391143799,
      1.1292093992233276,
      1.1856032609939575,
      1.1150953769683838,
      1.0337371826171875,
      1.1794462203979492,
      1.0133700370788574,
      0.9235801100730896,
      1.0767912864685059,
      1.0603667497634888,
      1.3080552816390991,
      1.2421420812606812,
      1.1209481954574585,
      1.05393385887146,
      0.9681988954544067,
      1.273539662361145,
      1.0879563093185425,
      1.0748974084854126,
      1.0980526208877563,
      0.7841198444366455,
      1.0506103038787842,
      1.2122619152069092,
      1.2684928178787231,
      1.1070187091827393,
      1.234865427017212,
      0.990884006023407,
      1.1035627126693726,
      1.295196533203125,
      1.149755597114563,
      1.149680495262146,
      1.0504647493362427,
      0.9758893847465515,
      1.0973098278045654,
      1.282090187072754
   ],
   "batch_train_times": [],
   "val_accuracy": 0.47635135135135137,
   "val_loss": 2.088197121749053,
   "val_accuracy_per_label": [
      0.5909090909090909,
      0.0,
      0.16666666666666666,
      0.0,
      0.4,
      0.8,
      0.0,
      0.85,
      0.0,
      0.0,
      0.0,
      0.0,
      0.2,
      1.0,
      0.6,
      0.0,
      0.0,
      0.0,
      0.0,
      0.9310344827586207,
      0.5769230769230769,
      0.0,
      0.6,
      0.0,
      0.0,
      0.5,
      0.0,
      0.6,
      0.0,
      0.0,
      0.0,
      0.4,
      1.0,
      0.0,
      0.0,
      0.0,
      0.2,
      0.0,
      0.7333333333333333,
      0.8,
      0.0,
      0.5,
      0.4
   ]
}