{
   "epoch": 49,
   "batch_train_accuracies": [
      0.765625,
      0.90625,
      0.859375,
      0.9375,
      0.90625,
      0.859375,
      0.890625,
      0.796875,
      0.890625,
      0.765625,
      0.875,
      0.84375,
      0.921875,
      0.8125,
      0.890625,
      0.90625,
      0.9375,
      0.921875,
      0.84375,
      0.890625,
      0.890625,
      0.890625,
      0.890625,
      0.921875,
      0.875,
      0.9375,
      0.953125,
      0.859375,
      0.828125,
      0.9375,
      0.90625,
      0.84375,
      0.859375,
      0.890625,
      0.90625,
      0.859375,
      0.859375,
      0.859375,
      0.90625,
      0.90625,
      0.84375,
      0.875
   ],
   "batch_train_losses": [
      1.0929402112960815,
      0.798180103302002,
      0.8243483304977417,
      0.7324226498603821,
      0.7584756016731262,
      0.8790975213050842,
      0.8421636819839478,
      0.9859265089035034,
      0.7467961311340332,
      1.004839539527893,
      0.8080900311470032,
      0.811326801776886,
      0.7129155993461609,
      1.003677248954773,
      0.6667312979698181,
      0.6799302101135254,
      0.7613800764083862,
      0.6890689134597778,
      0.8402144908905029,
      0.7187994122505188,
      0.7691408395767212,
      0.8674390316009521,
      0.8340363502502441,
      0.6843411922454834,
      0.7908592820167542,
      0.6441462635993958,
      0.6073009371757507,
      0.9536762833595276,
      1.0443710088729858,
      0.6562196016311646,
      0.7088579535484314,
      0.889348030090332,
      0.8891608119010925,
      0.8202081918716431,
      0.7355332374572754,
      0.8909456729888916,
      1.010970950126648,
      0.7852491736412048,
      0.6933004260063171,
      0.6968599557876587,
      1.0601603984832764,
      0.9101353883743286
   ],
   "batch_train_times": [],
   "val_accuracy": 0.5608108108108109,
   "val_loss": 1.8340539738938615,
   "val_accuracy_per_label": [
      0.5,
      0.2,
      0.3333333333333333,
      0.2,
      0.8,
      0.8,
      0.3333333333333333,
      0.8,
      0.0,
      0.0,
      0.0,
      0.0,
      0.0,
      0.8,
      0.8,
      0.0,
      0.0,
      0.0,
      0.0,
      0.9655172413793104,
      0.7692307692307693,
      0.4,
      0.8,
      0.4,
      0.0,
      0.7,
      0.0,
      0.95,
      0.0,
      0.0,
      0.4,
      0.8,
      0.8,
      0.0,
      0.0,
      0.0,
      0.4,
      0.2,
      0.8,
      0.5,
      0.0,
      0.5,
      0.4
   ]
}