{
   "epoch": 35,
   "batch_train_accuracies": [
      0.859375,
      0.921875,
      0.828125,
      0.8125,
      0.890625,
      0.75,
      0.8125,
      0.875,
      0.8125,
      0.84375,
      0.859375,
      0.875,
      0.890625,
      0.875,
      0.859375,
      0.8125,
      0.84375,
      0.875,
      0.84375,
      0.890625,
      0.796875,
      0.890625,
      0.8125,
      0.859375,
      0.828125,
      0.90625,
      0.8125,
      0.875,
      0.828125,
      0.859375,
      0.84375,
      0.828125,
      0.8125,
      0.875,
      0.796875,
      0.8125,
      0.859375,
      0.84375,
      0.828125,
      0.828125,
      0.859375,
      0.8125
   ],
   "batch_train_losses": [
      1.0248819589614868,
      0.8170198798179626,
      1.0380715131759644,
      0.9058306813240051,
      0.8514997363090515,
      0.9736344218254089,
      1.009868860244751,
      0.8231213092803955,
      0.978826105594635,
      0.9917888045310974,
      0.939084529876709,
      0.7540570497512817,
      0.9120827317237854,
      0.7809712290763855,
      1.0119266510009766,
      0.9715778827667236,
      0.9531192183494568,
      0.8569440245628357,
      0.9104927778244019,
      1.0119366645812988,
      1.119748592376709,
      0.782368004322052,
      0.8921226859092712,
      0.9740670919418335,
      0.9027393460273743,
      0.8149225115776062,
      1.0756895542144775,
      0.7929589748382568,
      0.9127524495124817,
      0.9375312924385071,
      0.876695990562439,
      0.9017900824546814,
      1.1055591106414795,
      0.8594135642051697,
      1.1001989841461182,
      0.9738650918006897,
      0.920177161693573,
      0.9655737280845642,
      0.8910994529724121,
      0.9561436176300049,
      0.8212915658950806,
      1.1780405044555664
   ],
   "batch_train_times": [],
   "val_accuracy": 0.5912162162162162,
   "val_loss": 1.861573837898873,
   "val_accuracy_per_label": [
      0.7727272727272727,
      0.0,
      0.6666666666666666,
      0.0,
      1.0,
      1.0,
      0.0,
      0.85,
      0.0,
      0.4,
      0.0,
      0.0,
      0.8,
      1.0,
      0.8,
      0.0,
      0.0,
      0.0,
      0.0,
      0.9655172413793104,
      0.9230769230769231,
      0.2,
      0.6,
      0.8,
      0.0,
      0.7,
      0.0,
      0.7,
      0.0,
      0.0,
      0.2,
      0.4,
      1.0,
      0.0,
      0.0,
      0.0,
      0.0,
      0.0,
      0.7333333333333333,
      0.7,
      0.0,
      0.375,
      0.4
   ]
}