{
   "epoch": 11,
   "batch_train_accuracies": [
      0.5625,
      0.65625,
      0.734375,
      0.6875,
      0.625,
      0.640625,
      0.546875,
      0.71875,
      0.640625,
      0.625,
      0.578125,
      0.609375,
      0.53125,
      0.640625,
      0.640625,
      0.578125,
      0.609375,
      0.609375,
      0.5625,
      0.703125,
      0.703125,
      0.703125,
      0.5,
      0.5,
      0.578125,
      0.75,
      0.640625,
      0.65625,
      0.625,
      0.640625,
      0.53125,
      0.609375,
      0.609375,
      0.59375,
      0.703125,
      0.609375,
      0.546875,
      0.5625,
      0.625,
      0.59375,
      0.578125,
      0.4375
   ],
   "batch_train_losses": [
      1.683247447013855,
      1.5644344091415405,
      1.4972752332687378,
      1.4742329120635986,
      1.567756175994873,
      1.483203649520874,
      1.742982029914856,
      1.497158408164978,
      1.587677001953125,
      1.6510072946548462,
      1.5561394691467285,
      1.5156768560409546,
      1.7779384851455688,
      1.520185947418213,
      1.4860087633132935,
      1.6657220125198364,
      1.754908561706543,
      1.6300097703933716,
      1.672086238861084,
      1.4362775087356567,
      1.5551104545593262,
      1.4486713409423828,
      1.7681403160095215,
      1.7700968980789185,
      1.6454699039459229,
      1.4162914752960205,
      1.6240390539169312,
      1.5517172813415527,
      1.6427382230758667,
      1.6028081178665161,
      1.6556758880615234,
      1.5474345684051514,
      1.4960393905639648,
      1.7633136510849,
      1.343069314956665,
      1.5504639148712158,
      1.693138837814331,
      1.6339185237884521,
      1.5395430326461792,
      1.7950628995895386,
      1.6252139806747437,
      1.7865349054336548
   ],
   "batch_train_times": [],
   "val_accuracy": 0.40540540540540543,
   "val_loss": 2.3249259703868144,
   "val_accuracy_per_label": [
      0.5454545454545454,
      0.0,
      0.0,
      0.0,
      0.2,
      1.0,
      0.0,
      0.9,
      0.0,
      0.0,
      0.0,
      0.0,
      0.0,
      0.6,
      0.0,
      0.0,
      0.0,
      0.0,
      0.0,
      0.7931034482758621,
      0.8461538461538461,
      0.0,
      0.0,
      0.2,
      0.0,
      0.0,
      0.0,
      0.25,
      0.0,
      0.0,
      0.0,
      0.0,
      0.8,
      0.0,
      0.0,
      0.0,
      0.0,
      0.0,
      0.8666666666666667,
      0.8,
      0.0,
      0.5,
      0.2
   ]
}