{
   "epoch": 19,
   "batch_train_accuracies": [
      0.71875,
      0.828125,
      0.6875,
      0.703125,
      0.640625,
      0.578125,
      0.734375,
      0.640625,
      0.578125,
      0.734375,
      0.625,
      0.703125,
      0.625,
      0.609375,
      0.71875,
      0.578125,
      0.671875,
      0.71875,
      0.828125,
      0.796875,
      0.75,
      0.703125,
      0.703125,
      0.65625,
      0.8125,
      0.75,
      0.78125,
      0.671875,
      0.75,
      0.765625,
      0.734375,
      0.671875,
      0.765625,
      0.734375,
      0.671875,
      0.78125,
      0.734375,
      0.765625,
      0.703125,
      0.53125,
      0.734375,
      0.625
   ],
   "batch_train_losses": [
      1.1897796392440796,
      1.1334116458892822,
      1.222898006439209,
      1.2132083177566528,
      1.4804412126541138,
      1.5984140634536743,
      1.1914626359939575,
      1.412657380104065,
      1.5519983768463135,
      1.2016863822937012,
      1.3734439611434937,
      1.2186214923858643,
      1.3715251684188843,
      1.4307125806808472,
      1.2709983587265015,
      1.5551114082336426,
      1.2424532175064087,
      1.3545126914978027,
      1.0552247762680054,
      1.1088991165161133,
      1.217777967453003,
      1.280676245689392,
      1.2939475774765015,
      1.369735598564148,
      1.1396989822387695,
      1.132515549659729,
      1.0602478981018066,
      1.2982271909713745,
      1.2074041366577148,
      1.2118908166885376,
      1.222493290901184,
      1.3001235723495483,
      1.0855534076690674,
      1.1848549842834473,
      1.2749804258346558,
      1.1156812906265259,
      1.2387052774429321,
      1.1726324558258057,
      1.3295046091079712,
      1.4308580160140991,
      1.2933704853057861,
      1.3501410484313965
   ],
   "batch_train_times": [],
   "val_accuracy": 0.48986486486486486,
   "val_loss": 2.1599746459239237,
   "val_accuracy_per_label": [
      0.8181818181818182,
      0.0,
      0.3333333333333333,
      0.0,
      0.4,
      0.4,
      0.0,
      0.85,
      0.0,
      0.2,
      0.0,
      0.0,
      0.4,
      0.8,
      0.4,
      0.0,
      0.0,
      0.0,
      0.0,
      0.9310344827586207,
      0.7307692307692307,
      0.0,
      0.6,
      0.2,
      0.0,
      0.2,
      0.0,
      0.65,
      0.0,
      0.0,
      0.0,
      0.6,
      0.8,
      0.0,
      0.0,
      0.0,
      0.0,
      0.0,
      0.7333333333333333,
      0.8,
      0.0,
      0.375,
      0.2
   ]
}