{
   "epoch": 33,
   "batch_train_accuracies": [
      0.875,
      0.765625,
      0.875,
      0.859375,
      0.796875,
      0.84375,
      0.859375,
      0.8125,
      0.859375,
      0.6875,
      0.78125,
      0.828125,
      0.84375,
      0.828125,
      0.734375,
      0.921875,
      0.828125,
      0.828125,
      0.875,
      0.828125,
      0.859375,
      0.734375,
      0.875,
      0.90625,
      0.828125,
      0.734375,
      0.921875,
      0.796875,
      0.921875,
      0.875,
      0.875,
      0.859375,
      0.765625,
      0.828125,
      0.921875,
      0.796875,
      0.84375,
      0.796875,
      0.921875,
      0.8125,
      0.828125,
      0.75
   ],
   "batch_train_losses": [
      0.9816033840179443,
      1.0582058429718018,
      0.8723258376121521,
      1.0432912111282349,
      1.076430320739746,
      1.0028984546661377,
      0.9069628119468689,
      1.0027161836624146,
      0.787907063961029,
      1.1750925779342651,
      1.0324068069458008,
      0.8898526430130005,
      0.9705007672309875,
      0.9742640852928162,
      1.0845884084701538,
      0.8132020235061646,
      0.9215995669364929,
      0.9232219457626343,
      0.9713391661643982,
      0.9789867401123047,
      0.9232243299484253,
      1.1975021362304688,
      0.771998405456543,
      0.8353259563446045,
      1.036280632019043,
      1.1992028951644897,
      0.8798873424530029,
      0.9458295702934265,
      0.7363830804824829,
      0.8243394494056702,
      0.8668726086616516,
      0.9184026122093201,
      1.0512936115264893,
      1.081716775894165,
      0.8025537133216858,
      1.051184058189392,
      0.9613893628120422,
      0.9776763916015625,
      0.7658742070198059,
      0.9552904367446899,
      0.9434769749641418,
      1.022049069404602
   ],
   "batch_train_times": [],
   "val_accuracy": 0.5540540540540541,
   "val_loss": 1.7141601427181348,
   "val_accuracy_per_label": [
      0.7272727272727273,
      0.0,
      0.3333333333333333,
      0.0,
      0.6,
      1.0,
      0.0,
      0.85,
      0.0,
      0.0,
      0.0,
      0.0,
      1.0,
      0.8,
      0.8,
      0.0,
      0.0,
      0.0,
      0.0,
      0.9655172413793104,
      0.8076923076923077,
      0.0,
      0.0,
      0.6,
      0.0,
      0.5,
      0.0,
      0.9,
      0.0,
      0.0,
      0.0,
      0.8,
      1.0,
      0.0,
      0.0,
      0.0,
      0.0,
      0.0,
      0.7333333333333333,
      0.8,
      0.0,
      0.5,
      0.2
   ]
}