{
   "epoch": 12,
   "batch_train_accuracies": [
      0.578125,
      0.546875,
      0.578125,
      0.640625,
      0.5625,
      0.609375,
      0.640625,
      0.59375,
      0.625,
      0.59375,
      0.625,
      0.578125,
      0.578125,
      0.71875,
      0.53125,
      0.671875,
      0.703125,
      0.5625,
      0.59375,
      0.71875,
      0.625,
      0.59375,
      0.625,
      0.59375,
      0.625,
      0.6875,
      0.640625,
      0.671875,
      0.65625,
      0.546875,
      0.640625,
      0.609375,
      0.640625,
      0.578125,
      0.59375,
      0.609375,
      0.640625,
      0.59375,
      0.65625,
      0.75,
      0.578125,
      0.4375
   ],
   "batch_train_losses": [
      1.634730339050293,
      1.6564619541168213,
      1.502752661705017,
      1.500436782836914,
      1.6719228029251099,
      1.541009545326233,
      1.5047029256820679,
      1.5799107551574707,
      1.6092860698699951,
      1.5804657936096191,
      1.58182954788208,
      1.6273493766784668,
      1.717620611190796,
      1.3854731321334839,
      1.8183298110961914,
      1.4530240297317505,
      1.4791858196258545,
      1.598823070526123,
      1.6972144842147827,
      1.4746381044387817,
      1.6668397188186646,
      1.5652583837509155,
      1.480759859085083,
      1.5392791032791138,
      1.5117626190185547,
      1.5001931190490723,
      1.6246795654296875,
      1.5879523754119873,
      1.4358692169189453,
      1.6706005334854126,
      1.5208656787872314,
      1.4205657243728638,
      1.4905740022659302,
      1.5606069564819336,
      1.5577888488769531,
      1.5659751892089844,
      1.5202075242996216,
      1.5141772031784058,
      1.5087153911590576,
      1.4619054794311523,
      1.6775568723678589,
      2.388298511505127
   ],
   "batch_train_times": [],
   "val_accuracy": 0.4527027027027027,
   "val_loss": 2.202108737584707,
   "val_accuracy_per_label": [
      0.8181818181818182,
      0.0,
      0.0,
      0.2,
      0.8,
      0.0,
      0.0,
      0.85,
      0.0,
      0.0,
      0.0,
      0.0,
      0.0,
      0.4,
      0.0,
      0.0,
      0.0,
      0.0,
      0.0,
      0.8620689655172413,
      0.7692307692307693,
      0.0,
      0.0,
      0.2,
      0.0,
      0.1,
      0.0,
      0.8,
      0.0,
      0.0,
      0.0,
      0.2,
      0.6,
      0.0,
      0.0,
      0.0,
      0.0,
      0.0,
      1.0,
      0.7,
      0.0,
      0.25,
      0.2
   ]
}