{
   "epoch": 10,
   "batch_train_accuracies": [
      0.65625,
      0.640625,
      0.5,
      0.5625,
      0.578125,
      0.5,
      0.546875,
      0.578125,
      0.609375,
      0.53125,
      0.546875,
      0.625,
      0.65625,
      0.53125,
      0.65625,
      0.578125,
      0.578125,
      0.625,
      0.6875,
      0.75,
      0.59375,
      0.578125,
      0.59375,
      0.59375,
      0.71875,
      0.5625,
      0.5625,
      0.625,
      0.71875,
      0.546875,
      0.671875,
      0.546875,
      0.640625,
      0.703125,
      0.59375,
      0.5,
      0.53125,
      0.546875,
      0.515625,
      0.640625,
      0.703125,
      0.5625
   ],
   "batch_train_losses": [
      1.6287152767181396,
      1.6490375995635986,
      1.8721837997436523,
      1.8468444347381592,
      1.7273832559585571,
      1.864646553993225,
      1.8097517490386963,
      1.656256914138794,
      1.6552882194519043,
      1.6033819913864136,
      1.7385149002075195,
      1.6007291078567505,
      1.567097544670105,
      1.7494333982467651,
      1.4810030460357666,
      1.6680752038955688,
      1.6531858444213867,
      1.638695240020752,
      1.4591103792190552,
      1.4067457914352417,
      1.7577810287475586,
      1.663421869277954,
      1.7275782823562622,
      1.697953701019287,
      1.3804482221603394,
      1.660919189453125,
      1.6916937828063965,
      1.6341701745986938,
      1.4985814094543457,
      1.841064453125,
      1.4681189060211182,
      1.878645420074463,
      1.6493890285491943,
      1.427646517753601,
      1.5842933654785156,
      1.7792441844940186,
      1.7413161993026733,
      1.89884352684021,
      1.8101691007614136,
      1.671976089477539,
      1.666224718093872,
      1.5424782037734985
   ],
   "batch_train_times": [],
   "val_accuracy": 0.41216216216216217,
   "val_loss": 2.3232216190647437,
   "val_accuracy_per_label": [
      0.7727272727272727,
      0.0,
      0.0,
      0.0,
      1.0,
      0.6,
      0.0,
      0.9,
      0.0,
      0.0,
      0.0,
      0.0,
      0.0,
      0.4,
      0.0,
      0.0,
      0.0,
      0.0,
      0.0,
      0.7586206896551724,
      0.8461538461538461,
      0.0,
      0.0,
      0.2,
      0.0,
      0.1,
      0.0,
      0.35,
      0.0,
      0.0,
      0.0,
      0.0,
      0.0,
      0.0,
      0.0,
      0.0,
      0.0,
      0.0,
      0.7333333333333333,
      0.8,
      0.0,
      0.5,
      0.2
   ]
}