{
   "epoch": 10,
   "batch_train_accuracies": [
      0.484375,
      0.34375,
      0.46875,
      0.5625,
      0.546875,
      0.46875,
      0.515625,
      0.40625,
      0.453125,
      0.53125,
      0.46875,
      0.609375,
      0.46875,
      0.578125,
      0.515625,
      0.515625,
      0.546875,
      0.53125,
      0.59375,
      0.515625,
      0.453125,
      0.59375,
      0.578125,
      0.53125,
      0.453125,
      0.46875,
      0.546875,
      0.453125,
      0.5625,
      0.5625,
      0.546875,
      0.390625,
      0.515625,
      0.546875,
      0.59375,
      0.46875,
      0.515625,
      0.390625,
      0.46875,
      0.609375,
      0.453125,
      0.375
   ],
   "batch_train_losses": [
      2.0906012058258057,
      2.326587677001953,
      2.128460645675659,
      1.9408165216445923,
      1.9950170516967773,
      2.23470139503479,
      2.0684139728546143,
      2.2372381687164307,
      2.244060516357422,
      1.968846321105957,
      1.984315037727356,
      1.7990174293518066,
      2.1303553581237793,
      1.8668171167373657,
      2.139497756958008,
      2.0313827991485596,
      1.972560167312622,
      1.9693114757537842,
      1.8342293500900269,
      1.950330376625061,
      2.173264503479004,
      1.995436668395996,
      1.8762575387954712,
      2.0109057426452637,
      2.034696102142334,
      2.1615397930145264,
      1.881127953529358,
      2.171627998352051,
      1.9612895250320435,
      1.9127459526062012,
      1.9641109704971313,
      2.241804838180542,
      2.0837371349334717,
      1.9388984441757202,
      1.8739012479782104,
      2.2047479152679443,
      2.0217137336730957,
      2.280606746673584,
      2.0254948139190674,
      1.7942392826080322,
      2.035240888595581,
      2.2394120693206787
   ],
   "batch_train_times": [],
   "val_accuracy": 0.3108108108108108,
   "val_loss": 2.5475287759626233,
   "val_accuracy_per_label": [
      0.7727272727272727,
      0.0,
      0.0,
      0.0,
      0.0,
      0.0,
      0.0,
      0.7,
      0.0,
      0.0,
      0.0,
      0.0,
      0.0,
      0.2,
      0.0,
      0.0,
      0.0,
      0.0,
      0.6,
      0.5517241379310345,
      0.6153846153846154,
      0.0,
      0.0,
      0.0,
      0.0,
      0.0,
      0.0,
      0.7,
      0.0,
      0.0,
      0.0,
      0.0,
      0.0,
      0.0,
      0.0,
      0.0,
      0.0,
      0.0,
      0.2,
      0.2,
      0.0,
      0.75,
      0.0
   ]
}