{
   "epoch": 23,
   "batch_train_accuracies": [
      0.65625,
      0.59375,
      0.5625,
      0.65625,
      0.65625,
      0.59375,
      0.609375,
      0.609375,
      0.671875,
      0.625,
      0.578125,
      0.578125,
      0.609375,
      0.65625,
      0.65625,
      0.53125,
      0.59375,
      0.578125,
      0.703125,
      0.578125,
      0.65625,
      0.546875,
      0.5625,
      0.625,
      0.640625,
      0.765625,
      0.671875,
      0.5625,
      0.59375,
      0.703125,
      0.65625,
      0.609375,
      0.65625,
      0.609375,
      0.625,
      0.65625,
      0.546875,
      0.640625,
      0.734375,
      0.5625,
      0.59375,
      0.375
   ],
   "batch_train_losses": [
      1.4463615417480469,
      1.62986159324646,
      1.5832868814468384,
      1.4374980926513672,
      1.5102860927581787,
      1.5960530042648315,
      1.5205622911453247,
      1.3812270164489746,
      1.505449652671814,
      1.5485844612121582,
      1.6469380855560303,
      1.5651271343231201,
      1.5994009971618652,
      1.4881786108016968,
      1.5682488679885864,
      1.7347065210342407,
      1.673457384109497,
      1.4159115552902222,
      1.5213994979858398,
      1.6551538705825806,
      1.5136549472808838,
      1.5984426736831665,
      1.4720306396484375,
      1.5063903331756592,
      1.463346004486084,
      1.348893404006958,
      1.5397312641143799,
      1.6485706567764282,
      1.6462171077728271,
      1.256014347076416,
      1.3847614526748657,
      1.3995018005371094,
      1.543571949005127,
      1.5263632535934448,
      1.5010820627212524,
      1.5982614755630493,
      1.6817266941070557,
      1.545769214630127,
      1.3638430833816528,
      1.6736555099487305,
      1.7025295495986938,
      2.081577777862549
   ],
   "batch_train_times": [],
   "val_accuracy": 0.3581081081081081,
   "val_loss": 2.231715808043609,
   "val_accuracy_per_label": [
      0.6818181818181818,
      0.0,
      0.0,
      0.0,
      0.2,
      1.0,
      0.0,
      0.75,
      0.0,
      0.0,
      0.0,
      0.0,
      0.0,
      0.0,
      0.0,
      0.0,
      0.0,
      0.0,
      0.8,
      1.0,
      0.5384615384615384,
      0.0,
      0.0,
      0.0,
      0.0,
      0.2,
      0.0,
      0.35,
      0.0,
      0.0,
      0.0,
      0.0,
      0.0,
      0.0,
      0.0,
      0.0,
      0.0,
      0.0,
      0.4,
      0.3,
      0.0,
      0.625,
      0.0
   ]
}