{
   "epoch": 28,
   "batch_train_accuracies": [
      0.609375,
      0.546875,
      0.609375,
      0.703125,
      0.734375,
      0.640625,
      0.734375,
      0.65625,
      0.75,
      0.5625,
      0.75,
      0.671875,
      0.5625,
      0.625,
      0.703125,
      0.65625,
      0.671875,
      0.6875,
      0.65625,
      0.609375,
      0.6875,
      0.671875,
      0.625,
      0.640625,
      0.703125,
      0.671875,
      0.703125,
      0.640625,
      0.75,
      0.8125,
      0.609375,
      0.703125,
      0.65625,
      0.703125,
      0.609375,
      0.609375,
      0.65625,
      0.625,
      0.609375,
      0.671875,
      0.65625,
      0.625
   ],
   "batch_train_losses": [
      1.5410892963409424,
      1.5395190715789795,
      1.5420594215393066,
      1.4339522123336792,
      1.3144768476486206,
      1.4913239479064941,
      1.26121187210083,
      1.5512431859970093,
      1.3743960857391357,
      1.7224055528640747,
      1.3179068565368652,
      1.4752700328826904,
      1.6961781978607178,
      1.639861822128296,
      1.3449010848999023,
      1.3825407028198242,
      1.4252020120620728,
      1.4348400831222534,
      1.4488410949707031,
      1.5453131198883057,
      1.3427330255508423,
      1.4272801876068115,
      1.4630929231643677,
      1.4715096950531006,
      1.2873194217681885,
      1.438481092453003,
      1.3599251508712769,
      1.4596774578094482,
      1.3857015371322632,
      1.2098652124404907,
      1.6218626499176025,
      1.4608070850372314,
      1.4154822826385498,
      1.3413935899734497,
      1.445551872253418,
      1.534611463546753,
      1.495295763015747,
      1.4163777828216553,
      1.5897345542907715,
      1.2440286874771118,
      1.4506237506866455,
      1.732619285583496
   ],
   "batch_train_times": [],
   "val_accuracy": 0.4797297297297297,
   "val_loss": 2.0101164933797477,
   "val_accuracy_per_label": [
      0.6363636363636364,
      0.0,
      0.0,
      0.0,
      0.8,
      0.6,
      0.0,
      0.75,
      0.0,
      0.0,
      0.0,
      0.0,
      0.4,
      0.8,
      0.4,
      0.0,
      0.0,
      0.0,
      0.0,
      0.7931034482758621,
      0.9230769230769231,
      0.0,
      0.0,
      0.2,
      0.0,
      0.0,
      0.0,
      0.8,
      0.0,
      0.0,
      0.0,
      0.8,
      1.0,
      0.0,
      0.0,
      0.0,
      0.0,
      0.0,
      1.0,
      0.5,
      0.0,
      0.625,
      0.0
   ]
}