{
   "epoch": 20,
   "batch_train_accuracies": [
      0.578125,
      0.625,
      0.5,
      0.609375,
      0.59375,
      0.546875,
      0.609375,
      0.640625,
      0.53125,
      0.484375,
      0.71875,
      0.65625,
      0.625,
      0.5625,
      0.640625,
      0.703125,
      0.609375,
      0.59375,
      0.609375,
      0.578125,
      0.546875,
      0.609375,
      0.515625,
      0.5625,
      0.46875,
      0.671875,
      0.703125,
      0.640625,
      0.53125,
      0.59375,
      0.65625,
      0.640625,
      0.671875,
      0.53125,
      0.53125,
      0.515625,
      0.578125,
      0.609375,
      0.609375,
      0.515625,
      0.578125,
      0.5625
   ],
   "batch_train_losses": [
      1.626508355140686,
      1.6146577596664429,
      1.7315999269485474,
      1.5564976930618286,
      1.5833311080932617,
      1.5430512428283691,
      1.6820980310440063,
      1.6339834928512573,
      1.6923006772994995,
      1.7530052661895752,
      1.3691537380218506,
      1.5617649555206299,
      1.6466991901397705,
      1.6996151208877563,
      1.5717219114303589,
      1.3660392761230469,
      1.534022331237793,
      1.5386695861816406,
      1.5829535722732544,
      1.660076379776001,
      1.655055046081543,
      1.4695087671279907,
      1.7390375137329102,
      1.912518858909607,
      2.0033700466156006,
      1.4473028182983398,
      1.442028284072876,
      1.577571988105774,
      1.7178974151611328,
      1.511633276939392,
      1.5296615362167358,
      1.63327157497406,
      1.4514694213867188,
      1.6096374988555908,
      1.713435411453247,
      1.5345028638839722,
      1.699433445930481,
      1.7270797491073608,
      1.5418816804885864,
      1.6709578037261963,
      1.613226294517517,
      1.6509073972702026
   ],
   "batch_train_times": [],
   "val_accuracy": 0.4155405405405405,
   "val_loss": 2.123645950008083,
   "val_accuracy_per_label": [
      0.9090909090909091,
      0.0,
      0.0,
      0.0,
      0.8,
      0.6,
      0.0,
      0.75,
      0.0,
      0.0,
      0.0,
      0.0,
      0.0,
      0.6,
      0.0,
      0.0,
      0.0,
      0.0,
      0.0,
      0.8275862068965517,
      0.8076923076923077,
      0.0,
      0.0,
      0.0,
      0.0,
      0.0,
      0.0,
      0.6,
      0.0,
      0.0,
      0.0,
      0.0,
      0.0,
      0.0,
      0.0,
      0.0,
      0.0,
      0.0,
      0.6666666666666666,
      0.6,
      0.0,
      0.625,
      0.0
   ]
}