{
   "epoch": 8,
   "batch_train_accuracies": [
      0.53125,
      0.328125,
      0.34375,
      0.484375,
      0.5625,
      0.484375,
      0.4375,
      0.46875,
      0.515625,
      0.46875,
      0.40625,
      0.5,
      0.34375,
      0.546875,
      0.484375,
      0.5625,
      0.515625,
      0.359375,
      0.609375,
      0.625,
      0.46875,
      0.546875,
      0.59375,
      0.4375,
      0.484375,
      0.5,
      0.515625,
      0.421875,
      0.390625,
      0.46875,
      0.46875,
      0.515625,
      0.609375,
      0.546875,
      0.46875,
      0.546875,
      0.421875,
      0.46875,
      0.453125,
      0.546875,
      0.515625,
      0.3125
   ],
   "batch_train_losses": [
      2.241269826889038,
      2.53011417388916,
      2.5387589931488037,
      2.234874963760376,
      2.09525465965271,
      2.281636953353882,
      2.2421984672546387,
      2.219672441482544,
      2.0665104389190674,
      2.195561408996582,
      2.3912291526794434,
      2.2855377197265625,
      2.4165923595428467,
      2.169901132583618,
      2.213102102279663,
      2.0584497451782227,
      2.093949556350708,
      2.4672694206237793,
      2.000455856323242,
      1.9261963367462158,
      2.1032230854034424,
      2.2156786918640137,
      2.00968599319458,
      2.2572264671325684,
      2.235322952270508,
      2.2047786712646484,
      2.1384811401367188,
      2.342846632003784,
      2.2317559719085693,
      2.2551496028900146,
      2.1020267009735107,
      2.130443572998047,
      1.9651740789413452,
      2.0413405895233154,
      2.1903955936431885,
      2.0826637744903564,
      2.302806854248047,
      2.0996975898742676,
      2.376577138900757,
      2.0852177143096924,
      2.132331132888794,
      2.34869384765625
   ],
   "batch_train_times": [],
   "val_accuracy": 0.34121621621621623,
   "val_loss": 2.547203457033312,
   "val_accuracy_per_label": [
      0.8181818181818182,
      0.0,
      0.0,
      0.0,
      0.2,
      0.4,
      0.0,
      0.6,
      0.0,
      0.0,
      0.0,
      0.0,
      0.0,
      0.2,
      0.0,
      0.0,
      0.0,
      0.0,
      0.0,
      0.6551724137931034,
      0.6538461538461539,
      0.0,
      0.0,
      0.0,
      0.0,
      0.0,
      0.0,
      0.85,
      0.0,
      0.0,
      0.0,
      0.0,
      0.0,
      0.0,
      0.0,
      0.0,
      0.0,
      0.0,
      0.5333333333333333,
      0.1,
      0.0,
      0.625,
      0.0
   ]
}