{
   "epoch": 6,
   "batch_train_accuracies": [
      0.484375,
      0.375,
      0.484375,
      0.375,
      0.421875,
      0.328125,
      0.453125,
      0.515625,
      0.5625,
      0.46875,
      0.53125,
      0.390625,
      0.328125,
      0.5625,
      0.53125,
      0.453125,
      0.453125,
      0.546875,
      0.53125,
      0.515625,
      0.4375,
      0.46875,
      0.453125,
      0.484375,
      0.515625,
      0.453125,
      0.53125,
      0.53125,
      0.40625,
      0.328125,
      0.453125,
      0.5,
      0.390625,
      0.515625,
      0.34375,
      0.515625,
      0.421875,
      0.4375,
      0.515625,
      0.453125,
      0.484375,
      0.5
   ],
   "batch_train_losses": [
      2.447462320327759,
      2.5740549564361572,
      2.3590197563171387,
      2.569089412689209,
      2.4227678775787354,
      2.7321908473968506,
      2.3984603881835938,
      2.3803608417510986,
      2.2525711059570312,
      2.4230451583862305,
      2.3052380084991455,
      2.506162166595459,
      2.533186197280884,
      2.2082462310791016,
      2.2822935581207275,
      2.394075393676758,
      2.297757625579834,
      2.2220542430877686,
      2.3367538452148438,
      2.300879716873169,
      2.299633264541626,
      2.2489705085754395,
      2.452094793319702,
      2.4062273502349854,
      2.362302780151367,
      2.274646520614624,
      2.2242066860198975,
      2.2336478233337402,
      2.475625991821289,
      2.5770952701568604,
      2.442436456680298,
      2.2783567905426025,
      2.395338296890259,
      2.366267204284668,
      2.4319498538970947,
      2.2261440753936768,
      2.3858542442321777,
      2.540464162826538,
      2.1508829593658447,
      2.3722708225250244,
      2.2850096225738525,
      2.606889247894287
   ],
   "batch_train_times": [],
   "val_accuracy": 0.32432432432432434,
   "val_loss": 2.705374285981462,
   "val_accuracy_per_label": [
      0.9090909090909091,
      0.0,
      0.0,
      0.0,
      0.2,
      0.0,
      0.0,
      0.55,
      0.0,
      0.2,
      0.0,
      0.0,
      0.0,
      0.4,
      0.0,
      0.0,
      0.0,
      0.0,
      0.0,
      0.4482758620689655,
      0.6153846153846154,
      0.0,
      0.0,
      0.0,
      0.0,
      0.0,
      0.0,
      0.95,
      0.0,
      0.0,
      0.0,
      0.0,
      0.0,
      0.0,
      0.0,
      0.0,
      0.0,
      0.0,
      0.4666666666666667,
      0.0,
      0.0,
      0.75,
      0.0
   ]
}