{
   "epoch": 47,
   "batch_train_accuracies": [
      0.71875,
      0.734375,
      0.703125,
      0.6875,
      0.65625,
      0.734375,
      0.671875,
      0.78125,
      0.78125,
      0.734375,
      0.71875,
      0.703125,
      0.8125,
      0.78125,
      0.703125,
      0.828125,
      0.828125,
      0.703125,
      0.640625,
      0.78125,
      0.796875,
      0.75,
      0.671875,
      0.765625,
      0.640625,
      0.6875,
      0.75,
      0.734375,
      0.703125,
      0.78125,
      0.796875,
      0.703125,
      0.8125,
      0.75,
      0.765625,
      0.609375,
      0.703125,
      0.6875,
      0.75,
      0.78125,
      0.75,
      0.8125
   ],
   "batch_train_losses": [
      1.2396841049194336,
      1.3105441331863403,
      1.3264421224594116,
      1.2262152433395386,
      1.3316324949264526,
      1.265543818473816,
      1.2717350721359253,
      1.1956721544265747,
      1.1627129316329956,
      1.3068426847457886,
      1.2353702783584595,
      1.3471062183380127,
      1.1545519828796387,
      1.0732951164245605,
      1.426063895225525,
      1.076101541519165,
      1.1597131490707397,
      1.2202842235565186,
      1.2986524105072021,
      1.1779826879501343,
      1.0452439785003662,
      1.344373106956482,
      1.2472326755523682,
      1.1233134269714355,
      1.36420476436615,
      1.3680682182312012,
      1.2875701189041138,
      1.2566686868667603,
      1.2766200304031372,
      1.1795847415924072,
      1.0808558464050293,
      1.1956331729888916,
      1.1195802688598633,
      1.152538776397705,
      1.0618451833724976,
      1.403681755065918,
      1.3101744651794434,
      1.3421378135681152,
      1.243596076965332,
      1.2443338632583618,
      1.2169218063354492,
      1.2337794303894043
   ],
   "batch_train_times": [],
   "val_accuracy": 0.46959459459459457,
   "val_loss": 1.916256746730289,
   "val_accuracy_per_label": [
      0.7272727272727273,
      0.0,
      0.0,
      0.0,
      1.0,
      0.2,
      0.0,
      0.75,
      0.0,
      0.0,
      0.0,
      0.0,
      0.0,
      1.0,
      0.0,
      0.0,
      0.0,
      0.0,
      0.2,
      1.0,
      0.9615384615384616,
      0.0,
      0.2,
      0.0,
      0.0,
      0.6,
      0.0,
      0.35,
      0.0,
      0.0,
      0.2,
      0.0,
      0.8,
      0.0,
      0.0,
      0.0,
      0.0,
      0.0,
      0.8,
      0.5,
      0.0,
      0.625,
      0.2
   ]
}