{
   "epoch": 14,
   "batch_train_accuracies": [
      0.5625,
      0.53125,
      0.546875,
      0.625,
      0.59375,
      0.5625,
      0.484375,
      0.46875,
      0.53125,
      0.5,
      0.5625,
      0.53125,
      0.65625,
      0.609375,
      0.484375,
      0.609375,
      0.484375,
      0.53125,
      0.578125,
      0.546875,
      0.609375,
      0.5625,
      0.546875,
      0.515625,
      0.59375,
      0.578125,
      0.59375,
      0.515625,
      0.484375,
      0.5,
      0.515625,
      0.578125,
      0.515625,
      0.59375,
      0.53125,
      0.4375,
      0.40625,
      0.5,
      0.5,
      0.421875,
      0.609375,
      0.5
   ],
   "batch_train_losses": [
      1.7548766136169434,
      1.8519738912582397,
      1.8567687273025513,
      1.6515202522277832,
      1.7635250091552734,
      1.8963230848312378,
      1.9341442584991455,
      2.0231919288635254,
      1.8959853649139404,
      1.7611087560653687,
      1.7811589241027832,
      1.6914771795272827,
      1.54456627368927,
      1.7697923183441162,
      1.9568209648132324,
      1.6330580711364746,
      1.8443584442138672,
      1.9658972024917603,
      1.7156158685684204,
      1.779909610748291,
      1.641393780708313,
      1.8074028491973877,
      1.8343628644943237,
      1.8345649242401123,
      1.8548511266708374,
      1.6519157886505127,
      1.7645641565322876,
      1.831658959388733,
      1.9041147232055664,
      1.9121944904327393,
      1.9518935680389404,
      1.6777070760726929,
      1.8103315830230713,
      1.7858037948608398,
      1.7767994403839111,
      2.0823874473571777,
      1.9764516353607178,
      1.9641993045806885,
      1.8032481670379639,
      1.999523401260376,
      1.7239830493927002,
      2.13914155960083
   ],
   "batch_train_times": [],
   "val_accuracy": 0.3310810810810811,
   "val_loss": 2.3793240688942574,
   "val_accuracy_per_label": [
      0.6363636363636364,
      0.0,
      0.0,
      0.0,
      0.2,
      0.4,
      0.0,
      0.7,
      0.0,
      0.0,
      0.0,
      0.0,
      0.0,
      0.6,
      0.0,
      0.0,
      0.0,
      0.0,
      0.0,
      0.27586206896551724,
      0.5769230769230769,
      0.0,
      0.0,
      0.0,
      0.0,
      0.0,
      0.0,
      1.0,
      0.0,
      0.0,
      0.0,
      0.2,
      0.0,
      0.0,
      0.0,
      0.0,
      0.0,
      0.0,
      0.6666666666666666,
      0.4,
      0.0,
      0.75,
      0.0
   ]
}