{
   "epoch": 7,
   "batch_train_accuracies": [
      0.46875,
      0.484375,
      0.53125,
      0.515625,
      0.40625,
      0.546875,
      0.484375,
      0.28125,
      0.578125,
      0.53125,
      0.46875,
      0.546875,
      0.390625,
      0.46875,
      0.375,
      0.40625,
      0.484375,
      0.53125,
      0.390625,
      0.40625,
      0.53125,
      0.53125,
      0.453125,
      0.4375,
      0.546875,
      0.46875,
      0.359375,
      0.546875,
      0.5,
      0.515625,
      0.40625,
      0.484375,
      0.53125,
      0.40625,
      0.3125,
      0.515625,
      0.453125,
      0.453125,
      0.5625,
      0.375,
      0.40625,
      0.5625
   ],
   "batch_train_losses": [
      2.2499680519104004,
      2.308891773223877,
      2.215606212615967,
      2.117006301879883,
      2.3666553497314453,
      2.09898042678833,
      2.2833166122436523,
      2.571272373199463,
      2.177119255065918,
      2.4213414192199707,
      2.3441073894500732,
      2.131531000137329,
      2.3878209590911865,
      2.3232803344726562,
      2.5564634799957275,
      2.414879083633423,
      2.2736921310424805,
      2.15693998336792,
      2.3799877166748047,
      2.318296194076538,
      2.1985902786254883,
      2.1607491970062256,
      2.3743062019348145,
      2.3031704425811768,
      2.0783846378326416,
      2.2135231494903564,
      2.429419755935669,
      2.156364917755127,
      2.159700393676758,
      2.142908811569214,
      2.332381248474121,
      2.2157909870147705,
      2.150503158569336,
      2.357900857925415,
      2.530609369277954,
      2.1509644985198975,
      2.2444002628326416,
      2.26066517829895,
      2.2036044597625732,
      2.4395761489868164,
      2.397531032562256,
      2.1863980293273926
   ],
   "batch_train_times": [],
   "val_accuracy": 0.30405405405405406,
   "val_loss": 2.7059858811868205,
   "val_accuracy_per_label": [
      0.7272727272727273,
      0.0,
      0.0,
      0.0,
      0.0,
      0.0,
      0.0,
      0.6,
      0.0,
      0.0,
      0.0,
      0.0,
      0.0,
      0.0,
      0.0,
      0.0,
      0.0,
      0.0,
      0.2,
      0.5172413793103449,
      0.7692307692307693,
      0.0,
      0.0,
      0.0,
      0.0,
      0.0,
      0.0,
      0.65,
      0.0,
      0.0,
      0.0,
      0.0,
      0.0,
      0.0,
      0.0,
      0.0,
      0.0,
      0.0,
      0.4,
      0.1,
      0.0,
      0.75,
      0.0
   ]
}