{
   "epoch": 41,
   "batch_train_accuracies": [
      0.71875,
      0.6875,
      0.765625,
      0.734375,
      0.765625,
      0.71875,
      0.796875,
      0.734375,
      0.734375,
      0.78125,
      0.640625,
      0.765625,
      0.640625,
      0.765625,
      0.75,
      0.6875,
      0.703125,
      0.671875,
      0.71875,
      0.640625,
      0.78125,
      0.703125,
      0.703125,
      0.765625,
      0.8125,
      0.78125,
      0.765625,
      0.65625,
      0.65625,
      0.71875,
      0.71875,
      0.640625,
      0.734375,
      0.8125,
      0.609375,
      0.8125,
      0.6875,
      0.671875,
      0.8125,
      0.71875,
      0.6875,
      0.5
   ],
   "batch_train_losses": [
      1.3193310499191284,
      1.2751128673553467,
      1.168430209159851,
      1.2835549116134644,
      1.1684085130691528,
      1.2228072881698608,
      1.1864092350006104,
      1.242989182472229,
      1.156679630279541,
      1.090347170829773,
      1.4520339965820312,
      1.1360872983932495,
      1.5000288486480713,
      1.2247331142425537,
      1.2133357524871826,
      1.3409677743911743,
      1.4445451498031616,
      1.3509228229522705,
      1.3913122415542603,
      1.4574421644210815,
      1.1540132761001587,
      1.2847522497177124,
      1.3356871604919434,
      1.1714757680892944,
      1.10933518409729,
      1.133833408355713,
      1.299075961112976,
      1.3556264638900757,
      1.35258150100708,
      1.2396104335784912,
      1.335801124572754,
      1.367224931716919,
      1.3160613775253296,
      1.1043875217437744,
      1.4135076999664307,
      1.0626964569091797,
      1.3102543354034424,
      1.3510597944259644,
      1.133211374282837,
      1.2931634187698364,
      1.3348314762115479,
      1.828909993171692
   ],
   "batch_train_times": [],
   "val_accuracy": 0.5067567567567568,
   "val_loss": 1.9063970913758148,
   "val_accuracy_per_label": [
      0.7272727272727273,
      0.0,
      0.0,
      0.0,
      1.0,
      0.0,
      0.0,
      0.75,
      0.0,
      0.0,
      0.0,
      0.0,
      0.0,
      0.6,
      0.4,
      0.0,
      0.0,
      0.0,
      0.0,
      1.0,
      0.9615384615384616,
      0.0,
      0.4,
      0.2,
      0.0,
      0.8,
      0.0,
      0.55,
      0.0,
      0.0,
      0.2,
      0.2,
      0.8,
      0.0,
      0.0,
      0.0,
      0.2,
      0.0,
      0.8666666666666667,
      0.6,
      0.0,
      0.625,
      0.4
   ]
}