{
   "epoch": 34,
   "batch_train_accuracies": [
      0.78125,
      0.65625,
      0.6875,
      0.71875,
      0.84375,
      0.6875,
      0.65625,
      0.6875,
      0.765625,
      0.671875,
      0.734375,
      0.78125,
      0.578125,
      0.734375,
      0.734375,
      0.671875,
      0.75,
      0.6875,
      0.703125,
      0.8125,
      0.671875,
      0.703125,
      0.75,
      0.765625,
      0.765625,
      0.640625,
      0.6875,
      0.734375,
      0.703125,
      0.703125,
      0.609375,
      0.78125,
      0.671875,
      0.640625,
      0.65625,
      0.671875,
      0.671875,
      0.515625,
      0.78125,
      0.609375,
      0.734375,
      0.6875
   ],
   "batch_train_losses": [
      1.2562874555587769,
      1.3301690816879272,
      1.496219515800476,
      1.2970110177993774,
      1.0516921281814575,
      1.5568547248840332,
      1.3292616605758667,
      1.4379550218582153,
      1.2380874156951904,
      1.434425711631775,
      1.3666844367980957,
      1.135894536972046,
      1.4775973558425903,
      1.2405810356140137,
      1.1740727424621582,
      1.298227310180664,
      1.1737115383148193,
      1.3198171854019165,
      1.3947298526763916,
      1.2660540342330933,
      1.4243026971817017,
      1.304945468902588,
      1.180432915687561,
      1.337017297744751,
      1.1942445039749146,
      1.4669004678726196,
      1.469038486480713,
      1.22531259059906,
      1.2997028827667236,
      1.338382601737976,
      1.565426230430603,
      1.3248389959335327,
      1.45560884475708,
      1.3825243711471558,
      1.2815877199172974,
      1.3376059532165527,
      1.351474642753601,
      1.7256321907043457,
      1.2123440504074097,
      1.4342353343963623,
      1.2148863077163696,
      1.3756250143051147
   ],
   "batch_train_times": [],
   "val_accuracy": 0.41216216216216217,
   "val_loss": 2.130598190668467,
   "val_accuracy_per_label": [
      0.5,
      0.0,
      0.0,
      0.0,
      0.8,
      0.6,
      0.0,
      0.8,
      0.0,
      0.0,
      0.0,
      0.0,
      0.0,
      0.0,
      0.2,
      0.0,
      0.0,
      0.0,
      0.2,
      0.9655172413793104,
      0.9230769230769231,
      0.0,
      0.0,
      0.0,
      0.0,
      0.7,
      0.0,
      0.05,
      0.0,
      0.0,
      0.0,
      0.0,
      0.8,
      0.0,
      0.0,
      0.0,
      0.0,
      0.0,
      0.7333333333333333,
      0.7,
      0.0,
      0.5,
      0.0
   ]
}