{
   "epoch": 49,
   "batch_train_accuracies": [
      0.78125,
      0.78125,
      0.6875,
      0.65625,
      0.703125,
      0.796875,
      0.609375,
      0.796875,
      0.65625,
      0.765625,
      0.71875,
      0.71875,
      0.796875,
      0.84375,
      0.796875,
      0.75,
      0.765625,
      0.75,
      0.71875,
      0.6875,
      0.71875,
      0.78125,
      0.78125,
      0.78125,
      0.796875,
      0.59375,
      0.703125,
      0.765625,
      0.65625,
      0.796875,
      0.6875,
      0.75,
      0.734375,
      0.78125,
      0.84375,
      0.6875,
      0.6875,
      0.796875,
      0.765625,
      0.828125,
      0.71875,
      0.6875
   ],
   "batch_train_losses": [
      1.1013970375061035,
      1.1466034650802612,
      1.235982894897461,
      1.4609609842300415,
      1.305647850036621,
      1.2236884832382202,
      1.4408504962921143,
      1.0228410959243774,
      1.327140212059021,
      1.2044085264205933,
      1.1708532571792603,
      1.2259198427200317,
      1.05336594581604,
      1.1873573064804077,
      1.1855839490890503,
      1.1998594999313354,
      1.2267987728118896,
      1.135401964187622,
      1.2873857021331787,
      1.3426486253738403,
      1.1991403102874756,
      1.2036930322647095,
      1.1416531801223755,
      1.3522545099258423,
      1.1324515342712402,
      1.4976013898849487,
      1.3559672832489014,
      1.1731154918670654,
      1.4637320041656494,
      1.0948115587234497,
      1.3303062915802002,
      1.2735651731491089,
      1.3156487941741943,
      1.1763660907745361,
      1.0515369176864624,
      1.339008092880249,
      1.3925397396087646,
      1.0396872758865356,
      1.1994215250015259,
      1.03996741771698,
      1.2916843891143799,
      1.192097783088684
   ],
   "batch_train_times": [],
   "val_accuracy": 0.49324324324324326,
   "val_loss": 1.8255147192929242,
   "val_accuracy_per_label": [
      0.9090909090909091,
      0.0,
      0.3333333333333333,
      0.0,
      1.0,
      0.2,
      0.0,
      0.6,
      0.0,
      0.0,
      0.0,
      0.0,
      0.0,
      1.0,
      0.4,
      0.0,
      0.0,
      0.0,
      0.0,
      1.0,
      0.9230769230769231,
      0.0,
      0.0,
      0.2,
      0.0,
      0.4,
      0.0,
      0.7,
      0.0,
      0.0,
      0.0,
      0.4,
      0.6,
      0.0,
      0.0,
      0.0,
      0.0,
      0.0,
      0.6666666666666666,
      0.3,
      0.0,
      1.0,
      0.2
   ]
}