{
   "epoch": 24,
   "batch_train_accuracies": [
      0.546875,
      0.59375,
      0.578125,
      0.578125,
      0.765625,
      0.59375,
      0.640625,
      0.59375,
      0.609375,
      0.609375,
      0.515625,
      0.59375,
      0.625,
      0.703125,
      0.65625,
      0.59375,
      0.609375,
      0.65625,
      0.71875,
      0.65625,
      0.5,
      0.625,
      0.609375,
      0.6875,
      0.78125,
      0.640625,
      0.65625,
      0.625,
      0.65625,
      0.640625,
      0.59375,
      0.671875,
      0.609375,
      0.59375,
      0.53125,
      0.625,
      0.703125,
      0.578125,
      0.625,
      0.53125,
      0.671875,
      0.6875
   ],
   "batch_train_losses": [
      1.712801218032837,
      1.5789183378219604,
      1.4632673263549805,
      1.734679102897644,
      1.286946177482605,
      1.6274867057800293,
      1.5359764099121094,
      1.4540005922317505,
      1.5977210998535156,
      1.5389595031738281,
      1.5897736549377441,
      1.4603543281555176,
      1.5514626502990723,
      1.3509321212768555,
      1.4722572565078735,
      1.5820097923278809,
      1.5085663795471191,
      1.471179723739624,
      1.3299229145050049,
      1.4756802320480347,
      1.6661796569824219,
      1.4264566898345947,
      1.5531569719314575,
      1.3087338209152222,
      1.3059989213943481,
      1.4655263423919678,
      1.407098412513733,
      1.6778948307037354,
      1.5387219190597534,
      1.6233952045440674,
      1.5981309413909912,
      1.5102500915527344,
      1.5003609657287598,
      1.4297940731048584,
      1.6245681047439575,
      1.459206461906433,
      1.3552660942077637,
      1.5589118003845215,
      1.5133296251296997,
      1.6770371198654175,
      1.4954049587249756,
      1.5996838808059692
   ],
   "batch_train_times": [],
   "val_accuracy": 0.41216216216216217,
   "val_loss": 2.17082082903063,
   "val_accuracy_per_label": [
      0.5454545454545454,
      0.0,
      0.0,
      0.0,
      0.8,
      0.4,
      0.0,
      0.75,
      0.0,
      0.0,
      0.0,
      0.0,
      0.0,
      0.8,
      0.0,
      0.0,
      0.0,
      0.0,
      0.0,
      0.8275862068965517,
      0.9615384615384616,
      0.0,
      0.0,
      0.0,
      0.0,
      0.0,
      0.0,
      0.5,
      0.0,
      0.0,
      0.0,
      0.4,
      0.4,
      0.0,
      0.0,
      0.0,
      0.0,
      0.0,
      0.7333333333333333,
      0.5,
      0.0,
      0.5,
      0.4
   ]
}