{
   "epoch": 25,
   "batch_train_accuracies": [
      0.734375,
      0.65625,
      0.703125,
      0.5625,
      0.5625,
      0.640625,
      0.671875,
      0.53125,
      0.546875,
      0.65625,
      0.734375,
      0.578125,
      0.59375,
      0.625,
      0.609375,
      0.640625,
      0.578125,
      0.671875,
      0.59375,
      0.625,
      0.71875,
      0.71875,
      0.515625,
      0.75,
      0.671875,
      0.59375,
      0.765625,
      0.625,
      0.671875,
      0.578125,
      0.625,
      0.6875,
      0.625,
      0.6875,
      0.53125,
      0.65625,
      0.53125,
      0.609375,
      0.640625,
      0.640625,
      0.59375,
      0.5
   ],
   "batch_train_losses": [
      1.3690454959869385,
      1.5404775142669678,
      1.3551456928253174,
      1.5248605012893677,
      1.567299246788025,
      1.6518446207046509,
      1.4655219316482544,
      1.682898998260498,
      1.5379931926727295,
      1.5249483585357666,
      1.1791170835494995,
      1.5101953744888306,
      1.6739956140518188,
      1.596543550491333,
      1.551836371421814,
      1.5448858737945557,
      1.5634702444076538,
      1.4733870029449463,
      1.4521117210388184,
      1.509251356124878,
      1.32326078414917,
      1.3582152128219604,
      1.7513282299041748,
      1.2757776975631714,
      1.4103225469589233,
      1.4989969730377197,
      1.37281334400177,
      1.5409070253372192,
      1.29324471950531,
      1.5464696884155273,
      1.4404375553131104,
      1.4409403800964355,
      1.5413495302200317,
      1.3864688873291016,
      1.4766159057617188,
      1.4821317195892334,
      1.640516757965088,
      1.5816887617111206,
      1.6008665561676025,
      1.5421570539474487,
      1.5746439695358276,
      1.9026434421539307
   ],
   "batch_train_times": [],
   "val_accuracy": 0.4358108108108108,
   "val_loss": 2.202043149922345,
   "val_accuracy_per_label": [
      0.5909090909090909,
      0.0,
      0.3333333333333333,
      0.0,
      0.8,
      0.6,
      0.0,
      0.8,
      0.0,
      0.0,
      0.0,
      0.0,
      0.2,
      0.8,
      0.6,
      0.0,
      0.0,
      0.0,
      0.8,
      0.7241379310344828,
      0.8846153846153846,
      0.0,
      0.2,
      0.0,
      0.0,
      0.1,
      0.0,
      0.3,
      0.0,
      0.0,
      0.0,
      0.0,
      0.8,
      0.0,
      0.0,
      0.0,
      0.0,
      0.0,
      0.6666666666666666,
      0.8,
      0.0,
      0.625,
      0.0
   ]
}