{
   "epoch": 50,
   "batch_train_accuracies": [
      0.75,
      0.6875,
      0.6875,
      0.671875,
      0.671875,
      0.65625,
      0.765625,
      0.84375,
      0.828125,
      0.8125,
      0.671875,
      0.765625,
      0.734375,
      0.734375,
      0.828125,
      0.671875,
      0.8125,
      0.765625,
      0.78125,
      0.765625,
      0.796875,
      0.734375,
      0.71875,
      0.75,
      0.71875,
      0.671875,
      0.8125,
      0.625,
      0.734375,
      0.6875,
      0.796875,
      0.6875,
      0.78125,
      0.734375,
      0.65625,
      0.609375,
      0.78125,
      0.734375,
      0.71875,
      0.78125,
      0.75,
      0.8125
   ],
   "batch_train_losses": [
      1.2015583515167236,
      1.3634973764419556,
      1.374447226524353,
      1.3470244407653809,
      1.361019253730774,
      1.2853237390518188,
      1.2270021438598633,
      1.0818716287612915,
      1.0435014963150024,
      1.227519154548645,
      1.3496029376983643,
      1.1580028533935547,
      1.1902724504470825,
      1.2621248960494995,
      1.117157220840454,
      1.251852035522461,
      1.0859315395355225,
      1.0180962085723877,
      1.1849949359893799,
      1.3162941932678223,
      1.3291511535644531,
      1.1910003423690796,
      1.2861441373825073,
      1.1420929431915283,
      1.1915342807769775,
      1.4834063053131104,
      1.1584314107894897,
      1.4877086877822876,
      1.1956461668014526,
      1.3992050886154175,
      1.003021478652954,
      1.3527858257293701,
      1.0758591890335083,
      1.192602276802063,
      1.3352339267730713,
      1.4462361335754395,
      1.103570818901062,
      1.263913869857788,
      1.120484709739685,
      1.0297986268997192,
      1.1490424871444702,
      1.4463868141174316
   ],
   "batch_train_times": [],
   "val_accuracy": 0.5101351351351351,
   "val_loss": 1.913598376351434,
   "val_accuracy_per_label": [
      0.7272727272727273,
      0.0,
      0.16666666666666666,
      0.0,
      1.0,
      0.4,
      0.0,
      0.85,
      0.0,
      0.0,
      0.0,
      0.0,
      0.0,
      0.2,
      0.4,
      0.0,
      0.0,
      0.0,
      0.0,
      1.0,
      1.0,
      0.0,
      0.4,
      0.0,
      0.0,
      0.9,
      0.0,
      0.25,
      0.0,
      0.0,
      0.0,
      0.0,
      1.0,
      0.0,
      0.0,
      0.0,
      0.0,
      0.0,
      0.9333333333333333,
      1.0,
      0.0,
      0.75,
      0.2
   ]
}