{
   "epoch": 9,
   "batch_train_accuracies": [
      0.546875,
      0.5,
      0.5625,
      0.375,
      0.515625,
      0.546875,
      0.515625,
      0.4375,
      0.4375,
      0.34375,
      0.53125,
      0.484375,
      0.390625,
      0.5,
      0.5625,
      0.5,
      0.4375,
      0.53125,
      0.4375,
      0.515625,
      0.515625,
      0.53125,
      0.390625,
      0.5,
      0.484375,
      0.53125,
      0.484375,
      0.46875,
      0.5,
      0.5,
      0.546875,
      0.53125,
      0.390625,
      0.546875,
      0.5625,
      0.53125,
      0.53125,
      0.609375,
      0.421875,
      0.421875,
      0.578125,
      0.4375
   ],
   "batch_train_losses": [
      1.9665429592132568,
      2.0449297428131104,
      2.028200626373291,
      2.279010772705078,
      2.0339009761810303,
      2.0009355545043945,
      2.1762616634368896,
      2.2395262718200684,
      2.22833514213562,
      2.1643433570861816,
      2.095451593399048,
      2.136284589767456,
      2.4548213481903076,
      1.9844088554382324,
      2.105482578277588,
      1.999842643737793,
      2.224363327026367,
      1.998883843421936,
      2.1887927055358887,
      2.0402846336364746,
      2.1535871028900146,
      1.9931038618087769,
      2.2750160694122314,
      2.0375006198883057,
      2.2063841819763184,
      2.1188952922821045,
      2.1177072525024414,
      2.193352699279785,
      2.044496536254883,
      2.047132968902588,
      1.8528107404708862,
      2.059102773666382,
      2.1303672790527344,
      2.0276570320129395,
      1.997122049331665,
      2.0389063358306885,
      2.0026113986968994,
      2.0108275413513184,
      2.3838424682617188,
      2.138002395629883,
      1.9137849807739258,
      2.251803159713745
   ],
   "batch_train_times": [],
   "val_accuracy": 0.31756756756756754,
   "val_loss": 2.530772486248532,
   "val_accuracy_per_label": [
      0.6818181818181818,
      0.0,
      0.0,
      0.0,
      0.0,
      0.6,
      0.0,
      0.8,
      0.0,
      0.0,
      0.0,
      0.0,
      0.0,
      0.2,
      0.0,
      0.0,
      0.0,
      0.0,
      0.0,
      0.7931034482758621,
      0.6923076923076923,
      0.0,
      0.0,
      0.0,
      0.0,
      0.0,
      0.0,
      0.2,
      0.0,
      0.0,
      0.0,
      0.0,
      0.0,
      0.0,
      0.0,
      0.0,
      0.0,
      0.0,
      0.5333333333333333,
      0.0,
      0.0,
      0.75,
      0.0
   ]
}