{
   "epoch": 38,
   "batch_train_accuracies": [
      0.703125,
      0.65625,
      0.703125,
      0.625,
      0.765625,
      0.640625,
      0.71875,
      0.671875,
      0.71875,
      0.703125,
      0.765625,
      0.75,
      0.71875,
      0.765625,
      0.734375,
      0.8125,
      0.796875,
      0.65625,
      0.65625,
      0.59375,
      0.71875,
      0.734375,
      0.71875,
      0.765625,
      0.734375,
      0.6875,
      0.734375,
      0.75,
      0.78125,
      0.71875,
      0.75,
      0.796875,
      0.6875,
      0.578125,
      0.671875,
      0.765625,
      0.78125,
      0.734375,
      0.671875,
      0.5625,
      0.734375,
      0.8125
   ],
   "batch_train_losses": [
      1.157279133796692,
      1.5033308267593384,
      1.3905110359191895,
      1.4883612394332886,
      1.336990237236023,
      1.4100252389907837,
      1.370162010192871,
      1.4750313758850098,
      1.3173717260360718,
      1.315529704093933,
      1.0883715152740479,
      1.300176978111267,
      1.3255884647369385,
      1.251456379890442,
      1.2711390256881714,
      1.1690233945846558,
      1.2092138528823853,
      1.4582397937774658,
      1.2900792360305786,
      1.4411427974700928,
      1.351404070854187,
      1.2009025812149048,
      1.2203280925750732,
      1.162822961807251,
      1.2839289903640747,
      1.2611523866653442,
      1.2523142099380493,
      1.2506380081176758,
      1.2232829332351685,
      1.374903917312622,
      1.0823105573654175,
      1.066263198852539,
      1.4006025791168213,
      1.5438331365585327,
      1.1798428297042847,
      1.3155912160873413,
      1.1275043487548828,
      1.2309129238128662,
      1.2620174884796143,
      1.4547568559646606,
      1.1268508434295654,
      1.0957629680633545
   ],
   "batch_train_times": [],
   "val_accuracy": 0.44594594594594594,
   "val_loss": 1.971391317006704,
   "val_accuracy_per_label": [
      0.5,
      0.0,
      0.16666666666666666,
      0.0,
      1.0,
      1.0,
      0.0,
      0.8,
      0.0,
      0.0,
      0.0,
      0.0,
      0.2,
      0.2,
      0.6,
      0.0,
      0.0,
      0.0,
      0.0,
      0.7586206896551724,
      0.8846153846153846,
      0.0,
      0.0,
      0.0,
      0.0,
      0.1,
      0.0,
      0.6,
      0.0,
      0.0,
      0.0,
      0.6,
      0.8,
      0.0,
      0.0,
      0.0,
      0.0,
      0.0,
      0.8,
      0.8,
      0.0,
      0.5,
      0.0
   ]
}