{
   "epoch": 32,
   "batch_train_accuracies": [
      0.640625,
      0.6875,
      0.703125,
      0.734375,
      0.78125,
      0.703125,
      0.703125,
      0.71875,
      0.71875,
      0.71875,
      0.71875,
      0.71875,
      0.703125,
      0.734375,
      0.625,
      0.609375,
      0.71875,
      0.703125,
      0.65625,
      0.625,
      0.640625,
      0.734375,
      0.65625,
      0.78125,
      0.6875,
      0.71875,
      0.734375,
      0.640625,
      0.734375,
      0.734375,
      0.78125,
      0.65625,
      0.625,
      0.75,
      0.65625,
      0.671875,
      0.671875,
      0.671875,
      0.671875,
      0.53125,
      0.734375,
      0.625
   ],
   "batch_train_losses": [
      1.3391166925430298,
      1.4211232662200928,
      1.415075421333313,
      1.2289189100265503,
      1.1891323328018188,
      1.3296964168548584,
      1.3053253889083862,
      1.334275245666504,
      1.3937746286392212,
      1.2969688177108765,
      1.222974419593811,
      1.4246323108673096,
      1.3456507921218872,
      1.3695850372314453,
      1.4832019805908203,
      1.6272766590118408,
      1.2122666835784912,
      1.4228934049606323,
      1.4450680017471313,
      1.4859095811843872,
      1.3768552541732788,
      1.425052285194397,
      1.3959940671920776,
      1.2765374183654785,
      1.3379037380218506,
      1.2924344539642334,
      1.2114224433898926,
      1.3971467018127441,
      1.3217554092407227,
      1.2794013023376465,
      1.1862821578979492,
      1.3363717794418335,
      1.4744558334350586,
      1.1436209678649902,
      1.5179054737091064,
      1.321909785270691,
      1.4051403999328613,
      1.3692448139190674,
      1.4201273918151855,
      1.716599941253662,
      1.1990399360656738,
      1.5101710557937622
   ],
   "batch_train_times": [],
   "val_accuracy": 0.3918918918918919,
   "val_loss": 2.09029585606343,
   "val_accuracy_per_label": [
      0.5454545454545454,
      0.0,
      0.16666666666666666,
      0.4,
      1.0,
      0.8,
      0.0,
      0.65,
      0.0,
      0.0,
      0.0,
      0.0,
      0.2,
      0.0,
      0.2,
      0.0,
      0.0,
      0.0,
      0.0,
      0.6206896551724138,
      0.8461538461538461,
      0.0,
      0.0,
      0.0,
      0.0,
      0.0,
      0.0,
      0.75,
      0.0,
      0.0,
      0.0,
      0.0,
      1.0,
      0.0,
      0.0,
      0.0,
      0.0,
      0.0,
      0.6,
      0.2,
      0.0,
      0.75,
      0.0
   ]
}