{
   "epoch": 10,
   "batch_train_accuracies": [
      0.546875,
      0.578125,
      0.625,
      0.546875,
      0.46875,
      0.59375,
      0.71875,
      0.453125,
      0.53125,
      0.703125,
      0.5625,
      0.609375,
      0.515625,
      0.65625,
      0.6875,
      0.65625,
      0.640625,
      0.671875,
      0.609375,
      0.6875,
      0.515625,
      0.46875,
      0.609375,
      0.734375,
      0.515625,
      0.625,
      0.609375,
      0.5625,
      0.671875,
      0.59375,
      0.546875,
      0.5625,
      0.609375,
      0.5625,
      0.59375,
      0.671875,
      0.5625,
      0.625,
      0.75,
      0.59375,
      0.65625,
      0.4375
   ],
   "batch_train_losses": [
      1.8039231300354004,
      1.7049310207366943,
      1.564361810684204,
      1.777375340461731,
      1.8740630149841309,
      1.6269309520721436,
      1.5944632291793823,
      1.9911483526229858,
      1.7508001327514648,
      1.4728600978851318,
      1.7581512928009033,
      1.7225371599197388,
      1.8214536905288696,
      1.6127110719680786,
      1.515925645828247,
      1.6332358121871948,
      1.509285807609558,
      1.654269814491272,
      1.5594316720962524,
      1.5932894945144653,
      1.746132493019104,
      1.970542073249817,
      1.5952311754226685,
      1.3765144348144531,
      1.7264759540557861,
      1.7635966539382935,
      1.6132491827011108,
      1.7840995788574219,
      1.6436774730682373,
      1.5494647026062012,
      1.8342903852462769,
      1.7722325325012207,
      1.6287429332733154,
      1.5795475244522095,
      1.5166155099868774,
      1.554012656211853,
      1.610935926437378,
      1.578648328781128,
      1.4008084535598755,
      1.5730600357055664,
      1.4854332208633423,
      1.7795331478118896
   ],
   "batch_train_times": [],
   "val_accuracy": 0.4527027027027027,
   "val_loss": 2.2678623489431433,
   "val_accuracy_per_label": [
      0.6818181818181818,
      0.0,
      0.0,
      0.0,
      0.2,
      0.4,
      0.0,
      0.9,
      0.0,
      0.2,
      0.0,
      0.0,
      0.0,
      0.6,
      0.0,
      0.0,
      0.0,
      0.0,
      0.0,
      0.9310344827586207,
      0.5769230769230769,
      0.0,
      0.0,
      0.4,
      0.0,
      0.0,
      0.0,
      0.8,
      0.0,
      0.0,
      0.0,
      1.0,
      0.0,
      0.0,
      0.0,
      0.0,
      0.0,
      0.0,
      0.8666666666666667,
      0.9,
      0.0,
      0.875,
      0.0
   ]
}