{
   "epoch": 18,
   "batch_train_accuracies": [
      0.796875,
      0.765625,
      0.640625,
      0.703125,
      0.625,
      0.703125,
      0.6875,
      0.671875,
      0.6875,
      0.8125,
      0.75,
      0.671875,
      0.671875,
      0.734375,
      0.640625,
      0.765625,
      0.75,
      0.75,
      0.765625,
      0.640625,
      0.8125,
      0.734375,
      0.640625,
      0.640625,
      0.71875,
      0.640625,
      0.796875,
      0.6875,
      0.59375,
      0.6875,
      0.765625,
      0.796875,
      0.6875,
      0.6875,
      0.640625,
      0.703125,
      0.6875,
      0.84375,
      0.703125,
      0.671875,
      0.671875,
      0.6875
   ],
   "batch_train_losses": [
      1.1517575979232788,
      1.1052627563476562,
      1.4566025733947754,
      1.2577131986618042,
      1.305787205696106,
      1.2048263549804688,
      1.2948838472366333,
      1.2929773330688477,
      1.3680224418640137,
      1.0984776020050049,
      1.2404335737228394,
      1.189812421798706,
      1.307341456413269,
      1.2162126302719116,
      1.3564471006393433,
      1.1318554878234863,
      1.1783018112182617,
      1.1636725664138794,
      1.2095056772232056,
      1.3341537714004517,
      0.995918333530426,
      1.2997478246688843,
      1.4491060972213745,
      1.401790976524353,
      1.2212296724319458,
      1.3542113304138184,
      1.0930813550949097,
      1.3266514539718628,
      1.3336949348449707,
      1.276227593421936,
      1.2778738737106323,
      1.0711697340011597,
      1.2671482563018799,
      1.3378700017929077,
      1.4789267778396606,
      1.2196956872940063,
      1.3074735403060913,
      1.0846260786056519,
      1.4105716943740845,
      1.4250190258026123,
      1.4532711505889893,
      1.4434782266616821
   ],
   "batch_train_times": [],
   "val_accuracy": 0.5067567567567568,
   "val_loss": 2.0890061694222526,
   "val_accuracy_per_label": [
      0.5909090909090909,
      0.0,
      0.3333333333333333,
      0.0,
      0.6,
      0.4,
      0.0,
      0.8,
      0.0,
      0.0,
      0.0,
      0.0,
      0.6,
      0.0,
      0.0,
      0.0,
      0.0,
      0.0,
      0.0,
      1.0,
      0.7307692307692307,
      0.0,
      0.4,
      0.6,
      0.0,
      0.2,
      0.0,
      0.9,
      0.0,
      0.0,
      0.0,
      1.0,
      0.4,
      0.0,
      0.0,
      0.5,
      0.2,
      0.0,
      1.0,
      0.9,
      0.0,
      0.375,
      0.2
   ]
}