{
   "epoch": 49,
   "batch_train_accuracies": [
      0.8125,
      0.859375,
      0.875,
      0.890625,
      0.890625,
      0.875,
      0.890625,
      0.875,
      0.859375,
      0.859375,
      0.9375,
      0.875,
      0.90625,
      0.859375,
      0.890625,
      0.890625,
      0.9375,
      0.875,
      0.875,
      0.9375,
      0.828125,
      0.859375,
      0.84375,
      0.875,
      0.890625,
      0.890625,
      0.90625,
      0.859375,
      0.875,
      0.921875,
      0.90625,
      0.859375,
      0.890625,
      0.90625,
      0.90625,
      0.96875,
      0.953125,
      0.796875,
      0.859375,
      0.953125,
      0.953125,
      0.75
   ],
   "batch_train_losses": [
      0.8595180511474609,
      1.008471131324768,
      0.8651624917984009,
      0.7423099279403687,
      0.8514370918273926,
      0.7632758617401123,
      0.7642037272453308,
      0.835233211517334,
      0.8408704400062561,
      0.8368114233016968,
      0.7615481019020081,
      0.8579556941986084,
      0.7254906892776489,
      0.8702358603477478,
      0.8475767374038696,
      0.9287196397781372,
      0.8595020771026611,
      0.8408887386322021,
      0.8507652282714844,
      0.7929912209510803,
      1.120182752609253,
      0.945182740688324,
      0.8965670466423035,
      0.836046040058136,
      0.7805603742599487,
      0.7027917504310608,
      0.6999067068099976,
      0.9545946717262268,
      0.7172669172286987,
      0.880855917930603,
      0.711063027381897,
      0.8876663446426392,
      0.8427868485450745,
      0.7700388431549072,
      0.8388886451721191,
      0.8054211735725403,
      0.6376520991325378,
      1.0443719625473022,
      0.909584641456604,
      0.7337103486061096,
      0.7592243552207947,
      1.3911597728729248
   ],
   "batch_train_times": [],
   "val_accuracy": 0.6216216216216216,
   "val_loss": 1.8120463667689144,
   "val_accuracy_per_label": [
      0.6363636363636364,
      0.0,
      0.0,
      0.4,
      0.8,
      0.2,
      0.3333333333333333,
      0.85,
      0.0,
      0.0,
      0.0,
      0.2,
      0.2,
      0.8,
      0.8,
      0.0,
      0.2,
      0.0,
      0.0,
      0.9310344827586207,
      0.9615384615384616,
      0.4,
      0.8,
      0.8,
      0.0,
      0.5,
      0.0,
      0.95,
      0.0,
      0.25,
      0.4,
      0.4,
      1.0,
      0.0,
      0.0,
      1.0,
      0.2,
      0.0,
      1.0,
      0.9,
      0.0,
      0.625,
      0.8
   ]
}