{
   "epoch": 17,
   "batch_train_accuracies": [
      0.671875,
      0.671875,
      0.671875,
      0.65625,
      0.640625,
      0.71875,
      0.78125,
      0.765625,
      0.734375,
      0.578125,
      0.796875,
      0.703125,
      0.734375,
      0.71875,
      0.609375,
      0.734375,
      0.578125,
      0.765625,
      0.640625,
      0.65625,
      0.625,
      0.65625,
      0.71875,
      0.6875,
      0.75,
      0.671875,
      0.625,
      0.6875,
      0.71875,
      0.65625,
      0.703125,
      0.765625,
      0.6875,
      0.78125,
      0.640625,
      0.75,
      0.734375,
      0.6875,
      0.671875,
      0.703125,
      0.71875,
      0.5
   ],
   "batch_train_losses": [
      1.3212043046951294,
      1.2286701202392578,
      1.3792498111724854,
      1.4346270561218262,
      1.3591257333755493,
      1.3739343881607056,
      1.1250264644622803,
      1.300154209136963,
      1.1432242393493652,
      1.5325181484222412,
      1.1729663610458374,
      1.3306429386138916,
      1.2487057447433472,
      1.2050917148590088,
      1.5493745803833008,
      1.1894112825393677,
      1.4818679094314575,
      1.1992511749267578,
      1.3797428607940674,
      1.4746448993682861,
      1.500382661819458,
      1.3488644361495972,
      1.2810345888137817,
      1.2434637546539307,
      1.179033875465393,
      1.3250856399536133,
      1.416757583618164,
      1.2048046588897705,
      1.3804186582565308,
      1.2882874011993408,
      1.3323615789413452,
      1.210970401763916,
      1.3953943252563477,
      1.150814175605774,
      1.3461930751800537,
      1.1628096103668213,
      1.2602174282073975,
      1.4826751947402954,
      1.3668532371520996,
      1.295790672302246,
      1.128624677658081,
      1.7279400825500488
   ],
   "batch_train_times": [],
   "val_accuracy": 0.4797297297297297,
   "val_loss": 2.088050449216688,
   "val_accuracy_per_label": [
      0.6818181818181818,
      0.0,
      0.5,
      0.0,
      0.6,
      0.2,
      0.0,
      0.85,
      0.0,
      0.0,
      0.0,
      0.0,
      0.6,
      0.2,
      0.0,
      0.0,
      0.0,
      0.0,
      0.0,
      0.9655172413793104,
      0.7692307692307693,
      0.0,
      0.0,
      0.2,
      0.0,
      0.0,
      0.0,
      0.8,
      0.0,
      0.0,
      0.0,
      0.2,
      0.8,
      0.0,
      0.0,
      0.0,
      0.0,
      0.0,
      1.0,
      0.9,
      0.0,
      0.5,
      0.2
   ]
}