{
   "epoch": 38,
   "batch_train_accuracies": [
      0.890625,
      0.84375,
      0.890625,
      0.8125,
      0.9375,
      0.875,
      0.875,
      0.875,
      0.828125,
      0.859375,
      0.828125,
      0.796875,
      0.796875,
      0.921875,
      0.78125,
      0.859375,
      0.828125,
      0.859375,
      0.921875,
      0.84375,
      0.859375,
      0.859375,
      0.90625,
      0.828125,
      0.9375,
      0.828125,
      0.828125,
      0.84375,
      0.828125,
      0.890625,
      0.84375,
      0.859375,
      0.890625,
      0.921875,
      0.890625,
      0.828125,
      0.84375,
      0.890625,
      0.890625,
      0.796875,
      0.859375,
      0.9375
   ],
   "batch_train_losses": [
      0.7942799925804138,
      0.9530719518661499,
      0.9352699518203735,
      0.9734129309654236,
      0.9087308645248413,
      0.9270533919334412,
      0.9304836988449097,
      0.8298171162605286,
      0.9592800140380859,
      0.8806767463684082,
      1.007804036140442,
      1.0074313879013062,
      1.0899382829666138,
      0.6595498323440552,
      1.0618915557861328,
      0.8544315099716187,
      0.952710747718811,
      0.9168710708618164,
      0.8437789678573608,
      0.8736838102340698,
      0.7757684588432312,
      0.9304952621459961,
      0.8854950666427612,
      0.8978168964385986,
      0.6875252723693848,
      0.943894624710083,
      0.8286918997764587,
      0.9089694619178772,
      0.8543866872787476,
      0.8179485201835632,
      0.9049602150917053,
      0.9082770347595215,
      0.8828037977218628,
      0.8513063192367554,
      0.9029055237770081,
      0.9155945777893066,
      0.9479998350143433,
      0.8539262413978577,
      0.9054527878761292,
      1.019564151763916,
      0.8523995280265808,
      0.6671102643013
   ],
   "batch_train_times": [],
   "val_accuracy": 0.6013513513513513,
   "val_loss": 1.7411058464565792,
   "val_accuracy_per_label": [
      0.6363636363636364,
      0.0,
      0.6666666666666666,
      0.0,
      1.0,
      0.4,
      0.0,
      0.85,
      0.0,
      0.0,
      0.0,
      0.0,
      0.4,
      1.0,
      0.8,
      0.0,
      0.0,
      0.0,
      0.0,
      1.0,
      0.8076923076923077,
      0.6,
      0.8,
      0.4,
      0.0,
      0.1,
      0.0,
      0.95,
      0.0,
      0.0,
      0.4,
      1.0,
      1.0,
      0.0,
      0.0,
      1.0,
      0.2,
      0.0,
      0.9333333333333333,
      0.9,
      0.0,
      0.5,
      0.4
   ]
}