{
   "epoch": 27,
   "batch_train_accuracies": [
      0.8125,
      0.796875,
      0.828125,
      0.84375,
      0.8125,
      0.78125,
      0.875,
      0.8125,
      0.734375,
      0.796875,
      0.78125,
      0.703125,
      0.734375,
      0.84375,
      0.71875,
      0.78125,
      0.734375,
      0.796875,
      0.6875,
      0.796875,
      0.8125,
      0.796875,
      0.8125,
      0.875,
      0.734375,
      0.796875,
      0.8125,
      0.875,
      0.71875,
      0.921875,
      0.65625,
      0.875,
      0.796875,
      0.765625,
      0.78125,
      0.828125,
      0.734375,
      0.734375,
      0.78125,
      0.796875,
      0.890625,
      0.8125
   ],
   "batch_train_losses": [
      1.0366331338882446,
      1.0229597091674805,
      1.067915916442871,
      1.1834272146224976,
      1.0407060384750366,
      1.1789499521255493,
      0.8733017444610596,
      1.117612600326538,
      1.191514492034912,
      1.0624313354492188,
      1.1037131547927856,
      1.27439284324646,
      1.205440878868103,
      0.9964811205863953,
      1.113981008529663,
      1.1170654296875,
      1.098395824432373,
      1.2010505199432373,
      1.2796775102615356,
      1.0763356685638428,
      1.012711763381958,
      1.0157086849212646,
      1.0757089853286743,
      0.9006600975990295,
      1.165806770324707,
      1.1432079076766968,
      1.0647265911102295,
      0.922569751739502,
      1.1284689903259277,
      0.795649528503418,
      1.2228496074676514,
      0.9459770321846008,
      1.0773448944091797,
      1.0360362529754639,
      1.1479289531707764,
      0.957146942615509,
      1.1908726692199707,
      1.2985942363739014,
      1.1027761697769165,
      0.9313977360725403,
      0.8487587571144104,
      0.886932373046875
   ],
   "batch_train_times": [],
   "val_accuracy": 0.5,
   "val_loss": 1.8913479914536346,
   "val_accuracy_per_label": [
      0.6818181818181818,
      0.0,
      0.3333333333333333,
      0.2,
      0.8,
      0.0,
      0.0,
      0.85,
      0.0,
      0.0,
      0.0,
      0.0,
      0.2,
      0.2,
      0.0,
      0.0,
      0.0,
      0.0,
      0.0,
      0.9655172413793104,
      1.0,
      0.0,
      0.0,
      0.2,
      0.0,
      0.0,
      0.0,
      0.65,
      0.0,
      0.0,
      0.2,
      0.8,
      0.8,
      0.0,
      0.0,
      0.25,
      0.0,
      0.0,
      1.0,
      0.9,
      0.0,
      0.375,
      0.4
   ]
}