{
   "epoch": 25,
   "batch_train_accuracies": [
      0.734375,
      0.71875,
      0.640625,
      0.796875,
      0.71875,
      0.828125,
      0.65625,
      0.84375,
      0.640625,
      0.734375,
      0.765625,
      0.71875,
      0.796875,
      0.828125,
      0.8125,
      0.765625,
      0.734375,
      0.765625,
      0.78125,
      0.796875,
      0.765625,
      0.84375,
      0.703125,
      0.75,
      0.8125,
      0.875,
      0.75,
      0.828125,
      0.84375,
      0.765625,
      0.765625,
      0.796875,
      0.78125,
      0.84375,
      0.78125,
      0.703125,
      0.703125,
      0.734375,
      0.828125,
      0.875,
      0.8125,
      0.8125
   ],
   "batch_train_losses": [
      1.1780861616134644,
      1.1829197406768799,
      1.2929410934448242,
      1.052178144454956,
      1.213184118270874,
      1.0523080825805664,
      1.3974778652191162,
      1.0679783821105957,
      1.4064819812774658,
      1.1822988986968994,
      1.1468812227249146,
      1.224721074104309,
      1.0568331480026245,
      1.1033011674880981,
      1.0222878456115723,
      1.2287168502807617,
      1.1617393493652344,
      1.0701475143432617,
      1.1287568807601929,
      1.0080218315124512,
      1.1295318603515625,
      0.9177878499031067,
      1.2407530546188354,
      1.1850835084915161,
      1.1669986248016357,
      1.0019912719726562,
      1.1526750326156616,
      1.0877324342727661,
      0.8998205065727234,
      1.0634469985961914,
      1.1960315704345703,
      1.0012153387069702,
      1.1741383075714111,
      0.9554340243339539,
      1.0665555000305176,
      1.2012890577316284,
      1.0412112474441528,
      1.2290982007980347,
      1.0684107542037964,
      0.8500974774360657,
      1.024449110031128,
      1.0525778532028198
   ],
   "batch_train_times": [],
   "val_accuracy": 0.5101351351351351,
   "val_loss": 1.998099423743583,
   "val_accuracy_per_label": [
      0.5909090909090909,
      0.0,
      0.5,
      0.0,
      0.6,
      0.0,
      0.0,
      0.85,
      0.0,
      0.0,
      0.0,
      0.0,
      0.8,
      0.0,
      0.2,
      0.0,
      0.2,
      0.0,
      0.0,
      0.9310344827586207,
      0.9615384615384616,
      0.0,
      0.4,
      0.6,
      0.0,
      0.1,
      0.0,
      0.7,
      0.0,
      0.0,
      0.2,
      0.4,
      1.0,
      0.0,
      0.0,
      0.0,
      0.0,
      0.0,
      0.9333333333333333,
      0.9,
      0.0,
      0.5,
      0.4
   ]
}