{
   "epoch": 20,
   "batch_train_accuracies": [
      0.6875,
      0.75,
      0.75,
      0.640625,
      0.75,
      0.78125,
      0.71875,
      0.796875,
      0.828125,
      0.8125,
      0.75,
      0.703125,
      0.734375,
      0.75,
      0.78125,
      0.6875,
      0.75,
      0.734375,
      0.65625,
      0.796875,
      0.703125,
      0.765625,
      0.6875,
      0.84375,
      0.78125,
      0.640625,
      0.703125,
      0.765625,
      0.671875,
      0.6875,
      0.734375,
      0.640625,
      0.65625,
      0.640625,
      0.6875,
      0.75,
      0.71875,
      0.796875,
      0.59375,
      0.609375,
      0.640625,
      0.75
   ],
   "batch_train_losses": [
      1.2233346700668335,
      1.182902455329895,
      1.332866907119751,
      1.5860003232955933,
      1.216538429260254,
      1.0858076810836792,
      1.1879535913467407,
      1.0774644613265991,
      1.083514928817749,
      1.0234707593917847,
      1.2092041969299316,
      1.1960885524749756,
      1.2063822746276855,
      1.1972018480300903,
      1.1879510879516602,
      1.1779261827468872,
      1.1468898057937622,
      1.3245559930801392,
      1.332443118095398,
      1.2126517295837402,
      1.2488089799880981,
      1.193037986755371,
      1.1100252866744995,
      1.065519094467163,
      1.3749276399612427,
      1.350425362586975,
      1.2667773962020874,
      1.1643489599227905,
      1.3815680742263794,
      1.3082175254821777,
      1.2862927913665771,
      1.2816864252090454,
      1.3846254348754883,
      1.3987706899642944,
      1.2527978420257568,
      1.1282411813735962,
      1.2375739812850952,
      1.2209956645965576,
      1.460114598274231,
      1.3544436693191528,
      1.348564624786377,
      1.220259428024292
   ],
   "batch_train_times": [],
   "val_accuracy": 0.47297297297297297,
   "val_loss": 1.9847625204034753,
   "val_accuracy_per_label": [
      0.5454545454545454,
      0.0,
      0.16666666666666666,
      0.0,
      0.8,
      0.0,
      0.0,
      0.75,
      0.0,
      0.0,
      0.0,
      0.0,
      0.8,
      0.4,
      0.0,
      0.0,
      0.0,
      0.0,
      0.0,
      0.9655172413793104,
      1.0,
      0.0,
      0.0,
      0.0,
      0.0,
      0.0,
      0.0,
      0.75,
      0.0,
      0.0,
      0.4,
      0.2,
      0.4,
      0.0,
      0.0,
      0.5,
      0.0,
      0.0,
      1.0,
      0.8,
      0.0,
      0.375,
      0.0
   ]
}