{
   "epoch": 13,
   "batch_train_accuracies": [
      0.59375,
      0.71875,
      0.65625,
      0.703125,
      0.640625,
      0.640625,
      0.640625,
      0.71875,
      0.65625,
      0.640625,
      0.65625,
      0.53125,
      0.703125,
      0.6875,
      0.5625,
      0.609375,
      0.59375,
      0.671875,
      0.6875,
      0.546875,
      0.703125,
      0.65625,
      0.734375,
      0.65625,
      0.75,
      0.59375,
      0.640625,
      0.625,
      0.578125,
      0.671875,
      0.625,
      0.578125,
      0.640625,
      0.5,
      0.671875,
      0.65625,
      0.640625,
      0.625,
      0.65625,
      0.65625,
      0.5625,
      0.625
   ],
   "batch_train_losses": [
      1.5279860496520996,
      1.3033713102340698,
      1.4964239597320557,
      1.445008635520935,
      1.4932080507278442,
      1.4352729320526123,
      1.4090250730514526,
      1.3801450729370117,
      1.5451090335845947,
      1.455000400543213,
      1.3592722415924072,
      1.5677752494812012,
      1.319935917854309,
      1.4531841278076172,
      1.6033977270126343,
      1.5188992023468018,
      1.6145634651184082,
      1.3763443231582642,
      1.2621594667434692,
      1.6876883506774902,
      1.5090010166168213,
      1.3645925521850586,
      1.2003848552703857,
      1.3964449167251587,
      1.333801031112671,
      1.627084732055664,
      1.4454880952835083,
      1.4531856775283813,
      1.6866320371627808,
      1.426113247871399,
      1.4979768991470337,
      1.7038955688476562,
      1.507621169090271,
      1.6351284980773926,
      1.3284844160079956,
      1.521282434463501,
      1.556020975112915,
      1.585131287574768,
      1.3376177549362183,
      1.5179283618927002,
      1.6369364261627197,
      1.766671061515808
   ],
   "batch_train_times": [],
   "val_accuracy": 0.4797297297297297,
   "val_loss": 2.1620736959818245,
   "val_accuracy_per_label": [
      0.7272727272727273,
      0.0,
      0.16666666666666666,
      0.0,
      1.0,
      1.0,
      0.0,
      0.8,
      0.0,
      0.0,
      0.0,
      0.0,
      0.0,
      0.6,
      0.0,
      0.0,
      0.0,
      0.0,
      0.0,
      0.9655172413793104,
      0.6153846153846154,
      0.0,
      0.0,
      0.6,
      0.0,
      0.0,
      0.0,
      0.9,
      0.0,
      0.0,
      0.0,
      0.8,
      0.2,
      0.0,
      0.0,
      0.0,
      0.0,
      0.0,
      0.8666666666666667,
      0.6,
      0.0,
      0.75,
      0.2
   ]
}