{
   "epoch": 15,
   "batch_train_accuracies": [
      0.703125,
      0.578125,
      0.65625,
      0.640625,
      0.640625,
      0.703125,
      0.703125,
      0.65625,
      0.671875,
      0.609375,
      0.609375,
      0.671875,
      0.6875,
      0.6875,
      0.59375,
      0.734375,
      0.734375,
      0.625,
      0.59375,
      0.765625,
      0.640625,
      0.6875,
      0.65625,
      0.734375,
      0.75,
      0.6875,
      0.625,
      0.6875,
      0.6875,
      0.6875,
      0.671875,
      0.640625,
      0.6875,
      0.6875,
      0.703125,
      0.515625,
      0.609375,
      0.65625,
      0.65625,
      0.640625,
      0.625,
      0.625
   ],
   "batch_train_losses": [
      1.2772220373153687,
      1.5025181770324707,
      1.44496750831604,
      1.5076435804367065,
      1.4784419536590576,
      1.3809113502502441,
      1.2987666130065918,
      1.3992393016815186,
      1.5137207508087158,
      1.386541485786438,
      1.4579392671585083,
      1.3951506614685059,
      1.2987321615219116,
      1.225199818611145,
      1.5259172916412354,
      1.253023624420166,
      1.349421739578247,
      1.3835872411727905,
      1.541774868965149,
      1.195837140083313,
      1.4018747806549072,
      1.4834849834442139,
      1.3954600095748901,
      1.419485092163086,
      1.3429862260818481,
      1.3328988552093506,
      1.3640413284301758,
      1.3184230327606201,
      1.3045384883880615,
      1.3973186016082764,
      1.5366803407669067,
      1.360701084136963,
      1.382370948791504,
      1.352186918258667,
      1.2958569526672363,
      1.5640655755996704,
      1.4118605852127075,
      1.4680582284927368,
      1.354840636253357,
      1.4291516542434692,
      1.4810621738433838,
      1.7010469436645508
   ],
   "batch_train_times": [],
   "val_accuracy": 0.44932432432432434,
   "val_loss": 2.0439860595239177,
   "val_accuracy_per_label": [
      0.9090909090909091,
      0.0,
      0.3333333333333333,
      0.0,
      0.6,
      0.4,
      0.0,
      0.8,
      0.0,
      0.0,
      0.0,
      0.0,
      0.0,
      0.6,
      0.0,
      0.0,
      0.0,
      0.0,
      0.0,
      1.0,
      0.8076923076923077,
      0.0,
      0.0,
      0.2,
      0.0,
      0.0,
      0.0,
      0.55,
      0.0,
      0.0,
      0.0,
      0.8,
      0.0,
      0.0,
      0.0,
      0.25,
      0.0,
      0.0,
      0.6666666666666666,
      0.9,
      0.0,
      0.125,
      0.0
   ]
}