{
   "epoch": 44,
   "batch_train_accuracies": [
      0.921875,
      0.890625,
      0.875,
      0.84375,
      0.84375,
      0.859375,
      0.890625,
      0.84375,
      0.84375,
      0.9375,
      0.90625,
      0.890625,
      0.890625,
      0.84375,
      0.8125,
      0.921875,
      0.9375,
      0.859375,
      0.765625,
      0.9375,
      0.90625,
      0.921875,
      0.84375,
      0.890625,
      0.921875,
      0.8125,
      0.828125,
      0.921875,
      0.890625,
      0.890625,
      0.90625,
      0.796875,
      0.90625,
      0.921875,
      0.890625,
      0.9375,
      0.859375,
      0.90625,
      0.84375,
      0.890625,
      0.90625,
      0.6875
   ],
   "batch_train_losses": [
      0.7613260746002197,
      0.9336616396903992,
      1.0092843770980835,
      0.952914834022522,
      0.9040106534957886,
      0.8643527626991272,
      0.7990158200263977,
      0.88170325756073,
      0.9847439527511597,
      0.6709814667701721,
      0.8500936031341553,
      0.8386087417602539,
      0.8401188254356384,
      0.868892252445221,
      1.0099034309387207,
      0.7409226894378662,
      0.7295464277267456,
      0.8896797299385071,
      0.9525949954986572,
      0.7916916608810425,
      0.7551894783973694,
      0.7242357730865479,
      1.03813636302948,
      0.8622628450393677,
      0.7381523251533508,
      0.9759038686752319,
      0.8947001695632935,
      0.7840741276741028,
      0.9374638795852661,
      0.8825318813323975,
      0.7369315028190613,
      0.9954685568809509,
      0.8779643774032593,
      0.8043609261512756,
      0.8477723002433777,
      0.791660726070404,
      0.8574296236038208,
      0.795337975025177,
      0.7907574772834778,
      0.7024595141410828,
      0.8340650200843811,
      1.5094043016433716
   ],
   "batch_train_times": [],
   "val_accuracy": 0.5236486486486487,
   "val_loss": 1.8778912280056927,
   "val_accuracy_per_label": [
      0.3181818181818182,
      0.0,
      0.16666666666666666,
      0.0,
      0.8,
      0.2,
      0.3333333333333333,
      0.85,
      0.0,
      0.0,
      0.0,
      0.0,
      0.6,
      0.0,
      0.8,
      0.0,
      0.2,
      0.0,
      0.0,
      1.0,
      0.8461538461538461,
      0.0,
      0.4,
      0.6,
      0.0,
      0.6,
      0.0,
      1.0,
      0.0,
      0.0,
      0.4,
      0.0,
      1.0,
      0.0,
      0.0,
      1.0,
      0.2,
      0.0,
      0.7333333333333333,
      0.9,
      0.0,
      0.125,
      0.2
   ]
}