{
   "epoch": 5,
   "batch_train_accuracies": [
      0.421875,
      0.421875,
      0.453125,
      0.4375,
      0.46875,
      0.453125,
      0.53125,
      0.421875,
      0.5,
      0.453125,
      0.40625,
      0.46875,
      0.421875,
      0.546875,
      0.375,
      0.515625,
      0.5,
      0.578125,
      0.46875,
      0.515625,
      0.46875,
      0.578125,
      0.5,
      0.5625,
      0.546875,
      0.4375,
      0.53125,
      0.46875,
      0.484375,
      0.46875,
      0.5,
      0.421875,
      0.453125,
      0.515625,
      0.5,
      0.421875,
      0.4375,
      0.578125,
      0.546875,
      0.46875,
      0.4375,
      0.4375
   ],
   "batch_train_losses": [
      2.258009672164917,
      2.343491792678833,
      2.3107247352600098,
      2.353884696960449,
      2.1555681228637695,
      2.2872705459594727,
      2.2516355514526367,
      2.3988399505615234,
      2.179161548614502,
      2.346646308898926,
      2.518500328063965,
      2.2600784301757812,
      2.2956063747406006,
      2.1638708114624023,
      2.368546962738037,
      2.146223545074463,
      2.0568268299102783,
      2.0350162982940674,
      2.1888909339904785,
      2.1557581424713135,
      2.2177069187164307,
      2.055816888809204,
      2.240044593811035,
      2.074320077896118,
      2.068690776824951,
      2.3324735164642334,
      2.0997979640960693,
      2.115110397338867,
      2.1289968490600586,
      2.3118395805358887,
      2.129913568496704,
      2.27135968208313,
      2.1867411136627197,
      2.076767921447754,
      2.171806812286377,
      2.315725326538086,
      2.222208023071289,
      2.068068027496338,
      2.0499744415283203,
      2.2914175987243652,
      2.1837470531463623,
      2.003700017929077
   ],
   "batch_train_times": [],
   "val_accuracy": 0.3310810810810811,
   "val_loss": 2.53355936101965,
   "val_accuracy_per_label": [
      0.6363636363636364,
      0.0,
      0.0,
      0.0,
      0.0,
      0.4,
      0.0,
      0.8,
      0.0,
      0.0,
      0.0,
      0.0,
      0.0,
      0.0,
      0.0,
      0.0,
      0.0,
      0.0,
      0.0,
      0.8275862068965517,
      0.6923076923076923,
      0.0,
      0.0,
      0.0,
      0.0,
      0.0,
      0.0,
      0.4,
      0.0,
      0.0,
      0.0,
      0.2,
      0.0,
      0.0,
      0.0,
      0.0,
      0.0,
      0.0,
      0.7333333333333333,
      0.0,
      0.0,
      0.5,
      0.0
   ]
}