{
   "epoch": 19,
   "batch_train_accuracies": [
      0.6875,
      0.65625,
      0.6875,
      0.703125,
      0.8125,
      0.703125,
      0.765625,
      0.765625,
      0.734375,
      0.796875,
      0.75,
      0.6875,
      0.8125,
      0.578125,
      0.703125,
      0.796875,
      0.765625,
      0.796875,
      0.625,
      0.65625,
      0.828125,
      0.640625,
      0.75,
      0.671875,
      0.625,
      0.75,
      0.703125,
      0.78125,
      0.71875,
      0.765625,
      0.671875,
      0.703125,
      0.71875,
      0.8125,
      0.71875,
      0.703125,
      0.75,
      0.640625,
      0.625,
      0.75,
      0.6875,
      0.5625
   ],
   "batch_train_losses": [
      1.3330274820327759,
      1.5331356525421143,
      1.3057550191879272,
      1.3064541816711426,
      1.2647011280059814,
      1.3598774671554565,
      1.1564956903457642,
      1.1880693435668945,
      1.1856027841567993,
      1.041479468345642,
      1.2452094554901123,
      1.2547791004180908,
      1.0917062759399414,
      1.4882922172546387,
      1.3334097862243652,
      1.331453561782837,
      1.192325234413147,
      1.112170696258545,
      1.338087558746338,
      1.2256393432617188,
      1.107276201248169,
      1.323381781578064,
      1.2124583721160889,
      1.242521047592163,
      1.4128378629684448,
      1.365935206413269,
      1.2177168130874634,
      1.1373305320739746,
      1.2163139581680298,
      1.0368937253952026,
      1.244686245918274,
      1.1931754350662231,
      1.2434946298599243,
      1.0307834148406982,
      1.1368457078933716,
      1.1706901788711548,
      1.2080862522125244,
      1.344317078590393,
      1.4738739728927612,
      1.1614068746566772,
      1.314347267150879,
      1.9402685165405273
   ],
   "batch_train_times": [],
   "val_accuracy": 0.5135135135135135,
   "val_loss": 2.0384255679878027,
   "val_accuracy_per_label": [
      0.8181818181818182,
      0.0,
      0.0,
      0.4,
      1.0,
      0.0,
      0.0,
      0.85,
      0.0,
      0.0,
      0.0,
      0.0,
      0.6,
      1.0,
      0.0,
      0.0,
      0.0,
      0.0,
      0.0,
      0.896551724137931,
      0.8076923076923077,
      0.0,
      0.0,
      0.6,
      0.0,
      0.0,
      0.0,
      0.9,
      0.0,
      0.25,
      0.2,
      1.0,
      0.8,
      0.0,
      0.0,
      0.25,
      0.0,
      0.0,
      0.8666666666666667,
      0.5,
      0.0,
      0.375,
      0.2
   ]
}