{
   "epoch": 41,
   "batch_train_accuracies": [
      0.890625,
      0.859375,
      0.84375,
      0.875,
      0.84375,
      0.78125,
      0.890625,
      0.9375,
      0.859375,
      0.921875,
      0.84375,
      0.828125,
      0.84375,
      0.9375,
      0.921875,
      0.859375,
      0.859375,
      0.875,
      0.921875,
      0.859375,
      0.875,
      0.890625,
      0.9375,
      0.875,
      0.84375,
      0.921875,
      0.828125,
      0.78125,
      0.96875,
      0.859375,
      0.90625,
      0.953125,
      0.796875,
      0.859375,
      0.8125,
      0.84375,
      0.890625,
      0.890625,
      0.78125,
      0.90625,
      0.8125,
      0.75
   ],
   "batch_train_losses": [
      0.7280964851379395,
      0.8131157159805298,
      0.9519645571708679,
      0.9169324040412903,
      0.9961684942245483,
      1.0426236391067505,
      0.8982415199279785,
      0.8102537989616394,
      0.8818987607955933,
      0.8023022413253784,
      0.9282377362251282,
      0.9768391847610474,
      0.9165781140327454,
      0.6991597414016724,
      0.8633012175559998,
      0.9193468689918518,
      0.846118688583374,
      0.8180599808692932,
      0.946017861366272,
      0.8818926811218262,
      0.9425818920135498,
      0.7747644782066345,
      0.7351234555244446,
      0.7578642964363098,
      0.9612826108932495,
      0.7450202107429504,
      0.8515434265136719,
      0.9821747541427612,
      0.6748227477073669,
      0.8517214059829712,
      0.8733422160148621,
      0.7452985048294067,
      1.0518337488174438,
      0.9796689748764038,
      1.044490098953247,
      0.9507920742034912,
      0.860744833946228,
      0.8095935583114624,
      0.9637139439582825,
      0.8996255397796631,
      0.849561870098114,
      1.334082841873169
   ],
   "batch_train_times": [],
   "val_accuracy": 0.543918918918919,
   "val_loss": 2.0135913507358447,
   "val_accuracy_per_label": [
      0.6363636363636364,
      0.0,
      0.6666666666666666,
      0.4,
      1.0,
      0.2,
      0.0,
      0.85,
      0.0,
      0.0,
      0.0,
      0.0,
      0.2,
      0.6,
      0.8,
      0.0,
      0.2,
      0.0,
      0.0,
      0.9310344827586207,
      0.5384615384615384,
      0.4,
      0.6,
      0.6,
      0.0,
      0.2,
      0.0,
      0.95,
      0.0,
      0.0,
      0.2,
      0.6,
      1.0,
      0.0,
      0.0,
      1.0,
      0.2,
      0.0,
      0.7333333333333333,
      0.8,
      0.0,
      0.5,
      0.4
   ]
}