{
   "epoch": 2,
   "batch_train_accuracies": [
      0.28125,
      0.328125,
      0.328125,
      0.28125,
      0.28125,
      0.4375,
      0.265625,
      0.46875,
      0.328125,
      0.4375,
      0.40625,
      0.34375,
      0.4375,
      0.328125,
      0.21875,
      0.296875,
      0.34375,
      0.40625,
      0.4375,
      0.28125,
      0.40625,
      0.421875,
      0.34375,
      0.34375,
      0.296875,
      0.375,
      0.328125,
      0.375,
      0.3125,
      0.359375,
      0.4375,
      0.359375,
      0.3125,
      0.390625,
      0.28125,
      0.453125,
      0.40625,
      0.46875,
      0.359375,
      0.53125,
      0.4375,
      0.4375
   ],
   "batch_train_losses": [
      3.0510029792785645,
      3.0222556591033936,
      3.047281265258789,
      2.9431896209716797,
      2.996216058731079,
      2.8997573852539062,
      2.9579317569732666,
      2.825831890106201,
      2.911200523376465,
      2.8229074478149414,
      2.8867194652557373,
      2.818751573562622,
      2.905255079269409,
      2.9315884113311768,
      3.0668110847473145,
      2.985851764678955,
      2.9194469451904297,
      2.8469064235687256,
      2.7962961196899414,
      3.0105855464935303,
      2.8794643878936768,
      2.8393800258636475,
      2.8418877124786377,
      2.8301186561584473,
      3.0306997299194336,
      2.7648401260375977,
      2.8599772453308105,
      2.713935375213623,
      2.930633306503296,
      2.777757167816162,
      2.8087570667266846,
      2.834634304046631,
      2.914679527282715,
      2.7361884117126465,
      2.8982090950012207,
      2.7693393230438232,
      2.672192335128784,
      2.639052391052246,
      2.776540756225586,
      2.5967462062835693,
      2.736344814300537,
      2.664863348007202
   ],
   "batch_train_times": [],
   "val_accuracy": 0.26013513513513514,
   "val_loss": 3.0129173253033614,
   "val_accuracy_per_label": [
      0.5909090909090909,
      0.0,
      0.0,
      0.0,
      0.0,
      0.2,
      0.0,
      0.8,
      0.0,
      0.0,
      0.0,
      0.0,
      0.0,
      0.0,
      0.0,
      0.0,
      0.0,
      0.0,
      1.0,
      0.27586206896551724,
      0.5,
      0.0,
      0.0,
      0.0,
      0.0,
      0.0,
      0.0,
      0.9,
      0.0,
      0.0,
      0.0,
      0.2,
      0.0,
      0.0,
      0.0,
      0.0,
      0.0,
      0.0,
      0.0,
      0.1,
      0.0,
      0.125,
      0.0
   ]
}