{
   "epoch": 24,
   "batch_train_accuracies": [
      0.78125,
      0.8125,
      0.75,
      0.796875,
      0.75,
      0.625,
      0.71875,
      0.703125,
      0.765625,
      0.71875,
      0.765625,
      0.71875,
      0.75,
      0.859375,
      0.84375,
      0.765625,
      0.734375,
      0.796875,
      0.734375,
      0.78125,
      0.703125,
      0.78125,
      0.65625,
      0.75,
      0.765625,
      0.828125,
      0.75,
      0.765625,
      0.796875,
      0.75,
      0.8125,
      0.796875,
      0.75,
      0.796875,
      0.796875,
      0.828125,
      0.734375,
      0.796875,
      0.765625,
      0.875,
      0.796875,
      0.875
   ],
   "batch_train_losses": [
      1.087961196899414,
      1.2115386724472046,
      1.1702427864074707,
      1.1716620922088623,
      1.1955174207687378,
      1.4535590410232544,
      1.1205071210861206,
      1.2473125457763672,
      1.2729535102844238,
      1.2661476135253906,
      1.134865641593933,
      1.0597140789031982,
      1.186074137687683,
      1.015272617340088,
      1.055692434310913,
      1.1184349060058594,
      1.1650954484939575,
      1.2013485431671143,
      1.3036909103393555,
      0.9776735305786133,
      1.159973382949829,
      1.1206237077713013,
      1.2541395425796509,
      1.0997426509857178,
      1.2440483570098877,
      1.1170241832733154,
      1.063788652420044,
      1.0453089475631714,
      1.0619693994522095,
      1.1450053453445435,
      1.0973637104034424,
      1.0112254619598389,
      1.2336567640304565,
      1.1089775562286377,
      0.9355365037918091,
      1.0645055770874023,
      1.2099326848983765,
      1.1493679285049438,
      1.0459026098251343,
      0.900258481502533,
      1.0146501064300537,
      1.0118932723999023
   ],
   "batch_train_times": [],
   "val_accuracy": 0.5337837837837838,
   "val_loss": 1.9290806860537142,
   "val_accuracy_per_label": [
      0.7727272727272727,
      0.0,
      0.6666666666666666,
      0.0,
      0.6,
      0.4,
      0.0,
      0.8,
      0.0,
      0.0,
      0.0,
      0.0,
      0.4,
      0.2,
      0.6,
      0.0,
      0.0,
      0.0,
      0.0,
      0.9310344827586207,
      0.9615384615384616,
      0.0,
      0.0,
      0.6,
      0.0,
      0.1,
      0.0,
      0.7,
      0.0,
      0.0,
      0.0,
      1.0,
      1.0,
      0.0,
      0.0,
      0.5,
      0.0,
      0.0,
      0.8666666666666667,
      0.9,
      0.0,
      0.5,
      0.4
   ]
}