{
   "epoch": 31,
   "batch_train_accuracies": [
      0.890625,
      0.828125,
      0.671875,
      0.78125,
      0.890625,
      0.859375,
      0.765625,
      0.796875,
      0.8125,
      0.90625,
      0.859375,
      0.765625,
      0.796875,
      0.875,
      0.84375,
      0.828125,
      0.71875,
      0.765625,
      0.859375,
      0.796875,
      0.78125,
      0.828125,
      0.984375,
      0.796875,
      0.859375,
      0.859375,
      0.796875,
      0.859375,
      0.890625,
      0.78125,
      0.75,
      0.890625,
      0.71875,
      0.90625,
      0.90625,
      0.765625,
      0.859375,
      0.859375,
      0.84375,
      0.78125,
      0.8125,
      0.8125
   ],
   "batch_train_losses": [
      0.815595805644989,
      0.9213323593139648,
      1.1245501041412354,
      1.0936291217803955,
      0.974936842918396,
      0.9028121829032898,
      1.0697498321533203,
      1.0544945001602173,
      0.9111535549163818,
      0.8295008540153503,
      1.0086461305618286,
      1.0257400274276733,
      1.0655651092529297,
      0.9323877096176147,
      0.9054787158966064,
      1.0275858640670776,
      1.3425012826919556,
      1.1260627508163452,
      0.9381241798400879,
      1.0484304428100586,
      1.0946364402770996,
      1.0659540891647339,
      0.8217694163322449,
      1.1494126319885254,
      0.9527630805969238,
      0.8782833814620972,
      0.9852005839347839,
      0.9091386198997498,
      0.8485514521598816,
      1.1467626094818115,
      1.1252851486206055,
      0.7579669952392578,
      1.142038106918335,
      0.8848547339439392,
      0.9044274687767029,
      1.0383281707763672,
      1.079732060432434,
      1.0011481046676636,
      0.9880836009979248,
      1.0964158773422241,
      1.0229265689849854,
      1.016716480255127
   ],
   "batch_train_times": [],
   "val_accuracy": 0.5675675675675675,
   "val_loss": 1.8222431169973838,
   "val_accuracy_per_label": [
      0.7272727272727273,
      0.0,
      0.5,
      0.0,
      0.8,
      0.8,
      0.0,
      0.85,
      0.0,
      0.0,
      0.0,
      0.0,
      0.6,
      0.6,
      0.8,
      0.0,
      0.2,
      0.0,
      0.0,
      0.896551724137931,
      0.8461538461538461,
      0.0,
      0.0,
      0.0,
      0.0,
      0.3,
      0.0,
      1.0,
      0.0,
      0.0,
      0.4,
      0.6,
      0.8,
      0.0,
      0.0,
      1.0,
      0.0,
      0.0,
      1.0,
      0.9,
      0.0,
      0.5,
      0.2
   ]
}