{
   "epoch": 34,
   "batch_train_accuracies": [
      0.8125,
      0.796875,
      0.828125,
      0.8125,
      0.796875,
      0.84375,
      0.84375,
      0.875,
      0.796875,
      0.875,
      0.828125,
      0.8125,
      0.921875,
      0.8125,
      0.8125,
      0.796875,
      0.828125,
      0.796875,
      0.78125,
      0.796875,
      0.75,
      0.8125,
      0.828125,
      0.875,
      0.875,
      0.84375,
      0.78125,
      0.796875,
      0.9375,
      0.859375,
      0.8125,
      0.875,
      0.8125,
      0.859375,
      0.828125,
      0.765625,
      0.859375,
      0.8125,
      0.859375,
      0.890625,
      0.921875,
      0.75
   ],
   "batch_train_losses": [
      1.0813732147216797,
      1.0276237726211548,
      0.9234223365783691,
      1.0224180221557617,
      0.8869321346282959,
      0.8193614482879639,
      1.041541337966919,
      0.9744506478309631,
      1.0989799499511719,
      0.8734221458435059,
      1.0461887121200562,
      1.027287483215332,
      0.8207635283470154,
      0.9427772164344788,
      1.0418511629104614,
      1.00616455078125,
      1.077107548713684,
      1.0944058895111084,
      1.1364120244979858,
      1.0599005222320557,
      1.06369149684906,
      0.9471335411071777,
      1.0101220607757568,
      0.8237761855125427,
      0.7937492728233337,
      0.8178128600120544,
      0.9966503977775574,
      0.889033317565918,
      0.7637059092521667,
      0.907470166683197,
      0.9833763837814331,
      0.737825334072113,
      0.9656469821929932,
      0.8922382593154907,
      0.9528170824050903,
      1.0629637241363525,
      0.9369508624076843,
      0.962790310382843,
      0.9359440207481384,
      0.8192333579063416,
      0.8334254622459412,
      1.1748082637786865
   ],
   "batch_train_times": [],
   "val_accuracy": 0.5101351351351351,
   "val_loss": 1.9826446739402976,
   "val_accuracy_per_label": [
      0.5909090909090909,
      0.0,
      0.6666666666666666,
      0.0,
      0.8,
      0.0,
      0.0,
      0.85,
      0.0,
      0.0,
      0.0,
      0.0,
      0.0,
      0.2,
      0.4,
      0.0,
      0.0,
      0.0,
      0.0,
      1.0,
      0.7692307692307693,
      0.4,
      0.8,
      0.0,
      0.0,
      0.2,
      0.0,
      0.75,
      0.0,
      0.25,
      0.4,
      0.4,
      0.8,
      0.0,
      0.0,
      0.5,
      0.2,
      0.0,
      0.7333333333333333,
      0.9,
      0.0,
      0.375,
      0.6
   ]
}