{
   "epoch": 9,
   "batch_train_accuracies": [
      0.578125,
      0.671875,
      0.453125,
      0.421875,
      0.546875,
      0.515625,
      0.5625,
      0.484375,
      0.46875,
      0.53125,
      0.609375,
      0.515625,
      0.484375,
      0.4375,
      0.5,
      0.546875,
      0.453125,
      0.4375,
      0.53125,
      0.515625,
      0.515625,
      0.4375,
      0.578125,
      0.53125,
      0.484375,
      0.53125,
      0.5,
      0.5625,
      0.484375,
      0.5,
      0.5625,
      0.46875,
      0.5,
      0.515625,
      0.453125,
      0.640625,
      0.609375,
      0.53125,
      0.5625,
      0.484375,
      0.625,
      0.4375
   ],
   "batch_train_losses": [
      1.8473631143569946,
      1.8047655820846558,
      2.120788812637329,
      2.095414161682129,
      1.9077318906784058,
      1.8414278030395508,
      1.7870286703109741,
      2.043065309524536,
      1.9108481407165527,
      2.0228543281555176,
      1.775399923324585,
      1.9133853912353516,
      2.012484073638916,
      2.0732877254486084,
      1.9054200649261475,
      1.9264326095581055,
      1.9280550479888916,
      1.8795617818832397,
      1.7627394199371338,
      1.8437488079071045,
      1.8020192384719849,
      2.028820514678955,
      1.8890018463134766,
      1.8328793048858643,
      1.9886856079101562,
      1.9127267599105835,
      1.9890928268432617,
      1.8165829181671143,
      2.0033247470855713,
      1.9690347909927368,
      1.6998021602630615,
      2.1809611320495605,
      1.9344640970230103,
      1.8689922094345093,
      2.035473346710205,
      1.776647686958313,
      1.8368947505950928,
      1.817867636680603,
      1.8987364768981934,
      2.074155330657959,
      1.7472642660140991,
      1.635766625404358
   ],
   "batch_train_times": [],
   "val_accuracy": 0.3344594594594595,
   "val_loss": 2.3409273108920536,
   "val_accuracy_per_label": [
      0.7272727272727273,
      0.0,
      0.0,
      0.0,
      0.0,
      0.2,
      0.0,
      0.85,
      0.0,
      0.0,
      0.0,
      0.0,
      0.2,
      0.0,
      0.0,
      0.0,
      0.0,
      0.0,
      0.0,
      0.9655172413793104,
      0.6923076923076923,
      0.0,
      0.0,
      0.2,
      0.0,
      0.0,
      0.0,
      0.35,
      0.0,
      0.0,
      0.0,
      0.0,
      0.0,
      0.0,
      0.0,
      0.0,
      0.0,
      0.0,
      0.2,
      0.2,
      0.0,
      0.625,
      0.0
   ]
}