{
   "epoch": 45,
   "batch_train_accuracies": [
      0.859375,
      0.796875,
      0.84375,
      0.828125,
      0.6875,
      0.828125,
      0.875,
      0.90625,
      0.828125,
      0.84375,
      0.84375,
      0.75,
      0.765625,
      0.8125,
      0.859375,
      0.84375,
      0.875,
      0.796875,
      0.828125,
      0.8125,
      0.796875,
      0.8125,
      0.8125,
      0.796875,
      0.78125,
      0.71875,
      0.8125,
      0.84375,
      0.796875,
      0.765625,
      0.890625,
      0.75,
      0.8125,
      0.828125,
      0.859375,
      0.78125,
      0.859375,
      0.75,
      0.8125,
      0.78125,
      0.765625,
      0.625
   ],
   "batch_train_losses": [
      1.015246033668518,
      0.9415395855903625,
      0.9358019232749939,
      0.8648720383644104,
      1.1955091953277588,
      1.0544270277023315,
      0.9535901546478271,
      0.7950246334075928,
      1.0620167255401611,
      0.9588326811790466,
      0.9167755842208862,
      1.1663668155670166,
      1.0891543626785278,
      0.9873380064964294,
      1.025550127029419,
      0.8785021901130676,
      0.9223053455352783,
      0.9333524107933044,
      0.9669552445411682,
      1.1737545728683472,
      0.9697719812393188,
      0.9868224263191223,
      0.884071946144104,
      1.0105284452438354,
      1.1725187301635742,
      1.1282680034637451,
      1.022732138633728,
      0.9284769892692566,
      1.1063578128814697,
      0.9913666844367981,
      0.8661771416664124,
      1.135336995124817,
      1.0595489740371704,
      1.1055364608764648,
      0.9046543836593628,
      1.1087701320648193,
      0.9568153023719788,
      1.1444792747497559,
      1.1517627239227295,
      1.0352706909179688,
      1.012284517288208,
      1.429123878479004
   ],
   "batch_train_times": [],
   "val_accuracy": 0.5,
   "val_loss": 1.821668131931408,
   "val_accuracy_per_label": [
      0.8181818181818182,
      0.0,
      0.3333333333333333,
      0.0,
      0.8,
      0.8,
      0.0,
      0.8,
      0.0,
      0.0,
      0.0,
      0.0,
      0.0,
      0.2,
      0.8,
      0.0,
      0.0,
      0.0,
      0.0,
      1.0,
      0.8076923076923077,
      0.0,
      0.0,
      0.2,
      0.0,
      0.6,
      0.0,
      0.4,
      0.0,
      0.0,
      0.0,
      0.8,
      0.8,
      0.0,
      0.0,
      0.0,
      0.2,
      0.0,
      0.9333333333333333,
      0.5,
      0.0,
      0.75,
      0.0
   ]
}