{
   "epoch": 43,
   "batch_train_accuracies": [
      0.6875,
      0.859375,
      0.875,
      0.890625,
      0.8125,
      0.8125,
      0.84375,
      0.8125,
      0.796875,
      0.875,
      0.78125,
      0.78125,
      0.65625,
      0.84375,
      0.84375,
      0.859375,
      0.703125,
      0.828125,
      0.765625,
      0.78125,
      0.75,
      0.84375,
      0.734375,
      0.6875,
      0.84375,
      0.765625,
      0.703125,
      0.796875,
      0.8125,
      0.8125,
      0.84375,
      0.8125,
      0.828125,
      0.8125,
      0.8125,
      0.84375,
      0.84375,
      0.796875,
      0.796875,
      0.859375,
      0.78125,
      0.875
   ],
   "batch_train_losses": [
      1.2077635526657104,
      1.025890827178955,
      0.8945245146751404,
      1.0053458213806152,
      1.0712299346923828,
      1.0073838233947754,
      0.994646430015564,
      1.0452831983566284,
      1.1298127174377441,
      0.8748599290847778,
      1.1235851049423218,
      1.0334385633468628,
      1.3850585222244263,
      1.0400580167770386,
      0.9622291326522827,
      0.9279382228851318,
      1.1656620502471924,
      1.011232614517212,
      1.163164496421814,
      0.9287661910057068,
      1.249638319015503,
      0.9565600752830505,
      0.9665127992630005,
      1.2762246131896973,
      0.9705866575241089,
      1.0844526290893555,
      1.1864322423934937,
      1.0104111433029175,
      1.0413532257080078,
      1.0443280935287476,
      0.9522804021835327,
      1.145833969116211,
      1.0207871198654175,
      0.9366909265518188,
      0.960469663143158,
      1.1083766222000122,
      0.9520247578620911,
      0.9874345064163208,
      0.9982733130455017,
      0.8631997108459473,
      1.1856025457382202,
      1.1204363107681274
   ],
   "batch_train_times": [],
   "val_accuracy": 0.5472972972972973,
   "val_loss": 1.7726597141575169,
   "val_accuracy_per_label": [
      0.7272727272727273,
      0.0,
      0.6666666666666666,
      0.0,
      1.0,
      1.0,
      0.0,
      0.85,
      0.0,
      0.0,
      0.0,
      0.0,
      0.0,
      1.0,
      0.8,
      0.0,
      0.0,
      0.0,
      0.0,
      1.0,
      0.8846153846153846,
      0.2,
      0.0,
      0.4,
      0.0,
      0.5,
      0.0,
      0.75,
      0.0,
      0.0,
      0.2,
      1.0,
      0.8,
      0.0,
      0.0,
      0.0,
      0.0,
      0.0,
      0.7333333333333333,
      0.5,
      0.0,
      0.5,
      0.2
   ]
}