{
   "epoch": 37,
   "batch_train_accuracies": [
      0.78125,
      0.8125,
      0.734375,
      0.84375,
      0.78125,
      0.78125,
      0.71875,
      0.71875,
      0.84375,
      0.796875,
      0.828125,
      0.765625,
      0.75,
      0.75,
      0.78125,
      0.78125,
      0.734375,
      0.765625,
      0.8125,
      0.8125,
      0.78125,
      0.796875,
      0.703125,
      0.828125,
      0.6875,
      0.828125,
      0.8125,
      0.703125,
      0.8125,
      0.703125,
      0.828125,
      0.765625,
      0.765625,
      0.8125,
      0.734375,
      0.9375,
      0.859375,
      0.890625,
      0.8125,
      0.828125,
      0.828125,
      0.6875
   ],
   "batch_train_losses": [
      0.9865588545799255,
      1.0843257904052734,
      1.301687479019165,
      1.0215985774993896,
      1.1634366512298584,
      1.1004691123962402,
      1.1541284322738647,
      1.1502137184143066,
      1.0561984777450562,
      1.033660888671875,
      0.9715265035629272,
      1.1503468751907349,
      1.1092349290847778,
      1.1392072439193726,
      1.1304577589035034,
      1.124119758605957,
      1.1987698078155518,
      1.0577696561813354,
      1.021507740020752,
      1.068842887878418,
      0.953041672706604,
      1.0184904336929321,
      1.2803428173065186,
      1.0408774614334106,
      1.3284229040145874,
      1.0159480571746826,
      1.013480305671692,
      1.2169384956359863,
      1.0889923572540283,
      1.314682960510254,
      0.924568235874176,
      1.0468778610229492,
      1.0453511476516724,
      1.077446699142456,
      1.2460253238677979,
      0.8356112837791443,
      0.8717791438102722,
      0.94980388879776,
      1.035611867904663,
      0.9755418300628662,
      0.8270262479782104,
      1.1997429132461548
   ],
   "batch_train_times": [],
   "val_accuracy": 0.46283783783783783,
   "val_loss": 2.004678172034186,
   "val_accuracy_per_label": [
      0.5454545454545454,
      0.0,
      0.3333333333333333,
      0.0,
      0.0,
      0.2,
      0.0,
      0.8,
      0.0,
      0.0,
      0.0,
      0.0,
      0.0,
      0.4,
      0.8,
      0.0,
      0.0,
      0.0,
      0.2,
      0.9655172413793104,
      0.9230769230769231,
      0.0,
      0.0,
      0.4,
      0.0,
      0.2,
      0.0,
      0.7,
      0.0,
      0.0,
      0.0,
      1.0,
      1.0,
      0.0,
      0.0,
      0.25,
      0.2,
      0.0,
      0.5333333333333333,
      0.6,
      0.0,
      0.375,
      0.0
   ]
}