{
   "epoch": 46,
   "batch_train_accuracies": [
      0.8125,
      0.765625,
      0.84375,
      0.8125,
      0.828125,
      0.84375,
      0.78125,
      0.734375,
      0.796875,
      0.78125,
      0.796875,
      0.8125,
      0.8125,
      0.734375,
      0.796875,
      0.734375,
      0.6875,
      0.8125,
      0.78125,
      0.84375,
      0.765625,
      0.796875,
      0.84375,
      0.875,
      0.796875,
      0.828125,
      0.90625,
      0.90625,
      0.8125,
      0.796875,
      0.890625,
      0.84375,
      0.84375,
      0.765625,
      0.890625,
      0.859375,
      0.78125,
      0.75,
      0.8125,
      0.796875,
      0.859375,
      0.8125
   ],
   "batch_train_losses": [
      0.8772150278091431,
      1.193821668624878,
      0.9326886534690857,
      1.0264943838119507,
      1.1382675170898438,
      0.9557844996452332,
      1.0939478874206543,
      1.1682095527648926,
      1.0494717359542847,
      1.1845990419387817,
      0.9850701093673706,
      0.9932798743247986,
      0.9549078941345215,
      1.1791281700134277,
      1.0784807205200195,
      1.1598634719848633,
      1.1751503944396973,
      1.1069965362548828,
      1.0430294275283813,
      1.1018187999725342,
      1.0512104034423828,
      1.0839917659759521,
      1.0813536643981934,
      0.9518712759017944,
      1.1041967868804932,
      0.9519956707954407,
      0.8649468421936035,
      0.8321752548217773,
      1.1404227018356323,
      1.101062536239624,
      0.9321427345275879,
      1.0184543132781982,
      0.9218512177467346,
      1.1074800491333008,
      0.8462255001068115,
      0.9417647123336792,
      1.0812830924987793,
      1.1537903547286987,
      1.022428035736084,
      0.9265616536140442,
      0.8720356822013855,
      1.0726072788238525
   ],
   "batch_train_times": [],
   "val_accuracy": 0.5101351351351351,
   "val_loss": 1.8658189709122117,
   "val_accuracy_per_label": [
      0.8636363636363636,
      0.0,
      0.0,
      0.0,
      1.0,
      0.0,
      0.6666666666666666,
      0.75,
      0.0,
      0.0,
      0.0,
      0.0,
      0.0,
      1.0,
      0.6,
      0.0,
      0.0,
      0.0,
      0.0,
      0.9655172413793104,
      0.9615384615384616,
      0.0,
      0.0,
      0.6,
      0.0,
      0.4,
      0.0,
      0.4,
      0.0,
      0.0,
      0.4,
      0.0,
      1.0,
      0.0,
      0.0,
      0.5,
      0.2,
      0.0,
      0.7333333333333333,
      0.7,
      0.0,
      0.625,
      0.2
   ]
}