{
   "epoch": 32,
   "batch_train_accuracies": [
      0.671875,
      0.796875,
      0.71875,
      0.75,
      0.828125,
      0.765625,
      0.671875,
      0.78125,
      0.703125,
      0.734375,
      0.84375,
      0.859375,
      0.734375,
      0.71875,
      0.734375,
      0.796875,
      0.671875,
      0.796875,
      0.65625,
      0.84375,
      0.8125,
      0.78125,
      0.6875,
      0.78125,
      0.84375,
      0.828125,
      0.78125,
      0.75,
      0.828125,
      0.828125,
      0.71875,
      0.8125,
      0.8125,
      0.71875,
      0.640625,
      0.765625,
      0.765625,
      0.84375,
      0.828125,
      0.75,
      0.78125,
      0.5625
   ],
   "batch_train_losses": [
      1.3545609712600708,
      1.1818037033081055,
      1.2447322607040405,
      1.0571538209915161,
      1.0643367767333984,
      1.0955040454864502,
      1.2791727781295776,
      1.1026709079742432,
      1.2380096912384033,
      0.9981463551521301,
      0.8924493789672852,
      0.9664584398269653,
      1.1794860363006592,
      1.0028501749038696,
      1.2673066854476929,
      1.1695590019226074,
      1.3245446681976318,
      1.0755411386489868,
      1.2654595375061035,
      0.9197593927383423,
      1.0132914781570435,
      1.1285055875778198,
      1.3347800970077515,
      1.065556526184082,
      0.9910797476768494,
      1.0024856328964233,
      1.1659164428710938,
      1.1349953413009644,
      0.9557964205741882,
      1.1023682355880737,
      1.3682962656021118,
      1.0030649900436401,
      1.117010474205017,
      1.183337688446045,
      1.418962001800537,
      1.1810362339019775,
      1.0434761047363281,
      1.1118367910385132,
      1.029867172241211,
      1.174658179283142,
      1.079670786857605,
      1.264132022857666
   ],
   "batch_train_times": [],
   "val_accuracy": 0.5337837837837838,
   "val_loss": 1.8961774014137887,
   "val_accuracy_per_label": [
      0.7272727272727273,
      0.0,
      0.16666666666666666,
      0.0,
      1.0,
      0.6,
      0.0,
      0.8,
      0.0,
      1.0,
      0.0,
      0.0,
      0.4,
      0.2,
      0.8,
      0.0,
      0.0,
      0.0,
      0.0,
      1.0,
      0.8846153846153846,
      0.0,
      0.0,
      0.4,
      0.0,
      0.5,
      0.0,
      1.0,
      0.0,
      0.0,
      0.0,
      0.6,
      0.6,
      0.0,
      0.0,
      0.0,
      0.2,
      0.0,
      0.6666666666666666,
      0.6,
      0.0,
      0.375,
      0.0
   ]
}