{
   "epoch": 38,
   "batch_train_accuracies": [
      0.75,
      0.734375,
      0.765625,
      0.859375,
      0.71875,
      0.78125,
      0.84375,
      0.734375,
      0.78125,
      0.828125,
      0.734375,
      0.765625,
      0.6875,
      0.859375,
      0.671875,
      0.875,
      0.765625,
      0.890625,
      0.734375,
      0.78125,
      0.859375,
      0.765625,
      0.78125,
      0.71875,
      0.734375,
      0.71875,
      0.84375,
      0.734375,
      0.84375,
      0.84375,
      0.828125,
      0.78125,
      0.765625,
      0.828125,
      0.796875,
      0.84375,
      0.828125,
      0.84375,
      0.796875,
      0.84375,
      0.71875,
      0.6875
   ],
   "batch_train_losses": [
      1.2359904050827026,
      1.1830427646636963,
      1.1021655797958374,
      1.0239896774291992,
      1.1921043395996094,
      1.162313461303711,
      1.011182427406311,
      1.1987030506134033,
      1.112170934677124,
      0.9759561419487,
      1.0975719690322876,
      1.0918482542037964,
      1.1767759323120117,
      0.9535261392593384,
      1.1417180299758911,
      0.9092443585395813,
      1.0164259672164917,
      0.9531317353248596,
      1.047095537185669,
      1.1742688417434692,
      0.9658927917480469,
      1.0536292791366577,
      1.1484811305999756,
      1.287007212638855,
      1.1052340269088745,
      1.2618720531463623,
      0.961368978023529,
      1.0717800855636597,
      0.9772701859474182,
      0.8861792683601379,
      1.0662994384765625,
      1.050350308418274,
      1.1902867555618286,
      1.0608566999435425,
      0.965133786201477,
      0.9252833724021912,
      0.9817405939102173,
      1.1567491292953491,
      1.0433019399642944,
      0.984854519367218,
      1.1927403211593628,
      1.3125791549682617
   ],
   "batch_train_times": [],
   "val_accuracy": 0.5371621621621622,
   "val_loss": 1.900935411453247,
   "val_accuracy_per_label": [
      0.6818181818181818,
      0.0,
      0.6666666666666666,
      0.0,
      1.0,
      0.6,
      0.0,
      0.85,
      0.0,
      0.0,
      0.0,
      0.0,
      0.0,
      0.8,
      0.8,
      0.0,
      0.0,
      0.0,
      0.2,
      0.9655172413793104,
      0.8461538461538461,
      0.0,
      0.2,
      0.4,
      0.0,
      0.7,
      0.0,
      0.5,
      0.0,
      0.0,
      0.4,
      1.0,
      0.8,
      0.0,
      0.0,
      0.5,
      0.2,
      0.0,
      0.7333333333333333,
      0.6,
      0.0,
      0.5,
      0.2
   ]
}