{
   "epoch": 31,
   "batch_train_accuracies": [
      0.78125,
      0.6875,
      0.796875,
      0.65625,
      0.796875,
      0.796875,
      0.875,
      0.71875,
      0.671875,
      0.8125,
      0.796875,
      0.796875,
      0.75,
      0.765625,
      0.796875,
      0.71875,
      0.734375,
      0.65625,
      0.796875,
      0.796875,
      0.6875,
      0.765625,
      0.71875,
      0.828125,
      0.796875,
      0.75,
      0.71875,
      0.828125,
      0.75,
      0.6875,
      0.796875,
      0.71875,
      0.75,
      0.75,
      0.65625,
      0.6875,
      0.890625,
      0.75,
      0.8125,
      0.75,
      0.75,
      0.625
   ],
   "batch_train_losses": [
      1.0432929992675781,
      1.315218210220337,
      1.1382205486297607,
      1.3766100406646729,
      1.045515537261963,
      1.1476558446884155,
      1.00413978099823,
      1.2892917394638062,
      1.3312468528747559,
      1.092863917350769,
      1.1588407754898071,
      1.1861227750778198,
      1.2164400815963745,
      1.156225562095642,
      1.064667820930481,
      1.1502995491027832,
      1.1682106256484985,
      1.371806263923645,
      1.1082653999328613,
      1.150528073310852,
      1.325698733329773,
      1.1416065692901611,
      1.221236228942871,
      0.9736558198928833,
      0.9944100379943848,
      1.1978471279144287,
      1.2166119813919067,
      0.972348690032959,
      1.2411847114562988,
      1.211862325668335,
      1.1564581394195557,
      1.2713502645492554,
      1.1240830421447754,
      1.1901335716247559,
      1.3265892267227173,
      1.2345194816589355,
      0.8704233765602112,
      1.2408545017242432,
      0.9968916773796082,
      1.0438568592071533,
      1.1901627779006958,
      1.5058281421661377
   ],
   "batch_train_times": [],
   "val_accuracy": 0.46959459459459457,
   "val_loss": 1.9358269072867729,
   "val_accuracy_per_label": [
      0.5909090909090909,
      0.0,
      0.16666666666666666,
      0.0,
      1.0,
      0.2,
      0.0,
      0.85,
      0.0,
      0.0,
      0.0,
      0.0,
      0.4,
      0.8,
      0.8,
      0.0,
      0.0,
      0.0,
      0.2,
      1.0,
      0.8076923076923077,
      0.0,
      0.0,
      0.6,
      0.0,
      0.4,
      0.0,
      0.4,
      0.0,
      0.0,
      0.0,
      1.0,
      0.8,
      0.0,
      0.0,
      0.0,
      0.0,
      0.0,
      0.6666666666666666,
      0.3,
      0.0,
      0.5,
      0.0
   ]
}