{
   "epoch": 19,
   "batch_train_accuracies": [
      0.609375,
      0.6875,
      0.625,
      0.703125,
      0.625,
      0.671875,
      0.640625,
      0.671875,
      0.65625,
      0.6875,
      0.578125,
      0.703125,
      0.671875,
      0.65625,
      0.546875,
      0.671875,
      0.828125,
      0.625,
      0.75,
      0.703125,
      0.796875,
      0.640625,
      0.6875,
      0.671875,
      0.71875,
      0.5,
      0.796875,
      0.75,
      0.671875,
      0.75,
      0.65625,
      0.6875,
      0.734375,
      0.671875,
      0.671875,
      0.734375,
      0.65625,
      0.609375,
      0.640625,
      0.75,
      0.65625,
      0.5
   ],
   "batch_train_losses": [
      1.583051323890686,
      1.4212994575500488,
      1.6413198709487915,
      1.4180933237075806,
      1.5619207620620728,
      1.5626444816589355,
      1.576740026473999,
      1.4659062623977661,
      1.2290129661560059,
      1.3709654808044434,
      1.5224359035491943,
      1.372891902923584,
      1.420100212097168,
      1.4005166292190552,
      1.5612947940826416,
      1.4506466388702393,
      1.0707762241363525,
      1.4829918146133423,
      1.404868721961975,
      1.3396825790405273,
      1.1362531185150146,
      1.4054694175720215,
      1.3148010969161987,
      1.374666690826416,
      1.3908294439315796,
      1.707486629486084,
      1.2674167156219482,
      1.277011752128601,
      1.4832818508148193,
      1.3251845836639404,
      1.4537174701690674,
      1.5048036575317383,
      1.2802186012268066,
      1.3781343698501587,
      1.2979261875152588,
      1.3027172088623047,
      1.3458882570266724,
      1.4331104755401611,
      1.379188895225525,
      1.2879838943481445,
      1.3877025842666626,
      1.7069820165634155
   ],
   "batch_train_times": [],
   "val_accuracy": 0.49324324324324326,
   "val_loss": 1.9673780686146505,
   "val_accuracy_per_label": [
      0.8181818181818182,
      0.0,
      0.16666666666666666,
      0.0,
      0.2,
      0.2,
      0.0,
      0.75,
      0.0,
      0.0,
      0.0,
      0.0,
      0.4,
      0.6,
      0.6,
      0.0,
      0.0,
      0.2,
      0.0,
      0.896551724137931,
      0.9230769230769231,
      0.0,
      0.0,
      0.6,
      0.0,
      0.0,
      0.0,
      1.0,
      0.0,
      0.0,
      0.0,
      0.8,
      0.8,
      0.0,
      0.0,
      0.0,
      0.0,
      0.0,
      0.8,
      0.4,
      0.0,
      0.5,
      0.0
   ]
}