{
   "epoch": 40,
   "batch_train_accuracies": [
      0.796875,
      0.78125,
      0.78125,
      0.796875,
      0.796875,
      0.765625,
      0.71875,
      0.8125,
      0.734375,
      0.75,
      0.671875,
      0.859375,
      0.875,
      0.84375,
      0.765625,
      0.859375,
      0.78125,
      0.765625,
      0.765625,
      0.765625,
      0.796875,
      0.859375,
      0.78125,
      0.734375,
      0.921875,
      0.828125,
      0.75,
      0.796875,
      0.71875,
      0.796875,
      0.765625,
      0.796875,
      0.71875,
      0.828125,
      0.671875,
      0.765625,
      0.828125,
      0.84375,
      0.84375,
      0.875,
      0.8125,
      0.6875
   ],
   "batch_train_losses": [
      0.9594751596450806,
      1.085958480834961,
      1.0707502365112305,
      1.0544642210006714,
      1.1658856868743896,
      1.0838931798934937,
      1.034223198890686,
      0.9952308535575867,
      1.1260043382644653,
      1.170015573501587,
      1.2843818664550781,
      0.9849342107772827,
      0.9281547665596008,
      0.8858069181442261,
      1.1479755640029907,
      1.048527717590332,
      0.9777583479881287,
      1.0799367427825928,
      1.106760025024414,
      1.1943132877349854,
      1.0251232385635376,
      0.9790040850639343,
      1.1265147924423218,
      1.282873511314392,
      0.8428593277931213,
      0.9983893632888794,
      1.105883240699768,
      0.9749652147293091,
      1.180067777633667,
      1.0886846780776978,
      0.9554919004440308,
      1.0295053720474243,
      1.2116751670837402,
      1.0288174152374268,
      1.287000298500061,
      1.1416385173797607,
      0.8731136918067932,
      1.021108627319336,
      0.9879021644592285,
      0.8938950896263123,
      1.100472092628479,
      1.2734265327453613
   ],
   "batch_train_times": [],
   "val_accuracy": 0.5304054054054054,
   "val_loss": 1.8286273608336578,
   "val_accuracy_per_label": [
      0.8181818181818182,
      0.0,
      0.16666666666666666,
      0.0,
      1.0,
      0.4,
      0.0,
      0.8,
      0.0,
      0.8,
      0.0,
      0.0,
      0.4,
      0.4,
      0.6,
      0.0,
      0.0,
      0.0,
      0.2,
      0.9655172413793104,
      0.9615384615384616,
      0.0,
      0.0,
      0.4,
      0.0,
      0.6,
      0.0,
      0.7,
      0.0,
      0.0,
      0.2,
      1.0,
      0.8,
      0.0,
      0.0,
      0.0,
      0.2,
      0.0,
      0.4666666666666667,
      0.4,
      0.0,
      0.625,
      0.2
   ]
}