{
   "epoch": 16,
   "batch_train_accuracies": [
      0.625,
      0.640625,
      0.5625,
      0.625,
      0.703125,
      0.5625,
      0.65625,
      0.640625,
      0.703125,
      0.65625,
      0.609375,
      0.71875,
      0.8125,
      0.6875,
      0.53125,
      0.703125,
      0.59375,
      0.53125,
      0.796875,
      0.75,
      0.6875,
      0.6875,
      0.5,
      0.515625,
      0.671875,
      0.625,
      0.59375,
      0.59375,
      0.671875,
      0.609375,
      0.578125,
      0.640625,
      0.59375,
      0.5625,
      0.578125,
      0.578125,
      0.6875,
      0.59375,
      0.75,
      0.71875,
      0.609375,
      0.4375
   ],
   "batch_train_losses": [
      1.6001499891281128,
      1.5469369888305664,
      1.7020834684371948,
      1.5261540412902832,
      1.5047178268432617,
      1.553841471672058,
      1.5167022943496704,
      1.5409612655639648,
      1.5206471681594849,
      1.5537201166152954,
      1.5949954986572266,
      1.4070457220077515,
      1.2195464372634888,
      1.448341965675354,
      1.5636287927627563,
      1.3705075979232788,
      1.6229984760284424,
      1.6647534370422363,
      1.3416029214859009,
      1.3566352128982544,
      1.4549143314361572,
      1.393418550491333,
      1.7893975973129272,
      1.700116753578186,
      1.4774738550186157,
      1.4411847591400146,
      1.5002528429031372,
      1.5688116550445557,
      1.551049828529358,
      1.5497561693191528,
      1.561887502670288,
      1.7607742547988892,
      1.541038155555725,
      1.8242533206939697,
      1.5766115188598633,
      1.5875669717788696,
      1.3706854581832886,
      1.626060962677002,
      1.2769449949264526,
      1.3461337089538574,
      1.4553190469741821,
      1.5582823753356934
   ],
   "batch_train_times": [],
   "val_accuracy": 0.3918918918918919,
   "val_loss": 2.125184529536479,
   "val_accuracy_per_label": [
      0.7727272727272727,
      0.0,
      0.0,
      0.0,
      0.2,
      0.0,
      0.0,
      0.85,
      0.0,
      0.0,
      0.0,
      0.0,
      0.2,
      0.2,
      0.2,
      0.0,
      0.0,
      0.0,
      0.4,
      0.9655172413793104,
      1.0,
      0.0,
      0.0,
      0.4,
      0.0,
      0.0,
      0.0,
      0.5,
      0.0,
      0.0,
      0.0,
      0.0,
      0.0,
      0.0,
      0.0,
      0.0,
      0.0,
      0.0,
      0.4,
      0.1,
      0.0,
      0.375,
      0.0
   ]
}