{
   "epoch": 20,
   "batch_train_accuracies": [
      0.671875,
      0.65625,
      0.6875,
      0.703125,
      0.734375,
      0.625,
      0.78125,
      0.75,
      0.640625,
      0.703125,
      0.546875,
      0.6875,
      0.546875,
      0.703125,
      0.78125,
      0.703125,
      0.734375,
      0.78125,
      0.640625,
      0.78125,
      0.65625,
      0.765625,
      0.671875,
      0.65625,
      0.71875,
      0.65625,
      0.734375,
      0.65625,
      0.640625,
      0.5625,
      0.65625,
      0.71875,
      0.65625,
      0.75,
      0.75,
      0.625,
      0.75,
      0.703125,
      0.703125,
      0.6875,
      0.765625,
      0.75
   ],
   "batch_train_losses": [
      1.4439241886138916,
      1.3481464385986328,
      1.4866241216659546,
      1.4705884456634521,
      1.3511061668395996,
      1.5288033485412598,
      1.2210752964019775,
      1.2244504690170288,
      1.3996567726135254,
      1.3906760215759277,
      1.646153450012207,
      1.4320564270019531,
      1.485845923423767,
      1.3803845643997192,
      1.1628831624984741,
      1.4033317565917969,
      1.300376057624817,
      1.158687710762024,
      1.3537074327468872,
      1.091950535774231,
      1.370573878288269,
      1.324748158454895,
      1.4893609285354614,
      1.4746817350387573,
      1.296464443206787,
      1.531373381614685,
      1.3912310600280762,
      1.3637256622314453,
      1.4944032430648804,
      1.6706923246383667,
      1.4076133966445923,
      1.3676705360412598,
      1.2510802745819092,
      1.3459131717681885,
      1.2906132936477661,
      1.3719207048416138,
      1.268300175666809,
      1.3786635398864746,
      1.3957430124282837,
      1.2516578435897827,
      1.234622597694397,
      1.2427445650100708
   ],
   "batch_train_times": [],
   "val_accuracy": 0.5135135135135135,
   "val_loss": 2.0198479439761186,
   "val_accuracy_per_label": [
      0.7272727272727273,
      0.0,
      0.16666666666666666,
      0.0,
      0.8,
      0.8,
      0.0,
      0.9,
      0.0,
      0.0,
      0.0,
      0.0,
      0.2,
      0.6,
      0.8,
      0.0,
      0.0,
      0.0,
      0.0,
      0.9310344827586207,
      0.9230769230769231,
      0.0,
      0.0,
      0.4,
      0.0,
      0.5,
      0.0,
      0.65,
      0.0,
      0.0,
      0.0,
      0.4,
      0.8,
      0.0,
      0.0,
      0.0,
      0.0,
      0.0,
      0.6666666666666666,
      0.9,
      0.0,
      0.625,
      0.0
   ]
}