{
   "epoch": 24,
   "batch_train_accuracies": [
      0.734375,
      0.75,
      0.6875,
      0.765625,
      0.75,
      0.78125,
      0.703125,
      0.671875,
      0.71875,
      0.703125,
      0.796875,
      0.671875,
      0.671875,
      0.734375,
      0.796875,
      0.796875,
      0.765625,
      0.71875,
      0.8125,
      0.8125,
      0.765625,
      0.828125,
      0.75,
      0.609375,
      0.6875,
      0.609375,
      0.671875,
      0.671875,
      0.78125,
      0.734375,
      0.703125,
      0.75,
      0.71875,
      0.734375,
      0.765625,
      0.703125,
      0.75,
      0.6875,
      0.734375,
      0.71875,
      0.71875,
      0.75
   ],
   "batch_train_losses": [
      1.0898743867874146,
      1.3052691221237183,
      1.4254162311553955,
      1.2054481506347656,
      1.239938497543335,
      1.1047286987304688,
      1.2070530652999878,
      1.2939283847808838,
      1.2557859420776367,
      1.340225100517273,
      1.0735818147659302,
      1.3949627876281738,
      1.4034761190414429,
      1.2100547552108765,
      1.0963999032974243,
      1.0635292530059814,
      1.1038336753845215,
      1.3511136770248413,
      1.0959473848342896,
      1.1808520555496216,
      1.1935395002365112,
      1.0995597839355469,
      1.2465530633926392,
      1.484237790107727,
      1.2077358961105347,
      1.6053345203399658,
      1.346634864807129,
      1.3773983716964722,
      1.162002444267273,
      1.203068494796753,
      1.2973796129226685,
      1.161649465560913,
      1.2232545614242554,
      1.091546654701233,
      1.2230685949325562,
      1.2504817247390747,
      1.294726014137268,
      1.2829302549362183,
      1.2781938314437866,
      1.3192580938339233,
      1.292531132698059,
      1.5756778717041016
   ],
   "batch_train_times": [],
   "val_accuracy": 0.4560810810810811,
   "val_loss": 1.9716818268234666,
   "val_accuracy_per_label": [
      0.5909090909090909,
      0.0,
      0.16666666666666666,
      0.0,
      0.0,
      0.4,
      0.0,
      0.85,
      0.0,
      0.8,
      0.0,
      0.0,
      0.2,
      0.6,
      0.4,
      0.0,
      0.0,
      0.0,
      0.6,
      1.0,
      0.7692307692307693,
      0.0,
      0.0,
      0.6,
      0.0,
      0.4,
      0.0,
      0.7,
      0.0,
      0.0,
      0.0,
      0.2,
      0.4,
      0.0,
      0.0,
      0.0,
      0.0,
      0.0,
      0.4,
      0.4,
      0.0,
      0.625,
      0.2
   ]
}