{
   "epoch": 2,
   "batch_train_accuracies": [
      0.3125,
      0.234375,
      0.265625,
      0.46875,
      0.390625,
      0.359375,
      0.4375,
      0.375,
      0.421875,
      0.421875,
      0.34375,
      0.421875,
      0.375,
      0.4375,
      0.359375,
      0.34375,
      0.40625,
      0.3125,
      0.421875,
      0.390625,
      0.390625,
      0.40625,
      0.453125,
      0.421875,
      0.34375,
      0.328125,
      0.515625,
      0.375,
      0.4375,
      0.328125,
      0.4375,
      0.46875,
      0.46875,
      0.328125,
      0.34375,
      0.34375,
      0.359375,
      0.3125,
      0.375,
      0.390625,
      0.3125,
      0.3125
   ],
   "batch_train_losses": [
      3.0239553451538086,
      3.052826404571533,
      3.063009023666382,
      2.8508622646331787,
      2.911677598953247,
      2.9268784523010254,
      2.8469648361206055,
      2.892204761505127,
      2.8888275623321533,
      2.828096866607666,
      2.8344624042510986,
      2.7998507022857666,
      2.8456153869628906,
      2.8183977603912354,
      2.9267256259918213,
      2.905261754989624,
      2.7569100856781006,
      2.9075610637664795,
      2.750206232070923,
      2.9970719814300537,
      2.7637240886688232,
      2.7901229858398438,
      2.848720073699951,
      2.7301411628723145,
      2.7993264198303223,
      2.814687967300415,
      2.5949738025665283,
      2.780409097671509,
      2.6786930561065674,
      2.8562047481536865,
      2.8324458599090576,
      2.6646578311920166,
      2.6734135150909424,
      2.791576862335205,
      2.770956039428711,
      2.8191606998443604,
      2.7882239818573,
      2.752034902572632,
      2.689394474029541,
      2.762488603591919,
      2.8147218227386475,
      2.6727676391601562
   ],
   "batch_train_times": [],
   "val_accuracy": 0.23310810810810811,
   "val_loss": 2.9969316495431437,
   "val_accuracy_per_label": [
      0.5454545454545454,
      0.0,
      0.0,
      0.0,
      0.0,
      0.0,
      0.0,
      0.6,
      0.0,
      0.0,
      0.0,
      0.0,
      0.0,
      0.4,
      0.0,
      0.0,
      0.0,
      0.0,
      1.0,
      0.13793103448275862,
      0.8461538461538461,
      0.0,
      0.0,
      0.0,
      0.0,
      0.0,
      0.0,
      0.2,
      0.0,
      0.0,
      0.0,
      0.0,
      0.0,
      0.0,
      0.0,
      0.0,
      0.0,
      0.2,
      0.0,
      0.2,
      0.0,
      0.625,
      0.0
   ]
}