{
   "epoch": 4,
   "batch_train_accuracies": [
      0.453125,
      0.5,
      0.421875,
      0.484375,
      0.4375,
      0.546875,
      0.375,
      0.4375,
      0.59375,
      0.421875,
      0.390625,
      0.53125,
      0.4375,
      0.453125,
      0.359375,
      0.375,
      0.46875,
      0.46875,
      0.421875,
      0.484375,
      0.5,
      0.34375,
      0.546875,
      0.4375,
      0.484375,
      0.421875,
      0.484375,
      0.375,
      0.4375,
      0.53125,
      0.390625,
      0.515625,
      0.34375,
      0.40625,
      0.34375,
      0.5,
      0.453125,
      0.453125,
      0.5,
      0.515625,
      0.546875,
      0.3125
   ],
   "batch_train_losses": [
      2.50512433052063,
      2.4867868423461914,
      2.562922954559326,
      2.397414445877075,
      2.5160257816314697,
      2.4870638847351074,
      2.7415199279785156,
      2.4809093475341797,
      2.3382959365844727,
      2.5414600372314453,
      2.5456771850585938,
      2.3575620651245117,
      2.4450480937957764,
      2.435675859451294,
      2.5140438079833984,
      2.522078037261963,
      2.2661283016204834,
      2.3817996978759766,
      2.4401633739471436,
      2.2756924629211426,
      2.289820671081543,
      2.4855291843414307,
      2.2883782386779785,
      2.471888303756714,
      2.3367154598236084,
      2.4164812564849854,
      2.3507444858551025,
      2.4510903358459473,
      2.4942119121551514,
      2.363292694091797,
      2.5856616497039795,
      2.300092935562134,
      2.5792746543884277,
      2.419374704360962,
      2.4481310844421387,
      2.228464365005493,
      2.22627854347229,
      2.4221532344818115,
      2.5061891078948975,
      2.296114444732666,
      2.2305004596710205,
      2.463636636734009
   ],
   "batch_train_times": [],
   "val_accuracy": 0.30067567567567566,
   "val_loss": 2.7124502336656726,
   "val_accuracy_per_label": [
      0.6363636363636364,
      0.0,
      0.0,
      0.0,
      0.0,
      0.0,
      0.0,
      0.85,
      0.0,
      0.0,
      0.0,
      0.0,
      0.0,
      0.0,
      0.0,
      0.0,
      0.0,
      0.0,
      0.8,
      0.7586206896551724,
      0.5769230769230769,
      0.0,
      0.0,
      0.0,
      0.0,
      0.0,
      0.0,
      0.45,
      0.0,
      0.0,
      0.0,
      0.0,
      0.0,
      0.0,
      0.0,
      0.0,
      0.0,
      0.0,
      0.0,
      0.2,
      0.0,
      0.625,
      0.2
   ]
}