{
   "epoch": 3,
   "batch_train_accuracies": [
      0.3125,
      0.34375,
      0.421875,
      0.390625,
      0.40625,
      0.46875,
      0.46875,
      0.375,
      0.375,
      0.4375,
      0.484375,
      0.484375,
      0.359375,
      0.421875,
      0.40625,
      0.46875,
      0.4375,
      0.453125,
      0.46875,
      0.40625,
      0.359375,
      0.390625,
      0.4375,
      0.34375,
      0.390625,
      0.40625,
      0.34375,
      0.5625,
      0.46875,
      0.390625,
      0.46875,
      0.453125,
      0.40625,
      0.484375,
      0.4375,
      0.421875,
      0.484375,
      0.46875,
      0.453125,
      0.421875,
      0.328125,
      0.3125
   ],
   "batch_train_losses": [
      2.8012399673461914,
      2.766957998275757,
      2.615267753601074,
      2.6447789669036865,
      2.688533306121826,
      2.620112895965576,
      2.6354331970214844,
      2.7198572158813477,
      2.7580738067626953,
      2.690373182296753,
      2.585564136505127,
      2.463142156600952,
      2.7374932765960693,
      2.6307384967803955,
      2.6188106536865234,
      2.589724063873291,
      2.5349605083465576,
      2.5561301708221436,
      2.5448191165924072,
      2.545945167541504,
      2.702481269836426,
      2.7587406635284424,
      2.6177539825439453,
      2.647650957107544,
      2.590496778488159,
      2.621965169906616,
      2.6340112686157227,
      2.391775131225586,
      2.5325632095336914,
      2.5909242630004883,
      2.481435775756836,
      2.4159326553344727,
      2.5546507835388184,
      2.5029892921447754,
      2.4806227684020996,
      2.6574225425720215,
      2.3785672187805176,
      2.498967409133911,
      2.593839406967163,
      2.553462266921997,
      2.621873378753662,
      2.8152365684509277
   ],
   "batch_train_times": [],
   "val_accuracy": 0.28716216216216217,
   "val_loss": 2.8677937920029097,
   "val_accuracy_per_label": [
      0.6363636363636364,
      0.0,
      0.0,
      0.0,
      0.0,
      0.0,
      0.0,
      0.75,
      0.0,
      0.0,
      0.0,
      0.0,
      0.0,
      0.4,
      0.0,
      0.0,
      0.0,
      0.0,
      0.8,
      0.5517241379310345,
      0.8461538461538461,
      0.0,
      0.0,
      0.0,
      0.0,
      0.0,
      0.0,
      0.2,
      0.0,
      0.0,
      0.0,
      0.0,
      0.0,
      0.0,
      0.0,
      0.0,
      0.0,
      0.0,
      0.13333333333333333,
      0.1,
      0.0,
      0.625,
      0.0
   ]
}