{
   "epoch": 20,
   "batch_train_accuracies": [
      0.796875,
      0.875,
      0.671875,
      0.78125,
      0.765625,
      0.8125,
      0.6875,
      0.8125,
      0.75,
      0.75,
      0.671875,
      0.796875,
      0.78125,
      0.890625,
      0.671875,
      0.796875,
      0.703125,
      0.703125,
      0.796875,
      0.640625,
      0.828125,
      0.640625,
      0.8125,
      0.671875,
      0.734375,
      0.71875,
      0.6875,
      0.75,
      0.796875,
      0.71875,
      0.71875,
      0.734375,
      0.8125,
      0.71875,
      0.8125,
      0.625,
      0.765625,
      0.734375,
      0.734375,
      0.734375,
      0.8125,
      0.4375
   ],
   "batch_train_losses": [
      1.0460128784179688,
      1.1304429769515991,
      1.364388108253479,
      1.208838939666748,
      1.0624712705612183,
      1.2056087255477905,
      1.3240591287612915,
      1.1713110208511353,
      1.2833689451217651,
      1.2386280298233032,
      1.3001906871795654,
      1.1107715368270874,
      1.1058651208877563,
      0.884156346321106,
      1.3376609086990356,
      1.1119320392608643,
      1.3117882013320923,
      1.2233649492263794,
      1.104381799697876,
      1.318381667137146,
      1.0664565563201904,
      1.3663002252578735,
      1.1536333560943604,
      1.2847694158554077,
      1.2167714834213257,
      1.3210787773132324,
      1.2756006717681885,
      1.2236605882644653,
      0.9589872360229492,
      1.3013144731521606,
      1.165235161781311,
      1.1649380922317505,
      1.1464495658874512,
      1.1449391841888428,
      1.1573559045791626,
      1.4835121631622314,
      1.1653294563293457,
      1.1186801195144653,
      1.2871750593185425,
      1.3407293558120728,
      1.1213204860687256,
      2.0812721252441406
   ],
   "batch_train_times": [],
   "val_accuracy": 0.527027027027027,
   "val_loss": 1.9989301642856083,
   "val_accuracy_per_label": [
      0.6818181818181818,
      0.0,
      0.16666666666666666,
      0.0,
      0.8,
      0.2,
      0.0,
      0.9,
      0.0,
      1.0,
      0.0,
      0.0,
      0.4,
      1.0,
      0.4,
      0.0,
      0.0,
      0.0,
      0.0,
      1.0,
      0.6538461538461539,
      0.0,
      0.6,
      0.0,
      0.0,
      1.0,
      0.0,
      0.6,
      0.0,
      0.0,
      0.0,
      0.0,
      1.0,
      0.0,
      0.0,
      0.25,
      0.0,
      0.0,
      0.9333333333333333,
      0.9,
      0.0,
      0.375,
      0.0
   ]
}