{
   "epoch": 48,
   "batch_train_accuracies": [
      0.96875,
      0.90625,
      0.875,
      0.890625,
      0.828125,
      0.828125,
      0.796875,
      0.90625,
      0.875,
      0.875,
      0.890625,
      0.875,
      0.953125,
      0.765625,
      0.984375,
      0.890625,
      0.890625,
      0.90625,
      0.890625,
      0.953125,
      0.9375,
      0.8125,
      0.84375,
      0.828125,
      0.796875,
      0.796875,
      0.921875,
      0.90625,
      0.8125,
      0.953125,
      0.890625,
      0.890625,
      0.875,
      0.921875,
      0.90625,
      0.859375,
      0.90625,
      0.921875,
      0.890625,
      0.859375,
      0.875,
      0.8125
   ],
   "batch_train_losses": [
      0.6493866443634033,
      0.8107451796531677,
      0.7210825681686401,
      0.7165107131004333,
      0.942990779876709,
      0.9770738482475281,
      1.040018081665039,
      0.7667669057846069,
      0.8087993860244751,
      0.8745212554931641,
      0.7437500357627869,
      0.8037953972816467,
      0.5950968861579895,
      1.0421552658081055,
      0.515504777431488,
      0.7972966432571411,
      0.7139248847961426,
      0.7760472893714905,
      0.8057602643966675,
      0.6104254722595215,
      0.7266722917556763,
      1.0181218385696411,
      0.8153749704360962,
      0.9477738738059998,
      0.9018181562423706,
      1.0438824892044067,
      0.8104248642921448,
      0.8245394229888916,
      0.9368575215339661,
      0.7147918939590454,
      0.7903766632080078,
      0.8702319860458374,
      0.7541154026985168,
      0.6735213994979858,
      0.8204346895217896,
      0.843429684638977,
      0.7431331872940063,
      0.9181373119354248,
      0.7442243695259094,
      0.8317891955375671,
      0.733932614326477,
      1.2458149194717407
   ],
   "batch_train_times": [],
   "val_accuracy": 0.5540540540540541,
   "val_loss": 1.8912956585755218,
   "val_accuracy_per_label": [
      0.6818181818181818,
      0.0,
      0.3333333333333333,
      0.6,
      1.0,
      0.2,
      1.0,
      0.75,
      0.0,
      0.4,
      0.0,
      0.0,
      0.0,
      1.0,
      0.4,
      0.0,
      0.0,
      0.0,
      0.0,
      0.9655172413793104,
      1.0,
      0.8,
      0.0,
      0.8,
      0.0,
      0.8,
      0.0,
      0.0,
      0.0,
      0.0,
      1.0,
      0.2,
      1.0,
      0.0,
      0.0,
      0.5,
      0.0,
      0.2,
      0.6,
      0.8,
      0.0,
      0.875,
      0.6
   ]
}