{
   "epoch": 10,
   "batch_train_accuracies": [
      0.609375,
      0.46875,
      0.625,
      0.421875,
      0.546875,
      0.578125,
      0.546875,
      0.484375,
      0.65625,
      0.71875,
      0.625,
      0.703125,
      0.53125,
      0.484375,
      0.640625,
      0.625,
      0.546875,
      0.59375,
      0.453125,
      0.53125,
      0.609375,
      0.671875,
      0.625,
      0.65625,
      0.65625,
      0.671875,
      0.59375,
      0.65625,
      0.609375,
      0.609375,
      0.625,
      0.6875,
      0.578125,
      0.515625,
      0.546875,
      0.59375,
      0.6875,
      0.5625,
      0.65625,
      0.640625,
      0.640625,
      0.5
   ],
   "batch_train_losses": [
      1.691112756729126,
      1.8452811241149902,
      1.7342313528060913,
      1.8792264461517334,
      1.8084913492202759,
      1.7976570129394531,
      1.7555843591690063,
      1.9163966178894043,
      1.7085723876953125,
      1.444862961769104,
      1.7758597135543823,
      1.4132542610168457,
      1.954005479812622,
      1.8847811222076416,
      1.6049469709396362,
      1.593631386756897,
      1.7015043497085571,
      1.696286678314209,
      1.9348022937774658,
      1.7022148370742798,
      1.5856032371520996,
      1.5417091846466064,
      1.634088397026062,
      1.6119548082351685,
      1.563529133796692,
      1.5543075799942017,
      1.6541591882705688,
      1.6924495697021484,
      1.5551447868347168,
      1.6052480936050415,
      1.610702395439148,
      1.4352667331695557,
      1.6293339729309082,
      1.756784200668335,
      1.8111145496368408,
      1.7719646692276,
      1.4259591102600098,
      1.7460174560546875,
      1.50111985206604,
      1.6393027305603027,
      1.4951330423355103,
      1.8113256692886353
   ],
   "batch_train_times": [],
   "val_accuracy": 0.3716216216216216,
   "val_loss": 2.3148123380300163,
   "val_accuracy_per_label": [
      0.7272727272727273,
      0.0,
      0.0,
      0.0,
      0.6,
      0.2,
      0.0,
      0.7,
      0.0,
      0.0,
      0.0,
      0.0,
      0.0,
      0.4,
      0.0,
      0.0,
      0.0,
      0.0,
      0.0,
      0.896551724137931,
      1.0,
      0.0,
      0.0,
      0.4,
      0.0,
      0.0,
      0.0,
      0.25,
      0.0,
      0.0,
      0.0,
      0.0,
      0.0,
      0.0,
      0.0,
      0.0,
      0.0,
      0.0,
      0.4,
      0.4,
      0.0,
      0.625,
      0.0
   ]
}