{
   "epoch": 22,
   "batch_train_accuracies": [
      0.703125,
      0.75,
      0.734375,
      0.734375,
      0.671875,
      0.796875,
      0.71875,
      0.84375,
      0.796875,
      0.703125,
      0.75,
      0.8125,
      0.765625,
      0.796875,
      0.71875,
      0.828125,
      0.796875,
      0.796875,
      0.828125,
      0.734375,
      0.78125,
      0.78125,
      0.8125,
      0.859375,
      0.796875,
      0.765625,
      0.796875,
      0.84375,
      0.734375,
      0.765625,
      0.84375,
      0.703125,
      0.859375,
      0.78125,
      0.796875,
      0.625,
      0.84375,
      0.71875,
      0.78125,
      0.71875,
      0.765625,
      0.5625
   ],
   "batch_train_losses": [
      1.3991448879241943,
      1.2061654329299927,
      1.1074519157409668,
      1.1728627681732178,
      1.3325514793395996,
      1.1674165725708008,
      1.3294509649276733,
      1.0280487537384033,
      1.308354139328003,
      1.187677264213562,
      1.1699851751327515,
      1.1619179248809814,
      1.1834301948547363,
      0.9913777709007263,
      1.1570892333984375,
      0.9600216746330261,
      1.0703387260437012,
      1.1688978672027588,
      1.05882728099823,
      1.082144856452942,
      1.0835119485855103,
      1.2405035495758057,
      0.9512737989425659,
      1.056460976600647,
      1.118541955947876,
      1.2063535451889038,
      0.9838563203811646,
      1.057493805885315,
      1.1209673881530762,
      1.2068432569503784,
      0.9580147862434387,
      1.2206801176071167,
      0.9936313033103943,
      1.0074771642684937,
      1.0061283111572266,
      1.2774536609649658,
      0.9650593996047974,
      1.139159083366394,
      0.997761070728302,
      1.2111356258392334,
      1.0979058742523193,
      1.8879919052124023
   ],
   "batch_train_times": [],
   "val_accuracy": 0.5101351351351351,
   "val_loss": 2.0116406131435083,
   "val_accuracy_per_label": [
      0.6818181818181818,
      0.0,
      0.3333333333333333,
      0.0,
      0.4,
      0.2,
      0.0,
      0.8,
      0.0,
      0.0,
      0.0,
      0.0,
      0.0,
      1.0,
      0.4,
      0.0,
      0.0,
      0.0,
      0.6,
      0.9655172413793104,
      0.8461538461538461,
      0.0,
      1.0,
      0.6,
      0.0,
      0.7,
      0.0,
      0.75,
      0.0,
      0.0,
      0.0,
      0.0,
      1.0,
      0.0,
      0.0,
      0.0,
      0.0,
      0.0,
      0.7333333333333333,
      0.6,
      0.0,
      0.375,
      0.0
   ]
}