{
   "epoch": 26,
   "batch_train_accuracies": [
      0.8125,
      0.8125,
      0.8125,
      0.6875,
      0.8125,
      0.828125,
      0.78125,
      0.796875,
      0.796875,
      0.765625,
      0.8125,
      0.6875,
      0.78125,
      0.703125,
      0.78125,
      0.828125,
      0.765625,
      0.78125,
      0.75,
      0.84375,
      0.828125,
      0.828125,
      0.78125,
      0.796875,
      0.84375,
      0.65625,
      0.796875,
      0.734375,
      0.828125,
      0.84375,
      0.828125,
      0.828125,
      0.75,
      0.84375,
      0.78125,
      0.84375,
      0.828125,
      0.859375,
      0.828125,
      0.75,
      0.875,
      0.625
   ],
   "batch_train_losses": [
      1.0522383451461792,
      0.9742473363876343,
      1.1529040336608887,
      1.3754332065582275,
      0.9982048869132996,
      0.9768407940864563,
      1.076622486114502,
      1.1294372081756592,
      1.060214877128601,
      1.1315867900848389,
      0.9589778780937195,
      1.1544115543365479,
      1.0969241857528687,
      1.2168142795562744,
      1.136284351348877,
      0.9839835166931152,
      1.2087385654449463,
      1.1706175804138184,
      1.1138242483139038,
      0.9206099510192871,
      1.0068011283874512,
      1.1691546440124512,
      1.22197687625885,
      0.9567003846168518,
      0.9666334986686707,
      1.1449394226074219,
      0.9512150883674622,
      1.171584129333496,
      0.9993722438812256,
      0.9527190923690796,
      1.0285037755966187,
      1.1142154932022095,
      1.1983813047409058,
      0.9970374703407288,
      1.0363218784332275,
      0.8888640999794006,
      0.9973534345626831,
      0.8579545617103577,
      0.9853183627128601,
      1.0817934274673462,
      0.8831014037132263,
      1.3053884506225586
   ],
   "batch_train_times": [],
   "val_accuracy": 0.5067567567567568,
   "val_loss": 1.9424440087498844,
   "val_accuracy_per_label": [
      0.6363636363636364,
      0.0,
      0.6666666666666666,
      0.0,
      0.6,
      0.8,
      0.0,
      0.85,
      0.0,
      0.2,
      0.0,
      0.0,
      0.0,
      0.8,
      0.2,
      0.0,
      0.0,
      0.0,
      0.0,
      0.9655172413793104,
      0.9615384615384616,
      0.0,
      0.2,
      0.2,
      0.0,
      0.5,
      0.0,
      0.9,
      0.0,
      0.0,
      0.0,
      0.4,
      0.6,
      0.0,
      0.0,
      0.0,
      0.0,
      0.0,
      0.6,
      0.5,
      0.0,
      0.625,
      0.0
   ]
}