{
   "epoch": 28,
   "batch_train_accuracies": [
      0.875,
      0.78125,
      0.703125,
      0.84375,
      0.75,
      0.8125,
      0.828125,
      0.78125,
      0.796875,
      0.953125,
      0.8125,
      0.75,
      0.875,
      0.65625,
      0.859375,
      0.78125,
      0.765625,
      0.875,
      0.765625,
      0.796875,
      0.78125,
      0.875,
      0.8125,
      0.765625,
      0.78125,
      0.84375,
      0.859375,
      0.75,
      0.828125,
      0.734375,
      0.90625,
      0.875,
      0.828125,
      0.75,
      0.8125,
      0.796875,
      0.765625,
      0.859375,
      0.875,
      0.75,
      0.828125,
      0.6875
   ],
   "batch_train_losses": [
      1.0422242879867554,
      1.0037660598754883,
      1.128990888595581,
      1.0794509649276733,
      1.1328394412994385,
      1.065101981163025,
      1.086977481842041,
      1.18397855758667,
      0.940994143486023,
      0.756781816482544,
      1.0024161338806152,
      1.0738720893859863,
      0.7478230595588684,
      1.1686211824417114,
      0.8928465843200684,
      0.9996376037597656,
      1.1969971656799316,
      0.8819003105163574,
      1.213808298110962,
      1.067262053489685,
      1.1356110572814941,
      1.1263874769210815,
      1.0033482313156128,
      1.0569641590118408,
      1.1085734367370605,
      0.9881904721260071,
      0.9126541614532471,
      1.0380675792694092,
      1.0921963453292847,
      1.092557430267334,
      0.8521195650100708,
      0.8401467800140381,
      0.9888919591903687,
      1.107968807220459,
      1.0919650793075562,
      1.1220577955245972,
      1.1956833600997925,
      0.9735018610954285,
      0.9856776595115662,
      0.9984968900680542,
      0.9532381892204285,
      1.2935338020324707
   ],
   "batch_train_times": [],
   "val_accuracy": 0.5067567567567568,
   "val_loss": 1.9549135195242393,
   "val_accuracy_per_label": [
      0.5909090909090909,
      0.0,
      0.5,
      0.0,
      1.0,
      0.4,
      0.0,
      0.85,
      0.0,
      0.0,
      0.0,
      0.0,
      0.0,
      0.6,
      0.0,
      0.0,
      0.0,
      0.0,
      0.0,
      0.9655172413793104,
      0.8461538461538461,
      0.0,
      0.2,
      1.0,
      0.0,
      0.1,
      0.0,
      0.8,
      0.0,
      0.0,
      0.4,
      0.2,
      1.0,
      0.0,
      0.0,
      0.5,
      0.0,
      0.0,
      0.9333333333333333,
      0.6,
      0.0,
      0.5,
      0.0
   ]
}