{
   "epoch": 47,
   "batch_train_accuracies": [
      0.90625,
      0.84375,
      0.859375,
      0.9375,
      0.875,
      0.875,
      0.859375,
      0.828125,
      0.796875,
      0.90625,
      0.828125,
      0.859375,
      0.9375,
      0.90625,
      0.90625,
      0.921875,
      0.921875,
      0.90625,
      0.890625,
      0.875,
      0.90625,
      0.890625,
      0.875,
      0.890625,
      0.921875,
      0.90625,
      0.9375,
      0.921875,
      0.84375,
      0.859375,
      0.875,
      0.828125,
      0.828125,
      0.78125,
      0.875,
      0.90625,
      0.859375,
      0.953125,
      0.90625,
      0.8125,
      0.765625,
      0.875
   ],
   "batch_train_losses": [
      0.915867030620575,
      0.8147349953651428,
      0.7669811844825745,
      0.7864558100700378,
      0.9081114530563354,
      0.8479275703430176,
      0.740588366985321,
      0.9069673418998718,
      1.0351221561431885,
      0.7198416590690613,
      0.9086276292800903,
      0.8755164742469788,
      0.7225321531295776,
      0.7678843140602112,
      0.7806839942932129,
      0.7814444303512573,
      0.7822169661521912,
      0.6793835163116455,
      0.9558658003807068,
      0.8325889706611633,
      0.769845187664032,
      0.9108018279075623,
      0.8050898313522339,
      0.8411128520965576,
      0.7986921668052673,
      0.7598462104797363,
      0.7310223579406738,
      0.7159611582756042,
      0.8016695976257324,
      0.8494036197662354,
      0.8070477843284607,
      0.9101731181144714,
      0.9050198793411255,
      0.983906626701355,
      0.8539019823074341,
      0.823616623878479,
      0.9740946292877197,
      0.6840832233428955,
      0.641313910484314,
      0.9617970585823059,
      1.0388449430465698,
      0.8806619048118591
   ],
   "batch_train_times": [],
   "val_accuracy": 0.5540540540540541,
   "val_loss": 1.8815837260839101,
   "val_accuracy_per_label": [
      0.6363636363636364,
      0.0,
      0.16666666666666666,
      0.4,
      1.0,
      0.2,
      0.3333333333333333,
      0.85,
      0.0,
      0.8,
      0.0,
      0.0,
      0.4,
      1.0,
      0.6,
      0.0,
      0.0,
      0.0,
      0.0,
      1.0,
      0.8461538461538461,
      0.6,
      0.4,
      0.6,
      0.0,
      0.9,
      0.0,
      0.7,
      0.0,
      0.0,
      0.4,
      0.0,
      1.0,
      0.0,
      0.0,
      0.25,
      0.0,
      0.0,
      0.4666666666666667,
      0.8,
      0.0,
      0.5,
      0.0
   ]
}