{
   "epoch": 9,
   "batch_train_accuracies": [
      0.484375,
      0.546875,
      0.59375,
      0.671875,
      0.5625,
      0.46875,
      0.59375,
      0.546875,
      0.65625,
      0.625,
      0.625,
      0.578125,
      0.5,
      0.5625,
      0.53125,
      0.625,
      0.59375,
      0.734375,
      0.5,
      0.609375,
      0.546875,
      0.578125,
      0.65625,
      0.609375,
      0.625,
      0.59375,
      0.578125,
      0.59375,
      0.640625,
      0.65625,
      0.578125,
      0.671875,
      0.59375,
      0.5625,
      0.578125,
      0.53125,
      0.53125,
      0.546875,
      0.640625,
      0.59375,
      0.59375,
      0.4375
   ],
   "batch_train_losses": [
      1.8503849506378174,
      1.7301872968673706,
      1.7811565399169922,
      1.5944979190826416,
      1.7655010223388672,
      1.9707517623901367,
      1.7605656385421753,
      1.865119218826294,
      1.6608389616012573,
      1.5932661294937134,
      1.6039855480194092,
      1.6743630170822144,
      2.0162885189056396,
      1.8406153917312622,
      1.865073561668396,
      1.628674030303955,
      1.7248079776763916,
      1.5253652334213257,
      1.8615648746490479,
      1.8203142881393433,
      1.7464561462402344,
      1.7228174209594727,
      1.6759344339370728,
      1.68422532081604,
      1.712953805923462,
      1.6672693490982056,
      1.7429343461990356,
      1.729112982749939,
      1.6790817975997925,
      1.5632823705673218,
      1.601813554763794,
      1.5609383583068848,
      1.6926580667495728,
      1.7444653511047363,
      1.7344305515289307,
      1.8501747846603394,
      1.6849274635314941,
      1.7362756729125977,
      1.6310570240020752,
      1.6324468851089478,
      1.7202627658843994,
      2.2201626300811768
   ],
   "batch_train_times": [],
   "val_accuracy": 0.38513513513513514,
   "val_loss": 2.330135255246549,
   "val_accuracy_per_label": [
      0.7272727272727273,
      0.0,
      0.0,
      0.0,
      0.0,
      0.2,
      0.0,
      0.85,
      0.0,
      0.0,
      0.0,
      0.0,
      0.0,
      1.0,
      0.0,
      0.0,
      0.0,
      0.0,
      0.4,
      0.9655172413793104,
      0.5384615384615384,
      0.0,
      0.0,
      0.4,
      0.0,
      0.0,
      0.0,
      0.9,
      0.0,
      0.0,
      0.0,
      0.0,
      0.2,
      0.0,
      0.0,
      0.0,
      0.0,
      0.0,
      0.2,
      0.2,
      0.0,
      0.625,
      0.0
   ]
}