{
   "epoch": 37,
   "batch_train_accuracies": [
      0.828125,
      0.875,
      0.8125,
      0.890625,
      0.828125,
      0.84375,
      0.890625,
      0.859375,
      0.78125,
      0.8125,
      0.890625,
      0.875,
      0.828125,
      0.78125,
      0.90625,
      0.828125,
      0.859375,
      0.875,
      0.859375,
      0.859375,
      0.921875,
      0.84375,
      0.875,
      0.859375,
      0.828125,
      0.875,
      0.84375,
      0.84375,
      0.921875,
      0.734375,
      0.84375,
      0.828125,
      0.890625,
      0.875,
      0.75,
      0.875,
      0.828125,
      0.859375,
      0.796875,
      0.859375,
      0.90625,
      0.875
   ],
   "batch_train_losses": [
      1.0404521226882935,
      0.8444409370422363,
      0.8966277241706848,
      0.8282318115234375,
      0.8662832975387573,
      0.8927457332611084,
      0.7212778329849243,
      0.8821231722831726,
      1.1273740530014038,
      0.9886695742607117,
      0.8409065008163452,
      0.8109198212623596,
      0.9346899390220642,
      0.9700006246566772,
      0.8325140476226807,
      0.9670044779777527,
      0.9294177889823914,
      0.7429661750793457,
      0.9799693822860718,
      0.8799970149993896,
      0.8098762631416321,
      0.9809439778327942,
      0.8988182544708252,
      0.7601345181465149,
      0.9132441282272339,
      0.8169570565223694,
      0.9337575435638428,
      0.8874647617340088,
      0.7212120294570923,
      1.1649055480957031,
      1.0291122198104858,
      0.9035874605178833,
      0.873855710029602,
      0.8800811767578125,
      1.0586541891098022,
      0.8547924757003784,
      0.9971370100975037,
      0.8302010893821716,
      0.9787895083427429,
      0.8542047142982483,
      0.7695571184158325,
      0.778795063495636
   ],
   "batch_train_times": [],
   "val_accuracy": 0.5608108108108109,
   "val_loss": 1.871664514412751,
   "val_accuracy_per_label": [
      0.6818181818181818,
      0.2,
      0.5,
      0.4,
      1.0,
      0.2,
      0.3333333333333333,
      0.9,
      0.0,
      0.0,
      0.0,
      0.0,
      0.4,
      1.0,
      0.8,
      0.0,
      0.0,
      0.0,
      0.0,
      1.0,
      0.7692307692307693,
      0.2,
      0.4,
      0.4,
      0.0,
      0.7,
      0.0,
      0.7,
      0.0,
      0.0,
      0.0,
      1.0,
      1.0,
      0.0,
      0.0,
      0.0,
      0.0,
      0.0,
      0.7333333333333333,
      0.7,
      0.0,
      0.625,
      0.2
   ]
}