{
   "epoch": 4,
   "batch_train_accuracies": [
      0.484375,
      0.453125,
      0.546875,
      0.515625,
      0.390625,
      0.46875,
      0.484375,
      0.46875,
      0.484375,
      0.515625,
      0.40625,
      0.375,
      0.40625,
      0.5,
      0.484375,
      0.515625,
      0.453125,
      0.5625,
      0.5,
      0.484375,
      0.546875,
      0.40625,
      0.484375,
      0.375,
      0.421875,
      0.5,
      0.421875,
      0.484375,
      0.453125,
      0.421875,
      0.4375,
      0.53125,
      0.453125,
      0.375,
      0.28125,
      0.484375,
      0.625,
      0.359375,
      0.484375,
      0.4375,
      0.578125,
      0.375
   ],
   "batch_train_losses": [
      2.4101247787475586,
      2.5002973079681396,
      2.194913625717163,
      2.359139919281006,
      2.485403060913086,
      2.350098133087158,
      2.409454584121704,
      2.278864860534668,
      2.4004292488098145,
      2.254471778869629,
      2.4095211029052734,
      2.4440102577209473,
      2.469703197479248,
      2.3856794834136963,
      2.343977928161621,
      2.357085943222046,
      2.316925048828125,
      2.2029366493225098,
      2.305574893951416,
      2.245269536972046,
      2.2494864463806152,
      2.3773961067199707,
      2.2991344928741455,
      2.4593770503997803,
      2.376026153564453,
      2.275606393814087,
      2.326338529586792,
      2.2238590717315674,
      2.2477524280548096,
      2.2482120990753174,
      2.408740997314453,
      2.262890100479126,
      2.361595630645752,
      2.449284076690674,
      2.5739192962646484,
      2.3067214488983154,
      2.110959053039551,
      2.581120491027832,
      2.312908172607422,
      2.3016350269317627,
      2.1456704139709473,
      2.4899725914001465
   ],
   "batch_train_times": [],
   "val_accuracy": 0.32432432432432434,
   "val_loss": 2.6627601095148035,
   "val_accuracy_per_label": [
      0.5,
      0.0,
      0.0,
      0.0,
      0.0,
      0.2,
      0.0,
      0.95,
      0.0,
      0.0,
      0.0,
      0.0,
      0.0,
      0.2,
      0.0,
      0.0,
      0.0,
      0.0,
      0.4,
      0.6551724137931034,
      0.5,
      0.0,
      0.0,
      0.0,
      0.0,
      0.0,
      0.0,
      0.85,
      0.0,
      0.0,
      0.0,
      0.0,
      0.0,
      0.0,
      0.0,
      0.0,
      0.0,
      0.0,
      0.13333333333333333,
      0.5,
      0.0,
      0.75,
      0.0
   ]
}