{
   "epoch": 31,
   "batch_train_accuracies": [
      0.921875,
      0.734375,
      0.875,
      0.84375,
      0.8125,
      0.921875,
      0.8125,
      0.796875,
      0.859375,
      0.796875,
      0.796875,
      0.859375,
      0.78125,
      0.8125,
      0.875,
      0.890625,
      0.9375,
      0.75,
      0.875,
      0.875,
      0.859375,
      0.875,
      0.828125,
      0.734375,
      0.875,
      0.828125,
      0.78125,
      0.8125,
      0.75,
      0.828125,
      0.828125,
      0.84375,
      0.8125,
      0.75,
      0.796875,
      0.90625,
      0.84375,
      0.859375,
      0.8125,
      0.765625,
      0.796875,
      0.8125
   ],
   "batch_train_losses": [
      0.8776127696037292,
      1.1211433410644531,
      0.8987621068954468,
      0.9934723377227783,
      1.0757404565811157,
      0.914145290851593,
      1.0934760570526123,
      1.0920253992080688,
      0.9389426112174988,
      1.1037395000457764,
      1.154865026473999,
      0.9596393704414368,
      0.972987949848175,
      1.0318962335586548,
      0.8235817551612854,
      0.8823355436325073,
      0.8200643658638,
      1.1958569288253784,
      0.8295358419418335,
      0.7541631460189819,
      0.91420978307724,
      0.7944920659065247,
      0.9206287860870361,
      1.0964422225952148,
      0.8414357304573059,
      1.004313349723816,
      0.9635541439056396,
      0.9713974595069885,
      0.9726610779762268,
      0.9948597550392151,
      1.0868778228759766,
      0.8617891669273376,
      0.9149936437606812,
      1.1372578144073486,
      1.023979902267456,
      0.7794395089149475,
      0.8896886110305786,
      0.8802669048309326,
      1.1409549713134766,
      0.9925367832183838,
      1.1315927505493164,
      1.2383862733840942
   ],
   "batch_train_times": [],
   "val_accuracy": 0.5743243243243243,
   "val_loss": 1.8804356633005916,
   "val_accuracy_per_label": [
      0.7272727272727273,
      0.0,
      0.6666666666666666,
      0.2,
      0.6,
      0.6,
      0.0,
      0.9,
      0.0,
      0.0,
      0.0,
      0.0,
      0.0,
      1.0,
      0.6,
      0.0,
      0.0,
      0.0,
      0.0,
      1.0,
      0.8846153846153846,
      0.0,
      1.0,
      0.0,
      0.0,
      0.7,
      0.0,
      0.75,
      0.0,
      0.0,
      0.2,
      0.8,
      1.0,
      0.0,
      0.0,
      0.5,
      0.2,
      0.0,
      0.9333333333333333,
      0.5,
      0.0,
      0.625,
      0.2
   ]
}