{
   "epoch": 7,
   "batch_train_accuracies": [
      0.46875,
      0.625,
      0.515625,
      0.359375,
      0.4375,
      0.578125,
      0.53125,
      0.5,
      0.625,
      0.515625,
      0.546875,
      0.53125,
      0.65625,
      0.5625,
      0.484375,
      0.609375,
      0.578125,
      0.515625,
      0.484375,
      0.453125,
      0.53125,
      0.65625,
      0.53125,
      0.546875,
      0.5625,
      0.484375,
      0.5,
      0.53125,
      0.5625,
      0.53125,
      0.515625,
      0.46875,
      0.546875,
      0.59375,
      0.578125,
      0.546875,
      0.578125,
      0.4375,
      0.546875,
      0.578125,
      0.4375,
      0.4375
   ],
   "batch_train_losses": [
      2.0533883571624756,
      1.800113558769226,
      1.937801718711853,
      2.2248730659484863,
      2.1088321208953857,
      1.870142936706543,
      1.896365761756897,
      2.082468271255493,
      1.8788563013076782,
      1.8875360488891602,
      1.8732932806015015,
      1.9645782709121704,
      1.6985857486724854,
      1.8471357822418213,
      1.9138424396514893,
      1.6885833740234375,
      1.9015672206878662,
      1.9759198427200317,
      1.8986338376998901,
      1.9860382080078125,
      1.8500388860702515,
      1.850203037261963,
      1.9250445365905762,
      2.0468766689300537,
      1.8371909856796265,
      2.0302915573120117,
      2.1374661922454834,
      1.798922061920166,
      1.7675187587738037,
      1.7438545227050781,
      1.9850856065750122,
      1.9547150135040283,
      1.8910956382751465,
      1.8436226844787598,
      1.8353166580200195,
      1.8776744604110718,
      1.8012385368347168,
      1.9966450929641724,
      1.9590256214141846,
      1.8178787231445312,
      1.9852243661880493,
      2.234823226928711
   ],
   "batch_train_times": [],
   "val_accuracy": 0.3141891891891892,
   "val_loss": 2.477657331002725,
   "val_accuracy_per_label": [
      0.7272727272727273,
      0.0,
      0.0,
      0.0,
      0.0,
      0.2,
      0.0,
      0.85,
      0.0,
      0.0,
      0.0,
      0.0,
      0.0,
      0.2,
      0.0,
      0.0,
      0.0,
      0.0,
      0.8,
      1.0,
      0.38461538461538464,
      0.0,
      0.0,
      0.0,
      0.0,
      0.0,
      0.0,
      0.1,
      0.0,
      0.0,
      0.0,
      0.0,
      0.0,
      0.0,
      0.0,
      0.0,
      0.0,
      0.0,
      0.3333333333333333,
      0.3,
      0.0,
      0.625,
      0.0
   ]
}