{
   "epoch": 15,
   "batch_train_accuracies": [
      0.671875,
      0.6875,
      0.6875,
      0.65625,
      0.625,
      0.65625,
      0.625,
      0.6875,
      0.703125,
      0.625,
      0.78125,
      0.671875,
      0.671875,
      0.625,
      0.65625,
      0.71875,
      0.609375,
      0.578125,
      0.734375,
      0.71875,
      0.640625,
      0.6875,
      0.578125,
      0.6875,
      0.734375,
      0.75,
      0.75,
      0.65625,
      0.578125,
      0.65625,
      0.6875,
      0.6875,
      0.8125,
      0.8125,
      0.703125,
      0.78125,
      0.734375,
      0.703125,
      0.671875,
      0.765625,
      0.6875,
      0.625
   ],
   "batch_train_losses": [
      1.3660777807235718,
      1.5198031663894653,
      1.4245222806930542,
      1.41661536693573,
      1.5466276407241821,
      1.4247618913650513,
      1.4310652017593384,
      1.469976544380188,
      1.4400029182434082,
      1.5953673124313354,
      1.2637234926223755,
      1.4586910009384155,
      1.4446220397949219,
      1.5549054145812988,
      1.3752164840698242,
      1.3408688306808472,
      1.6202954053878784,
      1.656453013420105,
      1.3629590272903442,
      1.2631585597991943,
      1.4145290851593018,
      1.3785972595214844,
      1.6763064861297607,
      1.408422827720642,
      1.3183577060699463,
      1.2986198663711548,
      1.181913137435913,
      1.4369819164276123,
      1.6063883304595947,
      1.436577320098877,
      1.3491078615188599,
      1.289108395576477,
      1.2289741039276123,
      1.245611548423767,
      1.415979027748108,
      1.1372278928756714,
      1.241092324256897,
      1.333929419517517,
      1.4445087909698486,
      1.2056840658187866,
      1.3547918796539307,
      1.7146273851394653
   ],
   "batch_train_times": [],
   "val_accuracy": 0.42567567567567566,
   "val_loss": 2.2908175442669845,
   "val_accuracy_per_label": [
      0.6818181818181818,
      0.0,
      0.0,
      0.0,
      0.0,
      0.8,
      0.0,
      0.85,
      0.0,
      0.0,
      0.0,
      0.0,
      0.0,
      1.0,
      0.0,
      0.0,
      0.0,
      0.0,
      0.2,
      0.8275862068965517,
      0.4230769230769231,
      0.0,
      0.4,
      0.0,
      0.0,
      0.9,
      0.0,
      0.25,
      0.0,
      0.0,
      0.0,
      0.4,
      1.0,
      0.0,
      0.0,
      0.0,
      0.0,
      0.0,
      0.9333333333333333,
      0.8,
      0.0,
      0.5,
      0.0
   ]
}