{
   "epoch": 44,
   "batch_train_accuracies": [
      0.828125,
      0.90625,
      0.8125,
      0.78125,
      0.84375,
      0.921875,
      0.890625,
      0.875,
      0.921875,
      0.859375,
      0.84375,
      0.84375,
      0.78125,
      0.921875,
      0.9375,
      0.84375,
      0.96875,
      0.90625,
      0.84375,
      0.953125,
      0.859375,
      0.8125,
      0.828125,
      0.9375,
      0.8125,
      0.890625,
      0.9375,
      0.828125,
      0.796875,
      0.875,
      0.90625,
      0.8125,
      0.875,
      0.8125,
      0.875,
      0.90625,
      0.9375,
      0.890625,
      0.953125,
      0.875,
      0.890625,
      0.875
   ],
   "batch_train_losses": [
      0.940484344959259,
      0.7759400010108948,
      1.001417636871338,
      1.1556365489959717,
      1.0211577415466309,
      0.6908408999443054,
      0.7851107716560364,
      0.8400043845176697,
      0.8353679180145264,
      0.7734438180923462,
      0.8645874857902527,
      0.8440214395523071,
      1.1002459526062012,
      0.8300439119338989,
      0.6767407059669495,
      0.7898725271224976,
      0.6246019005775452,
      0.8017730712890625,
      0.9282485246658325,
      0.6835342645645142,
      0.8330821990966797,
      0.9153629541397095,
      0.9679954648017883,
      0.684653639793396,
      1.0252548456192017,
      0.8615681529045105,
      0.797500729560852,
      0.8424219489097595,
      0.8624311089515686,
      0.7891212105751038,
      0.7879061102867126,
      0.8177839517593384,
      0.8188202977180481,
      0.9125972390174866,
      0.8761574029922485,
      0.838096559047699,
      0.729806125164032,
      0.7382334470748901,
      0.7043699026107788,
      0.8549030423164368,
      0.7656723856925964,
      0.9846582412719727
   ],
   "batch_train_times": [],
   "val_accuracy": 0.5844594594594594,
   "val_loss": 1.9209950227995176,
   "val_accuracy_per_label": [
      0.7272727272727273,
      0.2,
      0.0,
      0.4,
      1.0,
      0.4,
      0.6666666666666666,
      0.75,
      0.0,
      0.0,
      0.0,
      0.0,
      0.0,
      1.0,
      0.8,
      0.0,
      0.0,
      0.0,
      0.0,
      1.0,
      0.8846153846153846,
      0.0,
      0.6,
      0.2,
      0.0,
      0.7,
      0.0,
      0.9,
      0.0,
      0.0,
      0.8,
      0.4,
      1.0,
      0.0,
      0.0,
      0.75,
      0.0,
      0.2,
      0.9333333333333333,
      0.4,
      0.0,
      0.5,
      0.6
   ]
}