{
   "epoch": 36,
   "batch_train_accuracies": [
      0.875,
      0.875,
      0.828125,
      0.859375,
      0.9375,
      0.890625,
      0.890625,
      0.796875,
      0.921875,
      0.875,
      0.765625,
      0.796875,
      0.859375,
      0.875,
      0.828125,
      0.828125,
      0.890625,
      0.828125,
      0.84375,
      0.875,
      0.859375,
      0.875,
      0.8125,
      0.875,
      0.84375,
      0.828125,
      0.796875,
      0.90625,
      0.78125,
      0.828125,
      0.828125,
      0.875,
      0.84375,
      0.8125,
      0.859375,
      0.875,
      0.84375,
      0.78125,
      0.84375,
      0.84375,
      0.875,
      0.875
   ],
   "batch_train_losses": [
      0.8201988935470581,
      0.747348427772522,
      0.954399585723877,
      0.8445980548858643,
      0.6735411286354065,
      0.845225989818573,
      0.7821892499923706,
      1.00123131275177,
      0.743503212928772,
      0.8643982410430908,
      1.0659070014953613,
      0.9878923892974854,
      0.8442879915237427,
      0.8387377858161926,
      0.8946334719657898,
      0.9711987376213074,
      0.796917200088501,
      0.9454787373542786,
      0.8853541016578674,
      0.7722031474113464,
      0.8361164331436157,
      0.998335063457489,
      0.961130678653717,
      0.8366318941116333,
      0.8699756264686584,
      0.9247531890869141,
      0.9319089651107788,
      0.9517651796340942,
      1.0991160869598389,
      0.8933206796646118,
      0.8827785849571228,
      0.8675475716590881,
      0.8965098857879639,
      1.0427213907241821,
      0.9418047070503235,
      0.8413418531417847,
      1.0401279926300049,
      0.9535607099533081,
      1.0029308795928955,
      0.8929060101509094,
      0.870852530002594,
      1.105831265449524
   ],
   "batch_train_times": [],
   "val_accuracy": 0.5101351351351351,
   "val_loss": 1.997021552678701,
   "val_accuracy_per_label": [
      0.5909090909090909,
      0.2,
      0.5,
      0.0,
      0.8,
      0.6,
      0.3333333333333333,
      0.85,
      0.0,
      0.0,
      0.0,
      0.0,
      0.2,
      0.6,
      0.6,
      0.0,
      0.0,
      0.0,
      0.0,
      0.9655172413793104,
      0.9615384615384616,
      0.0,
      0.0,
      0.8,
      0.0,
      0.6,
      0.0,
      0.65,
      0.0,
      0.0,
      0.0,
      0.4,
      1.0,
      0.0,
      0.0,
      0.5,
      0.0,
      0.0,
      0.6666666666666666,
      0.3,
      0.0,
      0.375,
      0.2
   ]
}