{
   "epoch": 41,
   "batch_train_accuracies": [
      0.875,
      0.8125,
      0.875,
      0.8125,
      0.90625,
      0.90625,
      0.828125,
      0.828125,
      0.90625,
      0.96875,
      0.859375,
      0.9375,
      0.84375,
      0.890625,
      0.828125,
      0.84375,
      0.875,
      0.890625,
      0.890625,
      0.828125,
      0.953125,
      0.859375,
      0.875,
      0.828125,
      0.875,
      0.84375,
      0.828125,
      0.890625,
      0.859375,
      0.828125,
      0.796875,
      0.859375,
      0.90625,
      0.84375,
      0.84375,
      0.875,
      0.90625,
      0.828125,
      0.8125,
      0.84375,
      0.890625,
      0.9375
   ],
   "batch_train_losses": [
      0.8171517848968506,
      0.9602763056755066,
      0.8744111061096191,
      0.8064512014389038,
      0.8639516830444336,
      0.8771243691444397,
      0.856344997882843,
      1.0188031196594238,
      0.7769765257835388,
      0.6741719841957092,
      0.9390007257461548,
      0.7133235335350037,
      0.8992491364479065,
      0.9943292737007141,
      0.8261094689369202,
      0.9050542712211609,
      0.8314124941825867,
      0.6888521909713745,
      0.7870804071426392,
      0.8392613530158997,
      0.6649618148803711,
      0.91474449634552,
      0.7973998785018921,
      0.9439495205879211,
      0.7001773715019226,
      0.9967482089996338,
      0.8913202285766602,
      0.7657380700111389,
      0.8953085541725159,
      0.9669143557548523,
      1.0546449422836304,
      0.7507001161575317,
      0.8090447783470154,
      0.8621229529380798,
      0.9596666097640991,
      0.8959750533103943,
      0.8404445052146912,
      0.814787745475769,
      0.8688860535621643,
      0.8673238158226013,
      0.8305091857910156,
      0.7156667113304138
   ],
   "batch_train_times": [],
   "val_accuracy": 0.5641891891891891,
   "val_loss": 1.9197665259644792,
   "val_accuracy_per_label": [
      0.6363636363636364,
      0.2,
      0.6666666666666666,
      0.4,
      0.2,
      0.6,
      0.0,
      0.8,
      0.0,
      0.0,
      0.0,
      0.0,
      0.4,
      1.0,
      0.6,
      0.0,
      0.0,
      0.0,
      0.0,
      0.9310344827586207,
      0.8846153846153846,
      0.0,
      1.0,
      0.8,
      0.0,
      0.8,
      0.0,
      0.35,
      0.0,
      0.25,
      0.4,
      0.8,
      1.0,
      0.0,
      0.0,
      0.5,
      0.0,
      0.4,
      0.9333333333333333,
      0.6,
      0.0,
      0.5,
      0.4
   ]
}